"date","year","month","day","5710001"
1979-01-01,1979,1,1,0
1979-01-02,1979,1,2,0
1979-01-03,1979,1,3,0
1979-01-04,1979,1,4,0
1979-01-05,1979,1,5,0
1979-01-06,1979,1,6,6.6495459e-05
1979-01-07,1979,1,7,0
1979-01-08,1979,1,8,0
1979-01-09,1979,1,9,0
1979-01-10,1979,1,10,0
1979-01-11,1979,1,11,0.50980112
1979-01-12,1979,1,12,1.7131503
1979-01-13,1979,1,13,0.00020478377
1979-01-14,1979,1,14,0
1979-01-15,1979,1,15,0
1979-01-16,1979,1,16,0
1979-01-17,1979,1,17,0
1979-01-18,1979,1,18,0.00013484612
1979-01-19,1979,1,19,1.4272637
1979-01-20,1979,1,20,0.0427931
1979-01-21,1979,1,21,0
1979-01-22,1979,1,22,0.0097850819
1979-01-23,1979,1,23,0
1979-01-24,1979,1,24,0
1979-01-25,1979,1,25,0
1979-01-26,1979,1,26,0
1979-01-27,1979,1,27,0
1979-01-28,1979,1,28,0
1979-01-29,1979,1,29,0
1979-01-30,1979,1,30,2.5586359
1979-01-31,1979,1,31,0.54633316
1979-02-01,1979,2,1,0
1979-02-02,1979,2,2,0
1979-02-03,1979,2,3,0
1979-02-04,1979,2,4,0.00068856998
1979-02-05,1979,2,5,0
1979-02-06,1979,2,6,0.010333701
1979-02-07,1979,2,7,0.77023449
1979-02-08,1979,2,8,4.6591011
1979-02-09,1979,2,9,0.60330522
1979-02-10,1979,2,10,0
1979-02-11,1979,2,11,0
1979-02-12,1979,2,12,0
1979-02-13,1979,2,13,0
1979-02-14,1979,2,14,1.8340832
1979-02-15,1979,2,15,0.36663108
1979-02-16,1979,2,16,0
1979-02-17,1979,2,17,0
1979-02-18,1979,2,18,0
1979-02-19,1979,2,19,0.002823079
1979-02-20,1979,2,20,0
1979-02-21,1979,2,21,0
1979-02-22,1979,2,22,0
1979-02-23,1979,2,23,0
1979-02-24,1979,2,24,0
1979-02-25,1979,2,25,0
1979-02-26,1979,2,26,0
1979-02-27,1979,2,27,0
1979-02-28,1979,2,28,0
1979-03-01,1979,3,1,0
1979-03-02,1979,3,2,0
1979-03-03,1979,3,3,0
1979-03-04,1979,3,4,0
1979-03-05,1979,3,5,0
1979-03-06,1979,3,6,0
1979-03-07,1979,3,7,0
1979-03-08,1979,3,8,0
1979-03-09,1979,3,9,0
1979-03-10,1979,3,10,0
1979-03-11,1979,3,11,0
1979-03-12,1979,3,12,0
1979-03-13,1979,3,13,0
1979-03-14,1979,3,14,0
1979-03-15,1979,3,15,0
1979-03-16,1979,3,16,0
1979-03-17,1979,3,17,0
1979-03-18,1979,3,18,0
1979-03-19,1979,3,19,0
1979-03-20,1979,3,20,0
1979-03-21,1979,3,21,0
1979-03-22,1979,3,22,0
1979-03-23,1979,3,23,0
1979-03-24,1979,3,24,0
1979-03-25,1979,3,25,0
1979-03-26,1979,3,26,0
1979-03-27,1979,3,27,0
1979-03-28,1979,3,28,0
1979-03-29,1979,3,29,0
1979-03-30,1979,3,30,0
1979-03-31,1979,3,31,0
1979-04-01,1979,4,1,0
1979-04-02,1979,4,2,0
1979-04-03,1979,4,3,2.9993384
1979-04-04,1979,4,4,0.41069054
1979-04-05,1979,4,5,0.016416912
1979-04-06,1979,4,6,0
1979-04-07,1979,4,7,0
1979-04-08,1979,4,8,0
1979-04-09,1979,4,9,0
1979-04-10,1979,4,10,0
1979-04-11,1979,4,11,0
1979-04-12,1979,4,12,0
1979-04-13,1979,4,13,0
1979-04-14,1979,4,14,0
1979-04-15,1979,4,15,0
1979-04-16,1979,4,16,0
1979-04-17,1979,4,17,0
1979-04-18,1979,4,18,0
1979-04-19,1979,4,19,0
1979-04-20,1979,4,20,0
1979-04-21,1979,4,21,0
1979-04-22,1979,4,22,0.05197086
1979-04-23,1979,4,23,0.0061702576
1979-04-24,1979,4,24,0.007118154
1979-04-25,1979,4,25,0.00077809181
1979-04-26,1979,4,26,0
1979-04-27,1979,4,27,8.7544706
1979-04-28,1979,4,28,0.27585837
1979-04-29,1979,4,29,0
1979-04-30,1979,4,30,0.44483798
1979-05-01,1979,5,1,7.4611643
1979-05-02,1979,5,2,22.205046
1979-05-03,1979,5,3,0.41257538
1979-05-04,1979,5,4,0
1979-05-05,1979,5,5,0
1979-05-06,1979,5,6,0
1979-05-07,1979,5,7,0.00087017027
1979-05-08,1979,5,8,0
1979-05-09,1979,5,9,0
1979-05-10,1979,5,10,0.98920094
1979-05-11,1979,5,11,0
1979-05-12,1979,5,12,0
1979-05-13,1979,5,13,0
1979-05-14,1979,5,14,0
1979-05-15,1979,5,15,6.3347566
1979-05-16,1979,5,16,23.285972
1979-05-17,1979,5,17,6.7079944
1979-05-18,1979,5,18,0
1979-05-19,1979,5,19,0
1979-05-20,1979,5,20,0
1979-05-21,1979,5,21,0
1979-05-22,1979,5,22,0
1979-05-23,1979,5,23,0
1979-05-24,1979,5,24,0
1979-05-25,1979,5,25,0
1979-05-26,1979,5,26,0
1979-05-27,1979,5,27,9.9769734
1979-05-28,1979,5,28,0
1979-05-29,1979,5,29,0
1979-05-30,1979,5,30,0
1979-05-31,1979,5,31,0
1979-06-01,1979,6,1,0
1979-06-02,1979,6,2,0.0053515166
1979-06-03,1979,6,3,0.1131777
1979-06-04,1979,6,4,0.0078090169
1979-06-05,1979,6,5,2.116556e-05
1979-06-06,1979,6,6,0.00041913218
1979-06-07,1979,6,7,0.0011162086
1979-06-08,1979,6,8,0
1979-06-09,1979,6,9,0
1979-06-10,1979,6,10,3.583145e-06
1979-06-11,1979,6,11,0
1979-06-12,1979,6,12,0
1979-06-13,1979,6,13,0
1979-06-14,1979,6,14,0
1979-06-15,1979,6,15,0
1979-06-16,1979,6,16,0
1979-06-17,1979,6,17,0
1979-06-18,1979,6,18,0
1979-06-19,1979,6,19,0
1979-06-20,1979,6,20,0
1979-06-21,1979,6,21,0
1979-06-22,1979,6,22,2.6170962
1979-06-23,1979,6,23,0.043133517
1979-06-24,1979,6,24,0
1979-06-25,1979,6,25,0
1979-06-26,1979,6,26,0
1979-06-27,1979,6,27,0
1979-06-28,1979,6,28,0
1979-06-29,1979,6,29,0
1979-06-30,1979,6,30,0
1979-07-01,1979,7,1,0
1979-07-02,1979,7,2,0
1979-07-03,1979,7,3,0
1979-07-04,1979,7,4,0
1979-07-05,1979,7,5,0
1979-07-06,1979,7,6,0
1979-07-07,1979,7,7,0
1979-07-08,1979,7,8,0
1979-07-09,1979,7,9,0
1979-07-10,1979,7,10,0
1979-07-11,1979,7,11,0
1979-07-12,1979,7,12,0.041476319
1979-07-13,1979,7,13,0
1979-07-14,1979,7,14,0
1979-07-15,1979,7,15,0
1979-07-16,1979,7,16,0
1979-07-17,1979,7,17,0.00028211955
1979-07-18,1979,7,18,0.0021107522
1979-07-19,1979,7,19,0
1979-07-20,1979,7,20,0
1979-07-21,1979,7,21,0
1979-07-22,1979,7,22,0
1979-07-23,1979,7,23,10.485001
1979-07-24,1979,7,24,0.0082882104
1979-07-25,1979,7,25,13.425181
1979-07-26,1979,7,26,72.184491
1979-07-27,1979,7,27,15.244288
1979-07-28,1979,7,28,9.8848391
1979-07-29,1979,7,29,9.4012142
1979-07-30,1979,7,30,48.770888
1979-07-31,1979,7,31,34.941774
1979-08-01,1979,8,1,3.0694729
1979-08-02,1979,8,2,0
1979-08-03,1979,8,3,12.134846
1979-08-04,1979,8,4,0.31391591
1979-08-05,1979,8,5,0.24484295
1979-08-06,1979,8,6,0.046443267
1979-08-07,1979,8,7,0
1979-08-08,1979,8,8,0
1979-08-09,1979,8,9,0
1979-08-10,1979,8,10,0
1979-08-11,1979,8,11,0
1979-08-12,1979,8,12,0
1979-08-13,1979,8,13,0
1979-08-14,1979,8,14,0
1979-08-15,1979,8,15,0
1979-08-16,1979,8,16,0
1979-08-17,1979,8,17,0
1979-08-18,1979,8,18,0
1979-08-19,1979,8,19,0
1979-08-20,1979,8,20,0
1979-08-21,1979,8,21,0
1979-08-22,1979,8,22,0
1979-08-23,1979,8,23,23.496569
1979-08-24,1979,8,24,52.033284
1979-08-25,1979,8,25,8.0837201
1979-08-26,1979,8,26,23.074302
1979-08-27,1979,8,27,7.9298391
1979-08-28,1979,8,28,5.6163642
1979-08-29,1979,8,29,13.806518
1979-08-30,1979,8,30,60.551127
1979-08-31,1979,8,31,9.0672525
1979-09-01,1979,9,1,0.0026066574
1979-09-02,1979,9,2,0
1979-09-03,1979,9,3,0
1979-09-04,1979,9,4,0
1979-09-05,1979,9,5,0
1979-09-06,1979,9,6,0
1979-09-07,1979,9,7,1.5706598
1979-09-08,1979,9,8,0
1979-09-09,1979,9,9,0
1979-09-10,1979,9,10,0
1979-09-11,1979,9,11,0.074405542
1979-09-12,1979,9,12,0.013583425
1979-09-13,1979,9,13,0.028441178
1979-09-14,1979,9,14,7.1156775
1979-09-15,1979,9,15,0.084164629
1979-09-16,1979,9,16,0
1979-09-17,1979,9,17,0
1979-09-18,1979,9,18,0
1979-09-19,1979,9,19,4.7527955
1979-09-20,1979,9,20,2.4281614
1979-09-21,1979,9,21,0
1979-09-22,1979,9,22,15.956429
1979-09-23,1979,9,23,43.365571
1979-09-24,1979,9,24,8.6332799
1979-09-25,1979,9,25,10.2719
1979-09-26,1979,9,26,13.598572
1979-09-27,1979,9,27,3.6174526
1979-09-28,1979,9,28,0.15382946
1979-09-29,1979,9,29,0
1979-09-30,1979,9,30,0.46079161
1979-10-01,1979,10,1,0.0075891514
1979-10-02,1979,10,2,0.0089619174
1979-10-03,1979,10,3,1.9559635
1979-10-04,1979,10,4,0.16583268
1979-10-05,1979,10,5,0
1979-10-06,1979,10,6,0
1979-10-07,1979,10,7,0
1979-10-08,1979,10,8,0
1979-10-09,1979,10,9,0
1979-10-10,1979,10,10,0
1979-10-11,1979,10,11,0
1979-10-12,1979,10,12,0
1979-10-13,1979,10,13,0
1979-10-14,1979,10,14,0
1979-10-15,1979,10,15,0
1979-10-16,1979,10,16,0
1979-10-17,1979,10,17,0
1979-10-18,1979,10,18,0
1979-10-19,1979,10,19,0
1979-10-20,1979,10,20,0.10442925
1979-10-21,1979,10,21,2.2444657
1979-10-22,1979,10,22,0
1979-10-23,1979,10,23,0
1979-10-24,1979,10,24,3.0653204
1979-10-25,1979,10,25,0
1979-10-26,1979,10,26,0
1979-10-27,1979,10,27,2.1884709
1979-10-28,1979,10,28,16.927847
1979-10-29,1979,10,29,3.3007242
1979-10-30,1979,10,30,0
1979-10-31,1979,10,31,0
1979-11-01,1979,11,1,0
1979-11-02,1979,11,2,0
1979-11-03,1979,11,3,0
1979-11-04,1979,11,4,0
1979-11-05,1979,11,5,0
1979-11-06,1979,11,6,6.7586234
1979-11-07,1979,11,7,17.425005
1979-11-08,1979,11,8,3.0852178
1979-11-09,1979,11,9,0
1979-11-10,1979,11,10,0
1979-11-11,1979,11,11,0.31364675
1979-11-12,1979,11,12,4.4972056
1979-11-13,1979,11,13,0
1979-11-14,1979,11,14,0
1979-11-15,1979,11,15,0
1979-11-16,1979,11,16,15.768236
1979-11-17,1979,11,17,9.1540451
1979-11-18,1979,11,18,18.815553
1979-11-19,1979,11,19,12.840986
1979-11-20,1979,11,20,0.7894957
1979-11-21,1979,11,21,0.13364003
1979-11-22,1979,11,22,0
1979-11-23,1979,11,23,0
1979-11-24,1979,11,24,0
1979-11-25,1979,11,25,0
1979-11-26,1979,11,26,0
1979-11-27,1979,11,27,0.010697561
1979-11-28,1979,11,28,0
1979-11-29,1979,11,29,0.19854428
1979-11-30,1979,11,30,0.019313644
1979-12-01,1979,12,1,0
1979-12-02,1979,12,2,0
1979-12-03,1979,12,3,0.11030434
1979-12-04,1979,12,4,4.3148352
1979-12-05,1979,12,5,19.075151
1979-12-06,1979,12,6,2.9585662
1979-12-07,1979,12,7,0
1979-12-08,1979,12,8,0
1979-12-09,1979,12,9,0
1979-12-10,1979,12,10,1.60794e-05
1979-12-11,1979,12,11,0.52262786
1979-12-12,1979,12,12,24.220028
1979-12-13,1979,12,13,36.800906
1979-12-14,1979,12,14,4.5363251
1979-12-15,1979,12,15,0
1979-12-16,1979,12,16,0
1979-12-17,1979,12,17,0
1979-12-18,1979,12,18,0
1979-12-19,1979,12,19,0.00019167105
1979-12-20,1979,12,20,1.1165865
1979-12-21,1979,12,21,0.0080277075
1979-12-22,1979,12,22,0
1979-12-23,1979,12,23,0
1979-12-24,1979,12,24,0.00062807241
1979-12-25,1979,12,25,0
1979-12-26,1979,12,26,0
1979-12-27,1979,12,27,0.00010467873
1979-12-28,1979,12,28,0.0013608236
1979-12-29,1979,12,29,0
1979-12-30,1979,12,30,0.00063267931
1979-12-31,1979,12,31,0.25679151
1980-01-01,1980,1,1,0
1980-01-02,1980,1,2,0
1980-01-03,1980,1,3,0
1980-01-04,1980,1,4,0.03404605
1980-01-05,1980,1,5,0.0002068622
1980-01-06,1980,1,6,0.00015879043
1980-01-07,1980,1,7,0
1980-01-08,1980,1,8,0.00045135517
1980-01-09,1980,1,9,0.0013215223
1980-01-10,1980,1,10,0
1980-01-11,1980,1,11,0
1980-01-12,1980,1,12,0
1980-01-13,1980,1,13,0.91089125
1980-01-14,1980,1,14,0.091343155
1980-01-15,1980,1,15,0.0019201567
1980-01-16,1980,1,16,0
1980-01-17,1980,1,17,0
1980-01-18,1980,1,18,0.00011534587
1980-01-19,1980,1,19,0.010866339
1980-01-20,1980,1,20,0.02018568
1980-01-21,1980,1,21,2.8454069
1980-01-22,1980,1,22,0.26271044
1980-01-23,1980,1,23,0
1980-01-24,1980,1,24,0
1980-01-25,1980,1,25,0
1980-01-26,1980,1,26,0
1980-01-27,1980,1,27,0
1980-01-28,1980,1,28,0.094237434
1980-01-29,1980,1,29,1.1349121
1980-01-30,1980,1,30,2.3443312
1980-01-31,1980,1,31,0.0074963907
1980-02-01,1980,2,1,0.068687165
1980-02-02,1980,2,2,0.0096412931
1980-02-03,1980,2,3,0.0072883914
1980-02-04,1980,2,4,0
1980-02-05,1980,2,5,0
1980-02-06,1980,2,6,0.002764608
1980-02-07,1980,2,7,0
1980-02-08,1980,2,8,2.6124387
1980-02-09,1980,2,9,13.126494
1980-02-10,1980,2,10,0.079625312
1980-02-11,1980,2,11,0
1980-02-12,1980,2,12,0
1980-02-13,1980,2,13,0
1980-02-14,1980,2,14,0.00084633458
1980-02-15,1980,2,15,0
1980-02-16,1980,2,16,0.01266779
1980-02-17,1980,2,17,0.0017559895
1980-02-18,1980,2,18,2.810403e-05
1980-02-19,1980,2,19,0
1980-02-20,1980,2,20,6.6385003
1980-02-21,1980,2,21,3.443792
1980-02-22,1980,2,22,0.57423469
1980-02-23,1980,2,23,0.39215327
1980-02-24,1980,2,24,0
1980-02-25,1980,2,25,0
1980-02-26,1980,2,26,0.27891241
1980-02-27,1980,2,27,0.010018773
1980-02-28,1980,2,28,0
1980-02-29,1980,2,29,0.285883
1980-03-01,1980,3,1,0
1980-03-02,1980,3,2,0
1980-03-03,1980,3,3,0
1980-03-04,1980,3,4,0.0020774354
1980-03-05,1980,3,5,0
1980-03-06,1980,3,6,0
1980-03-07,1980,3,7,0
1980-03-08,1980,3,8,0
1980-03-09,1980,3,9,0
1980-03-10,1980,3,10,0.020721477
1980-03-11,1980,3,11,0
1980-03-12,1980,3,12,0
1980-03-13,1980,3,13,0
1980-03-14,1980,3,14,0
1980-03-15,1980,3,15,0
1980-03-16,1980,3,16,0
1980-03-17,1980,3,17,0
1980-03-18,1980,3,18,0
1980-03-19,1980,3,19,0
1980-03-20,1980,3,20,0
1980-03-21,1980,3,21,0
1980-03-22,1980,3,22,0
1980-03-23,1980,3,23,0
1980-03-24,1980,3,24,0
1980-03-25,1980,3,25,0
1980-03-26,1980,3,26,0
1980-03-27,1980,3,27,0
1980-03-28,1980,3,28,0
1980-03-29,1980,3,29,0
1980-03-30,1980,3,30,0
1980-03-31,1980,3,31,0
1980-04-01,1980,4,1,0
1980-04-02,1980,4,2,0
1980-04-03,1980,4,3,0.47406443
1980-04-04,1980,4,4,0.09226747
1980-04-05,1980,4,5,0
1980-04-06,1980,4,6,0
1980-04-07,1980,4,7,5.7066091
1980-04-08,1980,4,8,18.16646
1980-04-09,1980,4,9,81.219513
1980-04-10,1980,4,10,78.889608
1980-04-11,1980,4,11,21.731546
1980-04-12,1980,4,12,3.6896522
1980-04-13,1980,4,13,0.19512994
1980-04-14,1980,4,14,0.0062255467
1980-04-15,1980,4,15,0
1980-04-16,1980,4,16,13.750602
1980-04-17,1980,4,17,7.394855
1980-04-18,1980,4,18,1.5205987e-06
1980-04-19,1980,4,19,0
1980-04-20,1980,4,20,0
1980-04-21,1980,4,21,3.1051149
1980-04-22,1980,4,22,20.379462
1980-04-23,1980,4,23,22.886168
1980-04-24,1980,4,24,9.4176701
1980-04-25,1980,4,25,0.033476286
1980-04-26,1980,4,26,4.6315549
1980-04-27,1980,4,27,0.012255386
1980-04-28,1980,4,28,0.093597196
1980-04-29,1980,4,29,3.1181784
1980-04-30,1980,4,30,0.0016107644
1980-05-01,1980,5,1,0.0016875962
1980-05-02,1980,5,2,0
1980-05-03,1980,5,3,0
1980-05-04,1980,5,4,6.4733528
1980-05-05,1980,5,5,0.00015860272
1980-05-06,1980,5,6,0
1980-05-07,1980,5,7,0
1980-05-08,1980,5,8,0
1980-05-09,1980,5,9,49.926062
1980-05-10,1980,5,10,98.317526
1980-05-11,1980,5,11,4.0426681
1980-05-12,1980,5,12,0
1980-05-13,1980,5,13,0.1252596
1980-05-14,1980,5,14,1.5188205
1980-05-15,1980,5,15,0
1980-05-16,1980,5,16,0
1980-05-17,1980,5,17,0
1980-05-18,1980,5,18,0.37263274
1980-05-19,1980,5,19,9.9955874
1980-05-20,1980,5,20,4.9245588
1980-05-21,1980,5,21,7.1939725
1980-05-22,1980,5,22,0
1980-05-23,1980,5,23,2.5513397
1980-05-24,1980,5,24,0
1980-05-25,1980,5,25,0
1980-05-26,1980,5,26,0.080018618
1980-05-27,1980,5,27,3.8059602
1980-05-28,1980,5,28,0.77899348
1980-05-29,1980,5,29,55.945668
1980-05-30,1980,5,30,22.609856
1980-05-31,1980,5,31,17.228692
1980-06-01,1980,6,1,0.0038329624
1980-06-02,1980,6,2,0
1980-06-03,1980,6,3,0
1980-06-04,1980,6,4,0
1980-06-05,1980,6,5,0
1980-06-06,1980,6,6,0
1980-06-07,1980,6,7,15.96806
1980-06-08,1980,6,8,11.146154
1980-06-09,1980,6,9,0
1980-06-10,1980,6,10,0
1980-06-11,1980,6,11,0
1980-06-12,1980,6,12,0
1980-06-13,1980,6,13,0
1980-06-14,1980,6,14,0
1980-06-15,1980,6,15,1.0256514
1980-06-16,1980,6,16,0
1980-06-17,1980,6,17,0
1980-06-18,1980,6,18,0
1980-06-19,1980,6,19,0
1980-06-20,1980,6,20,0
1980-06-21,1980,6,21,2.5593893e-06
1980-06-22,1980,6,22,6.5705747
1980-06-23,1980,6,23,22.285318
1980-06-24,1980,6,24,9.00506
1980-06-25,1980,6,25,0.24133683
1980-06-26,1980,6,26,9.9639966
1980-06-27,1980,6,27,23.611441
1980-06-28,1980,6,28,44.181288
1980-06-29,1980,6,29,16.975962
1980-06-30,1980,6,30,0.16689588
1980-07-01,1980,7,1,0
1980-07-02,1980,7,2,0
1980-07-03,1980,7,3,0
1980-07-04,1980,7,4,0
1980-07-05,1980,7,5,0
1980-07-06,1980,7,6,11.456704
1980-07-07,1980,7,7,0.25076732
1980-07-08,1980,7,8,0
1980-07-09,1980,7,9,0
1980-07-10,1980,7,10,0
1980-07-11,1980,7,11,0
1980-07-12,1980,7,12,0
1980-07-13,1980,7,13,9.5445555
1980-07-14,1980,7,14,0.049024753
1980-07-15,1980,7,15,0
1980-07-16,1980,7,16,0
1980-07-17,1980,7,17,13.318948
1980-07-18,1980,7,18,65.622657
1980-07-19,1980,7,19,12.083454
1980-07-20,1980,7,20,0
1980-07-21,1980,7,21,0
1980-07-22,1980,7,22,0
1980-07-23,1980,7,23,0
1980-07-24,1980,7,24,3.7395601
1980-07-25,1980,7,25,13.214176
1980-07-26,1980,7,26,1.3193245
1980-07-27,1980,7,27,23.230332
1980-07-28,1980,7,28,18.056282
1980-07-29,1980,7,29,0.2543857
1980-07-30,1980,7,30,0
1980-07-31,1980,7,31,0
1980-08-01,1980,8,1,0
1980-08-02,1980,8,2,1.6171902
1980-08-03,1980,8,3,0
1980-08-04,1980,8,4,0
1980-08-05,1980,8,5,0
1980-08-06,1980,8,6,16.09373
1980-08-07,1980,8,7,0.98111413
1980-08-08,1980,8,8,0
1980-08-09,1980,8,9,0
1980-08-10,1980,8,10,0
1980-08-11,1980,8,11,0
1980-08-12,1980,8,12,0
1980-08-13,1980,8,13,0
1980-08-14,1980,8,14,0
1980-08-15,1980,8,15,0
1980-08-16,1980,8,16,0
1980-08-17,1980,8,17,0
1980-08-18,1980,8,18,0.0046428545
1980-08-19,1980,8,19,0
1980-08-20,1980,8,20,0
1980-08-21,1980,8,21,0
1980-08-22,1980,8,22,0
1980-08-23,1980,8,23,0
1980-08-24,1980,8,24,0
1980-08-25,1980,8,25,0
1980-08-26,1980,8,26,0
1980-08-27,1980,8,27,0
1980-08-28,1980,8,28,0
1980-08-29,1980,8,29,0
1980-08-30,1980,8,30,0
1980-08-31,1980,8,31,0.034953337
1980-09-01,1980,9,1,0
1980-09-02,1980,9,2,0
1980-09-03,1980,9,3,0
1980-09-04,1980,9,4,0
1980-09-05,1980,9,5,0
1980-09-06,1980,9,6,0
1980-09-07,1980,9,7,0.31278072
1980-09-08,1980,9,8,0
1980-09-09,1980,9,9,0
1980-09-10,1980,9,10,0
1980-09-11,1980,9,11,0
1980-09-12,1980,9,12,0
1980-09-13,1980,9,13,0
1980-09-14,1980,9,14,0
1980-09-15,1980,9,15,0
1980-09-16,1980,9,16,0
1980-09-17,1980,9,17,1.1966344
1980-09-18,1980,9,18,0.37634641
1980-09-19,1980,9,19,0
1980-09-20,1980,9,20,0
1980-09-21,1980,9,21,0
1980-09-22,1980,9,22,0
1980-09-23,1980,9,23,0
1980-09-24,1980,9,24,0
1980-09-25,1980,9,25,3.2131489
1980-09-26,1980,9,26,0.20777198
1980-09-27,1980,9,27,0
1980-09-28,1980,9,28,9.7743919
1980-09-29,1980,9,29,44.032835
1980-09-30,1980,9,30,26.051333
1980-10-01,1980,10,1,12.834923
1980-10-02,1980,10,2,0.007505926
1980-10-03,1980,10,3,0
1980-10-04,1980,10,4,0
1980-10-05,1980,10,5,0
1980-10-06,1980,10,6,0.95393303
1980-10-07,1980,10,7,0
1980-10-08,1980,10,8,0
1980-10-09,1980,10,9,1.6925658
1980-10-10,1980,10,10,0.010606022
1980-10-11,1980,10,11,0
1980-10-12,1980,10,12,0
1980-10-13,1980,10,13,0
1980-10-14,1980,10,14,0
1980-10-15,1980,10,15,0
1980-10-16,1980,10,16,0
1980-10-17,1980,10,17,0
1980-10-18,1980,10,18,0.081445149
1980-10-19,1980,10,19,0
1980-10-20,1980,10,20,0.24284784
1980-10-21,1980,10,21,0.69488464
1980-10-22,1980,10,22,0
1980-10-23,1980,10,23,0
1980-10-24,1980,10,24,0
1980-10-25,1980,10,25,0
1980-10-26,1980,10,26,0
1980-10-27,1980,10,27,0
1980-10-28,1980,10,28,0
1980-10-29,1980,10,29,0
1980-10-30,1980,10,30,0
1980-10-31,1980,10,31,0
1980-11-01,1980,11,1,0
1980-11-02,1980,11,2,0.33408056
1980-11-03,1980,11,3,0
1980-11-04,1980,11,4,0
1980-11-05,1980,11,5,0
1980-11-06,1980,11,6,4.2687591
1980-11-07,1980,11,7,9.5320583
1980-11-08,1980,11,8,0.12005357
1980-11-09,1980,11,9,0.0069434011
1980-11-10,1980,11,10,0
1980-11-11,1980,11,11,0
1980-11-12,1980,11,12,0
1980-11-13,1980,11,13,0
1980-11-14,1980,11,14,0
1980-11-15,1980,11,15,0
1980-11-16,1980,11,16,0
1980-11-17,1980,11,17,0
1980-11-18,1980,11,18,0
1980-11-19,1980,11,19,1.2789907
1980-11-20,1980,11,20,1.5363912
1980-11-21,1980,11,21,1.7819461
1980-11-22,1980,11,22,0
1980-11-23,1980,11,23,0
1980-11-24,1980,11,24,0
1980-11-25,1980,11,25,0
1980-11-26,1980,11,26,0
1980-11-27,1980,11,27,0
1980-11-28,1980,11,28,0
1980-11-29,1980,11,29,0
1980-11-30,1980,11,30,0
1980-12-01,1980,12,1,0
1980-12-02,1980,12,2,0
1980-12-03,1980,12,3,0
1980-12-04,1980,12,4,0
1980-12-05,1980,12,5,0
1980-12-06,1980,12,6,0.00083742988
1980-12-07,1980,12,7,0.0020266643
1980-12-08,1980,12,8,0
1980-12-09,1980,12,9,0
1980-12-10,1980,12,10,0
1980-12-11,1980,12,11,0
1980-12-12,1980,12,12,0
1980-12-13,1980,12,13,0
1980-12-14,1980,12,14,0
1980-12-15,1980,12,15,0
1980-12-16,1980,12,16,0
1980-12-17,1980,12,17,11.630134
1980-12-18,1980,12,18,2.7326498
1980-12-19,1980,12,19,0.44055159
1980-12-20,1980,12,20,0.0065158207
1980-12-21,1980,12,21,0
1980-12-22,1980,12,22,0.0040191003
1980-12-23,1980,12,23,0.02383025
1980-12-24,1980,12,24,0.0011661886
1980-12-25,1980,12,25,1.8768855e-06
1980-12-26,1980,12,26,0
1980-12-27,1980,12,27,0
1980-12-28,1980,12,28,0
1980-12-29,1980,12,29,0
1980-12-30,1980,12,30,0.040306488
1980-12-31,1980,12,31,0.44526511
1981-01-01,1981,1,1,0.05239273
1981-01-02,1981,1,2,0.0068676692
1981-01-03,1981,1,3,0
1981-01-04,1981,1,4,0
1981-01-05,1981,1,5,0.53440177
1981-01-06,1981,1,6,0
1981-01-07,1981,1,7,0
1981-01-08,1981,1,8,0
1981-01-09,1981,1,9,0.00073551004
1981-01-10,1981,1,10,0
1981-01-11,1981,1,11,0
1981-01-12,1981,1,12,0
1981-01-13,1981,1,13,0.005398935
1981-01-14,1981,1,14,1.9136392
1981-01-15,1981,1,15,1.9109555
1981-01-16,1981,1,16,0
1981-01-17,1981,1,17,0
1981-01-18,1981,1,18,0
1981-01-19,1981,1,19,0
1981-01-20,1981,1,20,0
1981-01-21,1981,1,21,0
1981-01-22,1981,1,22,1.2436866
1981-01-23,1981,1,23,0
1981-01-24,1981,1,24,0
1981-01-25,1981,1,25,0
1981-01-26,1981,1,26,0
1981-01-27,1981,1,27,6.1393772e-05
1981-01-28,1981,1,28,0
1981-01-29,1981,1,29,0
1981-01-30,1981,1,30,0
1981-01-31,1981,1,31,0
1981-02-01,1981,2,1,0
1981-02-02,1981,2,2,0
1981-02-03,1981,2,3,0
1981-02-04,1981,2,4,0
1981-02-05,1981,2,5,0
1981-02-06,1981,2,6,0
1981-02-07,1981,2,7,0.0024297786
1981-02-08,1981,2,8,0
1981-02-09,1981,2,9,0
1981-02-10,1981,2,10,0.50534553
1981-02-11,1981,2,11,7.232218
1981-02-12,1981,2,12,0.36635446
1981-02-13,1981,2,13,5.8012504
1981-02-14,1981,2,14,0.084262321
1981-02-15,1981,2,15,0
1981-02-16,1981,2,16,0
1981-02-17,1981,2,17,0
1981-02-18,1981,2,18,0
1981-02-19,1981,2,19,0
1981-02-20,1981,2,20,0
1981-02-21,1981,2,21,0
1981-02-22,1981,2,22,0
1981-02-23,1981,2,23,0
1981-02-24,1981,2,24,0
1981-02-25,1981,2,25,0
1981-02-26,1981,2,26,0
1981-02-27,1981,2,27,0
1981-02-28,1981,2,28,0.970829
1981-03-01,1981,3,1,0
1981-03-02,1981,3,2,0
1981-03-03,1981,3,3,0
1981-03-04,1981,3,4,0
1981-03-05,1981,3,5,0
1981-03-06,1981,3,6,0
1981-03-07,1981,3,7,0
1981-03-08,1981,3,8,0
1981-03-09,1981,3,9,0
1981-03-10,1981,3,10,0
1981-03-11,1981,3,11,0
1981-03-12,1981,3,12,0
1981-03-13,1981,3,13,0.045317709
1981-03-14,1981,3,14,0
1981-03-15,1981,3,15,0
1981-03-16,1981,3,16,0
1981-03-17,1981,3,17,0
1981-03-18,1981,3,18,0
1981-03-19,1981,3,19,0
1981-03-20,1981,3,20,0
1981-03-21,1981,3,21,0
1981-03-22,1981,3,22,0
1981-03-23,1981,3,23,0
1981-03-24,1981,3,24,0
1981-03-25,1981,3,25,0
1981-03-26,1981,3,26,0
1981-03-27,1981,3,27,0
1981-03-28,1981,3,28,0
1981-03-29,1981,3,29,3.6023107
1981-03-30,1981,3,30,0.00014519334
1981-03-31,1981,3,31,0
1981-04-01,1981,4,1,0
1981-04-02,1981,4,2,0
1981-04-03,1981,4,3,0
1981-04-04,1981,4,4,0
1981-04-05,1981,4,5,0
1981-04-06,1981,4,6,0
1981-04-07,1981,4,7,0
1981-04-08,1981,4,8,0
1981-04-09,1981,4,9,0
1981-04-10,1981,4,10,0
1981-04-11,1981,4,11,0
1981-04-12,1981,4,12,0
1981-04-13,1981,4,13,0
1981-04-14,1981,4,14,0
1981-04-15,1981,4,15,0
1981-04-16,1981,4,16,0
1981-04-17,1981,4,17,0
1981-04-18,1981,4,18,7.0170088e-05
1981-04-19,1981,4,19,0
1981-04-20,1981,4,20,0
1981-04-21,1981,4,21,0
1981-04-22,1981,4,22,0
1981-04-23,1981,4,23,0
1981-04-24,1981,4,24,8.8876878
1981-04-25,1981,4,25,3.8580054
1981-04-26,1981,4,26,13.442377
1981-04-27,1981,4,27,5.649722
1981-04-28,1981,4,28,0
1981-04-29,1981,4,29,0
1981-04-30,1981,4,30,0
1981-05-01,1981,5,1,0
1981-05-02,1981,5,2,46.096083
1981-05-03,1981,5,3,4.9878109
1981-05-04,1981,5,4,32.046135
1981-05-05,1981,5,5,5.7111043
1981-05-06,1981,5,6,0
1981-05-07,1981,5,7,47.824642
1981-05-08,1981,5,8,25.572728
1981-05-09,1981,5,9,0.0885917
1981-05-10,1981,5,10,2.1512189
1981-05-11,1981,5,11,19.217511
1981-05-12,1981,5,12,7.3522719
1981-05-13,1981,5,13,0
1981-05-14,1981,5,14,0
1981-05-15,1981,5,15,3.0326124
1981-05-16,1981,5,16,0.069284032
1981-05-17,1981,5,17,8.115192
1981-05-18,1981,5,18,3.0073138
1981-05-19,1981,5,19,0.00013163527
1981-05-20,1981,5,20,0
1981-05-21,1981,5,21,0
1981-05-22,1981,5,22,0
1981-05-23,1981,5,23,18.670537
1981-05-24,1981,5,24,0.048439877
1981-05-25,1981,5,25,0
1981-05-26,1981,5,26,0
1981-05-27,1981,5,27,0
1981-05-28,1981,5,28,0
1981-05-29,1981,5,29,0.42684867
1981-05-30,1981,5,30,64.926494
1981-05-31,1981,5,31,45.268752
1981-06-01,1981,6,1,5.4320986
1981-06-02,1981,6,2,0.00063478655
1981-06-03,1981,6,3,0
1981-06-04,1981,6,4,0
1981-06-05,1981,6,5,0
1981-06-06,1981,6,6,0
1981-06-07,1981,6,7,0
1981-06-08,1981,6,8,15.888903
1981-06-09,1981,6,9,0.68564919
1981-06-10,1981,6,10,0
1981-06-11,1981,6,11,7.3495606e-06
1981-06-12,1981,6,12,0
1981-06-13,1981,6,13,0
1981-06-14,1981,6,14,0
1981-06-15,1981,6,15,0
1981-06-16,1981,6,16,0
1981-06-17,1981,6,17,0
1981-06-18,1981,6,18,0
1981-06-19,1981,6,19,0
1981-06-20,1981,6,20,7.8636237
1981-06-21,1981,6,21,0.32571149
1981-06-22,1981,6,22,0
1981-06-23,1981,6,23,0
1981-06-24,1981,6,24,0.00016413608
1981-06-25,1981,6,25,11.334667
1981-06-26,1981,6,26,0.0035335541
1981-06-27,1981,6,27,0.0006437644
1981-06-28,1981,6,28,0
1981-06-29,1981,6,29,0
1981-06-30,1981,6,30,0
1981-07-01,1981,7,1,0
1981-07-02,1981,7,2,0
1981-07-03,1981,7,3,0
1981-07-04,1981,7,4,0
1981-07-05,1981,7,5,0
1981-07-06,1981,7,6,0
1981-07-07,1981,7,7,0
1981-07-08,1981,7,8,9.109363
1981-07-09,1981,7,9,0.052972211
1981-07-10,1981,7,10,0
1981-07-11,1981,7,11,11.862306
1981-07-12,1981,7,12,0.67296731
1981-07-13,1981,7,13,15.520761
1981-07-14,1981,7,14,25.401488
1981-07-15,1981,7,15,5.3057807
1981-07-16,1981,7,16,0.32952948
1981-07-17,1981,7,17,0.018583169
1981-07-18,1981,7,18,0
1981-07-19,1981,7,19,0
1981-07-20,1981,7,20,0
1981-07-21,1981,7,21,0.12140601
1981-07-22,1981,7,22,0.003029152
1981-07-23,1981,7,23,0
1981-07-24,1981,7,24,0
1981-07-25,1981,7,25,0
1981-07-26,1981,7,26,0
1981-07-27,1981,7,27,0
1981-07-28,1981,7,28,0
1981-07-29,1981,7,29,0
1981-07-30,1981,7,30,0
1981-07-31,1981,7,31,0.97133816
1981-08-01,1981,8,1,31.960326
1981-08-02,1981,8,2,35.507105
1981-08-03,1981,8,3,26.873953
1981-08-04,1981,8,4,12.089409
1981-08-05,1981,8,5,9.6214893
1981-08-06,1981,8,6,1.3076767
1981-08-07,1981,8,7,0.60512432
1981-08-08,1981,8,8,0
1981-08-09,1981,8,9,0
1981-08-10,1981,8,10,0
1981-08-11,1981,8,11,1.3193554
1981-08-12,1981,8,12,0
1981-08-13,1981,8,13,0
1981-08-14,1981,8,14,0
1981-08-15,1981,8,15,0
1981-08-16,1981,8,16,0
1981-08-17,1981,8,17,0
1981-08-18,1981,8,18,0
1981-08-19,1981,8,19,0
1981-08-20,1981,8,20,0
1981-08-21,1981,8,21,0
1981-08-22,1981,8,22,0
1981-08-23,1981,8,23,0.0026465072
1981-08-24,1981,8,24,0
1981-08-25,1981,8,25,0
1981-08-26,1981,8,26,0.0035463196
1981-08-27,1981,8,27,0
1981-08-28,1981,8,28,0.031510304
1981-08-29,1981,8,29,0.6113403
1981-08-30,1981,8,30,6.2661694
1981-08-31,1981,8,31,0.82153108
1981-09-01,1981,9,1,0
1981-09-02,1981,9,2,0
1981-09-03,1981,9,3,0
1981-09-04,1981,9,4,0
1981-09-05,1981,9,5,0
1981-09-06,1981,9,6,0
1981-09-07,1981,9,7,13.589772
1981-09-08,1981,9,8,20.355426
1981-09-09,1981,9,9,2.4924446
1981-09-10,1981,9,10,0
1981-09-11,1981,9,11,0.1709591
1981-09-12,1981,9,12,1.9956855
1981-09-13,1981,9,13,0.12650953
1981-09-14,1981,9,14,0
1981-09-15,1981,9,15,0
1981-09-16,1981,9,16,0.8023497
1981-09-17,1981,9,17,3.7087808
1981-09-18,1981,9,18,2.0770658
1981-09-19,1981,9,19,2.37139
1981-09-20,1981,9,20,0.0010790186
1981-09-21,1981,9,21,0
1981-09-22,1981,9,22,0
1981-09-23,1981,9,23,0
1981-09-24,1981,9,24,0
1981-09-25,1981,9,25,0
1981-09-26,1981,9,26,9.0901821
1981-09-27,1981,9,27,5.2598541
1981-09-28,1981,9,28,0.0018761669
1981-09-29,1981,9,29,0
1981-09-30,1981,9,30,0
1981-10-01,1981,10,1,0.056834801
1981-10-02,1981,10,2,7.0137052
1981-10-03,1981,10,3,0.66305702
1981-10-04,1981,10,4,1.1724668
1981-10-05,1981,10,5,0.001332554
1981-10-06,1981,10,6,0
1981-10-07,1981,10,7,0
1981-10-08,1981,10,8,1.0137325e-06
1981-10-09,1981,10,9,0.097311309
1981-10-10,1981,10,10,0
1981-10-11,1981,10,11,0
1981-10-12,1981,10,12,0
1981-10-13,1981,10,13,0
1981-10-14,1981,10,14,0
1981-10-15,1981,10,15,0
1981-10-16,1981,10,16,0
1981-10-17,1981,10,17,0
1981-10-18,1981,10,18,0
1981-10-19,1981,10,19,0
1981-10-20,1981,10,20,0
1981-10-21,1981,10,21,0
1981-10-22,1981,10,22,0
1981-10-23,1981,10,23,0
1981-10-24,1981,10,24,0
1981-10-25,1981,10,25,0
1981-10-26,1981,10,26,0.49940174
1981-10-27,1981,10,27,0
1981-10-28,1981,10,28,0
1981-10-29,1981,10,29,0
1981-10-30,1981,10,30,0
1981-10-31,1981,10,31,0
1981-11-01,1981,11,1,0
1981-11-02,1981,11,2,0
1981-11-03,1981,11,3,0.01465477
1981-11-04,1981,11,4,4.1725531
1981-11-05,1981,11,5,0.21367913
1981-11-06,1981,11,6,0
1981-11-07,1981,11,7,0.20001433
1981-11-08,1981,11,8,0
1981-11-09,1981,11,9,0
1981-11-10,1981,11,10,0
1981-11-11,1981,11,11,0
1981-11-12,1981,11,12,0
1981-11-13,1981,11,13,0
1981-11-14,1981,11,14,0
1981-11-15,1981,11,15,0
1981-11-16,1981,11,16,0
1981-11-17,1981,11,17,0.0060317853
1981-11-18,1981,11,18,0
1981-11-19,1981,11,19,0
1981-11-20,1981,11,20,0
1981-11-21,1981,11,21,0
1981-11-22,1981,11,22,0
1981-11-23,1981,11,23,0
1981-11-24,1981,11,24,0
1981-11-25,1981,11,25,0
1981-11-26,1981,11,26,0
1981-11-27,1981,11,27,0
1981-11-28,1981,11,28,0.78202876
1981-11-29,1981,11,29,5.1258163
1981-11-30,1981,11,30,0.13328784
1981-12-01,1981,12,1,0
1981-12-02,1981,12,2,0.00019476243
1981-12-03,1981,12,3,0
1981-12-04,1981,12,4,0.35525047
1981-12-05,1981,12,5,0
1981-12-06,1981,12,6,0
1981-12-07,1981,12,7,0.0008255909
1981-12-08,1981,12,8,0
1981-12-09,1981,12,9,0
1981-12-10,1981,12,10,0
1981-12-11,1981,12,11,0.00062807241
1981-12-12,1981,12,12,0
1981-12-13,1981,12,13,0
1981-12-14,1981,12,14,0
1981-12-15,1981,12,15,0
1981-12-16,1981,12,16,0.0094862928
1981-12-17,1981,12,17,0.00097927769
1981-12-18,1981,12,18,0
1981-12-19,1981,12,19,0
1981-12-20,1981,12,20,1.5775905
1981-12-21,1981,12,21,0.98602279
1981-12-22,1981,12,22,0.01103447
1981-12-23,1981,12,23,0.0019160917
1981-12-24,1981,12,24,0.35654746
1981-12-25,1981,12,25,0.052879812
1981-12-26,1981,12,26,0
1981-12-27,1981,12,27,0
1981-12-28,1981,12,28,0
1981-12-29,1981,12,29,0
1981-12-30,1981,12,30,0
1981-12-31,1981,12,31,0.055865356
1982-01-01,1982,1,1,0
1982-01-02,1982,1,2,0
1982-01-03,1982,1,3,7.0648643e-05
1982-01-04,1982,1,4,0.013774625
1982-01-05,1982,1,5,0.0028021979
1982-01-06,1982,1,6,0.072675512
1982-01-07,1982,1,7,0.46913054
1982-01-08,1982,1,8,0.10975768
1982-01-09,1982,1,9,0
1982-01-10,1982,1,10,0
1982-01-11,1982,1,11,0
1982-01-12,1982,1,12,0.035512757
1982-01-13,1982,1,13,0
1982-01-14,1982,1,14,0
1982-01-15,1982,1,15,0
1982-01-16,1982,1,16,0.0047296461
1982-01-17,1982,1,17,0
1982-01-18,1982,1,18,0
1982-01-19,1982,1,19,0
1982-01-20,1982,1,20,0
1982-01-21,1982,1,21,0
1982-01-22,1982,1,22,0
1982-01-23,1982,1,23,0.14696804
1982-01-24,1982,1,24,0.032129144
1982-01-25,1982,1,25,0
1982-01-26,1982,1,26,0.014526661
1982-01-27,1982,1,27,0.0025466855
1982-01-28,1982,1,28,0
1982-01-29,1982,1,29,0
1982-01-30,1982,1,30,0
1982-01-31,1982,1,31,0
1982-02-01,1982,2,1,0.11455871
1982-02-02,1982,2,2,0
1982-02-03,1982,2,3,0
1982-02-04,1982,2,4,0
1982-02-05,1982,2,5,0
1982-02-06,1982,2,6,0
1982-02-07,1982,2,7,0
1982-02-08,1982,2,8,0.42138682
1982-02-09,1982,2,9,0.020729315
1982-02-10,1982,2,10,0.042221277
1982-02-11,1982,2,11,0
1982-02-12,1982,2,12,0
1982-02-13,1982,2,13,0
1982-02-14,1982,2,14,0
1982-02-15,1982,2,15,0.1088351
1982-02-16,1982,2,16,0
1982-02-17,1982,2,17,0
1982-02-18,1982,2,18,0
1982-02-19,1982,2,19,0.15198887
1982-02-20,1982,2,20,0
1982-02-21,1982,2,21,5.3260226e-06
1982-02-22,1982,2,22,0.00016350786
1982-02-23,1982,2,23,0.19332139
1982-02-24,1982,2,24,0.27228962
1982-02-25,1982,2,25,0.021516977
1982-02-26,1982,2,26,0
1982-02-27,1982,2,27,0
1982-02-28,1982,2,28,0.068752354
1982-03-01,1982,3,1,0.53187344
1982-03-02,1982,3,2,0.12706102
1982-03-03,1982,3,3,0.00058666187
1982-03-04,1982,3,4,0.0041813619
1982-03-05,1982,3,5,0
1982-03-06,1982,3,6,0.019115545
1982-03-07,1982,3,7,0.035263271
1982-03-08,1982,3,8,0
1982-03-09,1982,3,9,0
1982-03-10,1982,3,10,0
1982-03-11,1982,3,11,0
1982-03-12,1982,3,12,0
1982-03-13,1982,3,13,0
1982-03-14,1982,3,14,0
1982-03-15,1982,3,15,0
1982-03-16,1982,3,16,0
1982-03-17,1982,3,17,0
1982-03-18,1982,3,18,0
1982-03-19,1982,3,19,0
1982-03-20,1982,3,20,0
1982-03-21,1982,3,21,0
1982-03-22,1982,3,22,0
1982-03-23,1982,3,23,0
1982-03-24,1982,3,24,13.675904
1982-03-25,1982,3,25,14.585794
1982-03-26,1982,3,26,0.033644144
1982-03-27,1982,3,27,0
1982-03-28,1982,3,28,0
1982-03-29,1982,3,29,0
1982-03-30,1982,3,30,0
1982-03-31,1982,3,31,0
1982-04-01,1982,4,1,0
1982-04-02,1982,4,2,0
1982-04-03,1982,4,3,0
1982-04-04,1982,4,4,0
1982-04-05,1982,4,5,0
1982-04-06,1982,4,6,0
1982-04-07,1982,4,7,0
1982-04-08,1982,4,8,0
1982-04-09,1982,4,9,0
1982-04-10,1982,4,10,0
1982-04-11,1982,4,11,0
1982-04-12,1982,4,12,0
1982-04-13,1982,4,13,0
1982-04-14,1982,4,14,0
1982-04-15,1982,4,15,0
1982-04-16,1982,4,16,0
1982-04-17,1982,4,17,4.913936
1982-04-18,1982,4,18,8.6417618
1982-04-19,1982,4,19,0.0050866199
1982-04-20,1982,4,20,0
1982-04-21,1982,4,21,0.00029083245
1982-04-22,1982,4,22,0
1982-04-23,1982,4,23,0
1982-04-24,1982,4,24,0
1982-04-25,1982,4,25,0
1982-04-26,1982,4,26,0
1982-04-27,1982,4,27,0
1982-04-28,1982,4,28,0
1982-04-29,1982,4,29,0.002077402
1982-04-30,1982,4,30,0
1982-05-01,1982,5,1,0
1982-05-02,1982,5,2,0
1982-05-03,1982,5,3,0
1982-05-04,1982,5,4,0
1982-05-05,1982,5,5,0
1982-05-06,1982,5,6,0
1982-05-07,1982,5,7,1.582557
1982-05-08,1982,5,8,44.509605
1982-05-09,1982,5,9,47.202051
1982-05-10,1982,5,10,48.824888
1982-05-11,1982,5,11,26.095718
1982-05-12,1982,5,12,38.161619
1982-05-13,1982,5,13,0.4385899
1982-05-14,1982,5,14,0
1982-05-15,1982,5,15,3.6041036
1982-05-16,1982,5,16,35.820981
1982-05-17,1982,5,17,0.54860669
1982-05-18,1982,5,18,0
1982-05-19,1982,5,19,0
1982-05-20,1982,5,20,0
1982-05-21,1982,5,21,0
1982-05-22,1982,5,22,0.00020163139
1982-05-23,1982,5,23,0
1982-05-24,1982,5,24,0
1982-05-25,1982,5,25,0.00044400062
1982-05-26,1982,5,26,0.0023552481
1982-05-27,1982,5,27,0.00060505967
1982-05-28,1982,5,28,0
1982-05-29,1982,5,29,0
1982-05-30,1982,5,30,0
1982-05-31,1982,5,31,0
1982-06-01,1982,6,1,0.67577718
1982-06-02,1982,6,2,0
1982-06-03,1982,6,3,0.015155984
1982-06-04,1982,6,4,13.155853
1982-06-05,1982,6,5,9.823099
1982-06-06,1982,6,6,0.044738112
1982-06-07,1982,6,7,0.081116783
1982-06-08,1982,6,8,24.422645
1982-06-09,1982,6,9,17.834146
1982-06-10,1982,6,10,41.451292
1982-06-11,1982,6,11,32.806092
1982-06-12,1982,6,12,78.034692
1982-06-13,1982,6,13,93.343551
1982-06-14,1982,6,14,13.015475
1982-06-15,1982,6,15,0.40992052
1982-06-16,1982,6,16,0
1982-06-17,1982,6,17,0.00068604256
1982-06-18,1982,6,18,21.968409
1982-06-19,1982,6,19,34.762408
1982-06-20,1982,6,20,0.2530231
1982-06-21,1982,6,21,0
1982-06-22,1982,6,22,0
1982-06-23,1982,6,23,31.863864
1982-06-24,1982,6,24,56.836386
1982-06-25,1982,6,25,57.556371
1982-06-26,1982,6,26,110.20824
1982-06-27,1982,6,27,60.512211
1982-06-28,1982,6,28,5.3566008
1982-06-29,1982,6,29,0.60560478
1982-06-30,1982,6,30,0
1982-07-01,1982,7,1,0
1982-07-02,1982,7,2,0
1982-07-03,1982,7,3,0
1982-07-04,1982,7,4,10.350485
1982-07-05,1982,7,5,14.396725
1982-07-06,1982,7,6,0.036818809
1982-07-07,1982,7,7,2.7622223
1982-07-08,1982,7,8,15.042884
1982-07-09,1982,7,9,8.6932112
1982-07-10,1982,7,10,0.88288814
1982-07-11,1982,7,11,15.615082
1982-07-12,1982,7,12,0.0009522735
1982-07-13,1982,7,13,0
1982-07-14,1982,7,14,7.0098311
1982-07-15,1982,7,15,38.01629
1982-07-16,1982,7,16,68.158114
1982-07-17,1982,7,17,37.613551
1982-07-18,1982,7,18,18.065419
1982-07-19,1982,7,19,31.733435
1982-07-20,1982,7,20,19.560447
1982-07-21,1982,7,21,4.8121911
1982-07-22,1982,7,22,0
1982-07-23,1982,7,23,13.886286
1982-07-24,1982,7,24,1.2337575
1982-07-25,1982,7,25,17.116526
1982-07-26,1982,7,26,19.450509
1982-07-27,1982,7,27,12.165341
1982-07-28,1982,7,28,0.080177242
1982-07-29,1982,7,29,0
1982-07-30,1982,7,30,0
1982-07-31,1982,7,31,0.021675715
1982-08-01,1982,8,1,0
1982-08-02,1982,8,2,0
1982-08-03,1982,8,3,16.413988
1982-08-04,1982,8,4,9.4066518
1982-08-05,1982,8,5,15.452095
1982-08-06,1982,8,6,0.19340206
1982-08-07,1982,8,7,0
1982-08-08,1982,8,8,0
1982-08-09,1982,8,9,0
1982-08-10,1982,8,10,0
1982-08-11,1982,8,11,0
1982-08-12,1982,8,12,39.845121
1982-08-13,1982,8,13,19.033327
1982-08-14,1982,8,14,0.031468654
1982-08-15,1982,8,15,0
1982-08-16,1982,8,16,0
1982-08-17,1982,8,17,0
1982-08-18,1982,8,18,0
1982-08-19,1982,8,19,0
1982-08-20,1982,8,20,0
1982-08-21,1982,8,21,0
1982-08-22,1982,8,22,0
1982-08-23,1982,8,23,8.5220707
1982-08-24,1982,8,24,40.879116
1982-08-25,1982,8,25,30.656749
1982-08-26,1982,8,26,20.15742
1982-08-27,1982,8,27,26.396341
1982-08-28,1982,8,28,11.757501
1982-08-29,1982,8,29,0
1982-08-30,1982,8,30,0
1982-08-31,1982,8,31,0
1982-09-01,1982,9,1,0
1982-09-02,1982,9,2,0
1982-09-03,1982,9,3,0
1982-09-04,1982,9,4,0
1982-09-05,1982,9,5,0
1982-09-06,1982,9,6,0
1982-09-07,1982,9,7,0
1982-09-08,1982,9,8,1.2925582
1982-09-09,1982,9,9,6.9570112
1982-09-10,1982,9,10,0.02349592
1982-09-11,1982,9,11,4.2774694
1982-09-12,1982,9,12,62.263339
1982-09-13,1982,9,13,65.991981
1982-09-14,1982,9,14,43.911521
1982-09-15,1982,9,15,9.3895894
1982-09-16,1982,9,16,1.82969
1982-09-17,1982,9,17,0
1982-09-18,1982,9,18,0
1982-09-19,1982,9,19,0.36813397
1982-09-20,1982,9,20,1.0209143e-06
1982-09-21,1982,9,21,0
1982-09-22,1982,9,22,2.2979136
1982-09-23,1982,9,23,4.7125843
1982-09-24,1982,9,24,0
1982-09-25,1982,9,25,0.26269999
1982-09-26,1982,9,26,1.2980455
1982-09-27,1982,9,27,3.1224107
1982-09-28,1982,9,28,26.439811
1982-09-29,1982,9,29,46.591977
1982-09-30,1982,9,30,25.985239
1982-10-01,1982,10,1,0.0035206159
1982-10-02,1982,10,2,7.4208131
1982-10-03,1982,10,3,10.910185
1982-10-04,1982,10,4,0.0013232536
1982-10-05,1982,10,5,0
1982-10-06,1982,10,6,2.3516007
1982-10-07,1982,10,7,0
1982-10-08,1982,10,8,0
1982-10-09,1982,10,9,0
1982-10-10,1982,10,10,0
1982-10-11,1982,10,11,3.053539
1982-10-12,1982,10,12,0
1982-10-13,1982,10,13,0
1982-10-14,1982,10,14,0
1982-10-15,1982,10,15,0
1982-10-16,1982,10,16,14.591623
1982-10-17,1982,10,17,0
1982-10-18,1982,10,18,0
1982-10-19,1982,10,19,6.4001494
1982-10-20,1982,10,20,14.116408
1982-10-21,1982,10,21,25.277076
1982-10-22,1982,10,22,11.243206
1982-10-23,1982,10,23,0.59635277
1982-10-24,1982,10,24,0
1982-10-25,1982,10,25,0
1982-10-26,1982,10,26,0
1982-10-27,1982,10,27,0
1982-10-28,1982,10,28,0
1982-10-29,1982,10,29,0
1982-10-30,1982,10,30,0
1982-10-31,1982,10,31,1.5690197
1982-11-01,1982,11,1,10.697829
1982-11-02,1982,11,2,0.78768896
1982-11-03,1982,11,3,0
1982-11-04,1982,11,4,0.071563528
1982-11-05,1982,11,5,0
1982-11-06,1982,11,6,0
1982-11-07,1982,11,7,0
1982-11-08,1982,11,8,0
1982-11-09,1982,11,9,0.23586654
1982-11-10,1982,11,10,0.023437746
1982-11-11,1982,11,11,0
1982-11-12,1982,11,12,0
1982-11-13,1982,11,13,0
1982-11-14,1982,11,14,0
1982-11-15,1982,11,15,0
1982-11-16,1982,11,16,0
1982-11-17,1982,11,17,0
1982-11-18,1982,11,18,0
1982-11-19,1982,11,19,0
1982-11-20,1982,11,20,0
1982-11-21,1982,11,21,0
1982-11-22,1982,11,22,0
1982-11-23,1982,11,23,0
1982-11-24,1982,11,24,0
1982-11-25,1982,11,25,0
1982-11-26,1982,11,26,0
1982-11-27,1982,11,27,0.1007905
1982-11-28,1982,11,28,0.7583964
1982-11-29,1982,11,29,0
1982-11-30,1982,11,30,0
1982-12-01,1982,12,1,0
1982-12-02,1982,12,2,0
1982-12-03,1982,12,3,0
1982-12-04,1982,12,4,0.0013049154
1982-12-05,1982,12,5,0
1982-12-06,1982,12,6,0
1982-12-07,1982,12,7,0
1982-12-08,1982,12,8,0
1982-12-09,1982,12,9,0
1982-12-10,1982,12,10,0.00094654995
1982-12-11,1982,12,11,0
1982-12-12,1982,12,12,7.4547417
1982-12-13,1982,12,13,4.1090628
1982-12-14,1982,12,14,0.00022643876
1982-12-15,1982,12,15,0
1982-12-16,1982,12,16,0.29942751
1982-12-17,1982,12,17,0
1982-12-18,1982,12,18,0
1982-12-19,1982,12,19,0
1982-12-20,1982,12,20,0
1982-12-21,1982,12,21,0
1982-12-22,1982,12,22,0.0065512302
1982-12-23,1982,12,23,0.0064337938
1982-12-24,1982,12,24,0.0068300448
1982-12-25,1982,12,25,0.0074933001
1982-12-26,1982,12,26,0.0077742597
1982-12-27,1982,12,27,0.0033596812
1982-12-28,1982,12,28,0.5255654
1982-12-29,1982,12,29,0
1982-12-30,1982,12,30,0
1982-12-31,1982,12,31,0
1983-01-01,1983,1,1,0
1983-01-02,1983,1,2,0.012980485
1983-01-03,1983,1,3,0.0059202922
1983-01-04,1983,1,4,0
1983-01-05,1983,1,5,0
1983-01-06,1983,1,6,0
1983-01-07,1983,1,7,0.25239068
1983-01-08,1983,1,8,0
1983-01-09,1983,1,9,0
1983-01-10,1983,1,10,0
1983-01-11,1983,1,11,11.967216
1983-01-12,1983,1,12,4.6387991
1983-01-13,1983,1,13,0.058525516
1983-01-14,1983,1,14,0.011833048
1983-01-15,1983,1,15,0
1983-01-16,1983,1,16,0.045053575
1983-01-17,1983,1,17,0.00011162504
1983-01-18,1983,1,18,0
1983-01-19,1983,1,19,0
1983-01-20,1983,1,20,0
1983-01-21,1983,1,21,0
1983-01-22,1983,1,22,0
1983-01-23,1983,1,23,0
1983-01-24,1983,1,24,0.16362832
1983-01-25,1983,1,25,0
1983-01-26,1983,1,26,0
1983-01-27,1983,1,27,0
1983-01-28,1983,1,28,0
1983-01-29,1983,1,29,7.5987059
1983-01-30,1983,1,30,0.51482343
1983-01-31,1983,1,31,0.01133704
1983-02-01,1983,2,1,0
1983-02-02,1983,2,2,0
1983-02-03,1983,2,3,0
1983-02-04,1983,2,4,0
1983-02-05,1983,2,5,0.038398751
1983-02-06,1983,2,6,0.0031270483
1983-02-07,1983,2,7,0.00058462002
1983-02-08,1983,2,8,0.11307462
1983-02-09,1983,2,9,0
1983-02-10,1983,2,10,0
1983-02-11,1983,2,11,0
1983-02-12,1983,2,12,0
1983-02-13,1983,2,13,7.4962054
1983-02-14,1983,2,14,7.0873888
1983-02-15,1983,2,15,0.20993766
1983-02-16,1983,2,16,0
1983-02-17,1983,2,17,0
1983-02-18,1983,2,18,0
1983-02-19,1983,2,19,0
1983-02-20,1983,2,20,0
1983-02-21,1983,2,21,0
1983-02-22,1983,2,22,0
1983-02-23,1983,2,23,0
1983-02-24,1983,2,24,0
1983-02-25,1983,2,25,0
1983-02-26,1983,2,26,0
1983-02-27,1983,2,27,0
1983-02-28,1983,2,28,0
1983-03-01,1983,3,1,0
1983-03-02,1983,3,2,0
1983-03-03,1983,3,3,0
1983-03-04,1983,3,4,0
1983-03-05,1983,3,5,0
1983-03-06,1983,3,6,0
1983-03-07,1983,3,7,0
1983-03-08,1983,3,8,0
1983-03-09,1983,3,9,0
1983-03-10,1983,3,10,0
1983-03-11,1983,3,11,0
1983-03-12,1983,3,12,0
1983-03-13,1983,3,13,0
1983-03-14,1983,3,14,0
1983-03-15,1983,3,15,0.129121
1983-03-16,1983,3,16,0
1983-03-17,1983,3,17,0
1983-03-18,1983,3,18,0
1983-03-19,1983,3,19,0
1983-03-20,1983,3,20,0
1983-03-21,1983,3,21,0
1983-03-22,1983,3,22,0
1983-03-23,1983,3,23,0
1983-03-24,1983,3,24,0
1983-03-25,1983,3,25,0
1983-03-26,1983,3,26,2.2101364
1983-03-27,1983,3,27,0
1983-03-28,1983,3,28,0
1983-03-29,1983,3,29,0
1983-03-30,1983,3,30,0
1983-03-31,1983,3,31,0.75436449
1983-04-01,1983,4,1,20.487853
1983-04-02,1983,4,2,10.67776
1983-04-03,1983,4,3,0.32663545
1983-04-04,1983,4,4,6.2294142e-05
1983-04-05,1983,4,5,0
1983-04-06,1983,4,6,0
1983-04-07,1983,4,7,0
1983-04-08,1983,4,8,0
1983-04-09,1983,4,9,0
1983-04-10,1983,4,10,0
1983-04-11,1983,4,11,0.58761185
1983-04-12,1983,4,12,0
1983-04-13,1983,4,13,0
1983-04-14,1983,4,14,0
1983-04-15,1983,4,15,0
1983-04-16,1983,4,16,0
1983-04-17,1983,4,17,0
1983-04-18,1983,4,18,0
1983-04-19,1983,4,19,0
1983-04-20,1983,4,20,0
1983-04-21,1983,4,21,0
1983-04-22,1983,4,22,0.0064804362
1983-04-23,1983,4,23,6.7023155
1983-04-24,1983,4,24,2.8476608
1983-04-25,1983,4,25,0
1983-04-26,1983,4,26,4.1137486
1983-04-27,1983,4,27,0
1983-04-28,1983,4,28,0.029163286
1983-04-29,1983,4,29,0
1983-04-30,1983,4,30,0
1983-05-01,1983,5,1,0
1983-05-02,1983,5,2,5.3452692
1983-05-03,1983,5,3,3.0482776
1983-05-04,1983,5,4,0
1983-05-05,1983,5,5,0
1983-05-06,1983,5,6,0
1983-05-07,1983,5,7,0
1983-05-08,1983,5,8,0
1983-05-09,1983,5,9,0
1983-05-10,1983,5,10,0
1983-05-11,1983,5,11,0
1983-05-12,1983,5,12,0
1983-05-13,1983,5,13,0
1983-05-14,1983,5,14,3.6489004
1983-05-15,1983,5,15,6.4244647
1983-05-16,1983,5,16,1.5611948
1983-05-17,1983,5,17,5.3524855
1983-05-18,1983,5,18,38.463558
1983-05-19,1983,5,19,1.5081417
1983-05-20,1983,5,20,0.22301733
1983-05-21,1983,5,21,0
1983-05-22,1983,5,22,0
1983-05-23,1983,5,23,0
1983-05-24,1983,5,24,0
1983-05-25,1983,5,25,2.5791015
1983-05-26,1983,5,26,0
1983-05-27,1983,5,27,5.4438764
1983-05-28,1983,5,28,0
1983-05-29,1983,5,29,9.4472552
1983-05-30,1983,5,30,0.77601999
1983-05-31,1983,5,31,0
1983-06-01,1983,6,1,0.94509874
1983-06-02,1983,6,2,0
1983-06-03,1983,6,3,0
1983-06-04,1983,6,4,0.22739088
1983-06-05,1983,6,5,0.72152702
1983-06-06,1983,6,6,0
1983-06-07,1983,6,7,4.8071246
1983-06-08,1983,6,8,5.7540171
1983-06-09,1983,6,9,0
1983-06-10,1983,6,10,1.8852672
1983-06-11,1983,6,11,3.4335421
1983-06-12,1983,6,12,3.5992182
1983-06-13,1983,6,13,0.067469219
1983-06-14,1983,6,14,1.6068956
1983-06-15,1983,6,15,0
1983-06-16,1983,6,16,0
1983-06-17,1983,6,17,2.9516469
1983-06-18,1983,6,18,50.597652
1983-06-19,1983,6,19,14.355242
1983-06-20,1983,6,20,40.954147
1983-06-21,1983,6,21,22.817354
1983-06-22,1983,6,22,1.926131
1983-06-23,1983,6,23,0.0030840257
1983-06-24,1983,6,24,0
1983-06-25,1983,6,25,0
1983-06-26,1983,6,26,0
1983-06-27,1983,6,27,0
1983-06-28,1983,6,28,0
1983-06-29,1983,6,29,0
1983-06-30,1983,6,30,0
1983-07-01,1983,7,1,13.066208
1983-07-02,1983,7,2,3.9030378
1983-07-03,1983,7,3,0
1983-07-04,1983,7,4,30.632781
1983-07-05,1983,7,5,74.061981
1983-07-06,1983,7,6,65.353011
1983-07-07,1983,7,7,25.10595
1983-07-08,1983,7,8,10.054016
1983-07-09,1983,7,9,0.15118966
1983-07-10,1983,7,10,0.13013507
1983-07-11,1983,7,11,0
1983-07-12,1983,7,12,0
1983-07-13,1983,7,13,0.00067245417
1983-07-14,1983,7,14,2.3688956
1983-07-15,1983,7,15,0
1983-07-16,1983,7,16,0
1983-07-17,1983,7,17,0
1983-07-18,1983,7,18,0
1983-07-19,1983,7,19,0
1983-07-20,1983,7,20,0
1983-07-21,1983,7,21,0
1983-07-22,1983,7,22,0
1983-07-23,1983,7,23,8.1673144e-05
1983-07-24,1983,7,24,0.037935594
1983-07-25,1983,7,25,0
1983-07-26,1983,7,26,0
1983-07-27,1983,7,27,0
1983-07-28,1983,7,28,0.9690005
1983-07-29,1983,7,29,0.00079301362
1983-07-30,1983,7,30,0.0032389061
1983-07-31,1983,7,31,0
1983-08-01,1983,8,1,0
1983-08-02,1983,8,2,0
1983-08-03,1983,8,3,0
1983-08-04,1983,8,4,0.017876742
1983-08-05,1983,8,5,5.2660405
1983-08-06,1983,8,6,7.6103652
1983-08-07,1983,8,7,16.189744
1983-08-08,1983,8,8,0.29757452
1983-08-09,1983,8,9,0.0052650077
1983-08-10,1983,8,10,0.93498595
1983-08-11,1983,8,11,9.4658896
1983-08-12,1983,8,12,0.22031013
1983-08-13,1983,8,13,0
1983-08-14,1983,8,14,0
1983-08-15,1983,8,15,0
1983-08-16,1983,8,16,0
1983-08-17,1983,8,17,0
1983-08-18,1983,8,18,0
1983-08-19,1983,8,19,0
1983-08-20,1983,8,20,0
1983-08-21,1983,8,21,0
1983-08-22,1983,8,22,7.4384906
1983-08-23,1983,8,23,27.861799
1983-08-24,1983,8,24,25.735288
1983-08-25,1983,8,25,3.7482605
1983-08-26,1983,8,26,0.061983573
1983-08-27,1983,8,27,1.6334743
1983-08-28,1983,8,28,1.6713094
1983-08-29,1983,8,29,0.00011763147
1983-08-30,1983,8,30,0.010976865
1983-08-31,1983,8,31,0
1983-09-01,1983,9,1,0
1983-09-02,1983,9,2,0
1983-09-03,1983,9,3,0
1983-09-04,1983,9,4,18.34247
1983-09-05,1983,9,5,6.9591753
1983-09-06,1983,9,6,0.02421757
1983-09-07,1983,9,7,0
1983-09-08,1983,9,8,0
1983-09-09,1983,9,9,0
1983-09-10,1983,9,10,0
1983-09-11,1983,9,11,0
1983-09-12,1983,9,12,0
1983-09-13,1983,9,13,0
1983-09-14,1983,9,14,0.11192641
1983-09-15,1983,9,15,0
1983-09-16,1983,9,16,5.3840776
1983-09-17,1983,9,17,3.9218721
1983-09-18,1983,9,18,0.046617616
1983-09-19,1983,9,19,0
1983-09-20,1983,9,20,0
1983-09-21,1983,9,21,0
1983-09-22,1983,9,22,0
1983-09-23,1983,9,23,0
1983-09-24,1983,9,24,0
1983-09-25,1983,9,25,7.5074404
1983-09-26,1983,9,26,6.7289111
1983-09-27,1983,9,27,1.9712777
1983-09-28,1983,9,28,0
1983-09-29,1983,9,29,0
1983-09-30,1983,9,30,0.0047435725
1983-10-01,1983,10,1,0
1983-10-02,1983,10,2,0
1983-10-03,1983,10,3,0
1983-10-04,1983,10,4,0
1983-10-05,1983,10,5,0
1983-10-06,1983,10,6,0
1983-10-07,1983,10,7,0.036351308
1983-10-08,1983,10,8,0
1983-10-09,1983,10,9,0.48213209
1983-10-10,1983,10,10,0
1983-10-11,1983,10,11,0
1983-10-12,1983,10,12,0
1983-10-13,1983,10,13,0
1983-10-14,1983,10,14,0.15846559
1983-10-15,1983,10,15,12.052451
1983-10-16,1983,10,16,0.13466804
1983-10-17,1983,10,17,0
1983-10-18,1983,10,18,0
1983-10-19,1983,10,19,0
1983-10-20,1983,10,20,0
1983-10-21,1983,10,21,0
1983-10-22,1983,10,22,0
1983-10-23,1983,10,23,0
1983-10-24,1983,10,24,1.6162729
1983-10-25,1983,10,25,0.0036422451
1983-10-26,1983,10,26,0
1983-10-27,1983,10,27,0
1983-10-28,1983,10,28,0
1983-10-29,1983,10,29,0
1983-10-30,1983,10,30,0
1983-10-31,1983,10,31,0
1983-11-01,1983,11,1,0
1983-11-02,1983,11,2,0
1983-11-03,1983,11,3,0
1983-11-04,1983,11,4,0
1983-11-05,1983,11,5,0.044128076
1983-11-06,1983,11,6,0.015505123
1983-11-07,1983,11,7,0
1983-11-08,1983,11,8,0
1983-11-09,1983,11,9,0
1983-11-10,1983,11,10,0
1983-11-11,1983,11,11,0
1983-11-12,1983,11,12,0
1983-11-13,1983,11,13,0
1983-11-14,1983,11,14,0
1983-11-15,1983,11,15,0
1983-11-16,1983,11,16,0.038171281
1983-11-17,1983,11,17,0
1983-11-18,1983,11,18,0
1983-11-19,1983,11,19,0
1983-11-20,1983,11,20,0
1983-11-21,1983,11,21,0
1983-11-22,1983,11,22,0
1983-11-23,1983,11,23,0
1983-11-24,1983,11,24,0
1983-11-25,1983,11,25,0.12241456
1983-11-26,1983,11,26,0.0015428603
1983-11-27,1983,11,27,0
1983-11-28,1983,11,28,0
1983-11-29,1983,11,29,0
1983-11-30,1983,11,30,0
1983-12-01,1983,12,1,0.0011828596
1983-12-02,1983,12,2,0
1983-12-03,1983,12,3,0.00010467873
1983-12-04,1983,12,4,0.0053923795
1983-12-05,1983,12,5,0.0080029289
1983-12-06,1983,12,6,0
1983-12-07,1983,12,7,0
1983-12-08,1983,12,8,0
1983-12-09,1983,12,9,0
1983-12-10,1983,12,10,0
1983-12-11,1983,12,11,0.0012215579
1983-12-12,1983,12,12,0.00010285735
1983-12-13,1983,12,13,0
1983-12-14,1983,12,14,0.00036000074
1983-12-15,1983,12,15,0
1983-12-16,1983,12,16,0
1983-12-17,1983,12,17,0.0008359854
1983-12-18,1983,12,18,0.00064018685
1983-12-19,1983,12,19,0.001560123
1983-12-20,1983,12,20,0.01223507
1983-12-21,1983,12,21,0.0021093948
1983-12-22,1983,12,22,0
1983-12-23,1983,12,23,0
1983-12-24,1983,12,24,0
1983-12-25,1983,12,25,0
1983-12-26,1983,12,26,0.00036000074
1983-12-27,1983,12,27,0
1983-12-28,1983,12,28,0
1983-12-29,1983,12,29,5.6346631e-05
1983-12-30,1983,12,30,0
1983-12-31,1983,12,31,0
1984-01-01,1984,1,1,0.034051916
1984-01-02,1984,1,2,0
1984-01-03,1984,1,3,0
1984-01-04,1984,1,4,0
1984-01-05,1984,1,5,0
1984-01-06,1984,1,6,0.16128647
1984-01-07,1984,1,7,0.059324823
1984-01-08,1984,1,8,0.0081040624
1984-01-09,1984,1,9,0
1984-01-10,1984,1,10,0
1984-01-11,1984,1,11,0
1984-01-12,1984,1,12,0
1984-01-13,1984,1,13,0
1984-01-14,1984,1,14,0.19869153
1984-01-15,1984,1,15,0.035911472
1984-01-16,1984,1,16,0
1984-01-17,1984,1,17,0.00030366674
1984-01-18,1984,1,18,0.0096945029
1984-01-19,1984,1,19,1.9385661
1984-01-20,1984,1,20,8.2225047
1984-01-21,1984,1,21,1.8416535
1984-01-22,1984,1,22,0.018059664
1984-01-23,1984,1,23,0
1984-01-24,1984,1,24,0
1984-01-25,1984,1,25,0
1984-01-26,1984,1,26,0.022511202
1984-01-27,1984,1,27,0
1984-01-28,1984,1,28,0
1984-01-29,1984,1,29,0
1984-01-30,1984,1,30,0
1984-01-31,1984,1,31,0
1984-02-01,1984,2,1,0
1984-02-02,1984,2,2,0
1984-02-03,1984,2,3,5.0686625e-07
1984-02-04,1984,2,4,0.3664554
1984-02-05,1984,2,5,0
1984-02-06,1984,2,6,0
1984-02-07,1984,2,7,0
1984-02-08,1984,2,8,0
1984-02-09,1984,2,9,0
1984-02-10,1984,2,10,0.0040730725
1984-02-11,1984,2,11,0
1984-02-12,1984,2,12,0
1984-02-13,1984,2,13,0
1984-02-14,1984,2,14,0
1984-02-15,1984,2,15,0
1984-02-16,1984,2,16,0
1984-02-17,1984,2,17,0
1984-02-18,1984,2,18,0
1984-02-19,1984,2,19,0
1984-02-20,1984,2,20,0
1984-02-21,1984,2,21,0
1984-02-22,1984,2,22,0
1984-02-23,1984,2,23,0
1984-02-24,1984,2,24,0
1984-02-25,1984,2,25,0
1984-02-26,1984,2,26,0
1984-02-27,1984,2,27,0
1984-02-28,1984,2,28,0.0045876454
1984-02-29,1984,2,29,0.045376316
1984-03-01,1984,3,1,0
1984-03-02,1984,3,2,0
1984-03-03,1984,3,3,0
1984-03-04,1984,3,4,0
1984-03-05,1984,3,5,0
1984-03-06,1984,3,6,0
1984-03-07,1984,3,7,0
1984-03-08,1984,3,8,0
1984-03-09,1984,3,9,0
1984-03-10,1984,3,10,0
1984-03-11,1984,3,11,0
1984-03-12,1984,3,12,14.039779
1984-03-13,1984,3,13,3.0553396
1984-03-14,1984,3,14,3.814691
1984-03-15,1984,3,15,0.012258368
1984-03-16,1984,3,16,0
1984-03-17,1984,3,17,0
1984-03-18,1984,3,18,0
1984-03-19,1984,3,19,0
1984-03-20,1984,3,20,0
1984-03-21,1984,3,21,0
1984-03-22,1984,3,22,0.1492866
1984-03-23,1984,3,23,3.0746309
1984-03-24,1984,3,24,0
1984-03-25,1984,3,25,0
1984-03-26,1984,3,26,0
1984-03-27,1984,3,27,0
1984-03-28,1984,3,28,0.00033731212
1984-03-29,1984,3,29,0.0060594694
1984-03-30,1984,3,30,12.361129
1984-03-31,1984,3,31,0.00013890602
1984-04-01,1984,4,1,0.14210691
1984-04-02,1984,4,2,0.00040391862
1984-04-03,1984,4,3,0
1984-04-04,1984,4,4,0
1984-04-05,1984,4,5,0
1984-04-06,1984,4,6,0
1984-04-07,1984,4,7,0
1984-04-08,1984,4,8,0
1984-04-09,1984,4,9,0.000246089
1984-04-10,1984,4,10,0
1984-04-11,1984,4,11,0
1984-04-12,1984,4,12,0
1984-04-13,1984,4,13,0
1984-04-14,1984,4,14,12.524267
1984-04-15,1984,4,15,25.051425
1984-04-16,1984,4,16,0.14377049
1984-04-17,1984,4,17,0
1984-04-18,1984,4,18,4.8434044
1984-04-19,1984,4,19,0.65398258
1984-04-20,1984,4,20,0.002525826
1984-04-21,1984,4,21,0.00020290819
1984-04-22,1984,4,22,0
1984-04-23,1984,4,23,0.00034192714
1984-04-24,1984,4,24,0.0010764653
1984-04-25,1984,4,25,0
1984-04-26,1984,4,26,0
1984-04-27,1984,4,27,0
1984-04-28,1984,4,28,0
1984-04-29,1984,4,29,0.00018604173
1984-04-30,1984,4,30,0.050878189
1984-05-01,1984,5,1,0
1984-05-02,1984,5,2,0
1984-05-03,1984,5,3,36.764855
1984-05-04,1984,5,4,10.819238
1984-05-05,1984,5,5,0.00058699954
1984-05-06,1984,5,6,0
1984-05-07,1984,5,7,0
1984-05-08,1984,5,8,0
1984-05-09,1984,5,9,0.040608509
1984-05-10,1984,5,10,0.0021387513
1984-05-11,1984,5,11,0
1984-05-12,1984,5,12,0
1984-05-13,1984,5,13,0
1984-05-14,1984,5,14,0
1984-05-15,1984,5,15,0.024897578
1984-05-16,1984,5,16,0.17208583
1984-05-17,1984,5,17,33.39422
1984-05-18,1984,5,18,28.323933
1984-05-19,1984,5,19,10.252504
1984-05-20,1984,5,20,13.270124
1984-05-21,1984,5,21,22.284455
1984-05-22,1984,5,22,0.30574457
1984-05-23,1984,5,23,0
1984-05-24,1984,5,24,0.046776871
1984-05-25,1984,5,25,21.261158
1984-05-26,1984,5,26,12.549206
1984-05-27,1984,5,27,13.839632
1984-05-28,1984,5,28,1.81321
1984-05-29,1984,5,29,0
1984-05-30,1984,5,30,0
1984-05-31,1984,5,31,0
1984-06-01,1984,6,1,6.0379002
1984-06-02,1984,6,2,0.55828119
1984-06-03,1984,6,3,0.047786237
1984-06-04,1984,6,4,0.1993014
1984-06-05,1984,6,5,0.043093571
1984-06-06,1984,6,6,0
1984-06-07,1984,6,7,1.9524893
1984-06-08,1984,6,8,0.89560004
1984-06-09,1984,6,9,5.9243305
1984-06-10,1984,6,10,27.110109
1984-06-11,1984,6,11,4.5234638
1984-06-12,1984,6,12,0
1984-06-13,1984,6,13,0
1984-06-14,1984,6,14,3.7261953
1984-06-15,1984,6,15,8.5137761
1984-06-16,1984,6,16,1.7694751
1984-06-17,1984,6,17,0.055125924
1984-06-18,1984,6,18,5.5262865
1984-06-19,1984,6,19,9.6317055
1984-06-20,1984,6,20,8.3843566
1984-06-21,1984,6,21,0.38265649
1984-06-22,1984,6,22,0
1984-06-23,1984,6,23,14.441941
1984-06-24,1984,6,24,15.826121
1984-06-25,1984,6,25,3.9479181
1984-06-26,1984,6,26,0.084574876
1984-06-27,1984,6,27,1.3556953
1984-06-28,1984,6,28,1.7062595e-07
1984-06-29,1984,6,29,0
1984-06-30,1984,6,30,36.297855
1984-07-01,1984,7,1,52.491528
1984-07-02,1984,7,2,49.957798
1984-07-03,1984,7,3,82.71298
1984-07-04,1984,7,4,129.57334
1984-07-05,1984,7,5,27.607619
1984-07-06,1984,7,6,18.430056
1984-07-07,1984,7,7,13.243932
1984-07-08,1984,7,8,31.266526
1984-07-09,1984,7,9,8.6602876
1984-07-10,1984,7,10,46.740776
1984-07-11,1984,7,11,15.325473
1984-07-12,1984,7,12,0.19052422
1984-07-13,1984,7,13,0
1984-07-14,1984,7,14,22.757164
1984-07-15,1984,7,15,9.2888389
1984-07-16,1984,7,16,0
1984-07-17,1984,7,17,0
1984-07-18,1984,7,18,0
1984-07-19,1984,7,19,0
1984-07-20,1984,7,20,0
1984-07-21,1984,7,21,0
1984-07-22,1984,7,22,0
1984-07-23,1984,7,23,0
1984-07-24,1984,7,24,0
1984-07-25,1984,7,25,0
1984-07-26,1984,7,26,0
1984-07-27,1984,7,27,0
1984-07-28,1984,7,28,0
1984-07-29,1984,7,29,0
1984-07-30,1984,7,30,0
1984-07-31,1984,7,31,0
1984-08-01,1984,8,1,0
1984-08-02,1984,8,2,0
1984-08-03,1984,8,3,4.2793164
1984-08-04,1984,8,4,16.847197
1984-08-05,1984,8,5,9.5514944
1984-08-06,1984,8,6,0.0091005136
1984-08-07,1984,8,7,0
1984-08-08,1984,8,8,0
1984-08-09,1984,8,9,0
1984-08-10,1984,8,10,9.9578308
1984-08-11,1984,8,11,0.32769433
1984-08-12,1984,8,12,0
1984-08-13,1984,8,13,0
1984-08-14,1984,8,14,0
1984-08-15,1984,8,15,0
1984-08-16,1984,8,16,8.1956774
1984-08-17,1984,8,17,3.3783609
1984-08-18,1984,8,18,0
1984-08-19,1984,8,19,0.39952793
1984-08-20,1984,8,20,0
1984-08-21,1984,8,21,13.926704
1984-08-22,1984,8,22,8.0860933
1984-08-23,1984,8,23,0.12676096
1984-08-24,1984,8,24,0
1984-08-25,1984,8,25,0
1984-08-26,1984,8,26,0
1984-08-27,1984,8,27,0
1984-08-28,1984,8,28,0
1984-08-29,1984,8,29,0
1984-08-30,1984,8,30,0
1984-08-31,1984,8,31,0
1984-09-01,1984,9,1,0
1984-09-02,1984,9,2,0
1984-09-03,1984,9,3,0
1984-09-04,1984,9,4,0.20554008
1984-09-05,1984,9,5,0
1984-09-06,1984,9,6,0
1984-09-07,1984,9,7,0
1984-09-08,1984,9,8,0
1984-09-09,1984,9,9,0
1984-09-10,1984,9,10,0
1984-09-11,1984,9,11,0.0054582784
1984-09-12,1984,9,12,0
1984-09-13,1984,9,13,25.877278
1984-09-14,1984,9,14,2.4763781
1984-09-15,1984,9,15,0.26034442
1984-09-16,1984,9,16,20.931347
1984-09-17,1984,9,17,52.768974
1984-09-18,1984,9,18,25.428064
1984-09-19,1984,9,19,5.9945687
1984-09-20,1984,9,20,1.0124669
1984-09-21,1984,9,21,0
1984-09-22,1984,9,22,2.911475
1984-09-23,1984,9,23,11.615328
1984-09-24,1984,9,24,0.19343044
1984-09-25,1984,9,25,0.053006025
1984-09-26,1984,9,26,0
1984-09-27,1984,9,27,0
1984-09-28,1984,9,28,0
1984-09-29,1984,9,29,0.037277476
1984-09-30,1984,9,30,0.9720408
1984-10-01,1984,10,1,13.358272
1984-10-02,1984,10,2,5.657055
1984-10-03,1984,10,3,0
1984-10-04,1984,10,4,0
1984-10-05,1984,10,5,0
1984-10-06,1984,10,6,0
1984-10-07,1984,10,7,0
1984-10-08,1984,10,8,0
1984-10-09,1984,10,9,0
1984-10-10,1984,10,10,0
1984-10-11,1984,10,11,0
1984-10-12,1984,10,12,0
1984-10-13,1984,10,13,0
1984-10-14,1984,10,14,0
1984-10-15,1984,10,15,0
1984-10-16,1984,10,16,0.00011038142
1984-10-17,1984,10,17,0
1984-10-18,1984,10,18,0
1984-10-19,1984,10,19,0.16818534
1984-10-20,1984,10,20,0
1984-10-21,1984,10,21,0
1984-10-22,1984,10,22,0
1984-10-23,1984,10,23,0
1984-10-24,1984,10,24,12.378317
1984-10-25,1984,10,25,0.75143591
1984-10-26,1984,10,26,0
1984-10-27,1984,10,27,0.23676574
1984-10-28,1984,10,28,25.489982
1984-10-29,1984,10,29,3.7851729
1984-10-30,1984,10,30,0
1984-10-31,1984,10,31,0
1984-11-01,1984,11,1,1.8837704
1984-11-02,1984,11,2,14.734652
1984-11-03,1984,11,3,1.7289223
1984-11-04,1984,11,4,0
1984-11-05,1984,11,5,0.99473429
1984-11-06,1984,11,6,2.2463352
1984-11-07,1984,11,7,10.625446
1984-11-08,1984,11,8,0
1984-11-09,1984,11,9,0
1984-11-10,1984,11,10,2.7902585
1984-11-11,1984,11,11,0.62437778
1984-11-12,1984,11,12,0
1984-11-13,1984,11,13,0
1984-11-14,1984,11,14,0
1984-11-15,1984,11,15,0
1984-11-16,1984,11,16,0
1984-11-17,1984,11,17,0
1984-11-18,1984,11,18,0
1984-11-19,1984,11,19,0
1984-11-20,1984,11,20,0
1984-11-21,1984,11,21,0
1984-11-22,1984,11,22,0.23999287
1984-11-23,1984,11,23,0
1984-11-24,1984,11,24,0
1984-11-25,1984,11,25,0
1984-11-26,1984,11,26,0
1984-11-27,1984,11,27,0
1984-11-28,1984,11,28,0
1984-11-29,1984,11,29,0
1984-11-30,1984,11,30,0
1984-12-01,1984,12,1,0
1984-12-02,1984,12,2,0
1984-12-03,1984,12,3,0
1984-12-04,1984,12,4,0
1984-12-05,1984,12,5,0
1984-12-06,1984,12,6,0
1984-12-07,1984,12,7,0
1984-12-08,1984,12,8,0
1984-12-09,1984,12,9,0
1984-12-10,1984,12,10,0
1984-12-11,1984,12,11,0
1984-12-12,1984,12,12,0
1984-12-13,1984,12,13,0
1984-12-14,1984,12,14,0
1984-12-15,1984,12,15,0
1984-12-16,1984,12,16,0
1984-12-17,1984,12,17,0
1984-12-18,1984,12,18,0
1984-12-19,1984,12,19,0.010648821
1984-12-20,1984,12,20,0
1984-12-21,1984,12,21,0
1984-12-22,1984,12,22,0
1984-12-23,1984,12,23,0.1573159
1984-12-24,1984,12,24,0
1984-12-25,1984,12,25,0
1984-12-26,1984,12,26,0.00062807241
1984-12-27,1984,12,27,0
1984-12-28,1984,12,28,0
1984-12-29,1984,12,29,0
1984-12-30,1984,12,30,0
1984-12-31,1984,12,31,0
1985-01-01,1985,1,1,0
1985-01-02,1985,1,2,0
1985-01-03,1985,1,3,0
1985-01-04,1985,1,4,0
1985-01-05,1985,1,5,0.010976532
1985-01-06,1985,1,6,0.0058578405
1985-01-07,1985,1,7,0
1985-01-08,1985,1,8,0
1985-01-09,1985,1,9,0.10281071
1985-01-10,1985,1,10,0.4319367
1985-01-11,1985,1,11,0.4408958
1985-01-12,1985,1,12,1.6722675
1985-01-13,1985,1,13,6.0666309
1985-01-14,1985,1,14,0.27832174
1985-01-15,1985,1,15,0
1985-01-16,1985,1,16,0
1985-01-17,1985,1,17,0
1985-01-18,1985,1,18,0
1985-01-19,1985,1,19,2.8194849
1985-01-20,1985,1,20,5.09572
1985-01-21,1985,1,21,0.00031459516
1985-01-22,1985,1,22,0
1985-01-23,1985,1,23,0.00085141695
1985-01-24,1985,1,24,0.59267636
1985-01-25,1985,1,25,0.20136999
1985-01-26,1985,1,26,0.0018565967
1985-01-27,1985,1,27,0
1985-01-28,1985,1,28,0
1985-01-29,1985,1,29,0.11698265
1985-01-30,1985,1,30,0.02270298
1985-01-31,1985,1,31,0
1985-02-01,1985,2,1,0.054151745
1985-02-02,1985,2,2,0.56329308
1985-02-03,1985,2,3,0.045947749
1985-02-04,1985,2,4,0
1985-02-05,1985,2,5,0.09145407
1985-02-06,1985,2,6,0
1985-02-07,1985,2,7,0
1985-02-08,1985,2,8,0
1985-02-09,1985,2,9,0
1985-02-10,1985,2,10,0
1985-02-11,1985,2,11,0
1985-02-12,1985,2,12,0
1985-02-13,1985,2,13,0
1985-02-14,1985,2,14,0
1985-02-15,1985,2,15,0
1985-02-16,1985,2,16,0
1985-02-17,1985,2,17,0
1985-02-18,1985,2,18,0
1985-02-19,1985,2,19,0
1985-02-20,1985,2,20,0
1985-02-21,1985,2,21,0
1985-02-22,1985,2,22,0
1985-02-23,1985,2,23,0
1985-02-24,1985,2,24,0
1985-02-25,1985,2,25,0
1985-02-26,1985,2,26,0
1985-02-27,1985,2,27,0
1985-02-28,1985,2,28,0
1985-03-01,1985,3,1,0
1985-03-02,1985,3,2,0
1985-03-03,1985,3,3,0
1985-03-04,1985,3,4,0
1985-03-05,1985,3,5,0
1985-03-06,1985,3,6,0
1985-03-07,1985,3,7,0
1985-03-08,1985,3,8,0
1985-03-09,1985,3,9,0
1985-03-10,1985,3,10,0
1985-03-11,1985,3,11,0
1985-03-12,1985,3,12,0
1985-03-13,1985,3,13,0
1985-03-14,1985,3,14,0
1985-03-15,1985,3,15,0.045151854
1985-03-16,1985,3,16,0
1985-03-17,1985,3,17,0
1985-03-18,1985,3,18,0
1985-03-19,1985,3,19,0
1985-03-20,1985,3,20,0
1985-03-21,1985,3,21,1.3292041
1985-03-22,1985,3,22,0.00085332636
1985-03-23,1985,3,23,6.7553002
1985-03-24,1985,3,24,0
1985-03-25,1985,3,25,0.03211791
1985-03-26,1985,3,26,0
1985-03-27,1985,3,27,0
1985-03-28,1985,3,28,0
1985-03-29,1985,3,29,0
1985-03-30,1985,3,30,0
1985-03-31,1985,3,31,7.0694543
1985-04-01,1985,4,1,5.492086
1985-04-02,1985,4,2,4.7448574
1985-04-03,1985,4,3,0.014216523
1985-04-04,1985,4,4,0
1985-04-05,1985,4,5,0.0023958253
1985-04-06,1985,4,6,0
1985-04-07,1985,4,7,0
1985-04-08,1985,4,8,0
1985-04-09,1985,4,9,0
1985-04-10,1985,4,10,0
1985-04-11,1985,4,11,0
1985-04-12,1985,4,12,5.3952103e-05
1985-04-13,1985,4,13,0.31093713
1985-04-14,1985,4,14,0
1985-04-15,1985,4,15,0.34075624
1985-04-16,1985,4,16,0.00036907657
1985-04-17,1985,4,17,0
1985-04-18,1985,4,18,0
1985-04-19,1985,4,19,0
1985-04-20,1985,4,20,0
1985-04-21,1985,4,21,0
1985-04-22,1985,4,22,0
1985-04-23,1985,4,23,0
1985-04-24,1985,4,24,0
1985-04-25,1985,4,25,0
1985-04-26,1985,4,26,0
1985-04-27,1985,4,27,9.6994971
1985-04-28,1985,4,28,0.92009976
1985-04-29,1985,4,29,0.0055952825
1985-04-30,1985,4,30,0
1985-05-01,1985,5,1,0.0037246591
1985-05-02,1985,5,2,0.00028729452
1985-05-03,1985,5,3,0.00029164746
1985-05-04,1985,5,4,0
1985-05-05,1985,5,5,0.0028279943
1985-05-06,1985,5,6,0
1985-05-07,1985,5,7,0
1985-05-08,1985,5,8,0
1985-05-09,1985,5,9,0
1985-05-10,1985,5,10,0
1985-05-11,1985,5,11,0
1985-05-12,1985,5,12,0
1985-05-13,1985,5,13,0
1985-05-14,1985,5,14,0
1985-05-15,1985,5,15,0
1985-05-16,1985,5,16,1.5543974
1985-05-17,1985,5,17,37.079719
1985-05-18,1985,5,18,0.68031794
1985-05-19,1985,5,19,2.7482412
1985-05-20,1985,5,20,18.062368
1985-05-21,1985,5,21,0
1985-05-22,1985,5,22,4.4235217
1985-05-23,1985,5,23,0
1985-05-24,1985,5,24,0.84870877
1985-05-25,1985,5,25,9.574955
1985-05-26,1985,5,26,0
1985-05-27,1985,5,27,0
1985-05-28,1985,5,28,0
1985-05-29,1985,5,29,0
1985-05-30,1985,5,30,0
1985-05-31,1985,5,31,0.0054652971
1985-06-01,1985,6,1,0
1985-06-02,1985,6,2,0
1985-06-03,1985,6,3,0
1985-06-04,1985,6,4,0
1985-06-05,1985,6,5,0
1985-06-06,1985,6,6,0
1985-06-07,1985,6,7,0
1985-06-08,1985,6,8,0
1985-06-09,1985,6,9,0
1985-06-10,1985,6,10,0
1985-06-11,1985,6,11,0
1985-06-12,1985,6,12,1.8024275
1985-06-13,1985,6,13,15.376676
1985-06-14,1985,6,14,11.763868
1985-06-15,1985,6,15,3.56979
1985-06-16,1985,6,16,0.0029094384
1985-06-17,1985,6,17,0
1985-06-18,1985,6,18,0.13284464
1985-06-19,1985,6,19,1.0953263
1985-06-20,1985,6,20,0
1985-06-21,1985,6,21,0
1985-06-22,1985,6,22,0
1985-06-23,1985,6,23,0
1985-06-24,1985,6,24,0
1985-06-25,1985,6,25,0
1985-06-26,1985,6,26,5.4024954e-05
1985-06-27,1985,6,27,12.71055
1985-06-28,1985,6,28,6.9958393
1985-06-29,1985,6,29,5.0097913
1985-06-30,1985,6,30,0.0049120576
1985-07-01,1985,7,1,0.47825616
1985-07-02,1985,7,2,18.536369
1985-07-03,1985,7,3,73.536724
1985-07-04,1985,7,4,6.3301889
1985-07-05,1985,7,5,0
1985-07-06,1985,7,6,0
1985-07-07,1985,7,7,14.500393
1985-07-08,1985,7,8,6.5368824
1985-07-09,1985,7,9,0.0066652588
1985-07-10,1985,7,10,0
1985-07-11,1985,7,11,0
1985-07-12,1985,7,12,0
1985-07-13,1985,7,13,0
1985-07-14,1985,7,14,0
1985-07-15,1985,7,15,0
1985-07-16,1985,7,16,0.65618316
1985-07-17,1985,7,17,0.13684698
1985-07-18,1985,7,18,3.2946306e-06
1985-07-19,1985,7,19,0
1985-07-20,1985,7,20,0
1985-07-21,1985,7,21,0
1985-07-22,1985,7,22,2.0231512
1985-07-23,1985,7,23,0.0010691783
1985-07-24,1985,7,24,0
1985-07-25,1985,7,25,0.82548984
1985-07-26,1985,7,26,0
1985-07-27,1985,7,27,0
1985-07-28,1985,7,28,0.13167167
1985-07-29,1985,7,29,3.1737786
1985-07-30,1985,7,30,0.39240975
1985-07-31,1985,7,31,0
1985-08-01,1985,8,1,0
1985-08-02,1985,8,2,0
1985-08-03,1985,8,3,0
1985-08-04,1985,8,4,0
1985-08-05,1985,8,5,3.130478
1985-08-06,1985,8,6,0.0048412692
1985-08-07,1985,8,7,0.030531805
1985-08-08,1985,8,8,0.034228945
1985-08-09,1985,8,9,0
1985-08-10,1985,8,10,0
1985-08-11,1985,8,11,0
1985-08-12,1985,8,12,0
1985-08-13,1985,8,13,3.1489572
1985-08-14,1985,8,14,3.2044182
1985-08-15,1985,8,15,0.0046551014
1985-08-16,1985,8,16,0
1985-08-17,1985,8,17,0
1985-08-18,1985,8,18,0
1985-08-19,1985,8,19,0
1985-08-20,1985,8,20,0
1985-08-21,1985,8,21,0
1985-08-22,1985,8,22,0
1985-08-23,1985,8,23,0
1985-08-24,1985,8,24,0
1985-08-25,1985,8,25,0
1985-08-26,1985,8,26,0
1985-08-27,1985,8,27,0
1985-08-28,1985,8,28,0.48627558
1985-08-29,1985,8,29,0.00074058431
1985-08-30,1985,8,30,0
1985-08-31,1985,8,31,0
1985-09-01,1985,9,1,0
1985-09-02,1985,9,2,0
1985-09-03,1985,9,3,0
1985-09-04,1985,9,4,0
1985-09-05,1985,9,5,0
1985-09-06,1985,9,6,0
1985-09-07,1985,9,7,0
1985-09-08,1985,9,8,13.57054
1985-09-09,1985,9,9,0.41810007
1985-09-10,1985,9,10,0
1985-09-11,1985,9,11,14.200037
1985-09-12,1985,9,12,20.870421
1985-09-13,1985,9,13,20.214235
1985-09-14,1985,9,14,15.350209
1985-09-15,1985,9,15,4.1886496
1985-09-16,1985,9,16,0
1985-09-17,1985,9,17,0
1985-09-18,1985,9,18,0
1985-09-19,1985,9,19,0
1985-09-20,1985,9,20,0
1985-09-21,1985,9,21,0
1985-09-22,1985,9,22,0
1985-09-23,1985,9,23,0
1985-09-24,1985,9,24,0
1985-09-25,1985,9,25,12.13091
1985-09-26,1985,9,26,0.099247406
1985-09-27,1985,9,27,0
1985-09-28,1985,9,28,0
1985-09-29,1985,9,29,0
1985-09-30,1985,9,30,0
1985-10-01,1985,10,1,0.34037231
1985-10-02,1985,10,2,0
1985-10-03,1985,10,3,0
1985-10-04,1985,10,4,0
1985-10-05,1985,10,5,0
1985-10-06,1985,10,6,0
1985-10-07,1985,10,7,0
1985-10-08,1985,10,8,6.1302401
1985-10-09,1985,10,9,0
1985-10-10,1985,10,10,0
1985-10-11,1985,10,11,0
1985-10-12,1985,10,12,0.053994712
1985-10-13,1985,10,13,4.2421216
1985-10-14,1985,10,14,3.0449226
1985-10-15,1985,10,15,1.1365394
1985-10-16,1985,10,16,14.760761
1985-10-17,1985,10,17,19.040644
1985-10-18,1985,10,18,6.3964889
1985-10-19,1985,10,19,1.7866545
1985-10-20,1985,10,20,11.000277
1985-10-21,1985,10,21,0.72365774
1985-10-22,1985,10,22,0
1985-10-23,1985,10,23,0
1985-10-24,1985,10,24,0.013710754
1985-10-25,1985,10,25,4.9802226
1985-10-26,1985,10,26,19.346222
1985-10-27,1985,10,27,9.7205624
1985-10-28,1985,10,28,2.4625075
1985-10-29,1985,10,29,2.3756093
1985-10-30,1985,10,30,1.4011046
1985-10-31,1985,10,31,0
1985-11-01,1985,11,1,0
1985-11-02,1985,11,2,0
1985-11-03,1985,11,3,0
1985-11-04,1985,11,4,0
1985-11-05,1985,11,5,0
1985-11-06,1985,11,6,0
1985-11-07,1985,11,7,0
1985-11-08,1985,11,8,6.3610357
1985-11-09,1985,11,9,13.277457
1985-11-10,1985,11,10,0.0081519472
1985-11-11,1985,11,11,0
1985-11-12,1985,11,12,0
1985-11-13,1985,11,13,0
1985-11-14,1985,11,14,0.19040778
1985-11-15,1985,11,15,0
1985-11-16,1985,11,16,0
1985-11-17,1985,11,17,0
1985-11-18,1985,11,18,0
1985-11-19,1985,11,19,0
1985-11-20,1985,11,20,0
1985-11-21,1985,11,21,0
1985-11-22,1985,11,22,0
1985-11-23,1985,11,23,0
1985-11-24,1985,11,24,0
1985-11-25,1985,11,25,0
1985-11-26,1985,11,26,0
1985-11-27,1985,11,27,0
1985-11-28,1985,11,28,0
1985-11-29,1985,11,29,0
1985-11-30,1985,11,30,0.0037629841
1985-12-01,1985,12,1,0.00044795358
1985-12-02,1985,12,2,0
1985-12-03,1985,12,3,0
1985-12-04,1985,12,4,0.47144384
1985-12-05,1985,12,5,0
1985-12-06,1985,12,6,0
1985-12-07,1985,12,7,0
1985-12-08,1985,12,8,0
1985-12-09,1985,12,9,0
1985-12-10,1985,12,10,0
1985-12-11,1985,12,11,0.40932848
1985-12-12,1985,12,12,0
1985-12-13,1985,12,13,0
1985-12-14,1985,12,14,0
1985-12-15,1985,12,15,0.0048941751
1985-12-16,1985,12,16,0.0025221769
1985-12-17,1985,12,17,0
1985-12-18,1985,12,18,0
1985-12-19,1985,12,19,0
1985-12-20,1985,12,20,0
1985-12-21,1985,12,21,0.0017681508
1985-12-22,1985,12,22,0.066770634
1985-12-23,1985,12,23,0.27397277
1985-12-24,1985,12,24,0.021866158
1985-12-25,1985,12,25,0.0024983052
1985-12-26,1985,12,26,0.30855991
1985-12-27,1985,12,27,0.019712757
1985-12-28,1985,12,28,0.29929029
1985-12-29,1985,12,29,0.0003140362
1985-12-30,1985,12,30,0.00026169684
1985-12-31,1985,12,31,0
1986-01-01,1986,1,1,0.18153032
1986-01-02,1986,1,2,0.25270006
1986-01-03,1986,1,3,0.00052966921
1986-01-04,1986,1,4,0
1986-01-05,1986,1,5,0
1986-01-06,1986,1,6,0
1986-01-07,1986,1,7,0
1986-01-08,1986,1,8,0
1986-01-09,1986,1,9,0
1986-01-10,1986,1,10,0
1986-01-11,1986,1,11,0
1986-01-12,1986,1,12,0
1986-01-13,1986,1,13,0
1986-01-14,1986,1,14,0
1986-01-15,1986,1,15,0
1986-01-16,1986,1,16,2.1032211
1986-01-17,1986,1,17,0.0073406773
1986-01-18,1986,1,18,0
1986-01-19,1986,1,19,0
1986-01-20,1986,1,20,0
1986-01-21,1986,1,21,0
1986-01-22,1986,1,22,0
1986-01-23,1986,1,23,0
1986-01-24,1986,1,24,0
1986-01-25,1986,1,25,0
1986-01-26,1986,1,26,0
1986-01-27,1986,1,27,0
1986-01-28,1986,1,28,0
1986-01-29,1986,1,29,0
1986-01-30,1986,1,30,0
1986-01-31,1986,1,31,0.001444597
1986-02-01,1986,2,1,0
1986-02-02,1986,2,2,0
1986-02-03,1986,2,3,0
1986-02-04,1986,2,4,0.057844514
1986-02-05,1986,2,5,0.0012787128
1986-02-06,1986,2,6,0
1986-02-07,1986,2,7,2.3004967
1986-02-08,1986,2,8,8.6221488
1986-02-09,1986,2,9,0.99189785
1986-02-10,1986,2,10,0.0808841
1986-02-11,1986,2,11,0
1986-02-12,1986,2,12,0
1986-02-13,1986,2,13,0
1986-02-14,1986,2,14,0.13365397
1986-02-15,1986,2,15,0.86065334
1986-02-16,1986,2,16,0.085975107
1986-02-17,1986,2,17,0
1986-02-18,1986,2,18,0
1986-02-19,1986,2,19,0
1986-02-20,1986,2,20,0
1986-02-21,1986,2,21,0
1986-02-22,1986,2,22,0
1986-02-23,1986,2,23,2.8824947
1986-02-24,1986,2,24,0.011849173
1986-02-25,1986,2,25,0.026330175
1986-02-26,1986,2,26,0.017731419
1986-02-27,1986,2,27,0
1986-02-28,1986,2,28,0
1986-03-01,1986,3,1,0
1986-03-02,1986,3,2,0
1986-03-03,1986,3,3,0
1986-03-04,1986,3,4,0
1986-03-05,1986,3,5,0
1986-03-06,1986,3,6,0
1986-03-07,1986,3,7,0
1986-03-08,1986,3,8,0
1986-03-09,1986,3,9,0
1986-03-10,1986,3,10,1.0794109
1986-03-11,1986,3,11,0
1986-03-12,1986,3,12,0
1986-03-13,1986,3,13,0
1986-03-14,1986,3,14,0
1986-03-15,1986,3,15,0
1986-03-16,1986,3,16,0
1986-03-17,1986,3,17,0
1986-03-18,1986,3,18,0
1986-03-19,1986,3,19,0
1986-03-20,1986,3,20,0
1986-03-21,1986,3,21,0
1986-03-22,1986,3,22,0
1986-03-23,1986,3,23,0
1986-03-24,1986,3,24,0.00077749998
1986-03-25,1986,3,25,0
1986-03-26,1986,3,26,0
1986-03-27,1986,3,27,0
1986-03-28,1986,3,28,0
1986-03-29,1986,3,29,0
1986-03-30,1986,3,30,0
1986-03-31,1986,3,31,0
1986-04-01,1986,4,1,0
1986-04-02,1986,4,2,0.14927408
1986-04-03,1986,4,3,3.6847905
1986-04-04,1986,4,4,0.091734645
1986-04-05,1986,4,5,0
1986-04-06,1986,4,6,0
1986-04-07,1986,4,7,0
1986-04-08,1986,4,8,0
1986-04-09,1986,4,9,0
1986-04-10,1986,4,10,0
1986-04-11,1986,4,11,0
1986-04-12,1986,4,12,0.024230765
1986-04-13,1986,4,13,1.6232655e-05
1986-04-14,1986,4,14,0
1986-04-15,1986,4,15,0
1986-04-16,1986,4,16,0
1986-04-17,1986,4,17,0
1986-04-18,1986,4,18,0
1986-04-19,1986,4,19,11.03119
1986-04-20,1986,4,20,44.911763
1986-04-21,1986,4,21,4.9674366
1986-04-22,1986,4,22,0.020514171
1986-04-23,1986,4,23,7.1089114
1986-04-24,1986,4,24,0.0099071601
1986-04-25,1986,4,25,0
1986-04-26,1986,4,26,0
1986-04-27,1986,4,27,0
1986-04-28,1986,4,28,0
1986-04-29,1986,4,29,0
1986-04-30,1986,4,30,0
1986-05-01,1986,5,1,0
1986-05-02,1986,5,2,0
1986-05-03,1986,5,3,0
1986-05-04,1986,5,4,0
1986-05-05,1986,5,5,0
1986-05-06,1986,5,6,0
1986-05-07,1986,5,7,0
1986-05-08,1986,5,8,11.512549
1986-05-09,1986,5,9,0.039872504
1986-05-10,1986,5,10,0
1986-05-11,1986,5,11,0.044129199
1986-05-12,1986,5,12,16.440254
1986-05-13,1986,5,13,0.45239028
1986-05-14,1986,5,14,5.5024354
1986-05-15,1986,5,15,18.522335
1986-05-16,1986,5,16,0.033983168
1986-05-17,1986,5,17,13.749897
1986-05-18,1986,5,18,22.439241
1986-05-19,1986,5,19,0.094735349
1986-05-20,1986,5,20,5.4282873
1986-05-21,1986,5,21,0
1986-05-22,1986,5,22,0.65722431
1986-05-23,1986,5,23,25.135973
1986-05-24,1986,5,24,0.0040647355
1986-05-25,1986,5,25,0
1986-05-26,1986,5,26,27.411509
1986-05-27,1986,5,27,138.59098
1986-05-28,1986,5,28,29.969495
1986-05-29,1986,5,29,0.39106546
1986-05-30,1986,5,30,0
1986-05-31,1986,5,31,0.0050359815
1986-06-01,1986,6,1,0
1986-06-02,1986,6,2,0
1986-06-03,1986,6,3,10.800576
1986-06-04,1986,6,4,3.6886962
1986-06-05,1986,6,5,0.2086322
1986-06-06,1986,6,6,0
1986-06-07,1986,6,7,0.064072194
1986-06-08,1986,6,8,0.27261924
1986-06-09,1986,6,9,45.81743
1986-06-10,1986,6,10,9.0341635
1986-06-11,1986,6,11,4.8247605
1986-06-12,1986,6,12,39.589112
1986-06-13,1986,6,13,41.519346
1986-06-14,1986,6,14,15.135645
1986-06-15,1986,6,15,95.554466
1986-06-16,1986,6,16,141.68807
1986-06-17,1986,6,17,43.606435
1986-06-18,1986,6,18,13.782098
1986-06-19,1986,6,19,0
1986-06-20,1986,6,20,0.65021327
1986-06-21,1986,6,21,0
1986-06-22,1986,6,22,0
1986-06-23,1986,6,23,0
1986-06-24,1986,6,24,0
1986-06-25,1986,6,25,0
1986-06-26,1986,6,26,0
1986-06-27,1986,6,27,0
1986-06-28,1986,6,28,0
1986-06-29,1986,6,29,0
1986-06-30,1986,6,30,0
1986-07-01,1986,7,1,0
1986-07-02,1986,7,2,0
1986-07-03,1986,7,3,0
1986-07-04,1986,7,4,0
1986-07-05,1986,7,5,0
1986-07-06,1986,7,6,0
1986-07-07,1986,7,7,0
1986-07-08,1986,7,8,0
1986-07-09,1986,7,9,0
1986-07-10,1986,7,10,0.00034683232
1986-07-11,1986,7,11,0.011610673
1986-07-12,1986,7,12,0
1986-07-13,1986,7,13,0
1986-07-14,1986,7,14,0.00093256961
1986-07-15,1986,7,15,0.00090439922
1986-07-16,1986,7,16,0.06703592
1986-07-17,1986,7,17,0
1986-07-18,1986,7,18,0
1986-07-19,1986,7,19,0
1986-07-20,1986,7,20,0
1986-07-21,1986,7,21,0
1986-07-22,1986,7,22,0
1986-07-23,1986,7,23,0
1986-07-24,1986,7,24,0
1986-07-25,1986,7,25,0
1986-07-26,1986,7,26,0
1986-07-27,1986,7,27,0
1986-07-28,1986,7,28,2.0707647
1986-07-29,1986,7,29,10.766241
1986-07-30,1986,7,30,0.014072116
1986-07-31,1986,7,31,0.007585227
1986-08-01,1986,8,1,0
1986-08-02,1986,8,2,1.496219
1986-08-03,1986,8,3,15.293877
1986-08-04,1986,8,4,3.4913318
1986-08-05,1986,8,5,0
1986-08-06,1986,8,6,0
1986-08-07,1986,8,7,0
1986-08-08,1986,8,8,2.7321639
1986-08-09,1986,8,9,3.6535212
1986-08-10,1986,8,10,0
1986-08-11,1986,8,11,0
1986-08-12,1986,8,12,0.53122799
1986-08-13,1986,8,13,3.3616053
1986-08-14,1986,8,14,0.00090656704
1986-08-15,1986,8,15,0
1986-08-16,1986,8,16,0
1986-08-17,1986,8,17,0
1986-08-18,1986,8,18,0
1986-08-19,1986,8,19,0
1986-08-20,1986,8,20,46.001569
1986-08-21,1986,8,21,61.230785
1986-08-22,1986,8,22,12.572034
1986-08-23,1986,8,23,18.857777
1986-08-24,1986,8,24,11.698324
1986-08-25,1986,8,25,0.0028582277
1986-08-26,1986,8,26,0
1986-08-27,1986,8,27,0
1986-08-28,1986,8,28,0
1986-08-29,1986,8,29,0
1986-08-30,1986,8,30,0.19479916
1986-08-31,1986,8,31,0
1986-09-01,1986,9,1,1.1201368
1986-09-02,1986,9,2,0.9257923
1986-09-03,1986,9,3,0
1986-09-04,1986,9,4,0
1986-09-05,1986,9,5,0
1986-09-06,1986,9,6,0
1986-09-07,1986,9,7,0
1986-09-08,1986,9,8,0
1986-09-09,1986,9,9,0
1986-09-10,1986,9,10,0
1986-09-11,1986,9,11,0.0076343926
1986-09-12,1986,9,12,5.1060424
1986-09-13,1986,9,13,2.0921639
1986-09-14,1986,9,14,0.12699962
1986-09-15,1986,9,15,4.0422114
1986-09-16,1986,9,16,1.030682
1986-09-17,1986,9,17,0
1986-09-18,1986,9,18,0
1986-09-19,1986,9,19,0
1986-09-20,1986,9,20,16.166211
1986-09-21,1986,9,21,0.33472807
1986-09-22,1986,9,22,0
1986-09-23,1986,9,23,0.19868751
1986-09-24,1986,9,24,0.06584588
1986-09-25,1986,9,25,0.00045432609
1986-09-26,1986,9,26,0
1986-09-27,1986,9,27,0
1986-09-28,1986,9,28,0
1986-09-29,1986,9,29,0
1986-09-30,1986,9,30,0.47466959
1986-10-01,1986,10,1,0.0017985619
1986-10-02,1986,10,2,3.5233662
1986-10-03,1986,10,3,0.72358132
1986-10-04,1986,10,4,4.6948902
1986-10-05,1986,10,5,6.2809509
1986-10-06,1986,10,6,7.1761506
1986-10-07,1986,10,7,0.00057573304
1986-10-08,1986,10,8,5.3363595e-05
1986-10-09,1986,10,9,0
1986-10-10,1986,10,10,0
1986-10-11,1986,10,11,0
1986-10-12,1986,10,12,0
1986-10-13,1986,10,13,0
1986-10-14,1986,10,14,0
1986-10-15,1986,10,15,1.8171015
1986-10-16,1986,10,16,0
1986-10-17,1986,10,17,0
1986-10-18,1986,10,18,0.00028185732
1986-10-19,1986,10,19,0.0049533015
1986-10-20,1986,10,20,0
1986-10-21,1986,10,21,0
1986-10-22,1986,10,22,0
1986-10-23,1986,10,23,0
1986-10-24,1986,10,24,0
1986-10-25,1986,10,25,0
1986-10-26,1986,10,26,0
1986-10-27,1986,10,27,0
1986-10-28,1986,10,28,0
1986-10-29,1986,10,29,8.3987483
1986-10-30,1986,10,30,7.52189
1986-10-31,1986,10,31,9.7637544
1986-11-01,1986,11,1,1.6268155
1986-11-02,1986,11,2,0.096320914
1986-11-03,1986,11,3,0
1986-11-04,1986,11,4,0
1986-11-05,1986,11,5,0
1986-11-06,1986,11,6,0
1986-11-07,1986,11,7,0.0013951486
1986-11-08,1986,11,8,0
1986-11-09,1986,11,9,0
1986-11-10,1986,11,10,0
1986-11-11,1986,11,11,0
1986-11-12,1986,11,12,0
1986-11-13,1986,11,13,0
1986-11-14,1986,11,14,0
1986-11-15,1986,11,15,0
1986-11-16,1986,11,16,0
1986-11-17,1986,11,17,0
1986-11-18,1986,11,18,0.032711447
1986-11-19,1986,11,19,0
1986-11-20,1986,11,20,0
1986-11-21,1986,11,21,0.018569476
1986-11-22,1986,11,22,0
1986-11-23,1986,11,23,0
1986-11-24,1986,11,24,0
1986-11-25,1986,11,25,0
1986-11-26,1986,11,26,10.409406
1986-11-27,1986,11,27,10.940725
1986-11-28,1986,11,28,2.8407147e-05
1986-11-29,1986,11,29,0
1986-11-30,1986,11,30,0.49588147
1986-12-01,1986,12,1,0.34464096
1986-12-02,1986,12,2,0
1986-12-03,1986,12,3,0
1986-12-04,1986,12,4,0
1986-12-05,1986,12,5,0
1986-12-06,1986,12,6,0.001225857
1986-12-07,1986,12,7,0
1986-12-08,1986,12,8,0
1986-12-09,1986,12,9,0
1986-12-10,1986,12,10,0.00020935747
1986-12-11,1986,12,11,0
1986-12-12,1986,12,12,0
1986-12-13,1986,12,13,0
1986-12-14,1986,12,14,0
1986-12-15,1986,12,15,0
1986-12-16,1986,12,16,0
1986-12-17,1986,12,17,0.0049580989
1986-12-18,1986,12,18,0
1986-12-19,1986,12,19,0
1986-12-20,1986,12,20,0
1986-12-21,1986,12,21,0
1986-12-22,1986,12,22,0
1986-12-23,1986,12,23,2.4843282
1986-12-24,1986,12,24,0.0012857169
1986-12-25,1986,12,25,7.5075419e-06
1986-12-26,1986,12,26,0
1986-12-27,1986,12,27,0
1986-12-28,1986,12,28,0.00072000147
1986-12-29,1986,12,29,0
1986-12-30,1986,12,30,0
1986-12-31,1986,12,31,0
1987-01-01,1987,1,1,0
1987-01-02,1987,1,2,0
1987-01-03,1987,1,3,0
1987-01-04,1987,1,4,0
1987-01-05,1987,1,5,0
1987-01-06,1987,1,6,0.12099967
1987-01-07,1987,1,7,0.001324173
1987-01-08,1987,1,8,0
1987-01-09,1987,1,9,0
1987-01-10,1987,1,10,0
1987-01-11,1987,1,11,0.0012753441
1987-01-12,1987,1,12,0.00074660974
1987-01-13,1987,1,13,0.0023425118
1987-01-14,1987,1,14,4.8370851e-05
1987-01-15,1987,1,15,0
1987-01-16,1987,1,16,0
1987-01-17,1987,1,17,0
1987-01-18,1987,1,18,0
1987-01-19,1987,1,19,0
1987-01-20,1987,1,20,0
1987-01-21,1987,1,21,0
1987-01-22,1987,1,22,0
1987-01-23,1987,1,23,3.5347929e-05
1987-01-24,1987,1,24,0
1987-01-25,1987,1,25,0
1987-01-26,1987,1,26,0
1987-01-27,1987,1,27,1.1063632
1987-01-28,1987,1,28,0.1133264
1987-01-29,1987,1,29,0
1987-01-30,1987,1,30,0
1987-01-31,1987,1,31,0.0056807468
1987-02-01,1987,2,1,0
1987-02-02,1987,2,2,0
1987-02-03,1987,2,3,0
1987-02-04,1987,2,4,0
1987-02-05,1987,2,5,0.020854019
1987-02-06,1987,2,6,0.16118496
1987-02-07,1987,2,7,0.1281509
1987-02-08,1987,2,8,0
1987-02-09,1987,2,9,0
1987-02-10,1987,2,10,0
1987-02-11,1987,2,11,0
1987-02-12,1987,2,12,0
1987-02-13,1987,2,13,0.0039232778
1987-02-14,1987,2,14,0.38917352
1987-02-15,1987,2,15,0.63110509
1987-02-16,1987,2,16,0.097974292
1987-02-17,1987,2,17,0.035444768
1987-02-18,1987,2,18,0.65429955
1987-02-19,1987,2,19,7.2903148
1987-02-20,1987,2,20,4.2130204
1987-02-21,1987,2,21,0.027954124
1987-02-22,1987,2,22,5.3363595e-05
1987-02-23,1987,2,23,0
1987-02-24,1987,2,24,0
1987-02-25,1987,2,25,0
1987-02-26,1987,2,26,0
1987-02-27,1987,2,27,0
1987-02-28,1987,2,28,0
1987-03-01,1987,3,1,0
1987-03-02,1987,3,2,0
1987-03-03,1987,3,3,0
1987-03-04,1987,3,4,0
1987-03-05,1987,3,5,0
1987-03-06,1987,3,6,0
1987-03-07,1987,3,7,0
1987-03-08,1987,3,8,0
1987-03-09,1987,3,9,0
1987-03-10,1987,3,10,0
1987-03-11,1987,3,11,0
1987-03-12,1987,3,12,0
1987-03-13,1987,3,13,0
1987-03-14,1987,3,14,0
1987-03-15,1987,3,15,0
1987-03-16,1987,3,16,0
1987-03-17,1987,3,17,0
1987-03-18,1987,3,18,0
1987-03-19,1987,3,19,0
1987-03-20,1987,3,20,0
1987-03-21,1987,3,21,0.00063444637
1987-03-22,1987,3,22,4.9633594
1987-03-23,1987,3,23,11.117454
1987-03-24,1987,3,24,6.7209582
1987-03-25,1987,3,25,0.0012563843
1987-03-26,1987,3,26,0
1987-03-27,1987,3,27,0.001452791
1987-03-28,1987,3,28,0.054710169
1987-03-29,1987,3,29,0.0035295138
1987-03-30,1987,3,30,0
1987-03-31,1987,3,31,0
1987-04-01,1987,4,1,0
1987-04-02,1987,4,2,0
1987-04-03,1987,4,3,0
1987-04-04,1987,4,4,0
1987-04-05,1987,4,5,0
1987-04-06,1987,4,6,0
1987-04-07,1987,4,7,0
1987-04-08,1987,4,8,0
1987-04-09,1987,4,9,0
1987-04-10,1987,4,10,0
1987-04-11,1987,4,11,0
1987-04-12,1987,4,12,0
1987-04-13,1987,4,13,0
1987-04-14,1987,4,14,5.4208563
1987-04-15,1987,4,15,11.049186
1987-04-16,1987,4,16,0.2590629
1987-04-17,1987,4,17,8.371878e-05
1987-04-18,1987,4,18,0
1987-04-19,1987,4,19,0
1987-04-20,1987,4,20,0
1987-04-21,1987,4,21,0
1987-04-22,1987,4,22,0
1987-04-23,1987,4,23,0
1987-04-24,1987,4,24,0
1987-04-25,1987,4,25,0
1987-04-26,1987,4,26,0.018537997
1987-04-27,1987,4,27,0
1987-04-28,1987,4,28,0
1987-04-29,1987,4,29,4.0581638e-06
1987-04-30,1987,4,30,9.172408
1987-05-01,1987,5,1,0.050769157
1987-05-02,1987,5,2,0
1987-05-03,1987,5,3,0
1987-05-04,1987,5,4,0
1987-05-05,1987,5,5,2.1443516
1987-05-06,1987,5,6,59.244191
1987-05-07,1987,5,7,8.1543974
1987-05-08,1987,5,8,0
1987-05-09,1987,5,9,0
1987-05-10,1987,5,10,0
1987-05-11,1987,5,11,0
1987-05-12,1987,5,12,0
1987-05-13,1987,5,13,0
1987-05-14,1987,5,14,0
1987-05-15,1987,5,15,0
1987-05-16,1987,5,16,2.8304107
1987-05-17,1987,5,17,5.1197744
1987-05-18,1987,5,18,0.00060628072
1987-05-19,1987,5,19,0
1987-05-20,1987,5,20,0
1987-05-21,1987,5,21,0
1987-05-22,1987,5,22,0
1987-05-23,1987,5,23,0
1987-05-24,1987,5,24,4.6488156e-06
1987-05-25,1987,5,25,0.17176173
1987-05-26,1987,5,26,2.5096985
1987-05-27,1987,5,27,0.017395877
1987-05-28,1987,5,28,0.0055449428
1987-05-29,1987,5,29,15.828825
1987-05-30,1987,5,30,0
1987-05-31,1987,5,31,0.02080218
1987-06-01,1987,6,1,0
1987-06-02,1987,6,2,53.67785
1987-06-03,1987,6,3,26.505161
1987-06-04,1987,6,4,0.033637873
1987-06-05,1987,6,5,0
1987-06-06,1987,6,6,0.0082575257
1987-06-07,1987,6,7,0
1987-06-08,1987,6,8,0
1987-06-09,1987,6,9,0
1987-06-10,1987,6,10,0
1987-06-11,1987,6,11,4.2548003
1987-06-12,1987,6,12,0.48721685
1987-06-13,1987,6,13,0.1585455
1987-06-14,1987,6,14,0.41516081
1987-06-15,1987,6,15,0.0020103553
1987-06-16,1987,6,16,0
1987-06-17,1987,6,17,0
1987-06-18,1987,6,18,0
1987-06-19,1987,6,19,0
1987-06-20,1987,6,20,0
1987-06-21,1987,6,21,0
1987-06-22,1987,6,22,0
1987-06-23,1987,6,23,0
1987-06-24,1987,6,24,0
1987-06-25,1987,6,25,0
1987-06-26,1987,6,26,0
1987-06-27,1987,6,27,5.0088337
1987-06-28,1987,6,28,0
1987-06-29,1987,6,29,0
1987-06-30,1987,6,30,0
1987-07-01,1987,7,1,0
1987-07-02,1987,7,2,0.046356498
1987-07-03,1987,7,3,0
1987-07-04,1987,7,4,0
1987-07-05,1987,7,5,0
1987-07-06,1987,7,6,0
1987-07-07,1987,7,7,0
1987-07-08,1987,7,8,1.909485
1987-07-09,1987,7,9,19.815851
1987-07-10,1987,7,10,35.727918
1987-07-11,1987,7,11,103.5423
1987-07-12,1987,7,12,56.788103
1987-07-13,1987,7,13,34.870398
1987-07-14,1987,7,14,97.047867
1987-07-15,1987,7,15,105.19613
1987-07-16,1987,7,16,39.744765
1987-07-17,1987,7,17,2.7739983
1987-07-18,1987,7,18,0.0038147843
1987-07-19,1987,7,19,0
1987-07-20,1987,7,20,0
1987-07-21,1987,7,21,0.23763114
1987-07-22,1987,7,22,0.69598354
1987-07-23,1987,7,23,40.216764
1987-07-24,1987,7,24,48.519524
1987-07-25,1987,7,25,19.190412
1987-07-26,1987,7,26,1.2004238
1987-07-27,1987,7,27,0
1987-07-28,1987,7,28,0
1987-07-29,1987,7,29,0
1987-07-30,1987,7,30,0
1987-07-31,1987,7,31,1.9033213
1987-08-01,1987,8,1,0.0018494313
1987-08-02,1987,8,2,0
1987-08-03,1987,8,3,9.6326934
1987-08-04,1987,8,4,0.49821629
1987-08-05,1987,8,5,0
1987-08-06,1987,8,6,0
1987-08-07,1987,8,7,0
1987-08-08,1987,8,8,17.134101
1987-08-09,1987,8,9,56.870663
1987-08-10,1987,8,10,35.142424
1987-08-11,1987,8,11,97.892163
1987-08-12,1987,8,12,41.971804
1987-08-13,1987,8,13,78.22155
1987-08-14,1987,8,14,50.878297
1987-08-15,1987,8,15,2.6621795
1987-08-16,1987,8,16,0
1987-08-17,1987,8,17,0
1987-08-18,1987,8,18,0
1987-08-19,1987,8,19,0
1987-08-20,1987,8,20,0
1987-08-21,1987,8,21,0
1987-08-22,1987,8,22,0
1987-08-23,1987,8,23,0
1987-08-24,1987,8,24,0
1987-08-25,1987,8,25,0
1987-08-26,1987,8,26,8.8202931
1987-08-27,1987,8,27,6.4572799
1987-08-28,1987,8,28,0.064428821
1987-08-29,1987,8,29,0
1987-08-30,1987,8,30,0
1987-08-31,1987,8,31,2.177383
1987-09-01,1987,9,1,3.4941612
1987-09-02,1987,9,2,0
1987-09-03,1987,9,3,0
1987-09-04,1987,9,4,1.9296487
1987-09-05,1987,9,5,0.0085847931
1987-09-06,1987,9,6,5.726518
1987-09-07,1987,9,7,22.933608
1987-09-08,1987,9,8,23.293121
1987-09-09,1987,9,9,4.7142879
1987-09-10,1987,9,10,0
1987-09-11,1987,9,11,0
1987-09-12,1987,9,12,0
1987-09-13,1987,9,13,0
1987-09-14,1987,9,14,1.0986099
1987-09-15,1987,9,15,0
1987-09-16,1987,9,16,0
1987-09-17,1987,9,17,0
1987-09-18,1987,9,18,0
1987-09-19,1987,9,19,0
1987-09-20,1987,9,20,0.39772061
1987-09-21,1987,9,21,0
1987-09-22,1987,9,22,0
1987-09-23,1987,9,23,0
1987-09-24,1987,9,24,8.4477708e-08
1987-09-25,1987,9,25,2.2666769
1987-09-26,1987,9,26,0.0044477359
1987-09-27,1987,9,27,0.017123471
1987-09-28,1987,9,28,8.3377955
1987-09-29,1987,9,29,4.0304552
1987-09-30,1987,9,30,0.0094064689
1987-10-01,1987,10,1,0
1987-10-02,1987,10,2,0.0080066239
1987-10-03,1987,10,3,0.0012807263
1987-10-04,1987,10,4,0
1987-10-05,1987,10,5,0
1987-10-06,1987,10,6,0.0065601488
1987-10-07,1987,10,7,0
1987-10-08,1987,10,8,0
1987-10-09,1987,10,9,21.539906
1987-10-10,1987,10,10,36.752199
1987-10-11,1987,10,11,2.5587789
1987-10-12,1987,10,12,0
1987-10-13,1987,10,13,0.33627144
1987-10-14,1987,10,14,4.3538041
1987-10-15,1987,10,15,0
1987-10-16,1987,10,16,0
1987-10-17,1987,10,17,0
1987-10-18,1987,10,18,0
1987-10-19,1987,10,19,0
1987-10-20,1987,10,20,0
1987-10-21,1987,10,21,0
1987-10-22,1987,10,22,0
1987-10-23,1987,10,23,0
1987-10-24,1987,10,24,0
1987-10-25,1987,10,25,0
1987-10-26,1987,10,26,0
1987-10-27,1987,10,27,0
1987-10-28,1987,10,28,0
1987-10-29,1987,10,29,0
1987-10-30,1987,10,30,0.5430186
1987-10-31,1987,10,31,4.8545062
1987-11-01,1987,11,1,0
1987-11-02,1987,11,2,0
1987-11-03,1987,11,3,0.80805334
1987-11-04,1987,11,4,5.2930143e-05
1987-11-05,1987,11,5,0
1987-11-06,1987,11,6,0.0041807057
1987-11-07,1987,11,7,0.094481772
1987-11-08,1987,11,8,0
1987-11-09,1987,11,9,0
1987-11-10,1987,11,10,0
1987-11-11,1987,11,11,0
1987-11-12,1987,11,12,0
1987-11-13,1987,11,13,0
1987-11-14,1987,11,14,0
1987-11-15,1987,11,15,0
1987-11-16,1987,11,16,0
1987-11-17,1987,11,17,0
1987-11-18,1987,11,18,0
1987-11-19,1987,11,19,0
1987-11-20,1987,11,20,0
1987-11-21,1987,11,21,0
1987-11-22,1987,11,22,0
1987-11-23,1987,11,23,0
1987-11-24,1987,11,24,0
1987-11-25,1987,11,25,0
1987-11-26,1987,11,26,0
1987-11-27,1987,11,27,0
1987-11-28,1987,11,28,0
1987-11-29,1987,11,29,0
1987-11-30,1987,11,30,0
1987-12-01,1987,12,1,0
1987-12-02,1987,12,2,0.073329194
1987-12-03,1987,12,3,0.00077143015
1987-12-04,1987,12,4,0
1987-12-05,1987,12,5,0.023927987
1987-12-06,1987,12,6,4.3816499
1987-12-07,1987,12,7,0.17488975
1987-12-08,1987,12,8,0
1987-12-09,1987,12,9,0
1987-12-10,1987,12,10,6.3578798
1987-12-11,1987,12,11,0.088141956
1987-12-12,1987,12,12,0
1987-12-13,1987,12,13,3.3252149
1987-12-14,1987,12,14,1.2875426
1987-12-15,1987,12,15,0
1987-12-16,1987,12,16,0.020097504
1987-12-17,1987,12,17,0
1987-12-18,1987,12,18,0
1987-12-19,1987,12,19,0
1987-12-20,1987,12,20,0
1987-12-21,1987,12,21,0
1987-12-22,1987,12,22,0
1987-12-23,1987,12,23,0
1987-12-24,1987,12,24,0
1987-12-25,1987,12,25,0
1987-12-26,1987,12,26,0
1987-12-27,1987,12,27,0
1987-12-28,1987,12,28,0
1987-12-29,1987,12,29,0.0045123707
1987-12-30,1987,12,30,0.0030388224
1987-12-31,1987,12,31,0
1988-01-01,1988,1,1,0
1988-01-02,1988,1,2,0
1988-01-03,1988,1,3,0
1988-01-04,1988,1,4,0
1988-01-05,1988,1,5,0
1988-01-06,1988,1,6,0
1988-01-07,1988,1,7,0
1988-01-08,1988,1,8,0
1988-01-09,1988,1,9,0
1988-01-10,1988,1,10,0
1988-01-11,1988,1,11,0
1988-01-12,1988,1,12,0.39642726
1988-01-13,1988,1,13,0.048161581
1988-01-14,1988,1,14,0.00018387751
1988-01-15,1988,1,15,0.00016089282
1988-01-16,1988,1,16,1.6561851e-05
1988-01-17,1988,1,17,0.017506112
1988-01-18,1988,1,18,0
1988-01-19,1988,1,19,0
1988-01-20,1988,1,20,6.6975024e-05
1988-01-21,1988,1,21,0
1988-01-22,1988,1,22,0
1988-01-23,1988,1,23,0.0010144908
1988-01-24,1988,1,24,0.00058166491
1988-01-25,1988,1,25,0
1988-01-26,1988,1,26,0
1988-01-27,1988,1,27,0
1988-01-28,1988,1,28,0
1988-01-29,1988,1,29,0
1988-01-30,1988,1,30,0.0093746952
1988-01-31,1988,1,31,0.4242449
1988-02-01,1988,2,1,0
1988-02-02,1988,2,2,8.452392e-07
1988-02-03,1988,2,3,0
1988-02-04,1988,2,4,0.035912739
1988-02-05,1988,2,5,0.030518502
1988-02-06,1988,2,6,0.062953204
1988-02-07,1988,2,7,0.58220012
1988-02-08,1988,2,8,0.0080591499
1988-02-09,1988,2,9,0.004391146
1988-02-10,1988,2,10,1.4073661
1988-02-11,1988,2,11,0.10128138
1988-02-12,1988,2,12,0
1988-02-13,1988,2,13,0
1988-02-14,1988,2,14,0.0027793578
1988-02-15,1988,2,15,5.1569748e-05
1988-02-16,1988,2,16,0
1988-02-17,1988,2,17,0
1988-02-18,1988,2,18,0
1988-02-19,1988,2,19,0
1988-02-20,1988,2,20,0
1988-02-21,1988,2,21,0
1988-02-22,1988,2,22,0
1988-02-23,1988,2,23,0.54427552
1988-02-24,1988,2,24,0.10429777
1988-02-25,1988,2,25,0.014802185
1988-02-26,1988,2,26,0.0010593384
1988-02-27,1988,2,27,0
1988-02-28,1988,2,28,0
1988-02-29,1988,2,29,0
1988-03-01,1988,3,1,0
1988-03-02,1988,3,2,0
1988-03-03,1988,3,3,0
1988-03-04,1988,3,4,0
1988-03-05,1988,3,5,0
1988-03-06,1988,3,6,0
1988-03-07,1988,3,7,0
1988-03-08,1988,3,8,0
1988-03-09,1988,3,9,0.31355637
1988-03-10,1988,3,10,5.7107251
1988-03-11,1988,3,11,0.015287465
1988-03-12,1988,3,12,0
1988-03-13,1988,3,13,0
1988-03-14,1988,3,14,0
1988-03-15,1988,3,15,0
1988-03-16,1988,3,16,0
1988-03-17,1988,3,17,0
1988-03-18,1988,3,18,0
1988-03-19,1988,3,19,0
1988-03-20,1988,3,20,0
1988-03-21,1988,3,21,0
1988-03-22,1988,3,22,0
1988-03-23,1988,3,23,0
1988-03-24,1988,3,24,0
1988-03-25,1988,3,25,0
1988-03-26,1988,3,26,0
1988-03-27,1988,3,27,0
1988-03-28,1988,3,28,0
1988-03-29,1988,3,29,0
1988-03-30,1988,3,30,0
1988-03-31,1988,3,31,2.8407147e-05
1988-04-01,1988,4,1,0
1988-04-02,1988,4,2,0
1988-04-03,1988,4,3,0
1988-04-04,1988,4,4,0
1988-04-05,1988,4,5,0
1988-04-06,1988,4,6,0
1988-04-07,1988,4,7,0
1988-04-08,1988,4,8,0
1988-04-09,1988,4,9,0
1988-04-10,1988,4,10,0
1988-04-11,1988,4,11,0
1988-04-12,1988,4,12,0
1988-04-13,1988,4,13,0
1988-04-14,1988,4,14,12.253081
1988-04-15,1988,4,15,0.016181734
1988-04-16,1988,4,16,0
1988-04-17,1988,4,17,0
1988-04-18,1988,4,18,0.041233378
1988-04-19,1988,4,19,0
1988-04-20,1988,4,20,2.318903
1988-04-21,1988,4,21,0
1988-04-22,1988,4,22,0
1988-04-23,1988,4,23,0
1988-04-24,1988,4,24,0
1988-04-25,1988,4,25,0.2018285
1988-04-26,1988,4,26,0.0030709813
1988-04-27,1988,4,27,0
1988-04-28,1988,4,28,0
1988-04-29,1988,4,29,0
1988-04-30,1988,4,30,0
1988-05-01,1988,5,1,0
1988-05-02,1988,5,2,0
1988-05-03,1988,5,3,0.10257123
1988-05-04,1988,5,4,0
1988-05-05,1988,5,5,3.0431842e-05
1988-05-06,1988,5,6,0.0016577427
1988-05-07,1988,5,7,0
1988-05-08,1988,5,8,0
1988-05-09,1988,5,9,0.042034621
1988-05-10,1988,5,10,0
1988-05-11,1988,5,11,3.7209566
1988-05-12,1988,5,12,0.0041162911
1988-05-13,1988,5,13,1.8923006e-05
1988-05-14,1988,5,14,0.60301301
1988-05-15,1988,5,15,15.092716
1988-05-16,1988,5,16,0
1988-05-17,1988,5,17,0
1988-05-18,1988,5,18,0
1988-05-19,1988,5,19,0
1988-05-20,1988,5,20,0
1988-05-21,1988,5,21,0
1988-05-22,1988,5,22,9.1411892e-05
1988-05-23,1988,5,23,0
1988-05-24,1988,5,24,0
1988-05-25,1988,5,25,0
1988-05-26,1988,5,26,0
1988-05-27,1988,5,27,0
1988-05-28,1988,5,28,0
1988-05-29,1988,5,29,0.00023472376
1988-05-30,1988,5,30,0.013257704
1988-05-31,1988,5,31,0
1988-06-01,1988,6,1,0
1988-06-02,1988,6,2,0.13380513
1988-06-03,1988,6,3,0
1988-06-04,1988,6,4,0
1988-06-05,1988,6,5,0
1988-06-06,1988,6,6,0
1988-06-07,1988,6,7,0
1988-06-08,1988,6,8,0.00097702205
1988-06-09,1988,6,9,0
1988-06-10,1988,6,10,0
1988-06-11,1988,6,11,0
1988-06-12,1988,6,12,0
1988-06-13,1988,6,13,0
1988-06-14,1988,6,14,0
1988-06-15,1988,6,15,0
1988-06-16,1988,6,16,1.5258192
1988-06-17,1988,6,17,0.022570585
1988-06-18,1988,6,18,0.0085111313
1988-06-19,1988,6,19,10.2066
1988-06-20,1988,6,20,11.693856
1988-06-21,1988,6,21,0
1988-06-22,1988,6,22,0.0023479982
1988-06-23,1988,6,23,0.0018328021
1988-06-24,1988,6,24,0
1988-06-25,1988,6,25,0
1988-06-26,1988,6,26,0
1988-06-27,1988,6,27,0
1988-06-28,1988,6,28,5.4453343
1988-06-29,1988,6,29,0.91017532
1988-06-30,1988,6,30,0.00018218036
1988-07-01,1988,7,1,12.18882
1988-07-02,1988,7,2,0.78173556
1988-07-03,1988,7,3,0.28221809
1988-07-04,1988,7,4,0.97983282
1988-07-05,1988,7,5,1.296368
1988-07-06,1988,7,6,0.19675554
1988-07-07,1988,7,7,0
1988-07-08,1988,7,8,0
1988-07-09,1988,7,9,0
1988-07-10,1988,7,10,0
1988-07-11,1988,7,11,0
1988-07-12,1988,7,12,0
1988-07-13,1988,7,13,0
1988-07-14,1988,7,14,0
1988-07-15,1988,7,15,0
1988-07-16,1988,7,16,6.1706845
1988-07-17,1988,7,17,1.8949956
1988-07-18,1988,7,18,0.070127471
1988-07-19,1988,7,19,0.026551184
1988-07-20,1988,7,20,0
1988-07-21,1988,7,21,0.0011430625
1988-07-22,1988,7,22,0
1988-07-23,1988,7,23,0
1988-07-24,1988,7,24,0
1988-07-25,1988,7,25,0
1988-07-26,1988,7,26,0.13937597
1988-07-27,1988,7,27,23.885485
1988-07-28,1988,7,28,53.943602
1988-07-29,1988,7,29,18.629534
1988-07-30,1988,7,30,0.67269814
1988-07-31,1988,7,31,0
1988-08-01,1988,8,1,0
1988-08-02,1988,8,2,0
1988-08-03,1988,8,3,0
1988-08-04,1988,8,4,0
1988-08-05,1988,8,5,0
1988-08-06,1988,8,6,0
1988-08-07,1988,8,7,1.1330498
1988-08-08,1988,8,8,0
1988-08-09,1988,8,9,0
1988-08-10,1988,8,10,1.8489579
1988-08-11,1988,8,11,0
1988-08-12,1988,8,12,7.0393697
1988-08-13,1988,8,13,19.947206
1988-08-14,1988,8,14,6.7448117
1988-08-15,1988,8,15,0.0028565395
1988-08-16,1988,8,16,0
1988-08-17,1988,8,17,13.269372
1988-08-18,1988,8,18,70.66065
1988-08-19,1988,8,19,9.9451386
1988-08-20,1988,8,20,0
1988-08-21,1988,8,21,0
1988-08-22,1988,8,22,1.2674871
1988-08-23,1988,8,23,35.419356
1988-08-24,1988,8,24,3.1348903
1988-08-25,1988,8,25,0
1988-08-26,1988,8,26,0
1988-08-27,1988,8,27,0
1988-08-28,1988,8,28,0
1988-08-29,1988,8,29,0.013555982
1988-08-30,1988,8,30,0.59847899
1988-08-31,1988,8,31,0.022188172
1988-09-01,1988,9,1,0
1988-09-02,1988,9,2,0
1988-09-03,1988,9,3,0
1988-09-04,1988,9,4,15.049624
1988-09-05,1988,9,5,0.051917529
1988-09-06,1988,9,6,0
1988-09-07,1988,9,7,0.047523564
1988-09-08,1988,9,8,0.0078441431
1988-09-09,1988,9,9,0
1988-09-10,1988,9,10,0
1988-09-11,1988,9,11,0
1988-09-12,1988,9,12,0
1988-09-13,1988,9,13,0
1988-09-14,1988,9,14,0
1988-09-15,1988,9,15,0
1988-09-16,1988,9,16,0.87263304
1988-09-17,1988,9,17,0
1988-09-18,1988,9,18,0
1988-09-19,1988,9,19,0
1988-09-20,1988,9,20,0.68527656
1988-09-21,1988,9,21,3.1378962
1988-09-22,1988,9,22,1.7983026
1988-09-23,1988,9,23,0
1988-09-24,1988,9,24,0
1988-09-25,1988,9,25,0.61625454
1988-09-26,1988,9,26,0.0051042346
1988-09-27,1988,9,27,0
1988-09-28,1988,9,28,0
1988-09-29,1988,9,29,0
1988-09-30,1988,9,30,0.0088423012
1988-10-01,1988,10,1,0.91293614
1988-10-02,1988,10,2,0
1988-10-03,1988,10,3,0
1988-10-04,1988,10,4,0
1988-10-05,1988,10,5,0
1988-10-06,1988,10,6,0
1988-10-07,1988,10,7,0
1988-10-08,1988,10,8,0
1988-10-09,1988,10,9,0
1988-10-10,1988,10,10,0
1988-10-11,1988,10,11,0
1988-10-12,1988,10,12,0
1988-10-13,1988,10,13,0
1988-10-14,1988,10,14,0
1988-10-15,1988,10,15,0
1988-10-16,1988,10,16,0.16535247
1988-10-17,1988,10,17,2.7174639
1988-10-18,1988,10,18,0
1988-10-19,1988,10,19,0
1988-10-20,1988,10,20,0
1988-10-21,1988,10,21,0
1988-10-22,1988,10,22,0
1988-10-23,1988,10,23,0
1988-10-24,1988,10,24,7.0918733
1988-10-25,1988,10,25,0
1988-10-26,1988,10,26,0
1988-10-27,1988,10,27,0
1988-10-28,1988,10,28,0.098956759
1988-10-29,1988,10,29,1.7694906
1988-10-30,1988,10,30,0.0073766275
1988-10-31,1988,10,31,0
1988-11-01,1988,11,1,0
1988-11-02,1988,11,2,0
1988-11-03,1988,11,3,0
1988-11-04,1988,11,4,0
1988-11-05,1988,11,5,0
1988-11-06,1988,11,6,0
1988-11-07,1988,11,7,0
1988-11-08,1988,11,8,0
1988-11-09,1988,11,9,0
1988-11-10,1988,11,10,0
1988-11-11,1988,11,11,0
1988-11-12,1988,11,12,0
1988-11-13,1988,11,13,0
1988-11-14,1988,11,14,0
1988-11-15,1988,11,15,0
1988-11-16,1988,11,16,0
1988-11-17,1988,11,17,0
1988-11-18,1988,11,18,0
1988-11-19,1988,11,19,16.312779
1988-11-20,1988,11,20,2.2628862
1988-11-21,1988,11,21,0
1988-11-22,1988,11,22,0
1988-11-23,1988,11,23,0
1988-11-24,1988,11,24,0
1988-11-25,1988,11,25,0
1988-11-26,1988,11,26,0
1988-11-27,1988,11,27,0
1988-11-28,1988,11,28,0
1988-11-29,1988,11,29,0.0306489
1988-11-30,1988,11,30,0.14466524
1988-12-01,1988,12,1,0.056472451
1988-12-02,1988,12,2,0.0033583457
1988-12-03,1988,12,3,0.0018381559
1988-12-04,1988,12,4,0.022313075
1988-12-05,1988,12,5,3.4175725
1988-12-06,1988,12,6,1.6533608
1988-12-07,1988,12,7,0.0094926466
1988-12-08,1988,12,8,0
1988-12-09,1988,12,9,0
1988-12-10,1988,12,10,0
1988-12-11,1988,12,11,0.18446898
1988-12-12,1988,12,12,0.65566896
1988-12-13,1988,12,13,0
1988-12-14,1988,12,14,0
1988-12-15,1988,12,15,0
1988-12-16,1988,12,16,0
1988-12-17,1988,12,17,0
1988-12-18,1988,12,18,0
1988-12-19,1988,12,19,0
1988-12-20,1988,12,20,0
1988-12-21,1988,12,21,0
1988-12-22,1988,12,22,0.00098534107
1988-12-23,1988,12,23,0.6731323
1988-12-24,1988,12,24,0.091870209
1988-12-25,1988,12,25,0.036888274
1988-12-26,1988,12,26,0.027862413
1988-12-27,1988,12,27,0.001502087
1988-12-28,1988,12,28,0.004955204
1988-12-29,1988,12,29,0.0029318868
1988-12-30,1988,12,30,0.001103576
1988-12-31,1988,12,31,0
1989-01-01,1989,1,1,0
1989-01-02,1989,1,2,0
1989-01-03,1989,1,3,1.6414899
1989-01-04,1989,1,4,7.6524794
1989-01-05,1989,1,5,2.094547
1989-01-06,1989,1,6,0.030827559
1989-01-07,1989,1,7,0.00058699954
1989-01-08,1989,1,8,0.0053683361
1989-01-09,1989,1,9,0.55068775
1989-01-10,1989,1,10,1.1359615
1989-01-11,1989,1,11,0.34136889
1989-01-12,1989,1,12,0.17814382
1989-01-13,1989,1,13,0.035485282
1989-01-14,1989,1,14,0.018415166
1989-01-15,1989,1,15,0.0017091152
1989-01-16,1989,1,16,0
1989-01-17,1989,1,17,0
1989-01-18,1989,1,18,0.035078485
1989-01-19,1989,1,19,0.0053149846
1989-01-20,1989,1,20,0
1989-01-21,1989,1,21,0
1989-01-22,1989,1,22,0.024636414
1989-01-23,1989,1,23,0.19530852
1989-01-24,1989,1,24,0.0023696596
1989-01-25,1989,1,25,0
1989-01-26,1989,1,26,0
1989-01-27,1989,1,27,0
1989-01-28,1989,1,28,0.65646256
1989-01-29,1989,1,29,0
1989-01-30,1989,1,30,0
1989-01-31,1989,1,31,0
1989-02-01,1989,2,1,0
1989-02-02,1989,2,2,0
1989-02-03,1989,2,3,0.00015580994
1989-02-04,1989,2,4,0
1989-02-05,1989,2,5,0
1989-02-06,1989,2,6,0
1989-02-07,1989,2,7,0
1989-02-08,1989,2,8,0
1989-02-09,1989,2,9,0
1989-02-10,1989,2,10,0.022550951
1989-02-11,1989,2,11,0.0026515195
1989-02-12,1989,2,12,0
1989-02-13,1989,2,13,0
1989-02-14,1989,2,14,0
1989-02-15,1989,2,15,0
1989-02-16,1989,2,16,0
1989-02-17,1989,2,17,0
1989-02-18,1989,2,18,0
1989-02-19,1989,2,19,0
1989-02-20,1989,2,20,0
1989-02-21,1989,2,21,0
1989-02-22,1989,2,22,0
1989-02-23,1989,2,23,0
1989-02-24,1989,2,24,0.014256152
1989-02-25,1989,2,25,0.050491302
1989-02-26,1989,2,26,0
1989-02-27,1989,2,27,0
1989-02-28,1989,2,28,0.00088183739
1989-03-01,1989,3,1,0
1989-03-02,1989,3,2,0
1989-03-03,1989,3,3,0
1989-03-04,1989,3,4,0
1989-03-05,1989,3,5,0
1989-03-06,1989,3,6,0
1989-03-07,1989,3,7,0
1989-03-08,1989,3,8,0
1989-03-09,1989,3,9,5.3363595e-05
1989-03-10,1989,3,10,6.9215713e-06
1989-03-11,1989,3,11,0
1989-03-12,1989,3,12,0
1989-03-13,1989,3,13,0
1989-03-14,1989,3,14,0
1989-03-15,1989,3,15,0.2840909
1989-03-16,1989,3,16,0
1989-03-17,1989,3,17,0
1989-03-18,1989,3,18,0
1989-03-19,1989,3,19,0
1989-03-20,1989,3,20,0
1989-03-21,1989,3,21,0
1989-03-22,1989,3,22,0
1989-03-23,1989,3,23,0
1989-03-24,1989,3,24,0
1989-03-25,1989,3,25,0
1989-03-26,1989,3,26,0
1989-03-27,1989,3,27,0
1989-03-28,1989,3,28,0
1989-03-29,1989,3,29,0
1989-03-30,1989,3,30,0.038017548
1989-03-31,1989,3,31,0
1989-04-01,1989,4,1,0
1989-04-02,1989,4,2,0
1989-04-03,1989,4,3,0
1989-04-04,1989,4,4,0
1989-04-05,1989,4,5,0
1989-04-06,1989,4,6,0
1989-04-07,1989,4,7,0
1989-04-08,1989,4,8,0
1989-04-09,1989,4,9,0
1989-04-10,1989,4,10,0
1989-04-11,1989,4,11,0
1989-04-12,1989,4,12,0
1989-04-13,1989,4,13,0
1989-04-14,1989,4,14,0
1989-04-15,1989,4,15,0
1989-04-16,1989,4,16,0
1989-04-17,1989,4,17,0
1989-04-18,1989,4,18,0
1989-04-19,1989,4,19,0
1989-04-20,1989,4,20,0
1989-04-21,1989,4,21,0
1989-04-22,1989,4,22,0
1989-04-23,1989,4,23,0
1989-04-24,1989,4,24,0
1989-04-25,1989,4,25,0.0014996707
1989-04-26,1989,4,26,0
1989-04-27,1989,4,27,0
1989-04-28,1989,4,28,10.869695
1989-04-29,1989,4,29,17.322475
1989-04-30,1989,4,30,0.089845773
1989-05-01,1989,5,1,0
1989-05-02,1989,5,2,6.4728991
1989-05-03,1989,5,3,21.474903
1989-05-04,1989,5,4,0.80225512
1989-05-05,1989,5,5,0.0040520256
1989-05-06,1989,5,6,0.00035727202
1989-05-07,1989,5,7,0
1989-05-08,1989,5,8,0
1989-05-09,1989,5,9,0
1989-05-10,1989,5,10,0
1989-05-11,1989,5,11,0
1989-05-12,1989,5,12,0
1989-05-13,1989,5,13,2.5914833
1989-05-14,1989,5,14,6.3833363
1989-05-15,1989,5,15,0
1989-05-16,1989,5,16,0
1989-05-17,1989,5,17,0
1989-05-18,1989,5,18,0
1989-05-19,1989,5,19,0
1989-05-20,1989,5,20,0
1989-05-21,1989,5,21,0
1989-05-22,1989,5,22,0
1989-05-23,1989,5,23,0
1989-05-24,1989,5,24,0
1989-05-25,1989,5,25,0
1989-05-26,1989,5,26,0
1989-05-27,1989,5,27,0
1989-05-28,1989,5,28,0
1989-05-29,1989,5,29,0
1989-05-30,1989,5,30,3.8280424
1989-05-31,1989,5,31,1.0551361
1989-06-01,1989,6,1,0
1989-06-02,1989,6,2,0
1989-06-03,1989,6,3,0
1989-06-04,1989,6,4,0
1989-06-05,1989,6,5,0
1989-06-06,1989,6,6,0
1989-06-07,1989,6,7,10.899823
1989-06-08,1989,6,8,0
1989-06-09,1989,6,9,0
1989-06-10,1989,6,10,0
1989-06-11,1989,6,11,0
1989-06-12,1989,6,12,0
1989-06-13,1989,6,13,0
1989-06-14,1989,6,14,0
1989-06-15,1989,6,15,0
1989-06-16,1989,6,16,0
1989-06-17,1989,6,17,0
1989-06-18,1989,6,18,0
1989-06-19,1989,6,19,0
1989-06-20,1989,6,20,0.098640453
1989-06-21,1989,6,21,3.4823578e-05
1989-06-22,1989,6,22,0
1989-06-23,1989,6,23,0
1989-06-24,1989,6,24,0
1989-06-25,1989,6,25,13.835016
1989-06-26,1989,6,26,14.499865
1989-06-27,1989,6,27,0
1989-06-28,1989,6,28,0
1989-06-29,1989,6,29,25.544276
1989-06-30,1989,6,30,1.8968184
1989-07-01,1989,7,1,0.12361197
1989-07-02,1989,7,2,0
1989-07-03,1989,7,3,0
1989-07-04,1989,7,4,0
1989-07-05,1989,7,5,0
1989-07-06,1989,7,6,0
1989-07-07,1989,7,7,0
1989-07-08,1989,7,8,0
1989-07-09,1989,7,9,0
1989-07-10,1989,7,10,0
1989-07-11,1989,7,11,0
1989-07-12,1989,7,12,0
1989-07-13,1989,7,13,0
1989-07-14,1989,7,14,0
1989-07-15,1989,7,15,0
1989-07-16,1989,7,16,0
1989-07-17,1989,7,17,0
1989-07-18,1989,7,18,0
1989-07-19,1989,7,19,12.475065
1989-07-20,1989,7,20,0
1989-07-21,1989,7,21,0
1989-07-22,1989,7,22,11.633988
1989-07-23,1989,7,23,5.9307814
1989-07-24,1989,7,24,0
1989-07-25,1989,7,25,48.208552
1989-07-26,1989,7,26,53.476678
1989-07-27,1989,7,27,4.5741737
1989-07-28,1989,7,28,23.22891
1989-07-29,1989,7,29,1.4751753
1989-07-30,1989,7,30,0
1989-07-31,1989,7,31,0
1989-08-01,1989,8,1,0
1989-08-02,1989,8,2,9.6379716
1989-08-03,1989,8,3,2.7028308
1989-08-04,1989,8,4,0
1989-08-05,1989,8,5,0
1989-08-06,1989,8,6,0.040989636
1989-08-07,1989,8,7,0
1989-08-08,1989,8,8,0
1989-08-09,1989,8,9,0
1989-08-10,1989,8,10,0
1989-08-11,1989,8,11,0
1989-08-12,1989,8,12,0
1989-08-13,1989,8,13,0
1989-08-14,1989,8,14,0
1989-08-15,1989,8,15,1.7164374
1989-08-16,1989,8,16,0.066984187
1989-08-17,1989,8,17,9.7741636
1989-08-18,1989,8,18,55.218474
1989-08-19,1989,8,19,31.218969
1989-08-20,1989,8,20,5.8444991
1989-08-21,1989,8,21,1.2367351
1989-08-22,1989,8,22,64.962749
1989-08-23,1989,8,23,86.719167
1989-08-24,1989,8,24,7.1569004
1989-08-25,1989,8,25,14.851209
1989-08-26,1989,8,26,0.39703847
1989-08-27,1989,8,27,0
1989-08-28,1989,8,28,0
1989-08-29,1989,8,29,10.401201
1989-08-30,1989,8,30,2.4863143
1989-08-31,1989,8,31,0
1989-09-01,1989,9,1,0
1989-09-02,1989,9,2,0
1989-09-03,1989,9,3,15.815425
1989-09-04,1989,9,4,64.013126
1989-09-05,1989,9,5,13.7814
1989-09-06,1989,9,6,0
1989-09-07,1989,9,7,0
1989-09-08,1989,9,8,0
1989-09-09,1989,9,9,0
1989-09-10,1989,9,10,0.017014719
1989-09-11,1989,9,11,0
1989-09-12,1989,9,12,0
1989-09-13,1989,9,13,0
1989-09-14,1989,9,14,0
1989-09-15,1989,9,15,0
1989-09-16,1989,9,16,0
1989-09-17,1989,9,17,0
1989-09-18,1989,9,18,0
1989-09-19,1989,9,19,0
1989-09-20,1989,9,20,0.0001646388
1989-09-21,1989,9,21,1.3207218
1989-09-22,1989,9,22,0
1989-09-23,1989,9,23,0
1989-09-24,1989,9,24,0
1989-09-25,1989,9,25,0
1989-09-26,1989,9,26,0
1989-09-27,1989,9,27,0
1989-09-28,1989,9,28,0
1989-09-29,1989,9,29,0
1989-09-30,1989,9,30,0
1989-10-01,1989,10,1,1.2213978
1989-10-02,1989,10,2,0
1989-10-03,1989,10,3,0
1989-10-04,1989,10,4,0
1989-10-05,1989,10,5,0
1989-10-06,1989,10,6,0.0019043597
1989-10-07,1989,10,7,0
1989-10-08,1989,10,8,0
1989-10-09,1989,10,9,0
1989-10-10,1989,10,10,0
1989-10-11,1989,10,11,0
1989-10-12,1989,10,12,0
1989-10-13,1989,10,13,0
1989-10-14,1989,10,14,0
1989-10-15,1989,10,15,0
1989-10-16,1989,10,16,0
1989-10-17,1989,10,17,0
1989-10-18,1989,10,18,0
1989-10-19,1989,10,19,0.14395464
1989-10-20,1989,10,20,0
1989-10-21,1989,10,21,0
1989-10-22,1989,10,22,0
1989-10-23,1989,10,23,0.00068802933
1989-10-24,1989,10,24,5.2681786
1989-10-25,1989,10,25,5.9458672
1989-10-26,1989,10,26,0
1989-10-27,1989,10,27,0
1989-10-28,1989,10,28,0.92656424
1989-10-29,1989,10,29,0.0065821023
1989-10-30,1989,10,30,0.00047090238
1989-10-31,1989,10,31,0
1989-11-01,1989,11,1,3.0224608
1989-11-02,1989,11,2,0
1989-11-03,1989,11,3,0
1989-11-04,1989,11,4,0
1989-11-05,1989,11,5,0.019587148
1989-11-06,1989,11,6,0
1989-11-07,1989,11,7,0.030207098
1989-11-08,1989,11,8,0
1989-11-09,1989,11,9,0
1989-11-10,1989,11,10,0.5220168
1989-11-11,1989,11,11,0
1989-11-12,1989,11,12,0
1989-11-13,1989,11,13,0
1989-11-14,1989,11,14,0
1989-11-15,1989,11,15,0
1989-11-16,1989,11,16,0
1989-11-17,1989,11,17,0
1989-11-18,1989,11,18,0
1989-11-19,1989,11,19,0
1989-11-20,1989,11,20,0
1989-11-21,1989,11,21,0
1989-11-22,1989,11,22,0
1989-11-23,1989,11,23,0
1989-11-24,1989,11,24,0
1989-11-25,1989,11,25,0
1989-11-26,1989,11,26,0
1989-11-27,1989,11,27,5.184551e-05
1989-11-28,1989,11,28,0
1989-11-29,1989,11,29,0
1989-11-30,1989,11,30,0
1989-12-01,1989,12,1,0
1989-12-02,1989,12,2,1.7148904
1989-12-03,1989,12,3,2.5343312e-07
1989-12-04,1989,12,4,3.5612122
1989-12-05,1989,12,5,0.011338488
1989-12-06,1989,12,6,0
1989-12-07,1989,12,7,0
1989-12-08,1989,12,8,0
1989-12-09,1989,12,9,0
1989-12-10,1989,12,10,0
1989-12-11,1989,12,11,0
1989-12-12,1989,12,12,0
1989-12-13,1989,12,13,0
1989-12-14,1989,12,14,0
1989-12-15,1989,12,15,1.0238172
1989-12-16,1989,12,16,4.6944022
1989-12-17,1989,12,17,0.0095289201
1989-12-18,1989,12,18,0
1989-12-19,1989,12,19,3.2300666e-05
1989-12-20,1989,12,20,0.0082243019
1989-12-21,1989,12,21,0.022510885
1989-12-22,1989,12,22,0.0068341498
1989-12-23,1989,12,23,0.0079733917
1989-12-24,1989,12,24,0.0097254318
1989-12-25,1989,12,25,0.002246193
1989-12-26,1989,12,26,0.063427374
1989-12-27,1989,12,27,0.024537332
1989-12-28,1989,12,28,0.005076839
1989-12-29,1989,12,29,0.083057791
1989-12-30,1989,12,30,0.0051672824
1989-12-31,1989,12,31,0.0010991267
1990-01-01,1990,1,1,0
1990-01-02,1990,1,2,0
1990-01-03,1990,1,3,0
1990-01-04,1990,1,4,0
1990-01-05,1990,1,5,0
1990-01-06,1990,1,6,0
1990-01-07,1990,1,7,0
1990-01-08,1990,1,8,6.1295077e-05
1990-01-09,1990,1,9,0.00022166246
1990-01-10,1990,1,10,0
1990-01-11,1990,1,11,3.1562224
1990-01-12,1990,1,12,3.0380642
1990-01-13,1990,1,13,0.28126496
1990-01-14,1990,1,14,0.004892433
1990-01-15,1990,1,15,0
1990-01-16,1990,1,16,5.9428993
1990-01-17,1990,1,17,0.41988928
1990-01-18,1990,1,18,0
1990-01-19,1990,1,19,0
1990-01-20,1990,1,20,0
1990-01-21,1990,1,21,0
1990-01-22,1990,1,22,0
1990-01-23,1990,1,23,0
1990-01-24,1990,1,24,0
1990-01-25,1990,1,25,0
1990-01-26,1990,1,26,0
1990-01-27,1990,1,27,0
1990-01-28,1990,1,28,0
1990-01-29,1990,1,29,0
1990-01-30,1990,1,30,0
1990-01-31,1990,1,31,0
1990-02-01,1990,2,1,0
1990-02-02,1990,2,2,0
1990-02-03,1990,2,3,0
1990-02-04,1990,2,4,0
1990-02-05,1990,2,5,0.00072221179
1990-02-06,1990,2,6,3.1006772
1990-02-07,1990,2,7,0.55974839
1990-02-08,1990,2,8,0.00061489029
1990-02-09,1990,2,9,0
1990-02-10,1990,2,10,0.052638005
1990-02-11,1990,2,11,0.032618644
1990-02-12,1990,2,12,0.087885645
1990-02-13,1990,2,13,0.09978763
1990-02-14,1990,2,14,0.027086355
1990-02-15,1990,2,15,2.4348983e-05
1990-02-16,1990,2,16,0.02964359
1990-02-17,1990,2,17,0.026421476
1990-02-18,1990,2,18,0.014004528
1990-02-19,1990,2,19,0
1990-02-20,1990,2,20,0
1990-02-21,1990,2,21,0
1990-02-22,1990,2,22,0.1025776
1990-02-23,1990,2,23,0.58861539
1990-02-24,1990,2,24,0.028272143
1990-02-25,1990,2,25,0
1990-02-26,1990,2,26,0
1990-02-27,1990,2,27,0.066843481
1990-02-28,1990,2,28,1.0986648
1990-03-01,1990,3,1,0
1990-03-02,1990,3,2,0
1990-03-03,1990,3,3,0
1990-03-04,1990,3,4,0.0014456234
1990-03-05,1990,3,5,0
1990-03-06,1990,3,6,0
1990-03-07,1990,3,7,0
1990-03-08,1990,3,8,0
1990-03-09,1990,3,9,0
1990-03-10,1990,3,10,0
1990-03-11,1990,3,11,0
1990-03-12,1990,3,12,0
1990-03-13,1990,3,13,0
1990-03-14,1990,3,14,0
1990-03-15,1990,3,15,0
1990-03-16,1990,3,16,0
1990-03-17,1990,3,17,0
1990-03-18,1990,3,18,0
1990-03-19,1990,3,19,0
1990-03-20,1990,3,20,0
1990-03-21,1990,3,21,0
1990-03-22,1990,3,22,0.6717224
1990-03-23,1990,3,23,0
1990-03-24,1990,3,24,0
1990-03-25,1990,3,25,0
1990-03-26,1990,3,26,0
1990-03-27,1990,3,27,0
1990-03-28,1990,3,28,17.991976
1990-03-29,1990,3,29,36.22235
1990-03-30,1990,3,30,0.44081876
1990-03-31,1990,3,31,0
1990-04-01,1990,4,1,0
1990-04-02,1990,4,2,0
1990-04-03,1990,4,3,0
1990-04-04,1990,4,4,0.16601554
1990-04-05,1990,4,5,1.3418624
1990-04-06,1990,4,6,0.016452148
1990-04-07,1990,4,7,0
1990-04-08,1990,4,8,0
1990-04-09,1990,4,9,0
1990-04-10,1990,4,10,0
1990-04-11,1990,4,11,0
1990-04-12,1990,4,12,0
1990-04-13,1990,4,13,0
1990-04-14,1990,4,14,0
1990-04-15,1990,4,15,4.1894458
1990-04-16,1990,4,16,5.3629513
1990-04-17,1990,4,17,0
1990-04-18,1990,4,18,0
1990-04-19,1990,4,19,0.0025057471
1990-04-20,1990,4,20,0.0080182711
1990-04-21,1990,4,21,0
1990-04-22,1990,4,22,0
1990-04-23,1990,4,23,6.0583851
1990-04-24,1990,4,24,6.7110786
1990-04-25,1990,4,25,2.6435004
1990-04-26,1990,4,26,0
1990-04-27,1990,4,27,0
1990-04-28,1990,4,28,0.00031945004
1990-04-29,1990,4,29,0
1990-04-30,1990,4,30,0
1990-05-01,1990,5,1,0
1990-05-02,1990,5,2,5.5980527
1990-05-03,1990,5,3,0.00068570968
1990-05-04,1990,5,4,0
1990-05-05,1990,5,5,0
1990-05-06,1990,5,6,0
1990-05-07,1990,5,7,0
1990-05-08,1990,5,8,6.7824698
1990-05-09,1990,5,9,31.614953
1990-05-10,1990,5,10,0.11739121
1990-05-11,1990,5,11,0
1990-05-12,1990,5,12,0.065685422
1990-05-13,1990,5,13,0.0051187592
1990-05-14,1990,5,14,0.002241271
1990-05-15,1990,5,15,0
1990-05-16,1990,5,16,0.01612591
1990-05-17,1990,5,17,0
1990-05-18,1990,5,18,0
1990-05-19,1990,5,19,0
1990-05-20,1990,5,20,2.0475114e-06
1990-05-21,1990,5,21,0
1990-05-22,1990,5,22,0
1990-05-23,1990,5,23,0
1990-05-24,1990,5,24,0
1990-05-25,1990,5,25,0
1990-05-26,1990,5,26,0.011116806
1990-05-27,1990,5,27,0
1990-05-28,1990,5,28,0
1990-05-29,1990,5,29,3.6446901
1990-05-30,1990,5,30,0.013527332
1990-05-31,1990,5,31,0
1990-06-01,1990,6,1,0
1990-06-02,1990,6,2,5.5159597
1990-06-03,1990,6,3,22.43882
1990-06-04,1990,6,4,1.0977004
1990-06-05,1990,6,5,1.8768855e-06
1990-06-06,1990,6,6,0
1990-06-07,1990,6,7,0
1990-06-08,1990,6,8,0
1990-06-09,1990,6,9,0
1990-06-10,1990,6,10,5.4620159e-05
1990-06-11,1990,6,11,0
1990-06-12,1990,6,12,4.0950229e-06
1990-06-13,1990,6,13,0
1990-06-14,1990,6,14,0
1990-06-15,1990,6,15,0
1990-06-16,1990,6,16,0
1990-06-17,1990,6,17,0
1990-06-18,1990,6,18,0.0012266566
1990-06-19,1990,6,19,0
1990-06-20,1990,6,20,0
1990-06-21,1990,6,21,1.1080325
1990-06-22,1990,6,22,20.69599
1990-06-23,1990,6,23,0.080243763
1990-06-24,1990,6,24,0
1990-06-25,1990,6,25,0
1990-06-26,1990,6,26,0
1990-06-27,1990,6,27,0
1990-06-28,1990,6,28,0
1990-06-29,1990,6,29,0
1990-06-30,1990,6,30,0
1990-07-01,1990,7,1,0
1990-07-02,1990,7,2,0
1990-07-03,1990,7,3,0
1990-07-04,1990,7,4,0
1990-07-05,1990,7,5,0
1990-07-06,1990,7,6,0.090874911
1990-07-07,1990,7,7,8.8898013
1990-07-08,1990,7,8,0.079894496
1990-07-09,1990,7,9,0
1990-07-10,1990,7,10,0
1990-07-11,1990,7,11,0
1990-07-12,1990,7,12,0
1990-07-13,1990,7,13,0.081584469
1990-07-14,1990,7,14,5.0362883
1990-07-15,1990,7,15,0.83937269
1990-07-16,1990,7,16,22.887686
1990-07-17,1990,7,17,2.6673083
1990-07-18,1990,7,18,0.016696635
1990-07-19,1990,7,19,0
1990-07-20,1990,7,20,0.014328378
1990-07-21,1990,7,21,0
1990-07-22,1990,7,22,0
1990-07-23,1990,7,23,0.19718108
1990-07-24,1990,7,24,7.0874076
1990-07-25,1990,7,25,0.51594983
1990-07-26,1990,7,26,0.15280581
1990-07-27,1990,7,27,0
1990-07-28,1990,7,28,0
1990-07-29,1990,7,29,0
1990-07-30,1990,7,30,0
1990-07-31,1990,7,31,0
1990-08-01,1990,8,1,0
1990-08-02,1990,8,2,0
1990-08-03,1990,8,3,0
1990-08-04,1990,8,4,0
1990-08-05,1990,8,5,0
1990-08-06,1990,8,6,15.558412
1990-08-07,1990,8,7,0.030419623
1990-08-08,1990,8,8,0
1990-08-09,1990,8,9,0
1990-08-10,1990,8,10,0
1990-08-11,1990,8,11,0
1990-08-12,1990,8,12,1.2799491
1990-08-13,1990,8,13,12.525943
1990-08-14,1990,8,14,0.082192367
1990-08-15,1990,8,15,0
1990-08-16,1990,8,16,0
1990-08-17,1990,8,17,0
1990-08-18,1990,8,18,0
1990-08-19,1990,8,19,0
1990-08-20,1990,8,20,0
1990-08-21,1990,8,21,0
1990-08-22,1990,8,22,0
1990-08-23,1990,8,23,0
1990-08-24,1990,8,24,0
1990-08-25,1990,8,25,0
1990-08-26,1990,8,26,5.8358224
1990-08-27,1990,8,27,0.011743551
1990-08-28,1990,8,28,0
1990-08-29,1990,8,29,0.58959165
1990-08-30,1990,8,30,69.37392
1990-08-31,1990,8,31,7.6762521
1990-09-01,1990,9,1,2.3197415
1990-09-02,1990,9,2,17.220669
1990-09-03,1990,9,3,0.90043421
1990-09-04,1990,9,4,5.0836902
1990-09-05,1990,9,5,0.30456561
1990-09-06,1990,9,6,0
1990-09-07,1990,9,7,0
1990-09-08,1990,9,8,0
1990-09-09,1990,9,9,0
1990-09-10,1990,9,10,14.850909
1990-09-11,1990,9,11,6.0107495
1990-09-12,1990,9,12,0.016060913
1990-09-13,1990,9,13,0
1990-09-14,1990,9,14,0
1990-09-15,1990,9,15,0
1990-09-16,1990,9,16,0.41083727
1990-09-17,1990,9,17,0
1990-09-18,1990,9,18,35.376363
1990-09-19,1990,9,19,33.096844
1990-09-20,1990,9,20,6.250278
1990-09-21,1990,9,21,0.10396221
1990-09-22,1990,9,22,0
1990-09-23,1990,9,23,0
1990-09-24,1990,9,24,0
1990-09-25,1990,9,25,0
1990-09-26,1990,9,26,0
1990-09-27,1990,9,27,0
1990-09-28,1990,9,28,0
1990-09-29,1990,9,29,0
1990-09-30,1990,9,30,0
1990-10-01,1990,10,1,0
1990-10-02,1990,10,2,0
1990-10-03,1990,10,3,0.04009919
1990-10-04,1990,10,4,3.1205451
1990-10-05,1990,10,5,0.055223729
1990-10-06,1990,10,6,0.19622397
1990-10-07,1990,10,7,0
1990-10-08,1990,10,8,0
1990-10-09,1990,10,9,0.0026377123
1990-10-10,1990,10,10,21.27974
1990-10-11,1990,10,11,1.1118894
1990-10-12,1990,10,12,0
1990-10-13,1990,10,13,0
1990-10-14,1990,10,14,0
1990-10-15,1990,10,15,0
1990-10-16,1990,10,16,1.2408779
1990-10-17,1990,10,17,0.0016971463
1990-10-18,1990,10,18,0
1990-10-19,1990,10,19,0
1990-10-20,1990,10,20,0
1990-10-21,1990,10,21,0
1990-10-22,1990,10,22,0.20512482
1990-10-23,1990,10,23,0.12382533
1990-10-24,1990,10,24,0
1990-10-25,1990,10,25,0
1990-10-26,1990,10,26,0
1990-10-27,1990,10,27,0
1990-10-28,1990,10,28,0
1990-10-29,1990,10,29,0
1990-10-30,1990,10,30,0.0034019065
1990-10-31,1990,10,31,0
1990-11-01,1990,11,1,0
1990-11-02,1990,11,2,2.7553654
1990-11-03,1990,11,3,5.7744099
1990-11-04,1990,11,4,0
1990-11-05,1990,11,5,0
1990-11-06,1990,11,6,0
1990-11-07,1990,11,7,0
1990-11-08,1990,11,8,0
1990-11-09,1990,11,9,0
1990-11-10,1990,11,10,0
1990-11-11,1990,11,11,0
1990-11-12,1990,11,12,3.1646154
1990-11-13,1990,11,13,2.0292599
1990-11-14,1990,11,14,0
1990-11-15,1990,11,15,0
1990-11-16,1990,11,16,0
1990-11-17,1990,11,17,0
1990-11-18,1990,11,18,0
1990-11-19,1990,11,19,0
1990-11-20,1990,11,20,0
1990-11-21,1990,11,21,0
1990-11-22,1990,11,22,0
1990-11-23,1990,11,23,0
1990-11-24,1990,11,24,0
1990-11-25,1990,11,25,0
1990-11-26,1990,11,26,0
1990-11-27,1990,11,27,0
1990-11-28,1990,11,28,0
1990-11-29,1990,11,29,0.92645223
1990-11-30,1990,11,30,0
1990-12-01,1990,12,1,0.031844066
1990-12-02,1990,12,2,0.0029943145
1990-12-03,1990,12,3,0
1990-12-04,1990,12,4,0
1990-12-05,1990,12,5,8.4135793
1990-12-06,1990,12,6,3.2376842
1990-12-07,1990,12,7,0
1990-12-08,1990,12,8,0
1990-12-09,1990,12,9,0.0027593614
1990-12-10,1990,12,10,2.3115271
1990-12-11,1990,12,11,15.329811
1990-12-12,1990,12,12,4.5353464
1990-12-13,1990,12,13,0
1990-12-14,1990,12,14,0
1990-12-15,1990,12,15,0
1990-12-16,1990,12,16,0.022679627
1990-12-17,1990,12,17,0
1990-12-18,1990,12,18,0
1990-12-19,1990,12,19,0
1990-12-20,1990,12,20,0
1990-12-21,1990,12,21,0.66609665
1990-12-22,1990,12,22,0
1990-12-23,1990,12,23,0.0015300722
1990-12-24,1990,12,24,0.00035057237
1990-12-25,1990,12,25,0
1990-12-26,1990,12,26,0
1990-12-27,1990,12,27,0
1990-12-28,1990,12,28,0
1990-12-29,1990,12,29,0
1990-12-30,1990,12,30,0
1990-12-31,1990,12,31,1.2291128
1991-01-01,1991,1,1,0.1896559
1991-01-02,1991,1,2,0
1991-01-03,1991,1,3,0
1991-01-04,1991,1,4,0
1991-01-05,1991,1,5,0
1991-01-06,1991,1,6,0
1991-01-07,1991,1,7,0
1991-01-08,1991,1,8,0
1991-01-09,1991,1,9,0
1991-01-10,1991,1,10,0
1991-01-11,1991,1,11,0
1991-01-12,1991,1,12,4.4743455e-05
1991-01-13,1991,1,13,0.0047319236
1991-01-14,1991,1,14,0.026330352
1991-01-15,1991,1,15,0.85888796
1991-01-16,1991,1,16,0.0038260768
1991-01-17,1991,1,17,0
1991-01-18,1991,1,18,0.00090403962
1991-01-19,1991,1,19,0
1991-01-20,1991,1,20,3.4191636
1991-01-21,1991,1,21,0.0589894
1991-01-22,1991,1,22,0
1991-01-23,1991,1,23,0
1991-01-24,1991,1,24,0
1991-01-25,1991,1,25,0
1991-01-26,1991,1,26,0
1991-01-27,1991,1,27,0
1991-01-28,1991,1,28,4.5160867
1991-01-29,1991,1,29,0.43631435
1991-01-30,1991,1,30,0
1991-01-31,1991,1,31,0.22646165
1991-02-01,1991,2,1,0.043141164
1991-02-02,1991,2,2,0.022691829
1991-02-03,1991,2,3,0
1991-02-04,1991,2,4,0
1991-02-05,1991,2,5,0
1991-02-06,1991,2,6,0.00017252249
1991-02-07,1991,2,7,0.2632354
1991-02-08,1991,2,8,0.0017071816
1991-02-09,1991,2,9,0
1991-02-10,1991,2,10,0
1991-02-11,1991,2,11,0
1991-02-12,1991,2,12,0.02110173
1991-02-13,1991,2,13,1.4172993
1991-02-14,1991,2,14,0.089239634
1991-02-15,1991,2,15,9.7395932e-05
1991-02-16,1991,2,16,1.6232655e-05
1991-02-17,1991,2,17,0
1991-02-18,1991,2,18,0.004289777
1991-02-19,1991,2,19,0.017142828
1991-02-20,1991,2,20,0
1991-02-21,1991,2,21,0
1991-02-22,1991,2,22,0
1991-02-23,1991,2,23,0
1991-02-24,1991,2,24,0
1991-02-25,1991,2,25,0
1991-02-26,1991,2,26,0
1991-02-27,1991,2,27,0
1991-02-28,1991,2,28,1.2002193
1991-03-01,1991,3,1,0.29859749
1991-03-02,1991,3,2,0
1991-03-03,1991,3,3,0
1991-03-04,1991,3,4,0
1991-03-05,1991,3,5,0
1991-03-06,1991,3,6,0
1991-03-07,1991,3,7,0
1991-03-08,1991,3,8,0
1991-03-09,1991,3,9,0
1991-03-10,1991,3,10,0
1991-03-11,1991,3,11,0
1991-03-12,1991,3,12,0
1991-03-13,1991,3,13,0
1991-03-14,1991,3,14,0
1991-03-15,1991,3,15,0
1991-03-16,1991,3,16,0
1991-03-17,1991,3,17,0
1991-03-18,1991,3,18,0
1991-03-19,1991,3,19,0
1991-03-20,1991,3,20,0
1991-03-21,1991,3,21,0
1991-03-22,1991,3,22,0
1991-03-23,1991,3,23,0
1991-03-24,1991,3,24,0
1991-03-25,1991,3,25,0
1991-03-26,1991,3,26,0
1991-03-27,1991,3,27,0
1991-03-28,1991,3,28,0
1991-03-29,1991,3,29,0
1991-03-30,1991,3,30,0.031856209
1991-03-31,1991,3,31,0
1991-04-01,1991,4,1,0
1991-04-02,1991,4,2,0
1991-04-03,1991,4,3,0
1991-04-04,1991,4,4,0
1991-04-05,1991,4,5,2.1393436
1991-04-06,1991,4,6,0
1991-04-07,1991,4,7,0
1991-04-08,1991,4,8,0
1991-04-09,1991,4,9,0.095040588
1991-04-10,1991,4,10,0
1991-04-11,1991,4,11,6.3482442
1991-04-12,1991,4,12,28.473309
1991-04-13,1991,4,13,26.822851
1991-04-14,1991,4,14,19.649143
1991-04-15,1991,4,15,1.8550241
1991-04-16,1991,4,16,12.191222
1991-04-17,1991,4,17,0
1991-04-18,1991,4,18,0
1991-04-19,1991,4,19,0
1991-04-20,1991,4,20,0
1991-04-21,1991,4,21,0
1991-04-22,1991,4,22,0
1991-04-23,1991,4,23,0
1991-04-24,1991,4,24,0
1991-04-25,1991,4,25,0
1991-04-26,1991,4,26,0
1991-04-27,1991,4,27,0
1991-04-28,1991,4,28,0
1991-04-29,1991,4,29,0.013303388
1991-04-30,1991,4,30,0.24135992
1991-05-01,1991,5,1,0
1991-05-02,1991,5,2,5.4922029
1991-05-03,1991,5,3,0.33229346
1991-05-04,1991,5,4,0.00010882368
1991-05-05,1991,5,5,0
1991-05-06,1991,5,6,0.0009775269
1991-05-07,1991,5,7,0
1991-05-08,1991,5,8,0
1991-05-09,1991,5,9,0.0051578698
1991-05-10,1991,5,10,0
1991-05-11,1991,5,11,3.702737
1991-05-12,1991,5,12,0
1991-05-13,1991,5,13,0
1991-05-14,1991,5,14,0
1991-05-15,1991,5,15,7.4757148
1991-05-16,1991,5,16,1.6731402
1991-05-17,1991,5,17,0.61152309
1991-05-18,1991,5,18,8.915765
1991-05-19,1991,5,19,10.057587
1991-05-20,1991,5,20,0
1991-05-21,1991,5,21,0
1991-05-22,1991,5,22,0
1991-05-23,1991,5,23,0
1991-05-24,1991,5,24,4.16023
1991-05-25,1991,5,25,18.448708
1991-05-26,1991,5,26,87.428976
1991-05-27,1991,5,27,66.325022
1991-05-28,1991,5,28,85.510494
1991-05-29,1991,5,29,11.927617
1991-05-30,1991,5,30,0.0012261814
1991-05-31,1991,5,31,0.24440514
1991-06-01,1991,6,1,1.0191718
1991-06-02,1991,6,2,8.6478273
1991-06-03,1991,6,3,19.350051
1991-06-04,1991,6,4,0.85421888
1991-06-05,1991,6,5,0.012502442
1991-06-06,1991,6,6,0.00026933284
1991-06-07,1991,6,7,0
1991-06-08,1991,6,8,0
1991-06-09,1991,6,9,0
1991-06-10,1991,6,10,0
1991-06-11,1991,6,11,0
1991-06-12,1991,6,12,0
1991-06-13,1991,6,13,0
1991-06-14,1991,6,14,0
1991-06-15,1991,6,15,0
1991-06-16,1991,6,16,12.918934
1991-06-17,1991,6,17,7.0664611
1991-06-18,1991,6,18,40.218666
1991-06-19,1991,6,19,49.175704
1991-06-20,1991,6,20,4.9336673
1991-06-21,1991,6,21,3.1342653
1991-06-22,1991,6,22,0.093263379
1991-06-23,1991,6,23,0
1991-06-24,1991,6,24,0
1991-06-25,1991,6,25,6.7896232
1991-06-26,1991,6,26,0.12168871
1991-06-27,1991,6,27,0
1991-06-28,1991,6,28,0
1991-06-29,1991,6,29,0
1991-06-30,1991,6,30,0
1991-07-01,1991,7,1,0
1991-07-02,1991,7,2,0
1991-07-03,1991,7,3,0
1991-07-04,1991,7,4,0
1991-07-05,1991,7,5,0
1991-07-06,1991,7,6,0
1991-07-07,1991,7,7,16.468559
1991-07-08,1991,7,8,75.108068
1991-07-09,1991,7,9,10.490377
1991-07-10,1991,7,10,0.014723526
1991-07-11,1991,7,11,0
1991-07-12,1991,7,12,0
1991-07-13,1991,7,13,0
1991-07-14,1991,7,14,0
1991-07-15,1991,7,15,0
1991-07-16,1991,7,16,1.8866258
1991-07-17,1991,7,17,0.29689989
1991-07-18,1991,7,18,53.445346
1991-07-19,1991,7,19,77.007029
1991-07-20,1991,7,20,9.2685428
1991-07-21,1991,7,21,0.020519634
1991-07-22,1991,7,22,0
1991-07-23,1991,7,23,0
1991-07-24,1991,7,24,0
1991-07-25,1991,7,25,0
1991-07-26,1991,7,26,0.00023073747
1991-07-27,1991,7,27,12.541443
1991-07-28,1991,7,28,17.185237
1991-07-29,1991,7,29,6.177999
1991-07-30,1991,7,30,2.3636708
1991-07-31,1991,7,31,0.095537831
1991-08-01,1991,8,1,0
1991-08-02,1991,8,2,0
1991-08-03,1991,8,3,0
1991-08-04,1991,8,4,0.0068116688
1991-08-05,1991,8,5,0.6969285
1991-08-06,1991,8,6,0.50071794
1991-08-07,1991,8,7,5.0423455
1991-08-08,1991,8,8,0.58320183
1991-08-09,1991,8,9,0
1991-08-10,1991,8,10,0
1991-08-11,1991,8,11,0
1991-08-12,1991,8,12,0.0015879043
1991-08-13,1991,8,13,0
1991-08-14,1991,8,14,0
1991-08-15,1991,8,15,0
1991-08-16,1991,8,16,0.043099784
1991-08-17,1991,8,17,0.001206148
1991-08-18,1991,8,18,0
1991-08-19,1991,8,19,0
1991-08-20,1991,8,20,0
1991-08-21,1991,8,21,1.114908
1991-08-22,1991,8,22,0
1991-08-23,1991,8,23,0
1991-08-24,1991,8,24,0
1991-08-25,1991,8,25,0
1991-08-26,1991,8,26,0
1991-08-27,1991,8,27,0
1991-08-28,1991,8,28,0
1991-08-29,1991,8,29,0
1991-08-30,1991,8,30,0
1991-08-31,1991,8,31,0
1991-09-01,1991,9,1,7.6658481
1991-09-02,1991,9,2,2.2692126e-05
1991-09-03,1991,9,3,0
1991-09-04,1991,9,4,2.6872084
1991-09-05,1991,9,5,1.0689834
1991-09-06,1991,9,6,0
1991-09-07,1991,9,7,0
1991-09-08,1991,9,8,0
1991-09-09,1991,9,9,0
1991-09-10,1991,9,10,0
1991-09-11,1991,9,11,0
1991-09-12,1991,9,12,0
1991-09-13,1991,9,13,0
1991-09-14,1991,9,14,16.05721
1991-09-15,1991,9,15,62.382592
1991-09-16,1991,9,16,57.315991
1991-09-17,1991,9,17,7.1594187
1991-09-18,1991,9,18,0
1991-09-19,1991,9,19,0
1991-09-20,1991,9,20,2.327809
1991-09-21,1991,9,21,0
1991-09-22,1991,9,22,0
1991-09-23,1991,9,23,0
1991-09-24,1991,9,24,0
1991-09-25,1991,9,25,0
1991-09-26,1991,9,26,0.070868804
1991-09-27,1991,9,27,0.053943458
1991-09-28,1991,9,28,0
1991-09-29,1991,9,29,0
1991-09-30,1991,9,30,0
1991-10-01,1991,10,1,0
1991-10-02,1991,10,2,0
1991-10-03,1991,10,3,0
1991-10-04,1991,10,4,0
1991-10-05,1991,10,5,0
1991-10-06,1991,10,6,6.8426943e-06
1991-10-07,1991,10,7,0
1991-10-08,1991,10,8,0
1991-10-09,1991,10,9,0
1991-10-10,1991,10,10,0
1991-10-11,1991,10,11,4.0076617
1991-10-12,1991,10,12,4.3609028
1991-10-13,1991,10,13,19.916385
1991-10-14,1991,10,14,9.2622067
1991-10-15,1991,10,15,2.4009532
1991-10-16,1991,10,16,0
1991-10-17,1991,10,17,0
1991-10-18,1991,10,18,0
1991-10-19,1991,10,19,0
1991-10-20,1991,10,20,0
1991-10-21,1991,10,21,0.12532356
1991-10-22,1991,10,22,0
1991-10-23,1991,10,23,0
1991-10-24,1991,10,24,0
1991-10-25,1991,10,25,0
1991-10-26,1991,10,26,0
1991-10-27,1991,10,27,0
1991-10-28,1991,10,28,0
1991-10-29,1991,10,29,0
1991-10-30,1991,10,30,0
1991-10-31,1991,10,31,0
1991-11-01,1991,11,1,0
1991-11-02,1991,11,2,0
1991-11-03,1991,11,3,0
1991-11-04,1991,11,4,4.4867981
1991-11-05,1991,11,5,0.67156558
1991-11-06,1991,11,6,0
1991-11-07,1991,11,7,0
1991-11-08,1991,11,8,0
1991-11-09,1991,11,9,0.0023804496
1991-11-10,1991,11,10,0
1991-11-11,1991,11,11,0
1991-11-12,1991,11,12,0
1991-11-13,1991,11,13,0
1991-11-14,1991,11,14,0
1991-11-15,1991,11,15,0
1991-11-16,1991,11,16,0
1991-11-17,1991,11,17,0
1991-11-18,1991,11,18,0
1991-11-19,1991,11,19,0
1991-11-20,1991,11,20,0
1991-11-21,1991,11,21,0
1991-11-22,1991,11,22,0.013968305
1991-11-23,1991,11,23,11.843838
1991-11-24,1991,11,24,0.37796817
1991-11-25,1991,11,25,0
1991-11-26,1991,11,26,0
1991-11-27,1991,11,27,0
1991-11-28,1991,11,28,0.016085636
1991-11-29,1991,11,29,0
1991-11-30,1991,11,30,0.0096279792
1991-12-01,1991,12,1,0
1991-12-02,1991,12,2,0
1991-12-03,1991,12,3,0
1991-12-04,1991,12,4,0
1991-12-05,1991,12,5,0
1991-12-06,1991,12,6,0
1991-12-07,1991,12,7,0
1991-12-08,1991,12,8,0
1991-12-09,1991,12,9,7.7588286
1991-12-10,1991,12,10,20.500117
1991-12-11,1991,12,11,2.5712184
1991-12-12,1991,12,12,0.0035131157
1991-12-13,1991,12,13,0.00037004861
1991-12-14,1991,12,14,0
1991-12-15,1991,12,15,0
1991-12-16,1991,12,16,0
1991-12-17,1991,12,17,0
1991-12-18,1991,12,18,0
1991-12-19,1991,12,19,0
1991-12-20,1991,12,20,0.028435459
1991-12-21,1991,12,21,2.8092669
1991-12-22,1991,12,22,0.003351882
1991-12-23,1991,12,23,0
1991-12-24,1991,12,24,1.5065914
1991-12-25,1991,12,25,25.958231
1991-12-26,1991,12,26,0.71459382
1991-12-27,1991,12,27,0
1991-12-28,1991,12,28,3.9244661
1991-12-29,1991,12,29,1.2392675
1991-12-30,1991,12,30,2.1979125
1991-12-31,1991,12,31,2.1116912
1992-01-01,1992,1,1,0.023597067
1992-01-02,1992,1,2,0
1992-01-03,1992,1,3,0
1992-01-04,1992,1,4,0
1992-01-05,1992,1,5,0
1992-01-06,1992,1,6,0.042481363
1992-01-07,1992,1,7,0.00086167018
1992-01-08,1992,1,8,0
1992-01-09,1992,1,9,0
1992-01-10,1992,1,10,0
1992-01-11,1992,1,11,0
1992-01-12,1992,1,12,0
1992-01-13,1992,1,13,0
1992-01-14,1992,1,14,0
1992-01-15,1992,1,15,0
1992-01-16,1992,1,16,0
1992-01-17,1992,1,17,0
1992-01-18,1992,1,18,0
1992-01-19,1992,1,19,0
1992-01-20,1992,1,20,0
1992-01-21,1992,1,21,0
1992-01-22,1992,1,22,0
1992-01-23,1992,1,23,0
1992-01-24,1992,1,24,0
1992-01-25,1992,1,25,0
1992-01-26,1992,1,26,0
1992-01-27,1992,1,27,0.0046253819
1992-01-28,1992,1,28,0.77260416
1992-01-29,1992,1,29,0.016719008
1992-01-30,1992,1,30,0
1992-01-31,1992,1,31,6.8250381e-07
1992-02-01,1992,2,1,0.87092791
1992-02-02,1992,2,2,0.0054436118
1992-02-03,1992,2,3,0
1992-02-04,1992,2,4,0.0024917678
1992-02-05,1992,2,5,0
1992-02-06,1992,2,6,0
1992-02-07,1992,2,7,0.019091931
1992-02-08,1992,2,8,3.308934
1992-02-09,1992,2,9,2.4335435
1992-02-10,1992,2,10,4.0866265
1992-02-11,1992,2,11,0.87388413
1992-02-12,1992,2,12,1.2011465
1992-02-13,1992,2,13,0.0013742458
1992-02-14,1992,2,14,0
1992-02-15,1992,2,15,0
1992-02-16,1992,2,16,0
1992-02-17,1992,2,17,0
1992-02-18,1992,2,18,0
1992-02-19,1992,2,19,0.0018911769
1992-02-20,1992,2,20,0
1992-02-21,1992,2,21,0
1992-02-22,1992,2,22,0
1992-02-23,1992,2,23,0
1992-02-24,1992,2,24,0.00019504788
1992-02-25,1992,2,25,0.067123719
1992-02-26,1992,2,26,4.226196e-07
1992-02-27,1992,2,27,0
1992-02-28,1992,2,28,0
1992-02-29,1992,2,29,0
1992-03-01,1992,3,1,0
1992-03-02,1992,3,2,0
1992-03-03,1992,3,3,0
1992-03-04,1992,3,4,0
1992-03-05,1992,3,5,0
1992-03-06,1992,3,6,0
1992-03-07,1992,3,7,0
1992-03-08,1992,3,8,0
1992-03-09,1992,3,9,0
1992-03-10,1992,3,10,0
1992-03-11,1992,3,11,0
1992-03-12,1992,3,12,0.31724622
1992-03-13,1992,3,13,0
1992-03-14,1992,3,14,0
1992-03-15,1992,3,15,0
1992-03-16,1992,3,16,0
1992-03-17,1992,3,17,0
1992-03-18,1992,3,18,0
1992-03-19,1992,3,19,0
1992-03-20,1992,3,20,0.039759428
1992-03-21,1992,3,21,0
1992-03-22,1992,3,22,0
1992-03-23,1992,3,23,0
1992-03-24,1992,3,24,0
1992-03-25,1992,3,25,0.22012483
1992-03-26,1992,3,26,3.4187863
1992-03-27,1992,3,27,0.29111908
1992-03-28,1992,3,28,0
1992-03-29,1992,3,29,0
1992-03-30,1992,3,30,0
1992-03-31,1992,3,31,0.013335469
1992-04-01,1992,4,1,17.1
1992-04-02,1992,4,2,0.99401439
1992-04-03,1992,4,3,2.7032866e-06
1992-04-04,1992,4,4,0
1992-04-05,1992,4,5,8.11045
1992-04-06,1992,4,6,0.011150447
1992-04-07,1992,4,7,0
1992-04-08,1992,4,8,0
1992-04-09,1992,4,9,0
1992-04-10,1992,4,10,0
1992-04-11,1992,4,11,0
1992-04-12,1992,4,12,0
1992-04-13,1992,4,13,0
1992-04-14,1992,4,14,0
1992-04-15,1992,4,15,0
1992-04-16,1992,4,16,0
1992-04-17,1992,4,17,0
1992-04-18,1992,4,18,2.4287314
1992-04-19,1992,4,19,0
1992-04-20,1992,4,20,0.35184448
1992-04-21,1992,4,21,20.587561
1992-04-22,1992,4,22,0.46535083
1992-04-23,1992,4,23,0
1992-04-24,1992,4,24,0
1992-04-25,1992,4,25,0
1992-04-26,1992,4,26,0
1992-04-27,1992,4,27,0
1992-04-28,1992,4,28,37.428558
1992-04-29,1992,4,29,33.35962
1992-04-30,1992,4,30,2.9375104
1992-05-01,1992,5,1,0.088649144
1992-05-02,1992,5,2,0
1992-05-03,1992,5,3,0.03205021
1992-05-04,1992,5,4,13.017918
1992-05-05,1992,5,5,14.608101
1992-05-06,1992,5,6,20.990012
1992-05-07,1992,5,7,7.5771349
1992-05-08,1992,5,8,11.297321
1992-05-09,1992,5,9,8.065147
1992-05-10,1992,5,10,30.715412
1992-05-11,1992,5,11,0.35583486
1992-05-12,1992,5,12,0
1992-05-13,1992,5,13,0
1992-05-14,1992,5,14,0
1992-05-15,1992,5,15,0
1992-05-16,1992,5,16,0
1992-05-17,1992,5,17,0
1992-05-18,1992,5,18,0
1992-05-19,1992,5,19,0
1992-05-20,1992,5,20,1.835606
1992-05-21,1992,5,21,29.704631
1992-05-22,1992,5,22,0.3411157
1992-05-23,1992,5,23,14.900056
1992-05-24,1992,5,24,21.705032
1992-05-25,1992,5,25,65.197811
1992-05-26,1992,5,26,45.500402
1992-05-27,1992,5,27,1.2830022
1992-05-28,1992,5,28,0.32894994
1992-05-29,1992,5,29,0.12696013
1992-05-30,1992,5,30,0.85843705
1992-05-31,1992,5,31,0
1992-06-01,1992,6,1,0
1992-06-02,1992,6,2,0.00041788293
1992-06-03,1992,6,3,0
1992-06-04,1992,6,4,35.328121
1992-06-05,1992,6,5,63.199994
1992-06-06,1992,6,6,36.996086
1992-06-07,1992,6,7,16.842309
1992-06-08,1992,6,8,3.0048014
1992-06-09,1992,6,9,0.94959001
1992-06-10,1992,6,10,0
1992-06-11,1992,6,11,0
1992-06-12,1992,6,12,0
1992-06-13,1992,6,13,0.14997249
1992-06-14,1992,6,14,0.023004945
1992-06-15,1992,6,15,0.00029600041
1992-06-16,1992,6,16,0
1992-06-17,1992,6,17,0
1992-06-18,1992,6,18,0
1992-06-19,1992,6,19,0.15520318
1992-06-20,1992,6,20,7.0600872
1992-06-21,1992,6,21,21.995928
1992-06-22,1992,6,22,0.25254717
1992-06-23,1992,6,23,0.3008416
1992-06-24,1992,6,24,31.934543
1992-06-25,1992,6,25,28.688298
1992-06-26,1992,6,26,1.4027413
1992-06-27,1992,6,27,0.42738309
1992-06-28,1992,6,28,0
1992-06-29,1992,6,29,0
1992-06-30,1992,6,30,2.5502293
1992-07-01,1992,7,1,6.5897453
1992-07-02,1992,7,2,13.131537
1992-07-03,1992,7,3,4.5769858
1992-07-04,1992,7,4,0.20785098
1992-07-05,1992,7,5,0
1992-07-06,1992,7,6,0
1992-07-07,1992,7,7,0
1992-07-08,1992,7,8,0
1992-07-09,1992,7,9,0
1992-07-10,1992,7,10,0.028682725
1992-07-11,1992,7,11,2.9274021
1992-07-12,1992,7,12,6.6533709
1992-07-13,1992,7,13,1.1896148
1992-07-14,1992,7,14,0
1992-07-15,1992,7,15,0.75625723
1992-07-16,1992,7,16,2.2768605
1992-07-17,1992,7,17,0.12750518
1992-07-18,1992,7,18,0
1992-07-19,1992,7,19,0
1992-07-20,1992,7,20,0
1992-07-21,1992,7,21,0
1992-07-22,1992,7,22,0
1992-07-23,1992,7,23,0
1992-07-24,1992,7,24,0
1992-07-25,1992,7,25,0
1992-07-26,1992,7,26,0
1992-07-27,1992,7,27,0
1992-07-28,1992,7,28,0
1992-07-29,1992,7,29,3.9593074
1992-07-30,1992,7,30,7.7365625
1992-07-31,1992,7,31,3.8504118
1992-08-01,1992,8,1,0
1992-08-02,1992,8,2,0
1992-08-03,1992,8,3,0
1992-08-04,1992,8,4,0
1992-08-05,1992,8,5,0
1992-08-06,1992,8,6,16.168732
1992-08-07,1992,8,7,0.40044556
1992-08-08,1992,8,8,0
1992-08-09,1992,8,9,0
1992-08-10,1992,8,10,0
1992-08-11,1992,8,11,0
1992-08-12,1992,8,12,0
1992-08-13,1992,8,13,0
1992-08-14,1992,8,14,0
1992-08-15,1992,8,15,0
1992-08-16,1992,8,16,0
1992-08-17,1992,8,17,0
1992-08-18,1992,8,18,0
1992-08-19,1992,8,19,0
1992-08-20,1992,8,20,0
1992-08-21,1992,8,21,35.369852
1992-08-22,1992,8,22,2.6202241
1992-08-23,1992,8,23,0
1992-08-24,1992,8,24,0
1992-08-25,1992,8,25,0
1992-08-26,1992,8,26,0
1992-08-27,1992,8,27,0
1992-08-28,1992,8,28,0.43635915
1992-08-29,1992,8,29,16.323505
1992-08-30,1992,8,30,16.813821
1992-08-31,1992,8,31,0.16838342
1992-09-01,1992,9,1,0
1992-09-02,1992,9,2,0
1992-09-03,1992,9,3,0
1992-09-04,1992,9,4,0
1992-09-05,1992,9,5,0
1992-09-06,1992,9,6,0
1992-09-07,1992,9,7,0
1992-09-08,1992,9,8,0
1992-09-09,1992,9,9,0
1992-09-10,1992,9,10,0
1992-09-11,1992,9,11,0
1992-09-12,1992,9,12,0
1992-09-13,1992,9,13,0
1992-09-14,1992,9,14,0
1992-09-15,1992,9,15,0
1992-09-16,1992,9,16,42.910905
1992-09-17,1992,9,17,6.5440343
1992-09-18,1992,9,18,0
1992-09-19,1992,9,19,0
1992-09-20,1992,9,20,13.091295
1992-09-21,1992,9,21,8.8697878
1992-09-22,1992,9,22,0
1992-09-23,1992,9,23,0
1992-09-24,1992,9,24,0
1992-09-25,1992,9,25,0
1992-09-26,1992,9,26,0
1992-09-27,1992,9,27,0
1992-09-28,1992,9,28,0
1992-09-29,1992,9,29,0
1992-09-30,1992,9,30,0
1992-10-01,1992,10,1,0.32496019
1992-10-02,1992,10,2,0
1992-10-03,1992,10,3,0
1992-10-04,1992,10,4,7.35676
1992-10-05,1992,10,5,0.36630279
1992-10-06,1992,10,6,0
1992-10-07,1992,10,7,0
1992-10-08,1992,10,8,0
1992-10-09,1992,10,9,0.0733483
1992-10-10,1992,10,10,0
1992-10-11,1992,10,11,0
1992-10-12,1992,10,12,0
1992-10-13,1992,10,13,0
1992-10-14,1992,10,14,0
1992-10-15,1992,10,15,5.7578285
1992-10-16,1992,10,16,0
1992-10-17,1992,10,17,0
1992-10-18,1992,10,18,1.2896373
1992-10-19,1992,10,19,0
1992-10-20,1992,10,20,0
1992-10-21,1992,10,21,0
1992-10-22,1992,10,22,0
1992-10-23,1992,10,23,0
1992-10-24,1992,10,24,0
1992-10-25,1992,10,25,0
1992-10-26,1992,10,26,0
1992-10-27,1992,10,27,0
1992-10-28,1992,10,28,0
1992-10-29,1992,10,29,0
1992-10-30,1992,10,30,0
1992-10-31,1992,10,31,0
1992-11-01,1992,11,1,4.4147629
1992-11-02,1992,11,2,2.5636282
1992-11-03,1992,11,3,0
1992-11-04,1992,11,4,0
1992-11-05,1992,11,5,0
1992-11-06,1992,11,6,0
1992-11-07,1992,11,7,0
1992-11-08,1992,11,8,1.2488722
1992-11-09,1992,11,9,10.307655
1992-11-10,1992,11,10,2.58763
1992-11-11,1992,11,11,0.51619005
1992-11-12,1992,11,12,0
1992-11-13,1992,11,13,1.5668118
1992-11-14,1992,11,14,0.030898008
1992-11-15,1992,11,15,0
1992-11-16,1992,11,16,0
1992-11-17,1992,11,17,0
1992-11-18,1992,11,18,0
1992-11-19,1992,11,19,1.1118104
1992-11-20,1992,11,20,0.68334209
1992-11-21,1992,11,21,0
1992-11-22,1992,11,22,0
1992-11-23,1992,11,23,0
1992-11-24,1992,11,24,0
1992-11-25,1992,11,25,0.13164555
1992-11-26,1992,11,26,0.55861275
1992-11-27,1992,11,27,2.9423979
1992-11-28,1992,11,28,0.93995039
1992-11-29,1992,11,29,0
1992-11-30,1992,11,30,0
1992-12-01,1992,12,1,0
1992-12-02,1992,12,2,0.00035566795
1992-12-03,1992,12,3,0.2909439
1992-12-04,1992,12,4,0.13195967
1992-12-05,1992,12,5,0.28877426
1992-12-06,1992,12,6,0
1992-12-07,1992,12,7,0
1992-12-08,1992,12,8,0.031473448
1992-12-09,1992,12,9,0
1992-12-10,1992,12,10,0
1992-12-11,1992,12,11,0.0001570181
1992-12-12,1992,12,12,0
1992-12-13,1992,12,13,0.0063049068
1992-12-14,1992,12,14,0
1992-12-15,1992,12,15,0.076771327
1992-12-16,1992,12,16,0
1992-12-17,1992,12,17,0
1992-12-18,1992,12,18,0.012049865
1992-12-19,1992,12,19,0
1992-12-20,1992,12,20,0
1992-12-21,1992,12,21,0.00063677571
1992-12-22,1992,12,22,0.36445606
1992-12-23,1992,12,23,0
1992-12-24,1992,12,24,0
1992-12-25,1992,12,25,0
1992-12-26,1992,12,26,0
1992-12-27,1992,12,27,0
1992-12-28,1992,12,28,0
1992-12-29,1992,12,29,0
1992-12-30,1992,12,30,0.011971574
1992-12-31,1992,12,31,0.25533241
1993-01-01,1993,1,1,0.01286125
1993-01-02,1993,1,2,0
1993-01-03,1993,1,3,0
1993-01-04,1993,1,4,0
1993-01-05,1993,1,5,0
1993-01-06,1993,1,6,0.046391039
1993-01-07,1993,1,7,14.072351
1993-01-08,1993,1,8,1.3181095
1993-01-09,1993,1,9,0
1993-01-10,1993,1,10,0
1993-01-11,1993,1,11,0
1993-01-12,1993,1,12,0
1993-01-13,1993,1,13,0.0016552218
1993-01-14,1993,1,14,0
1993-01-15,1993,1,15,0
1993-01-16,1993,1,16,0
1993-01-17,1993,1,17,0
1993-01-18,1993,1,18,0
1993-01-19,1993,1,19,0
1993-01-20,1993,1,20,0
1993-01-21,1993,1,21,1.241669
1993-01-22,1993,1,22,0.19752705
1993-01-23,1993,1,23,0
1993-01-24,1993,1,24,0.022201385
1993-01-25,1993,1,25,0.00052424161
1993-01-26,1993,1,26,0
1993-01-27,1993,1,27,0
1993-01-28,1993,1,28,0
1993-01-29,1993,1,29,0
1993-01-30,1993,1,30,0
1993-01-31,1993,1,31,0.010336271
1993-02-01,1993,2,1,0
1993-02-02,1993,2,2,0.46477595
1993-02-03,1993,2,3,0.21808661
1993-02-04,1993,2,4,0.04690334
1993-02-05,1993,2,5,0.73134333
1993-02-06,1993,2,6,0.19067557
1993-02-07,1993,2,7,0.032606761
1993-02-08,1993,2,8,0
1993-02-09,1993,2,9,0
1993-02-10,1993,2,10,0
1993-02-11,1993,2,11,0.02999724
1993-02-12,1993,2,12,0.00010600184
1993-02-13,1993,2,13,0
1993-02-14,1993,2,14,0.000296651
1993-02-15,1993,2,15,0.28485119
1993-02-16,1993,2,16,1.4894144
1993-02-17,1993,2,17,2.9405213
1993-02-18,1993,2,18,3.9174863
1993-02-19,1993,2,19,3.6320583
1993-02-20,1993,2,20,0.016232282
1993-02-21,1993,2,21,0
1993-02-22,1993,2,22,0
1993-02-23,1993,2,23,0
1993-02-24,1993,2,24,0
1993-02-25,1993,2,25,0
1993-02-26,1993,2,26,0
1993-02-27,1993,2,27,0
1993-02-28,1993,2,28,0.0084421478
1993-03-01,1993,3,1,0
1993-03-02,1993,3,2,0
1993-03-03,1993,3,3,0
1993-03-04,1993,3,4,0
1993-03-05,1993,3,5,0
1993-03-06,1993,3,6,0
1993-03-07,1993,3,7,0
1993-03-08,1993,3,8,0
1993-03-09,1993,3,9,0
1993-03-10,1993,3,10,0
1993-03-11,1993,3,11,0
1993-03-12,1993,3,12,0
1993-03-13,1993,3,13,0
1993-03-14,1993,3,14,0
1993-03-15,1993,3,15,0
1993-03-16,1993,3,16,0
1993-03-17,1993,3,17,0
1993-03-18,1993,3,18,0
1993-03-19,1993,3,19,0
1993-03-20,1993,3,20,0
1993-03-21,1993,3,21,0
1993-03-22,1993,3,22,0
1993-03-23,1993,3,23,0
1993-03-24,1993,3,24,0
1993-03-25,1993,3,25,0
1993-03-26,1993,3,26,0
1993-03-27,1993,3,27,0
1993-03-28,1993,3,28,0
1993-03-29,1993,3,29,0
1993-03-30,1993,3,30,0
1993-03-31,1993,3,31,0
1993-04-01,1993,4,1,0
1993-04-02,1993,4,2,2.1628614
1993-04-03,1993,4,3,0
1993-04-04,1993,4,4,0
1993-04-05,1993,4,5,0
1993-04-06,1993,4,6,0
1993-04-07,1993,4,7,0
1993-04-08,1993,4,8,0
1993-04-09,1993,4,9,0
1993-04-10,1993,4,10,0
1993-04-11,1993,4,11,0
1993-04-12,1993,4,12,0.0047502762
1993-04-13,1993,4,13,30.353099
1993-04-14,1993,4,14,24.188884
1993-04-15,1993,4,15,13.072456
1993-04-16,1993,4,16,15.808854
1993-04-17,1993,4,17,13.107208
1993-04-18,1993,4,18,16.806612
1993-04-19,1993,4,19,11.915263
1993-04-20,1993,4,20,0.19220971
1993-04-21,1993,4,21,0
1993-04-22,1993,4,22,0
1993-04-23,1993,4,23,0
1993-04-24,1993,4,24,7.581485
1993-04-25,1993,4,25,0.021190668
1993-04-26,1993,4,26,0
1993-04-27,1993,4,27,0
1993-04-28,1993,4,28,0
1993-04-29,1993,4,29,0
1993-04-30,1993,4,30,0.0010790145
1993-05-01,1993,5,1,0
1993-05-02,1993,5,2,27.311465
1993-05-03,1993,5,3,58.761653
1993-05-04,1993,5,4,1.9282097
1993-05-05,1993,5,5,69.69103
1993-05-06,1993,5,6,40.366626
1993-05-07,1993,5,7,10.61324
1993-05-08,1993,5,8,2.7643347
1993-05-09,1993,5,9,6.4836889
1993-05-10,1993,5,10,17.160894
1993-05-11,1993,5,11,0.10150912
1993-05-12,1993,5,12,0.088272787
1993-05-13,1993,5,13,0.0060115845
1993-05-14,1993,5,14,0
1993-05-15,1993,5,15,0
1993-05-16,1993,5,16,0
1993-05-17,1993,5,17,0
1993-05-18,1993,5,18,0
1993-05-19,1993,5,19,14.963405
1993-05-20,1993,5,20,0.28943998
1993-05-21,1993,5,21,8.8833955
1993-05-22,1993,5,22,0.016113989
1993-05-23,1993,5,23,2.2887516
1993-05-24,1993,5,24,0.4429115
1993-05-25,1993,5,25,0
1993-05-26,1993,5,26,0
1993-05-27,1993,5,27,0
1993-05-28,1993,5,28,13.47381
1993-05-29,1993,5,29,6.4814344
1993-05-30,1993,5,30,6.0398149
1993-05-31,1993,5,31,0
1993-06-01,1993,6,1,0.16121164
1993-06-02,1993,6,2,17.777828
1993-06-03,1993,6,3,58.089423
1993-06-04,1993,6,4,5.7391042
1993-06-05,1993,6,5,0.60995166
1993-06-06,1993,6,6,0.066276983
1993-06-07,1993,6,7,0
1993-06-08,1993,6,8,0
1993-06-09,1993,6,9,0
1993-06-10,1993,6,10,0
1993-06-11,1993,6,11,0
1993-06-12,1993,6,12,0
1993-06-13,1993,6,13,15.47317
1993-06-14,1993,6,14,1.2385333
1993-06-15,1993,6,15,0.0021274657
1993-06-16,1993,6,16,0
1993-06-17,1993,6,17,0
1993-06-18,1993,6,18,0
1993-06-19,1993,6,19,0
1993-06-20,1993,6,20,0
1993-06-21,1993,6,21,0
1993-06-22,1993,6,22,0.7805023
1993-06-23,1993,6,23,6.3183668
1993-06-24,1993,6,24,1.8386487
1993-06-25,1993,6,25,0
1993-06-26,1993,6,26,40.777161
1993-06-27,1993,6,27,26.915005
1993-06-28,1993,6,28,1.9189458
1993-06-29,1993,6,29,0
1993-06-30,1993,6,30,9.7361251
1993-07-01,1993,7,1,37.950416
1993-07-02,1993,7,2,30.115838
1993-07-03,1993,7,3,5.0143516
1993-07-04,1993,7,4,0.0063325281
1993-07-05,1993,7,5,0.068312094
1993-07-06,1993,7,6,0
1993-07-07,1993,7,7,0
1993-07-08,1993,7,8,0.37825057
1993-07-09,1993,7,9,0.048233167
1993-07-10,1993,7,10,0.044145737
1993-07-11,1993,7,11,0.050160186
1993-07-12,1993,7,12,1.0897624e-05
1993-07-13,1993,7,13,0
1993-07-14,1993,7,14,0
1993-07-15,1993,7,15,0
1993-07-16,1993,7,16,0
1993-07-17,1993,7,17,0
1993-07-18,1993,7,18,2.0949098
1993-07-19,1993,7,19,0
1993-07-20,1993,7,20,0
1993-07-21,1993,7,21,0
1993-07-22,1993,7,22,0
1993-07-23,1993,7,23,0
1993-07-24,1993,7,24,0
1993-07-25,1993,7,25,0
1993-07-26,1993,7,26,17.95079
1993-07-27,1993,7,27,8.2950125
1993-07-28,1993,7,28,1.2897763
1993-07-29,1993,7,29,0.14951201
1993-07-30,1993,7,30,0
1993-07-31,1993,7,31,0
1993-08-01,1993,8,1,0
1993-08-02,1993,8,2,0
1993-08-03,1993,8,3,0
1993-08-04,1993,8,4,0
1993-08-05,1993,8,5,0
1993-08-06,1993,8,6,0
1993-08-07,1993,8,7,0
1993-08-08,1993,8,8,0
1993-08-09,1993,8,9,0
1993-08-10,1993,8,10,0
1993-08-11,1993,8,11,0
1993-08-12,1993,8,12,0
1993-08-13,1993,8,13,0
1993-08-14,1993,8,14,0.28229968
1993-08-15,1993,8,15,0.0061839501
1993-08-16,1993,8,16,0
1993-08-17,1993,8,17,0
1993-08-18,1993,8,18,0
1993-08-19,1993,8,19,0
1993-08-20,1993,8,20,0
1993-08-21,1993,8,21,0
1993-08-22,1993,8,22,0
1993-08-23,1993,8,23,0
1993-08-24,1993,8,24,0
1993-08-25,1993,8,25,1.2807616
1993-08-26,1993,8,26,0
1993-08-27,1993,8,27,0
1993-08-28,1993,8,28,5.4170691
1993-08-29,1993,8,29,22.323771
1993-08-30,1993,8,30,1.67489
1993-08-31,1993,8,31,0
1993-09-01,1993,9,1,0
1993-09-02,1993,9,2,0
1993-09-03,1993,9,3,0
1993-09-04,1993,9,4,0
1993-09-05,1993,9,5,9.4415303
1993-09-06,1993,9,6,2.0197078
1993-09-07,1993,9,7,0
1993-09-08,1993,9,8,0
1993-09-09,1993,9,9,0
1993-09-10,1993,9,10,0
1993-09-11,1993,9,11,0
1993-09-12,1993,9,12,0
1993-09-13,1993,9,13,0
1993-09-14,1993,9,14,0
1993-09-15,1993,9,15,0
1993-09-16,1993,9,16,0
1993-09-17,1993,9,17,0.41570674
1993-09-18,1993,9,18,0.0021234343
1993-09-19,1993,9,19,1.2317369
1993-09-20,1993,9,20,0.012279361
1993-09-21,1993,9,21,13.315479
1993-09-22,1993,9,22,6.9276895
1993-09-23,1993,9,23,0.26436976
1993-09-24,1993,9,24,0
1993-09-25,1993,9,25,0
1993-09-26,1993,9,26,0
1993-09-27,1993,9,27,0
1993-09-28,1993,9,28,0.080525485
1993-09-29,1993,9,29,3.2652534
1993-09-30,1993,9,30,0.60769121
1993-10-01,1993,10,1,0
1993-10-02,1993,10,2,0
1993-10-03,1993,10,3,0
1993-10-04,1993,10,4,0
1993-10-05,1993,10,5,0
1993-10-06,1993,10,6,0
1993-10-07,1993,10,7,0
1993-10-08,1993,10,8,0
1993-10-09,1993,10,9,0
1993-10-10,1993,10,10,0
1993-10-11,1993,10,11,0
1993-10-12,1993,10,12,0
1993-10-13,1993,10,13,0
1993-10-14,1993,10,14,0
1993-10-15,1993,10,15,4.5843503
1993-10-16,1993,10,16,17.139931
1993-10-17,1993,10,17,0.0030156425
1993-10-18,1993,10,18,0
1993-10-19,1993,10,19,0
1993-10-20,1993,10,20,0.24452869
1993-10-21,1993,10,21,0.006178704
1993-10-22,1993,10,22,0
1993-10-23,1993,10,23,0
1993-10-24,1993,10,24,0
1993-10-25,1993,10,25,0.076504264
1993-10-26,1993,10,26,0.017615137
1993-10-27,1993,10,27,0.34064648
1993-10-28,1993,10,28,0
1993-10-29,1993,10,29,0.070584942
1993-10-30,1993,10,30,11.364524
1993-10-31,1993,10,31,0.043473834
1993-11-01,1993,11,1,0
1993-11-02,1993,11,2,0
1993-11-03,1993,11,3,0
1993-11-04,1993,11,4,5.1534547
1993-11-05,1993,11,5,0
1993-11-06,1993,11,6,0
1993-11-07,1993,11,7,0
1993-11-08,1993,11,8,0
1993-11-09,1993,11,9,0
1993-11-10,1993,11,10,1.2829978
1993-11-11,1993,11,11,0
1993-11-12,1993,11,12,0
1993-11-13,1993,11,13,0
1993-11-14,1993,11,14,0
1993-11-15,1993,11,15,0.41101665
1993-11-16,1993,11,16,0
1993-11-17,1993,11,17,0
1993-11-18,1993,11,18,0
1993-11-19,1993,11,19,0
1993-11-20,1993,11,20,0
1993-11-21,1993,11,21,0
1993-11-22,1993,11,22,0
1993-11-23,1993,11,23,0
1993-11-24,1993,11,24,0.42485658
1993-11-25,1993,11,25,0
1993-11-26,1993,11,26,0
1993-11-27,1993,11,27,0
1993-11-28,1993,11,28,0.010264821
1993-11-29,1993,11,29,13.166893
1993-11-30,1993,11,30,0.011957148
1993-12-01,1993,12,1,0
1993-12-02,1993,12,2,0
1993-12-03,1993,12,3,16.770566
1993-12-04,1993,12,4,0.59697834
1993-12-05,1993,12,5,0
1993-12-06,1993,12,6,0
1993-12-07,1993,12,7,0
1993-12-08,1993,12,8,0.00047105431
1993-12-09,1993,12,9,0
1993-12-10,1993,12,10,0
1993-12-11,1993,12,11,0
1993-12-12,1993,12,12,0.0044628217
1993-12-13,1993,12,13,0
1993-12-14,1993,12,14,0.25561038
1993-12-15,1993,12,15,0.11748247
1993-12-16,1993,12,16,0.0065453308
1993-12-17,1993,12,17,0
1993-12-18,1993,12,18,0.0087660621
1993-12-19,1993,12,19,0.013755681
1993-12-20,1993,12,20,0.00052827487
1993-12-21,1993,12,21,1.4198812
1993-12-22,1993,12,22,0.0050608504
1993-12-23,1993,12,23,0
1993-12-24,1993,12,24,0
1993-12-25,1993,12,25,0
1993-12-26,1993,12,26,0.0034710692
1993-12-27,1993,12,27,0
1993-12-28,1993,12,28,0
1993-12-29,1993,12,29,0
1993-12-30,1993,12,30,0.00038952485
1993-12-31,1993,12,31,0.0037272407
1994-01-01,1994,1,1,0
1994-01-02,1994,1,2,0
1994-01-03,1994,1,3,0
1994-01-04,1994,1,4,0
1994-01-05,1994,1,5,0
1994-01-06,1994,1,6,0
1994-01-07,1994,1,7,0
1994-01-08,1994,1,8,0.0010254319
1994-01-09,1994,1,9,0
1994-01-10,1994,1,10,0
1994-01-11,1994,1,11,0
1994-01-12,1994,1,12,0
1994-01-13,1994,1,13,0
1994-01-14,1994,1,14,0.59989412
1994-01-15,1994,1,15,0.086499551
1994-01-16,1994,1,16,0.068559203
1994-01-17,1994,1,17,0.0064701239
1994-01-18,1994,1,18,0
1994-01-19,1994,1,19,0
1994-01-20,1994,1,20,0
1994-01-21,1994,1,21,0
1994-01-22,1994,1,22,0
1994-01-23,1994,1,23,0.017079982
1994-01-24,1994,1,24,0.074213893
1994-01-25,1994,1,25,0
1994-01-26,1994,1,26,0
1994-01-27,1994,1,27,0
1994-01-28,1994,1,28,5.3178801e-05
1994-01-29,1994,1,29,0
1994-01-30,1994,1,30,0
1994-01-31,1994,1,31,0.063337902
1994-02-01,1994,2,1,0.0047366787
1994-02-02,1994,2,2,0
1994-02-03,1994,2,3,0
1994-02-04,1994,2,4,0
1994-02-05,1994,2,5,0
1994-02-06,1994,2,6,0
1994-02-07,1994,2,7,0
1994-02-08,1994,2,8,0.0059720552
1994-02-09,1994,2,9,0.71893426
1994-02-10,1994,2,10,0.033710454
1994-02-11,1994,2,11,0
1994-02-12,1994,2,12,0
1994-02-13,1994,2,13,0
1994-02-14,1994,2,14,0
1994-02-15,1994,2,15,0.21220718
1994-02-16,1994,2,16,0.025318574
1994-02-17,1994,2,17,0
1994-02-18,1994,2,18,0
1994-02-19,1994,2,19,0
1994-02-20,1994,2,20,0.010038338
1994-02-21,1994,2,21,1.1407647
1994-02-22,1994,2,22,4.0611848
1994-02-23,1994,2,23,0.14054833
1994-02-24,1994,2,24,6.4930621e-05
1994-02-25,1994,2,25,0.0043735165
1994-02-26,1994,2,26,1.5875383
1994-02-27,1994,2,27,0.08635593
1994-02-28,1994,2,28,0
1994-03-01,1994,3,1,0
1994-03-02,1994,3,2,0
1994-03-03,1994,3,3,0
1994-03-04,1994,3,4,0
1994-03-05,1994,3,5,0
1994-03-06,1994,3,6,0
1994-03-07,1994,3,7,0
1994-03-08,1994,3,8,0
1994-03-09,1994,3,9,0
1994-03-10,1994,3,10,0
1994-03-11,1994,3,11,0
1994-03-12,1994,3,12,0
1994-03-13,1994,3,13,3.1088571
1994-03-14,1994,3,14,2.3401429
1994-03-15,1994,3,15,5.0686625e-07
1994-03-16,1994,3,16,0
1994-03-17,1994,3,17,0
1994-03-18,1994,3,18,0
1994-03-19,1994,3,19,0
1994-03-20,1994,3,20,0
1994-03-21,1994,3,21,0
1994-03-22,1994,3,22,0
1994-03-23,1994,3,23,1.1058745
1994-03-24,1994,3,24,0.0015139616
1994-03-25,1994,3,25,0
1994-03-26,1994,3,26,0
1994-03-27,1994,3,27,0
1994-03-28,1994,3,28,0
1994-03-29,1994,3,29,0
1994-03-30,1994,3,30,0
1994-03-31,1994,3,31,0
1994-04-01,1994,4,1,0
1994-04-02,1994,4,2,0
1994-04-03,1994,4,3,0.0047074809
1994-04-04,1994,4,4,10.709433
1994-04-05,1994,4,5,0.00099821576
1994-04-06,1994,4,6,0
1994-04-07,1994,4,7,0
1994-04-08,1994,4,8,3.9273734
1994-04-09,1994,4,9,0.0019848558
1994-04-10,1994,4,10,0
1994-04-11,1994,4,11,0
1994-04-12,1994,4,12,0
1994-04-13,1994,4,13,0
1994-04-14,1994,4,14,0
1994-04-15,1994,4,15,0
1994-04-16,1994,4,16,0
1994-04-17,1994,4,17,0
1994-04-18,1994,4,18,0
1994-04-19,1994,4,19,0.68098125
1994-04-20,1994,4,20,2.4272271
1994-04-21,1994,4,21,0.0034890943
1994-04-22,1994,4,22,0
1994-04-23,1994,4,23,0
1994-04-24,1994,4,24,0
1994-04-25,1994,4,25,0.0074831182
1994-04-26,1994,4,26,52.072245
1994-04-27,1994,4,27,20.844586
1994-04-28,1994,4,28,2.9766677e-05
1994-04-29,1994,4,29,0.49648979
1994-04-30,1994,4,30,2.7523116
1994-05-01,1994,5,1,0.0090408525
1994-05-02,1994,5,2,0
1994-05-03,1994,5,3,0
1994-05-04,1994,5,4,0
1994-05-05,1994,5,5,0.81737435
1994-05-06,1994,5,6,0
1994-05-07,1994,5,7,0
1994-05-08,1994,5,8,0.0048972546
1994-05-09,1994,5,9,0.016087763
1994-05-10,1994,5,10,0.0068927897
1994-05-11,1994,5,11,0
1994-05-12,1994,5,12,0
1994-05-13,1994,5,13,0
1994-05-14,1994,5,14,0
1994-05-15,1994,5,15,0
1994-05-16,1994,5,16,0
1994-05-17,1994,5,17,0
1994-05-18,1994,5,18,0
1994-05-19,1994,5,19,0
1994-05-20,1994,5,20,0
1994-05-21,1994,5,21,0
1994-05-22,1994,5,22,31.786479
1994-05-23,1994,5,23,48.665896
1994-05-24,1994,5,24,9.4630631
1994-05-25,1994,5,25,0
1994-05-26,1994,5,26,0
1994-05-27,1994,5,27,5.5906423
1994-05-28,1994,5,28,0
1994-05-29,1994,5,29,0
1994-05-30,1994,5,30,0
1994-05-31,1994,5,31,0.50116206
1994-06-01,1994,6,1,9.0350456
1994-06-02,1994,6,2,6.7636456
1994-06-03,1994,6,3,0.00041650601
1994-06-04,1994,6,4,0
1994-06-05,1994,6,5,0.00079999346
1994-06-06,1994,6,6,0
1994-06-07,1994,6,7,0
1994-06-08,1994,6,8,0
1994-06-09,1994,6,9,0
1994-06-10,1994,6,10,0
1994-06-11,1994,6,11,0
1994-06-12,1994,6,12,0
1994-06-13,1994,6,13,2.0175583
1994-06-14,1994,6,14,16.776064
1994-06-15,1994,6,15,0.11632802
1994-06-16,1994,6,16,1.5474143
1994-06-17,1994,6,17,4.277119
1994-06-18,1994,6,18,0
1994-06-19,1994,6,19,14.400606
1994-06-20,1994,6,20,3.5908306
1994-06-21,1994,6,21,14.348556
1994-06-22,1994,6,22,0
1994-06-23,1994,6,23,6.8278556
1994-06-24,1994,6,24,0.26313601
1994-06-25,1994,6,25,0
1994-06-26,1994,6,26,0
1994-06-27,1994,6,27,0
1994-06-28,1994,6,28,0
1994-06-29,1994,6,29,15.654458
1994-06-30,1994,6,30,0.048157614
1994-07-01,1994,7,1,0.073596816
1994-07-02,1994,7,2,1.0644191e-05
1994-07-03,1994,7,3,0.025590423
1994-07-04,1994,7,4,0.14620852
1994-07-05,1994,7,5,0
1994-07-06,1994,7,6,0.003134617
1994-07-07,1994,7,7,0
1994-07-08,1994,7,8,0
1994-07-09,1994,7,9,0
1994-07-10,1994,7,10,0
1994-07-11,1994,7,11,0
1994-07-12,1994,7,12,0
1994-07-13,1994,7,13,0.018294104
1994-07-14,1994,7,14,0
1994-07-15,1994,7,15,0
1994-07-16,1994,7,16,1.1118136
1994-07-17,1994,7,17,1.7009905
1994-07-18,1994,7,18,47.70461
1994-07-19,1994,7,19,66.357926
1994-07-20,1994,7,20,72.913411
1994-07-21,1994,7,21,13.474221
1994-07-22,1994,7,22,4.2539324
1994-07-23,1994,7,23,1.1767143
1994-07-24,1994,7,24,40.33098
1994-07-25,1994,7,25,17.811586
1994-07-26,1994,7,26,2.7344077
1994-07-27,1994,7,27,8.4167404
1994-07-28,1994,7,28,0
1994-07-29,1994,7,29,0.048726038
1994-07-30,1994,7,30,0
1994-07-31,1994,7,31,0.00012503427
1994-08-01,1994,8,1,0
1994-08-02,1994,8,2,0
1994-08-03,1994,8,3,0
1994-08-04,1994,8,4,0
1994-08-05,1994,8,5,0
1994-08-06,1994,8,6,0
1994-08-07,1994,8,7,1.6029603
1994-08-08,1994,8,8,1.6973228
1994-08-09,1994,8,9,0
1994-08-10,1994,8,10,0
1994-08-11,1994,8,11,0
1994-08-12,1994,8,12,1.3047924e-05
1994-08-13,1994,8,13,0
1994-08-14,1994,8,14,0
1994-08-15,1994,8,15,0
1994-08-16,1994,8,16,0
1994-08-17,1994,8,17,4.9157984
1994-08-18,1994,8,18,1.0605724
1994-08-19,1994,8,19,0
1994-08-20,1994,8,20,0
1994-08-21,1994,8,21,0
1994-08-22,1994,8,22,0
1994-08-23,1994,8,23,0
1994-08-24,1994,8,24,0.34019274
1994-08-25,1994,8,25,0.00015660209
1994-08-26,1994,8,26,0
1994-08-27,1994,8,27,0
1994-08-28,1994,8,28,0
1994-08-29,1994,8,29,0
1994-08-30,1994,8,30,6.688392
1994-08-31,1994,8,31,0.013652693
1994-09-01,1994,9,1,0
1994-09-02,1994,9,2,0
1994-09-03,1994,9,3,0
1994-09-04,1994,9,4,0
1994-09-05,1994,9,5,0.034200258
1994-09-06,1994,9,6,0
1994-09-07,1994,9,7,0
1994-09-08,1994,9,8,0
1994-09-09,1994,9,9,0
1994-09-10,1994,9,10,0
1994-09-11,1994,9,11,0
1994-09-12,1994,9,12,0.76885855
1994-09-13,1994,9,13,0.83008814
1994-09-14,1994,9,14,3.0414622
1994-09-15,1994,9,15,0
1994-09-16,1994,9,16,0
1994-09-17,1994,9,17,0
1994-09-18,1994,9,18,9.8078619e-05
1994-09-19,1994,9,19,5.9279446
1994-09-20,1994,9,20,10.649199
1994-09-21,1994,9,21,10.706152
1994-09-22,1994,9,22,16.887199
1994-09-23,1994,9,23,23.24011
1994-09-24,1994,9,24,0.63604503
1994-09-25,1994,9,25,0
1994-09-26,1994,9,26,0
1994-09-27,1994,9,27,0
1994-09-28,1994,9,28,0
1994-09-29,1994,9,29,0.83021767
1994-09-30,1994,9,30,0
1994-10-01,1994,10,1,0.010197207
1994-10-02,1994,10,2,0.024812694
1994-10-03,1994,10,3,3.350748
1994-10-04,1994,10,4,0
1994-10-05,1994,10,5,0
1994-10-06,1994,10,6,0
1994-10-07,1994,10,7,0
1994-10-08,1994,10,8,0
1994-10-09,1994,10,9,0
1994-10-10,1994,10,10,0.53524003
1994-10-11,1994,10,11,7.3852887
1994-10-12,1994,10,12,0
1994-10-13,1994,10,13,0
1994-10-14,1994,10,14,0
1994-10-15,1994,10,15,5.8593182
1994-10-16,1994,10,16,10.944163
1994-10-17,1994,10,17,0.26119302
1994-10-18,1994,10,18,0.055870681
1994-10-19,1994,10,19,0
1994-10-20,1994,10,20,0
1994-10-21,1994,10,21,0
1994-10-22,1994,10,22,0
1994-10-23,1994,10,23,0
1994-10-24,1994,10,24,0
1994-10-25,1994,10,25,0
1994-10-26,1994,10,26,0
1994-10-27,1994,10,27,0
1994-10-28,1994,10,28,0
1994-10-29,1994,10,29,0
1994-10-30,1994,10,30,0.004967015
1994-10-31,1994,10,31,0.057098265
1994-11-01,1994,11,1,0
1994-11-02,1994,11,2,0
1994-11-03,1994,11,3,0
1994-11-04,1994,11,4,0
1994-11-05,1994,11,5,0
1994-11-06,1994,11,6,0
1994-11-07,1994,11,7,0
1994-11-08,1994,11,8,0
1994-11-09,1994,11,9,0
1994-11-10,1994,11,10,0
1994-11-11,1994,11,11,0
1994-11-12,1994,11,12,0
1994-11-13,1994,11,13,0
1994-11-14,1994,11,14,0
1994-11-15,1994,11,15,0
1994-11-16,1994,11,16,0
1994-11-17,1994,11,17,0
1994-11-18,1994,11,18,0
1994-11-19,1994,11,19,0
1994-11-20,1994,11,20,0
1994-11-21,1994,11,21,0
1994-11-22,1994,11,22,0
1994-11-23,1994,11,23,0
1994-11-24,1994,11,24,0
1994-11-25,1994,11,25,0
1994-11-26,1994,11,26,0.026402825
1994-11-27,1994,11,27,6.0964617
1994-11-28,1994,11,28,0.060881636
1994-11-29,1994,11,29,0
1994-11-30,1994,11,30,0
1994-12-01,1994,12,1,0
1994-12-02,1994,12,2,18.399309
1994-12-03,1994,12,3,0.65286589
1994-12-04,1994,12,4,0
1994-12-05,1994,12,5,0.055590162
1994-12-06,1994,12,6,0.0027918252
1994-12-07,1994,12,7,0
1994-12-08,1994,12,8,0
1994-12-09,1994,12,9,0
1994-12-10,1994,12,10,0
1994-12-11,1994,12,11,0
1994-12-12,1994,12,12,0
1994-12-13,1994,12,13,0
1994-12-14,1994,12,14,0
1994-12-15,1994,12,15,0
1994-12-16,1994,12,16,0
1994-12-17,1994,12,17,0
1994-12-18,1994,12,18,0
1994-12-19,1994,12,19,0
1994-12-20,1994,12,20,0
1994-12-21,1994,12,21,0
1994-12-22,1994,12,22,9.2287618e-06
1994-12-23,1994,12,23,0.25065259
1994-12-24,1994,12,24,0.0045575048
1994-12-25,1994,12,25,0
1994-12-26,1994,12,26,0
1994-12-27,1994,12,27,0
1994-12-28,1994,12,28,0
1994-12-29,1994,12,29,0
1994-12-30,1994,12,30,0
1994-12-31,1994,12,31,0
1995-01-01,1995,1,1,0
1995-01-02,1995,1,2,0
1995-01-03,1995,1,3,0
1995-01-04,1995,1,4,0
1995-01-05,1995,1,5,0.0027121189
1995-01-06,1995,1,6,0
1995-01-07,1995,1,7,0
1995-01-08,1995,1,8,0
1995-01-09,1995,1,9,0
1995-01-10,1995,1,10,5.9045115
1995-01-11,1995,1,11,1.5617015
1995-01-12,1995,1,12,0.00043137282
1995-01-13,1995,1,13,0
1995-01-14,1995,1,14,2.7998728
1995-01-15,1995,1,15,1.1694314
1995-01-16,1995,1,16,0.040969467
1995-01-17,1995,1,17,0.0087988021
1995-01-18,1995,1,18,0
1995-01-19,1995,1,19,0
1995-01-20,1995,1,20,0
1995-01-21,1995,1,21,0
1995-01-22,1995,1,22,0
1995-01-23,1995,1,23,0
1995-01-24,1995,1,24,0
1995-01-25,1995,1,25,0
1995-01-26,1995,1,26,0
1995-01-27,1995,1,27,0
1995-01-28,1995,1,28,0
1995-01-29,1995,1,29,0
1995-01-30,1995,1,30,0
1995-01-31,1995,1,31,3.9825242
1995-02-01,1995,2,1,1.91914
1995-02-02,1995,2,2,0.23485714
1995-02-03,1995,2,3,1.2437695
1995-02-04,1995,2,4,0.015445426
1995-02-05,1995,2,5,0.00042493503
1995-02-06,1995,2,6,0.038950711
1995-02-07,1995,2,7,0.0099095472
1995-02-08,1995,2,8,0.0020307184
1995-02-09,1995,2,9,0.055537199
1995-02-10,1995,2,10,0.0075015388
1995-02-11,1995,2,11,0
1995-02-12,1995,2,12,0
1995-02-13,1995,2,13,0.1203744
1995-02-14,1995,2,14,0.027811794
1995-02-15,1995,2,15,0
1995-02-16,1995,2,16,0
1995-02-17,1995,2,17,3.1701548e-05
1995-02-18,1995,2,18,0
1995-02-19,1995,2,19,0
1995-02-20,1995,2,20,0
1995-02-21,1995,2,21,0.00015890076
1995-02-22,1995,2,22,7.1613067
1995-02-23,1995,2,23,0.20154235
1995-02-24,1995,2,24,0
1995-02-25,1995,2,25,0
1995-02-26,1995,2,26,0
1995-02-27,1995,2,27,0
1995-02-28,1995,2,28,0.016114771
1995-03-01,1995,3,1,0
1995-03-02,1995,3,2,0
1995-03-03,1995,3,3,0
1995-03-04,1995,3,4,0
1995-03-05,1995,3,5,0
1995-03-06,1995,3,6,0
1995-03-07,1995,3,7,0
1995-03-08,1995,3,8,0
1995-03-09,1995,3,9,0
1995-03-10,1995,3,10,0
1995-03-11,1995,3,11,0
1995-03-12,1995,3,12,0
1995-03-13,1995,3,13,0
1995-03-14,1995,3,14,0
1995-03-15,1995,3,15,0
1995-03-16,1995,3,16,0
1995-03-17,1995,3,17,0
1995-03-18,1995,3,18,0
1995-03-19,1995,3,19,0
1995-03-20,1995,3,20,0.010284564
1995-03-21,1995,3,21,0
1995-03-22,1995,3,22,0
1995-03-23,1995,3,23,0
1995-03-24,1995,3,24,0
1995-03-25,1995,3,25,0
1995-03-26,1995,3,26,0
1995-03-27,1995,3,27,0
1995-03-28,1995,3,28,0
1995-03-29,1995,3,29,0.14478128
1995-03-30,1995,3,30,0.2247391
1995-03-31,1995,3,31,0
1995-04-01,1995,4,1,0
1995-04-02,1995,4,2,0
1995-04-03,1995,4,3,0
1995-04-04,1995,4,4,0
1995-04-05,1995,4,5,0
1995-04-06,1995,4,6,0
1995-04-07,1995,4,7,7.1444184
1995-04-08,1995,4,8,2.1768523
1995-04-09,1995,4,9,0.0054925871
1995-04-10,1995,4,10,0
1995-04-11,1995,4,11,0
1995-04-12,1995,4,12,0
1995-04-13,1995,4,13,0
1995-04-14,1995,4,14,0
1995-04-15,1995,4,15,0.73885688
1995-04-16,1995,4,16,0.0012892842
1995-04-17,1995,4,17,0
1995-04-18,1995,4,18,0
1995-04-19,1995,4,19,0
1995-04-20,1995,4,20,0
1995-04-21,1995,4,21,0
1995-04-22,1995,4,22,0
1995-04-23,1995,4,23,0
1995-04-24,1995,4,24,0
1995-04-25,1995,4,25,0
1995-04-26,1995,4,26,0.45328701
1995-04-27,1995,4,27,50.47384
1995-04-28,1995,4,28,1.6588378
1995-04-29,1995,4,29,19.436591
1995-04-30,1995,4,30,2.3968902
1995-05-01,1995,5,1,0
1995-05-02,1995,5,2,0
1995-05-03,1995,5,3,0
1995-05-04,1995,5,4,0
1995-05-05,1995,5,5,9.3508851
1995-05-06,1995,5,6,0
1995-05-07,1995,5,7,0
1995-05-08,1995,5,8,0
1995-05-09,1995,5,9,0
1995-05-10,1995,5,10,0
1995-05-11,1995,5,11,0
1995-05-12,1995,5,12,0
1995-05-13,1995,5,13,0.0014823177
1995-05-14,1995,5,14,0
1995-05-15,1995,5,15,0
1995-05-16,1995,5,16,0
1995-05-17,1995,5,17,0
1995-05-18,1995,5,18,0
1995-05-19,1995,5,19,0
1995-05-20,1995,5,20,0
1995-05-21,1995,5,21,0
1995-05-22,1995,5,22,0
1995-05-23,1995,5,23,0
1995-05-24,1995,5,24,0
1995-05-25,1995,5,25,0
1995-05-26,1995,5,26,0
1995-05-27,1995,5,27,0
1995-05-28,1995,5,28,0
1995-05-29,1995,5,29,0
1995-05-30,1995,5,30,6.2181866
1995-05-31,1995,5,31,14.222162
1995-06-01,1995,6,1,0.71604609
1995-06-02,1995,6,2,0
1995-06-03,1995,6,3,0
1995-06-04,1995,6,4,0
1995-06-05,1995,6,5,44.989198
1995-06-06,1995,6,6,6.1506088
1995-06-07,1995,6,7,0.0053479227
1995-06-08,1995,6,8,5.7082975
1995-06-09,1995,6,9,29.382768
1995-06-10,1995,6,10,16.087614
1995-06-11,1995,6,11,0
1995-06-12,1995,6,12,0
1995-06-13,1995,6,13,0
1995-06-14,1995,6,14,0
1995-06-15,1995,6,15,17.989064
1995-06-16,1995,6,16,14.230462
1995-06-17,1995,6,17,0.04849243
1995-06-18,1995,6,18,5.1187786e-07
1995-06-19,1995,6,19,0
1995-06-20,1995,6,20,0
1995-06-21,1995,6,21,0
1995-06-22,1995,6,22,0.007891568
1995-06-23,1995,6,23,50.14354
1995-06-24,1995,6,24,1.7101799
1995-06-25,1995,6,25,0
1995-06-26,1995,6,26,19.815474
1995-06-27,1995,6,27,8.634298
1995-06-28,1995,6,28,0
1995-06-29,1995,6,29,0.00035193933
1995-06-30,1995,6,30,0.29683896
1995-07-01,1995,7,1,3.9754322
1995-07-02,1995,7,2,0.024715786
1995-07-03,1995,7,3,0.032298667
1995-07-04,1995,7,4,30.100957
1995-07-05,1995,7,5,2.1982263
1995-07-06,1995,7,6,0.0054370413
1995-07-07,1995,7,7,1.0897624e-05
1995-07-08,1995,7,8,0
1995-07-09,1995,7,9,3.8179129
1995-07-10,1995,7,10,0.99270913
1995-07-11,1995,7,11,0.11709816
1995-07-12,1995,7,12,4.9235603
1995-07-13,1995,7,13,13.315884
1995-07-14,1995,7,14,11.059281
1995-07-15,1995,7,15,1.0642075
1995-07-16,1995,7,16,0
1995-07-17,1995,7,17,4.4425872
1995-07-18,1995,7,18,7.5054692
1995-07-19,1995,7,19,0.27654094
1995-07-20,1995,7,20,0
1995-07-21,1995,7,21,0
1995-07-22,1995,7,22,0
1995-07-23,1995,7,23,14.280882
1995-07-24,1995,7,24,0.18556661
1995-07-25,1995,7,25,2.4617974
1995-07-26,1995,7,26,13.647493
1995-07-27,1995,7,27,3.4620007
1995-07-28,1995,7,28,30.673187
1995-07-29,1995,7,29,6.4297763
1995-07-30,1995,7,30,0.29406762
1995-07-31,1995,7,31,0.22250267
1995-08-01,1995,8,1,0.006295842
1995-08-02,1995,8,2,0
1995-08-03,1995,8,3,0
1995-08-04,1995,8,4,0
1995-08-05,1995,8,5,0.022140039
1995-08-06,1995,8,6,0.0001507332
1995-08-07,1995,8,7,0
1995-08-08,1995,8,8,0
1995-08-09,1995,8,9,0
1995-08-10,1995,8,10,0
1995-08-11,1995,8,11,0.4853444
1995-08-12,1995,8,12,12.864914
1995-08-13,1995,8,13,50.515648
1995-08-14,1995,8,14,6.8851515
1995-08-15,1995,8,15,0
1995-08-16,1995,8,16,0
1995-08-17,1995,8,17,0
1995-08-18,1995,8,18,0
1995-08-19,1995,8,19,0
1995-08-20,1995,8,20,0
1995-08-21,1995,8,21,0
1995-08-22,1995,8,22,0
1995-08-23,1995,8,23,0
1995-08-24,1995,8,24,0.014970472
1995-08-25,1995,8,25,0
1995-08-26,1995,8,26,0.15877762
1995-08-27,1995,8,27,0
1995-08-28,1995,8,28,15.566126
1995-08-29,1995,8,29,0.013802798
1995-08-30,1995,8,30,0
1995-08-31,1995,8,31,0
1995-09-01,1995,9,1,0
1995-09-02,1995,9,2,0
1995-09-03,1995,9,3,0
1995-09-04,1995,9,4,0
1995-09-05,1995,9,5,0
1995-09-06,1995,9,6,0
1995-09-07,1995,9,7,0
1995-09-08,1995,9,8,12.274429
1995-09-09,1995,9,9,7.0678353
1995-09-10,1995,9,10,0.25535605
1995-09-11,1995,9,11,0
1995-09-12,1995,9,12,6.8876056
1995-09-13,1995,9,13,0.30195629
1995-09-14,1995,9,14,0
1995-09-15,1995,9,15,0
1995-09-16,1995,9,16,0
1995-09-17,1995,9,17,15.674847
1995-09-18,1995,9,18,2.5153502
1995-09-19,1995,9,19,0
1995-09-20,1995,9,20,0
1995-09-21,1995,9,21,0.15277788
1995-09-22,1995,9,22,0
1995-09-23,1995,9,23,0
1995-09-24,1995,9,24,0
1995-09-25,1995,9,25,0
1995-09-26,1995,9,26,0.0052236116
1995-09-27,1995,9,27,0.59371093
1995-09-28,1995,9,28,0
1995-09-29,1995,9,29,0
1995-09-30,1995,9,30,0
1995-10-01,1995,10,1,0
1995-10-02,1995,10,2,5.6812816
1995-10-03,1995,10,3,0.65838139
1995-10-04,1995,10,4,0
1995-10-05,1995,10,5,7.1087119
1995-10-06,1995,10,6,2.5411029
1995-10-07,1995,10,7,0
1995-10-08,1995,10,8,0
1995-10-09,1995,10,9,0
1995-10-10,1995,10,10,0.40587795
1995-10-11,1995,10,11,6.5253024
1995-10-12,1995,10,12,0.13619368
1995-10-13,1995,10,13,0
1995-10-14,1995,10,14,0
1995-10-15,1995,10,15,0
1995-10-16,1995,10,16,0
1995-10-17,1995,10,17,0
1995-10-18,1995,10,18,0
1995-10-19,1995,10,19,0
1995-10-20,1995,10,20,0
1995-10-21,1995,10,21,0
1995-10-22,1995,10,22,0
1995-10-23,1995,10,23,0
1995-10-24,1995,10,24,0
1995-10-25,1995,10,25,0
1995-10-26,1995,10,26,0.11231133
1995-10-27,1995,10,27,0
1995-10-28,1995,10,28,0
1995-10-29,1995,10,29,0
1995-10-30,1995,10,30,0
1995-10-31,1995,10,31,0
1995-11-01,1995,11,1,0
1995-11-02,1995,11,2,0
1995-11-03,1995,11,3,0
1995-11-04,1995,11,4,0
1995-11-05,1995,11,5,0
1995-11-06,1995,11,6,0
1995-11-07,1995,11,7,0.0080045392
1995-11-08,1995,11,8,3.7326896
1995-11-09,1995,11,9,0
1995-11-10,1995,11,10,0
1995-11-11,1995,11,11,0
1995-11-12,1995,11,12,0
1995-11-13,1995,11,13,0
1995-11-14,1995,11,14,0
1995-11-15,1995,11,15,0
1995-11-16,1995,11,16,0
1995-11-17,1995,11,17,0
1995-11-18,1995,11,18,0
1995-11-19,1995,11,19,0
1995-11-20,1995,11,20,0
1995-11-21,1995,11,21,0
1995-11-22,1995,11,22,0
1995-11-23,1995,11,23,0
1995-11-24,1995,11,24,0
1995-11-25,1995,11,25,0
1995-11-26,1995,11,26,0
1995-11-27,1995,11,27,0
1995-11-28,1995,11,28,0
1995-11-29,1995,11,29,0
1995-11-30,1995,11,30,0.10200371
1995-12-01,1995,12,1,0.031601356
1995-12-02,1995,12,2,0.0031927014
1995-12-03,1995,12,3,0.0013080633
1995-12-04,1995,12,4,0.0040021919
1995-12-05,1995,12,5,0.0038585189
1995-12-06,1995,12,6,0.0012701747
1995-12-07,1995,12,7,0.030695332
1995-12-08,1995,12,8,1.6180293
1995-12-09,1995,12,9,0.040581315
1995-12-10,1995,12,10,0
1995-12-11,1995,12,11,0.029092828
1995-12-12,1995,12,12,0.00068041178
1995-12-13,1995,12,13,0.050006506
1995-12-14,1995,12,14,0.0094894436
1995-12-15,1995,12,15,0.01207493
1995-12-16,1995,12,16,0.0050724748
1995-12-17,1995,12,17,0
1995-12-18,1995,12,18,0
1995-12-19,1995,12,19,0
1995-12-20,1995,12,20,1.163299
1995-12-21,1995,12,21,0.014355685
1995-12-22,1995,12,22,0.0098028886
1995-12-23,1995,12,23,0.52214627
1995-12-24,1995,12,24,0.90839751
1995-12-25,1995,12,25,2.7816499
1995-12-26,1995,12,26,1.0509913
1995-12-27,1995,12,27,2.1246032
1995-12-28,1995,12,28,2.5884036
1995-12-29,1995,12,29,3.3740999
1995-12-30,1995,12,30,1.0540624
1995-12-31,1995,12,31,0.024980618
1996-01-01,1996,1,1,0
1996-01-02,1996,1,2,0
1996-01-03,1996,1,3,2.6509072
1996-01-04,1996,1,4,0.076629553
1996-01-05,1996,1,5,0
1996-01-06,1996,1,6,0
1996-01-07,1996,1,7,0
1996-01-08,1996,1,8,0.080968993
1996-01-09,1996,1,9,0.035868693
1996-01-10,1996,1,10,0.23123002
1996-01-11,1996,1,11,0.5787637
1996-01-12,1996,1,12,5.4288783
1996-01-13,1996,1,13,0.26478909
1996-01-14,1996,1,14,0
1996-01-15,1996,1,15,0
1996-01-16,1996,1,16,0
1996-01-17,1996,1,17,0
1996-01-18,1996,1,18,0
1996-01-19,1996,1,19,0.0052673651
1996-01-20,1996,1,20,0.047339071
1996-01-21,1996,1,21,0.00016152253
1996-01-22,1996,1,22,0.011875228
1996-01-23,1996,1,23,0
1996-01-24,1996,1,24,0
1996-01-25,1996,1,25,0
1996-01-26,1996,1,26,0
1996-01-27,1996,1,27,0
1996-01-28,1996,1,28,0
1996-01-29,1996,1,29,0
1996-01-30,1996,1,30,0.00026483461
1996-01-31,1996,1,31,0
1996-02-01,1996,2,1,0
1996-02-02,1996,2,2,1.2421388e-05
1996-02-03,1996,2,3,0.014308574
1996-02-04,1996,2,4,0.094263499
1996-02-05,1996,2,5,0.0047168327
1996-02-06,1996,2,6,0
1996-02-07,1996,2,7,0
1996-02-08,1996,2,8,0
1996-02-09,1996,2,9,0.00039841766
1996-02-10,1996,2,10,0.00085564418
1996-02-11,1996,2,11,0
1996-02-12,1996,2,12,0.0012418318
1996-02-13,1996,2,13,0.0067515764
1996-02-14,1996,2,14,0.0018699137
1996-02-15,1996,2,15,0
1996-02-16,1996,2,16,0
1996-02-17,1996,2,17,0
1996-02-18,1996,2,18,0
1996-02-19,1996,2,19,0
1996-02-20,1996,2,20,0
1996-02-21,1996,2,21,0
1996-02-22,1996,2,22,0
1996-02-23,1996,2,23,0
1996-02-24,1996,2,24,0
1996-02-25,1996,2,25,0
1996-02-26,1996,2,26,0
1996-02-27,1996,2,27,0
1996-02-28,1996,2,28,0.0046975752
1996-02-29,1996,2,29,0.22815267
1996-03-01,1996,3,1,0
1996-03-02,1996,3,2,0
1996-03-03,1996,3,3,0
1996-03-04,1996,3,4,0
1996-03-05,1996,3,5,0
1996-03-06,1996,3,6,0
1996-03-07,1996,3,7,0
1996-03-08,1996,3,8,0
1996-03-09,1996,3,9,0
1996-03-10,1996,3,10,0
1996-03-11,1996,3,11,0
1996-03-12,1996,3,12,0
1996-03-13,1996,3,13,0
1996-03-14,1996,3,14,0
1996-03-15,1996,3,15,0
1996-03-16,1996,3,16,0
1996-03-17,1996,3,17,0
1996-03-18,1996,3,18,0
1996-03-19,1996,3,19,0
1996-03-20,1996,3,20,0
1996-03-21,1996,3,21,0.27507771
1996-03-22,1996,3,22,0.03488446
1996-03-23,1996,3,23,0
1996-03-24,1996,3,24,0
1996-03-25,1996,3,25,0
1996-03-26,1996,3,26,0
1996-03-27,1996,3,27,0
1996-03-28,1996,3,28,0
1996-03-29,1996,3,29,0
1996-03-30,1996,3,30,0
1996-03-31,1996,3,31,0
1996-04-01,1996,4,1,0.09614697
1996-04-02,1996,4,2,20.751495
1996-04-03,1996,4,3,1.4756346
1996-04-04,1996,4,4,2.0101786
1996-04-05,1996,4,5,2.052016
1996-04-06,1996,4,6,0
1996-04-07,1996,4,7,0
1996-04-08,1996,4,8,0
1996-04-09,1996,4,9,0
1996-04-10,1996,4,10,0
1996-04-11,1996,4,11,0
1996-04-12,1996,4,12,0
1996-04-13,1996,4,13,0
1996-04-14,1996,4,14,12.986534
1996-04-15,1996,4,15,0.059498023
1996-04-16,1996,4,16,0
1996-04-17,1996,4,17,0
1996-04-18,1996,4,18,0
1996-04-19,1996,4,19,0
1996-04-20,1996,4,20,0
1996-04-21,1996,4,21,0
1996-04-22,1996,4,22,0
1996-04-23,1996,4,23,0
1996-04-24,1996,4,24,0.0042204025
1996-04-25,1996,4,25,0.00018046048
1996-04-26,1996,4,26,0
1996-04-27,1996,4,27,0
1996-04-28,1996,4,28,0
1996-04-29,1996,4,29,0
1996-04-30,1996,4,30,0.0031674226
1996-05-01,1996,5,1,0
1996-05-02,1996,5,2,0
1996-05-03,1996,5,3,0
1996-05-04,1996,5,4,0
1996-05-05,1996,5,5,0
1996-05-06,1996,5,6,0
1996-05-07,1996,5,7,0.0026384544
1996-05-08,1996,5,8,0.00017044288
1996-05-09,1996,5,9,0
1996-05-10,1996,5,10,0
1996-05-11,1996,5,11,0
1996-05-12,1996,5,12,0
1996-05-13,1996,5,13,0
1996-05-14,1996,5,14,0
1996-05-15,1996,5,15,5.5237078
1996-05-16,1996,5,16,3.1462975
1996-05-17,1996,5,17,0.00020163139
1996-05-18,1996,5,18,0
1996-05-19,1996,5,19,0.013105789
1996-05-20,1996,5,20,0.00021329441
1996-05-21,1996,5,21,0
1996-05-22,1996,5,22,0.24375784
1996-05-23,1996,5,23,0.47877834
1996-05-24,1996,5,24,0.078076297
1996-05-25,1996,5,25,0
1996-05-26,1996,5,26,0
1996-05-27,1996,5,27,0
1996-05-28,1996,5,28,0.00016875493
1996-05-29,1996,5,29,0.0061604783
1996-05-30,1996,5,30,0.027969778
1996-05-31,1996,5,31,0
1996-06-01,1996,6,1,0
1996-06-02,1996,6,2,6.9647156e-05
1996-06-03,1996,6,3,0
1996-06-04,1996,6,4,0
1996-06-05,1996,6,5,0
1996-06-06,1996,6,6,0
1996-06-07,1996,6,7,0
1996-06-08,1996,6,8,0
1996-06-09,1996,6,9,0
1996-06-10,1996,6,10,0
1996-06-11,1996,6,11,0.061720823
1996-06-12,1996,6,12,6.0405738
1996-06-13,1996,6,13,32.944601
1996-06-14,1996,6,14,2.8823286
1996-06-15,1996,6,15,0.0052056155
1996-06-16,1996,6,16,0.28216178
1996-06-17,1996,6,17,0.21410523
1996-06-18,1996,6,18,0.021403602
1996-06-19,1996,6,19,0.0044754289
1996-06-20,1996,6,20,0
1996-06-21,1996,6,21,0
1996-06-22,1996,6,22,0
1996-06-23,1996,6,23,0
1996-06-24,1996,6,24,0
1996-06-25,1996,6,25,0
1996-06-26,1996,6,26,4.3092629
1996-06-27,1996,6,27,0.003324664
1996-06-28,1996,6,28,0
1996-06-29,1996,6,29,0
1996-06-30,1996,6,30,0.00068515249
1996-07-01,1996,7,1,0.22903069
1996-07-02,1996,7,2,0
1996-07-03,1996,7,3,0.28561084
1996-07-04,1996,7,4,13.599697
1996-07-05,1996,7,5,0
1996-07-06,1996,7,6,0.94396607
1996-07-07,1996,7,7,0.5647738
1996-07-08,1996,7,8,0.055619941
1996-07-09,1996,7,9,0
1996-07-10,1996,7,10,0
1996-07-11,1996,7,11,0
1996-07-12,1996,7,12,0
1996-07-13,1996,7,13,0
1996-07-14,1996,7,14,0
1996-07-15,1996,7,15,0
1996-07-16,1996,7,16,0
1996-07-17,1996,7,17,0
1996-07-18,1996,7,18,0
1996-07-19,1996,7,19,0.00025682389
1996-07-20,1996,7,20,0.00014800021
1996-07-21,1996,7,21,0
1996-07-22,1996,7,22,0
1996-07-23,1996,7,23,0
1996-07-24,1996,7,24,0
1996-07-25,1996,7,25,0
1996-07-26,1996,7,26,0.98325224
1996-07-27,1996,7,27,0.046496495
1996-07-28,1996,7,28,0
1996-07-29,1996,7,29,0
1996-07-30,1996,7,30,0
1996-07-31,1996,7,31,0
1996-08-01,1996,8,1,0
1996-08-02,1996,8,2,0.14796017
1996-08-03,1996,8,3,15.319573
1996-08-04,1996,8,4,1.1423788
1996-08-05,1996,8,5,7.392185
1996-08-06,1996,8,6,0.0071966549
1996-08-07,1996,8,7,0.21523413
1996-08-08,1996,8,8,4.9510901
1996-08-09,1996,8,9,0.0015869664
1996-08-10,1996,8,10,0
1996-08-11,1996,8,11,0
1996-08-12,1996,8,12,27.202658
1996-08-13,1996,8,13,6.1632319
1996-08-14,1996,8,14,0
1996-08-15,1996,8,15,0
1996-08-16,1996,8,16,0
1996-08-17,1996,8,17,0
1996-08-18,1996,8,18,0
1996-08-19,1996,8,19,0
1996-08-20,1996,8,20,0
1996-08-21,1996,8,21,0
1996-08-22,1996,8,22,0
1996-08-23,1996,8,23,18.464257
1996-08-24,1996,8,24,18.511427
1996-08-25,1996,8,25,1.2068117
1996-08-26,1996,8,26,0
1996-08-27,1996,8,27,0
1996-08-28,1996,8,28,0
1996-08-29,1996,8,29,0
1996-08-30,1996,8,30,0
1996-08-31,1996,8,31,0
1996-09-01,1996,9,1,0
1996-09-02,1996,9,2,0
1996-09-03,1996,9,3,0.00037311512
1996-09-04,1996,9,4,0
1996-09-05,1996,9,5,0
1996-09-06,1996,9,6,0
1996-09-07,1996,9,7,0.68968974
1996-09-08,1996,9,8,0
1996-09-09,1996,9,9,0
1996-09-10,1996,9,10,0
1996-09-11,1996,9,11,0
1996-09-12,1996,9,12,0
1996-09-13,1996,9,13,0
1996-09-14,1996,9,14,0
1996-09-15,1996,9,15,0
1996-09-16,1996,9,16,0
1996-09-17,1996,9,17,2.4430469
1996-09-18,1996,9,18,0
1996-09-19,1996,9,19,0
1996-09-20,1996,9,20,0
1996-09-21,1996,9,21,0
1996-09-22,1996,9,22,0
1996-09-23,1996,9,23,0.24117865
1996-09-24,1996,9,24,0.74434387
1996-09-25,1996,9,25,0
1996-09-26,1996,9,26,0
1996-09-27,1996,9,27,0
1996-09-28,1996,9,28,0
1996-09-29,1996,9,29,0
1996-09-30,1996,9,30,0
1996-10-01,1996,10,1,0
1996-10-02,1996,10,2,0
1996-10-03,1996,10,3,8.4823938
1996-10-04,1996,10,4,2.7575061
1996-10-05,1996,10,5,0
1996-10-06,1996,10,6,0
1996-10-07,1996,10,7,0
1996-10-08,1996,10,8,0
1996-10-09,1996,10,9,0.21090249
1996-10-10,1996,10,10,3.7362428
1996-10-11,1996,10,11,0
1996-10-12,1996,10,12,0
1996-10-13,1996,10,13,0
1996-10-14,1996,10,14,0
1996-10-15,1996,10,15,0.020004341
1996-10-16,1996,10,16,1.2200994
1996-10-17,1996,10,17,0
1996-10-18,1996,10,18,0.0060840323
1996-10-19,1996,10,19,0
1996-10-20,1996,10,20,0
1996-10-21,1996,10,21,0
1996-10-22,1996,10,22,0
1996-10-23,1996,10,23,0.86357037
1996-10-24,1996,10,24,0
1996-10-25,1996,10,25,0
1996-10-26,1996,10,26,0
1996-10-27,1996,10,27,0
1996-10-28,1996,10,28,0
1996-10-29,1996,10,29,0
1996-10-30,1996,10,30,0.57095323
1996-10-31,1996,10,31,0.16223075
1996-11-01,1996,11,1,0
1996-11-02,1996,11,2,0
1996-11-03,1996,11,3,0
1996-11-04,1996,11,4,0
1996-11-05,1996,11,5,0.77183613
1996-11-06,1996,11,6,0.19078089
1996-11-07,1996,11,7,1.0152179
1996-11-08,1996,11,8,0.30877725
1996-11-09,1996,11,9,0
1996-11-10,1996,11,10,0
1996-11-11,1996,11,11,0
1996-11-12,1996,11,12,0
1996-11-13,1996,11,13,0
1996-11-14,1996,11,14,0
1996-11-15,1996,11,15,0
1996-11-16,1996,11,16,0
1996-11-17,1996,11,17,0
1996-11-18,1996,11,18,0
1996-11-19,1996,11,19,0
1996-11-20,1996,11,20,0
1996-11-21,1996,11,21,0
1996-11-22,1996,11,22,0
1996-11-23,1996,11,23,0
1996-11-24,1996,11,24,0.063677659
1996-11-25,1996,11,25,0.16413653
1996-11-26,1996,11,26,0
1996-11-27,1996,11,27,0
1996-11-28,1996,11,28,0.0090994201
1996-11-29,1996,11,29,0
1996-11-30,1996,11,30,0
1996-12-01,1996,12,1,0
1996-12-02,1996,12,2,0.00096198427
1996-12-03,1996,12,3,0.0012884632
1996-12-04,1996,12,4,0.0054055952
1996-12-05,1996,12,5,5.682826
1996-12-06,1996,12,6,0.0063107704
1996-12-07,1996,12,7,0.0028704273
1996-12-08,1996,12,8,11.549646
1996-12-09,1996,12,9,2.528943
1996-12-10,1996,12,10,0.024759865
1996-12-11,1996,12,11,0.08779961
1996-12-12,1996,12,12,0.0018654432
1996-12-13,1996,12,13,0.0069389162
1996-12-14,1996,12,14,0.00084348439
1996-12-15,1996,12,15,0
1996-12-16,1996,12,16,0
1996-12-17,1996,12,17,0
1996-12-18,1996,12,18,0
1996-12-19,1996,12,19,2.0464591e-05
1996-12-20,1996,12,20,0
1996-12-21,1996,12,21,0
1996-12-22,1996,12,22,0
1996-12-23,1996,12,23,0
1996-12-24,1996,12,24,0
1996-12-25,1996,12,25,0
1996-12-26,1996,12,26,0
1996-12-27,1996,12,27,0
1996-12-28,1996,12,28,0
1996-12-29,1996,12,29,0
1996-12-30,1996,12,30,0
1996-12-31,1996,12,31,0.0018676045
1997-01-01,1997,1,1,0
1997-01-02,1997,1,2,0
1997-01-03,1997,1,3,0
1997-01-04,1997,1,4,0
1997-01-05,1997,1,5,0
1997-01-06,1997,1,6,0
1997-01-07,1997,1,7,0
1997-01-08,1997,1,8,0
1997-01-09,1997,1,9,0
1997-01-10,1997,1,10,0
1997-01-11,1997,1,11,0
1997-01-12,1997,1,12,0
1997-01-13,1997,1,13,0
1997-01-14,1997,1,14,0
1997-01-15,1997,1,15,0
1997-01-16,1997,1,16,0
1997-01-17,1997,1,17,0
1997-01-18,1997,1,18,0
1997-01-19,1997,1,19,0
1997-01-20,1997,1,20,0
1997-01-21,1997,1,21,0
1997-01-22,1997,1,22,0.023621971
1997-01-23,1997,1,23,0
1997-01-24,1997,1,24,0
1997-01-25,1997,1,25,0.00021172057
1997-01-26,1997,1,26,0.8790479
1997-01-27,1997,1,27,4.8415266
1997-01-28,1997,1,28,4.3243906
1997-01-29,1997,1,29,0.0021409758
1997-01-30,1997,1,30,0
1997-01-31,1997,1,31,0
1997-02-01,1997,2,1,6.9046779
1997-02-02,1997,2,2,0.043566419
1997-02-03,1997,2,3,0.16623
1997-02-04,1997,2,4,0.022116441
1997-02-05,1997,2,5,0.00024867946
1997-02-06,1997,2,6,1.2678588e-06
1997-02-07,1997,2,7,0.28005912
1997-02-08,1997,2,8,0
1997-02-09,1997,2,9,0
1997-02-10,1997,2,10,0
1997-02-11,1997,2,11,0
1997-02-12,1997,2,12,0
1997-02-13,1997,2,13,0
1997-02-14,1997,2,14,0.00030058711
1997-02-15,1997,2,15,0.0028129136
1997-02-16,1997,2,16,0.00018235658
1997-02-17,1997,2,17,0
1997-02-18,1997,2,18,0
1997-02-19,1997,2,19,0
1997-02-20,1997,2,20,0
1997-02-21,1997,2,21,0
1997-02-22,1997,2,22,0
1997-02-23,1997,2,23,0
1997-02-24,1997,2,24,0
1997-02-25,1997,2,25,0
1997-02-26,1997,2,26,0
1997-02-27,1997,2,27,0
1997-02-28,1997,2,28,0
1997-03-01,1997,3,1,0
1997-03-02,1997,3,2,0
1997-03-03,1997,3,3,0
1997-03-04,1997,3,4,0
1997-03-05,1997,3,5,0
1997-03-06,1997,3,6,0
1997-03-07,1997,3,7,0
1997-03-08,1997,3,8,0
1997-03-09,1997,3,9,0
1997-03-10,1997,3,10,0
1997-03-11,1997,3,11,0
1997-03-12,1997,3,12,0
1997-03-13,1997,3,13,0
1997-03-14,1997,3,14,0
1997-03-15,1997,3,15,0
1997-03-16,1997,3,16,0
1997-03-17,1997,3,17,0
1997-03-18,1997,3,18,0
1997-03-19,1997,3,19,0
1997-03-20,1997,3,20,0
1997-03-21,1997,3,21,6.2013481
1997-03-22,1997,3,22,5.1027474
1997-03-23,1997,3,23,0
1997-03-24,1997,3,24,0
1997-03-25,1997,3,25,0
1997-03-26,1997,3,26,0.0014854814
1997-03-27,1997,3,27,0
1997-03-28,1997,3,28,5.7679761e-05
1997-03-29,1997,3,29,0
1997-03-30,1997,3,30,4.1529428e-05
1997-03-31,1997,3,31,0.036770471
1997-04-01,1997,4,1,0
1997-04-02,1997,4,2,0
1997-04-03,1997,4,3,0
1997-04-04,1997,4,4,0
1997-04-05,1997,4,5,0
1997-04-06,1997,4,6,0
1997-04-07,1997,4,7,0
1997-04-08,1997,4,8,0.0005453348
1997-04-09,1997,4,9,0
1997-04-10,1997,4,10,0
1997-04-11,1997,4,11,0
1997-04-12,1997,4,12,0
1997-04-13,1997,4,13,0
1997-04-14,1997,4,14,0
1997-04-15,1997,4,15,0
1997-04-16,1997,4,16,0
1997-04-17,1997,4,17,0
1997-04-18,1997,4,18,0
1997-04-19,1997,4,19,0
1997-04-20,1997,4,20,0
1997-04-21,1997,4,21,0
1997-04-22,1997,4,22,2.3598923
1997-04-23,1997,4,23,16.750775
1997-04-24,1997,4,24,0.0084355635
1997-04-25,1997,4,25,0
1997-04-26,1997,4,26,0
1997-04-27,1997,4,27,0
1997-04-28,1997,4,28,0
1997-04-29,1997,4,29,0
1997-04-30,1997,4,30,0.0016821182
1997-05-01,1997,5,1,0
1997-05-02,1997,5,2,0
1997-05-03,1997,5,3,0
1997-05-04,1997,5,4,0
1997-05-05,1997,5,5,0
1997-05-06,1997,5,6,0
1997-05-07,1997,5,7,0
1997-05-08,1997,5,8,0
1997-05-09,1997,5,9,0
1997-05-10,1997,5,10,0
1997-05-11,1997,5,11,0
1997-05-12,1997,5,12,0
1997-05-13,1997,5,13,0
1997-05-14,1997,5,14,0
1997-05-15,1997,5,15,0
1997-05-16,1997,5,16,3.1639538
1997-05-17,1997,5,17,26.218859
1997-05-18,1997,5,18,22.705848
1997-05-19,1997,5,19,8.6193967
1997-05-20,1997,5,20,16.282139
1997-05-21,1997,5,21,0.27106359
1997-05-22,1997,5,22,0
1997-05-23,1997,5,23,0
1997-05-24,1997,5,24,0
1997-05-25,1997,5,25,0
1997-05-26,1997,5,26,0.02643419
1997-05-27,1997,5,27,0
1997-05-28,1997,5,28,11.587074
1997-05-29,1997,5,29,63.470708
1997-05-30,1997,5,30,9.9977347
1997-05-31,1997,5,31,0.058336082
1997-06-01,1997,6,1,0
1997-06-02,1997,6,2,0
1997-06-03,1997,6,3,50.98724
1997-06-04,1997,6,4,32.797886
1997-06-05,1997,6,5,1.4758142
1997-06-06,1997,6,6,0
1997-06-07,1997,6,7,0
1997-06-08,1997,6,8,0
1997-06-09,1997,6,9,0
1997-06-10,1997,6,10,1.1307023
1997-06-11,1997,6,11,53.169758
1997-06-12,1997,6,12,7.1506059
1997-06-13,1997,6,13,3.4186014
1997-06-14,1997,6,14,13.144187
1997-06-15,1997,6,15,43.708233
1997-06-16,1997,6,16,3.1954374
1997-06-17,1997,6,17,13.41959
1997-06-18,1997,6,18,2.3061217
1997-06-19,1997,6,19,85.783101
1997-06-20,1997,6,20,96.128197
1997-06-21,1997,6,21,54.166436
1997-06-22,1997,6,22,48.781211
1997-06-23,1997,6,23,24.204876
1997-06-24,1997,6,24,1.2249986
1997-06-25,1997,6,25,0.0018662108
1997-06-26,1997,6,26,0.013994341
1997-06-27,1997,6,27,0
1997-06-28,1997,6,28,0.0013039952
1997-06-29,1997,6,29,4.0950229e-06
1997-06-30,1997,6,30,0
1997-07-01,1997,7,1,0
1997-07-02,1997,7,2,0.42930756
1997-07-03,1997,7,3,5.5100898
1997-07-04,1997,7,4,0
1997-07-05,1997,7,5,0
1997-07-06,1997,7,6,0
1997-07-07,1997,7,7,4.5479266
1997-07-08,1997,7,8,0
1997-07-09,1997,7,9,0.2565215
1997-07-10,1997,7,10,0.0010822223
1997-07-11,1997,7,11,2.2784019
1997-07-12,1997,7,12,0.082630814
1997-07-13,1997,7,13,0
1997-07-14,1997,7,14,0
1997-07-15,1997,7,15,0
1997-07-16,1997,7,16,0
1997-07-17,1997,7,17,0
1997-07-18,1997,7,18,0
1997-07-19,1997,7,19,0
1997-07-20,1997,7,20,0
1997-07-21,1997,7,21,0
1997-07-22,1997,7,22,0
1997-07-23,1997,7,23,0
1997-07-24,1997,7,24,0
1997-07-25,1997,7,25,0
1997-07-26,1997,7,26,0
1997-07-27,1997,7,27,0
1997-07-28,1997,7,28,0
1997-07-29,1997,7,29,12.957795
1997-07-30,1997,7,30,34.391778
1997-07-31,1997,7,31,5.4034861
1997-08-01,1997,8,1,0.16448319
1997-08-02,1997,8,2,0.066963148
1997-08-03,1997,8,3,0.00024334468
1997-08-04,1997,8,4,0
1997-08-05,1997,8,5,0
1997-08-06,1997,8,6,0
1997-08-07,1997,8,7,0
1997-08-08,1997,8,8,0
1997-08-09,1997,8,9,0
1997-08-10,1997,8,10,0
1997-08-11,1997,8,11,0
1997-08-12,1997,8,12,0
1997-08-13,1997,8,13,0.79598206
1997-08-14,1997,8,14,0.047945185
1997-08-15,1997,8,15,21.666755
1997-08-16,1997,8,16,71.443508
1997-08-17,1997,8,17,24.088407
1997-08-18,1997,8,18,4.8132267
1997-08-19,1997,8,19,0.13649428
1997-08-20,1997,8,20,0.0016060749
1997-08-21,1997,8,21,0
1997-08-22,1997,8,22,0
1997-08-23,1997,8,23,0
1997-08-24,1997,8,24,0
1997-08-25,1997,8,25,0
1997-08-26,1997,8,26,0
1997-08-27,1997,8,27,0
1997-08-28,1997,8,28,0
1997-08-29,1997,8,29,2.0058821
1997-08-30,1997,8,30,28.490186
1997-08-31,1997,8,31,49.035578
1997-09-01,1997,9,1,14.174393
1997-09-02,1997,9,2,34.990549
1997-09-03,1997,9,3,69.966277
1997-09-04,1997,9,4,29.102036
1997-09-05,1997,9,5,3.6750669
1997-09-06,1997,9,6,39.33097
1997-09-07,1997,9,7,13.078588
1997-09-08,1997,9,8,3.5515269
1997-09-09,1997,9,9,0.0352401
1997-09-10,1997,9,10,0
1997-09-11,1997,9,11,0
1997-09-12,1997,9,12,0
1997-09-13,1997,9,13,0
1997-09-14,1997,9,14,0
1997-09-15,1997,9,15,0
1997-09-16,1997,9,16,0
1997-09-17,1997,9,17,0
1997-09-18,1997,9,18,0.44179692
1997-09-19,1997,9,19,8.1285702e-06
1997-09-20,1997,9,20,0
1997-09-21,1997,9,21,8.0728344
1997-09-22,1997,9,22,0.7040294
1997-09-23,1997,9,23,0
1997-09-24,1997,9,24,0
1997-09-25,1997,9,25,0
1997-09-26,1997,9,26,23.532402
1997-09-27,1997,9,27,8.5741949
1997-09-28,1997,9,28,0.0040174257
1997-09-29,1997,9,29,0
1997-09-30,1997,9,30,0
1997-10-01,1997,10,1,1.916989
1997-10-02,1997,10,2,21.824247
1997-10-03,1997,10,3,17.756001
1997-10-04,1997,10,4,16.188392
1997-10-05,1997,10,5,0.11793283
1997-10-06,1997,10,6,0
1997-10-07,1997,10,7,0
1997-10-08,1997,10,8,0
1997-10-09,1997,10,9,0.088942245
1997-10-10,1997,10,10,9.0565822
1997-10-11,1997,10,11,1.1906625
1997-10-12,1997,10,12,0
1997-10-13,1997,10,13,14.644422
1997-10-14,1997,10,14,5.7990742
1997-10-15,1997,10,15,0
1997-10-16,1997,10,16,0
1997-10-17,1997,10,17,0
1997-10-18,1997,10,18,0
1997-10-19,1997,10,19,0
1997-10-20,1997,10,20,0
1997-10-21,1997,10,21,0
1997-10-22,1997,10,22,0
1997-10-23,1997,10,23,0
1997-10-24,1997,10,24,0
1997-10-25,1997,10,25,0.25424838
1997-10-26,1997,10,26,0.80987368
1997-10-27,1997,10,27,2.1834883
1997-10-28,1997,10,28,5.3327287
1997-10-29,1997,10,29,2.0280069
1997-10-30,1997,10,30,0.59381287
1997-10-31,1997,10,31,0
1997-11-01,1997,11,1,0
1997-11-02,1997,11,2,0.045018048
1997-11-03,1997,11,3,3.0443693
1997-11-04,1997,11,4,1.0842553
1997-11-05,1997,11,5,0.0038953889
1997-11-06,1997,11,6,0.20644033
1997-11-07,1997,11,7,0.033134479
1997-11-08,1997,11,8,0.79921601
1997-11-09,1997,11,9,1.5523201
1997-11-10,1997,11,10,3.423016
1997-11-11,1997,11,11,14.220887
1997-11-12,1997,11,12,0.79211805
1997-11-13,1997,11,13,0
1997-11-14,1997,11,14,0
1997-11-15,1997,11,15,0
1997-11-16,1997,11,16,0
1997-11-17,1997,11,17,0
1997-11-18,1997,11,18,0
1997-11-19,1997,11,19,0
1997-11-20,1997,11,20,0
1997-11-21,1997,11,21,0
1997-11-22,1997,11,22,0
1997-11-23,1997,11,23,0
1997-11-24,1997,11,24,0
1997-11-25,1997,11,25,0.10845717
1997-11-26,1997,11,26,0
1997-11-27,1997,11,27,0
1997-11-28,1997,11,28,0
1997-11-29,1997,11,29,0.015082244
1997-11-30,1997,11,30,0
1997-12-01,1997,12,1,0
1997-12-02,1997,12,2,0
1997-12-03,1997,12,3,0
1997-12-04,1997,12,4,0
1997-12-05,1997,12,5,0
1997-12-06,1997,12,6,0
1997-12-07,1997,12,7,5.2339367e-05
1997-12-08,1997,12,8,0
1997-12-09,1997,12,9,0
1997-12-10,1997,12,10,0
1997-12-11,1997,12,11,0.30991702
1997-12-12,1997,12,12,7.9546866
1997-12-13,1997,12,13,0.1045698
1997-12-14,1997,12,14,0
1997-12-15,1997,12,15,0
1997-12-16,1997,12,16,0
1997-12-17,1997,12,17,0
1997-12-18,1997,12,18,0
1997-12-19,1997,12,19,0.069199081
1997-12-20,1997,12,20,0
1997-12-21,1997,12,21,8.9535094
1997-12-22,1997,12,22,0.116486
1997-12-23,1997,12,23,0
1997-12-24,1997,12,24,0
1997-12-25,1997,12,25,0.025429342
1997-12-26,1997,12,26,0.71975683
1997-12-27,1997,12,27,6.8288921e-05
1997-12-28,1997,12,28,0
1997-12-29,1997,12,29,0
1997-12-30,1997,12,30,0
1997-12-31,1997,12,31,0.13222388
1998-01-01,1998,1,1,0
1998-01-02,1998,1,2,0
1998-01-03,1998,1,3,0
1998-01-04,1998,1,4,0
1998-01-05,1998,1,5,0
1998-01-06,1998,1,6,0
1998-01-07,1998,1,7,0
1998-01-08,1998,1,8,0
1998-01-09,1998,1,9,0
1998-01-10,1998,1,10,0
1998-01-11,1998,1,11,0
1998-01-12,1998,1,12,0
1998-01-13,1998,1,13,0
1998-01-14,1998,1,14,0
1998-01-15,1998,1,15,0
1998-01-16,1998,1,16,0
1998-01-17,1998,1,17,0
1998-01-18,1998,1,18,0
1998-01-19,1998,1,19,0
1998-01-20,1998,1,20,0
1998-01-21,1998,1,21,0
1998-01-22,1998,1,22,0
1998-01-23,1998,1,23,0
1998-01-24,1998,1,24,0
1998-01-25,1998,1,25,0
1998-01-26,1998,1,26,0.00012835434
1998-01-27,1998,1,27,0.00065349995
1998-01-28,1998,1,28,0
1998-01-29,1998,1,29,0.0058592921
1998-01-30,1998,1,30,0.00012263293
1998-01-31,1998,1,31,0.022155559
1998-02-01,1998,2,1,0
1998-02-02,1998,2,2,1.2681316
1998-02-03,1998,2,3,0.043822524
1998-02-04,1998,2,4,0.00026697126
1998-02-05,1998,2,5,0
1998-02-06,1998,2,6,0.0048729568
1998-02-07,1998,2,7,0.12435263
1998-02-08,1998,2,8,4.6739343
1998-02-09,1998,2,9,1.7578818
1998-02-10,1998,2,10,1.547756
1998-02-11,1998,2,11,0.032035307
1998-02-12,1998,2,12,0.17238105
1998-02-13,1998,2,13,0.03826782
1998-02-14,1998,2,14,0
1998-02-15,1998,2,15,0
1998-02-16,1998,2,16,0
1998-02-17,1998,2,17,0
1998-02-18,1998,2,18,0.00076950691
1998-02-19,1998,2,19,0.57255569
1998-02-20,1998,2,20,0.72309853
1998-02-21,1998,2,21,0.91120239
1998-02-22,1998,2,22,12.124022
1998-02-23,1998,2,23,10.579332
1998-02-24,1998,2,24,2.8586267
1998-02-25,1998,2,25,0.013758795
1998-02-26,1998,2,26,0.061125264
1998-02-27,1998,2,27,0.041750436
1998-02-28,1998,2,28,0.00065309963
1998-03-01,1998,3,1,0
1998-03-02,1998,3,2,0
1998-03-03,1998,3,3,0
1998-03-04,1998,3,4,0
1998-03-05,1998,3,5,0.27728957
1998-03-06,1998,3,6,0.12594748
1998-03-07,1998,3,7,0.00092571618
1998-03-08,1998,3,8,0
1998-03-09,1998,3,9,0
1998-03-10,1998,3,10,10.393305
1998-03-11,1998,3,11,0.0017360466
1998-03-12,1998,3,12,0
1998-03-13,1998,3,13,0
1998-03-14,1998,3,14,0
1998-03-15,1998,3,15,0
1998-03-16,1998,3,16,0.14907355
1998-03-17,1998,3,17,0.024427619
1998-03-18,1998,3,18,0
1998-03-19,1998,3,19,0
1998-03-20,1998,3,20,0
1998-03-21,1998,3,21,0
1998-03-22,1998,3,22,0
1998-03-23,1998,3,23,0
1998-03-24,1998,3,24,0
1998-03-25,1998,3,25,0
1998-03-26,1998,3,26,0
1998-03-27,1998,3,27,0
1998-03-28,1998,3,28,0
1998-03-29,1998,3,29,0
1998-03-30,1998,3,30,0
1998-03-31,1998,3,31,0
1998-04-01,1998,4,1,0
1998-04-02,1998,4,2,0.0063217246
1998-04-03,1998,4,3,0.00028833852
1998-04-04,1998,4,4,0
1998-04-05,1998,4,5,0
1998-04-06,1998,4,6,0
1998-04-07,1998,4,7,0
1998-04-08,1998,4,8,12.350171
1998-04-09,1998,4,9,38.241177
1998-04-10,1998,4,10,18.664671
1998-04-11,1998,4,11,7.5237222
1998-04-12,1998,4,12,14.286173
1998-04-13,1998,4,13,4.1073242
1998-04-14,1998,4,14,1.1479279
1998-04-15,1998,4,15,6.0872457e-05
1998-04-16,1998,4,16,2.0464591e-05
1998-04-17,1998,4,17,0
1998-04-18,1998,4,18,0
1998-04-19,1998,4,19,0.32163278
1998-04-20,1998,4,20,5.6899046
1998-04-21,1998,4,21,0
1998-04-22,1998,4,22,0
1998-04-23,1998,4,23,8.1163276e-06
1998-04-24,1998,4,24,0
1998-04-25,1998,4,25,0.0015925835
1998-04-26,1998,4,26,1.3280084
1998-04-27,1998,4,27,0.007369399
1998-04-28,1998,4,28,0
1998-04-29,1998,4,29,0
1998-04-30,1998,4,30,0
1998-05-01,1998,5,1,0
1998-05-02,1998,5,2,0
1998-05-03,1998,5,3,0.0023217877
1998-05-04,1998,5,4,0.0020814345
1998-05-05,1998,5,5,0.00041464032
1998-05-06,1998,5,6,1.5169564
1998-05-07,1998,5,7,0
1998-05-08,1998,5,8,0
1998-05-09,1998,5,9,0.89166885
1998-05-10,1998,5,10,23.464812
1998-05-11,1998,5,11,8.6632137
1998-05-12,1998,5,12,1.2132548
1998-05-13,1998,5,13,0.15421176
1998-05-14,1998,5,14,0.075226307
1998-05-15,1998,5,15,0
1998-05-16,1998,5,16,0
1998-05-17,1998,5,17,0
1998-05-18,1998,5,18,0
1998-05-19,1998,5,19,0
1998-05-20,1998,5,20,0
1998-05-21,1998,5,21,0
1998-05-22,1998,5,22,2.5289178
1998-05-23,1998,5,23,0
1998-05-24,1998,5,24,0.18827329
1998-05-25,1998,5,25,0
1998-05-26,1998,5,26,0
1998-05-27,1998,5,27,9.1455611
1998-05-28,1998,5,28,0.90029521
1998-05-29,1998,5,29,0.0036686241
1998-05-30,1998,5,30,0
1998-05-31,1998,5,31,0.029186428
1998-06-01,1998,6,1,0
1998-06-02,1998,6,2,0
1998-06-03,1998,6,3,0
1998-06-04,1998,6,4,0
1998-06-05,1998,6,5,20.457253
1998-06-06,1998,6,6,0.33497335
1998-06-07,1998,6,7,0
1998-06-08,1998,6,8,0
1998-06-09,1998,6,9,1.2426578
1998-06-10,1998,6,10,0.20486515
1998-06-11,1998,6,11,0
1998-06-12,1998,6,12,0
1998-06-13,1998,6,13,3.8195666
1998-06-14,1998,6,14,1.0049576
1998-06-15,1998,6,15,6.2604773
1998-06-16,1998,6,16,7.3861012
1998-06-17,1998,6,17,0.0024542596
1998-06-18,1998,6,18,0.0018433484
1998-06-19,1998,6,19,0
1998-06-20,1998,6,20,0
1998-06-21,1998,6,21,0
1998-06-22,1998,6,22,2.6117683e-05
1998-06-23,1998,6,23,0
1998-06-24,1998,6,24,0
1998-06-25,1998,6,25,0
1998-06-26,1998,6,26,0
1998-06-27,1998,6,27,0
1998-06-28,1998,6,28,0
1998-06-29,1998,6,29,0.62824066
1998-06-30,1998,6,30,0
1998-07-01,1998,7,1,0
1998-07-02,1998,7,2,0
1998-07-03,1998,7,3,0
1998-07-04,1998,7,4,0
1998-07-05,1998,7,5,0
1998-07-06,1998,7,6,0
1998-07-07,1998,7,7,0.0026856293
1998-07-08,1998,7,8,0
1998-07-09,1998,7,9,0
1998-07-10,1998,7,10,6.9647156e-05
1998-07-11,1998,7,11,0
1998-07-12,1998,7,12,0
1998-07-13,1998,7,13,0
1998-07-14,1998,7,14,0
1998-07-15,1998,7,15,0
1998-07-16,1998,7,16,0.043068563
1998-07-17,1998,7,17,0
1998-07-18,1998,7,18,0
1998-07-19,1998,7,19,0
1998-07-20,1998,7,20,0
1998-07-21,1998,7,21,0
1998-07-22,1998,7,22,0
1998-07-23,1998,7,23,0
1998-07-24,1998,7,24,1.7411789e-05
1998-07-25,1998,7,25,0
1998-07-26,1998,7,26,0
1998-07-27,1998,7,27,0
1998-07-28,1998,7,28,0
1998-07-29,1998,7,29,0
1998-07-30,1998,7,30,0
1998-07-31,1998,7,31,0.016171983
1998-08-01,1998,8,1,0
1998-08-02,1998,8,2,0
1998-08-03,1998,8,3,0
1998-08-04,1998,8,4,0
1998-08-05,1998,8,5,0
1998-08-06,1998,8,6,0
1998-08-07,1998,8,7,0.18092037
1998-08-08,1998,8,8,0.00074058431
1998-08-09,1998,8,9,0
1998-08-10,1998,8,10,0.0093662241
1998-08-11,1998,8,11,0
1998-08-12,1998,8,12,0
1998-08-13,1998,8,13,0
1998-08-14,1998,8,14,0
1998-08-15,1998,8,15,0
1998-08-16,1998,8,16,0
1998-08-17,1998,8,17,0
1998-08-18,1998,8,18,0
1998-08-19,1998,8,19,0
1998-08-20,1998,8,20,0
1998-08-21,1998,8,21,0
1998-08-22,1998,8,22,0
1998-08-23,1998,8,23,1.2158142
1998-08-24,1998,8,24,0.00047608991
1998-08-25,1998,8,25,0
1998-08-26,1998,8,26,0
1998-08-27,1998,8,27,0
1998-08-28,1998,8,28,0
1998-08-29,1998,8,29,0
1998-08-30,1998,8,30,0
1998-08-31,1998,8,31,0
1998-09-01,1998,9,1,0
1998-09-02,1998,9,2,0
1998-09-03,1998,9,3,0
1998-09-04,1998,9,4,0
1998-09-05,1998,9,5,0
1998-09-06,1998,9,6,0
1998-09-07,1998,9,7,0
1998-09-08,1998,9,8,0
1998-09-09,1998,9,9,0
1998-09-10,1998,9,10,23.159725
1998-09-11,1998,9,11,21.218662
1998-09-12,1998,9,12,1.3488171
1998-09-13,1998,9,13,0
1998-09-14,1998,9,14,0
1998-09-15,1998,9,15,0
1998-09-16,1998,9,16,0
1998-09-17,1998,9,17,0
1998-09-18,1998,9,18,0
1998-09-19,1998,9,19,0
1998-09-20,1998,9,20,0
1998-09-21,1998,9,21,0
1998-09-22,1998,9,22,3.0745053
1998-09-23,1998,9,23,0
1998-09-24,1998,9,24,0
1998-09-25,1998,9,25,16.980326
1998-09-26,1998,9,26,2.6366496
1998-09-27,1998,9,27,0
1998-09-28,1998,9,28,0
1998-09-29,1998,9,29,0
1998-09-30,1998,9,30,0.048457676
1998-10-01,1998,10,1,0
1998-10-02,1998,10,2,0
1998-10-03,1998,10,3,0
1998-10-04,1998,10,4,0
1998-10-05,1998,10,5,0
1998-10-06,1998,10,6,0
1998-10-07,1998,10,7,0
1998-10-08,1998,10,8,0
1998-10-09,1998,10,9,0
1998-10-10,1998,10,10,0
1998-10-11,1998,10,11,0
1998-10-12,1998,10,12,0
1998-10-13,1998,10,13,0
1998-10-14,1998,10,14,0
1998-10-15,1998,10,15,0
1998-10-16,1998,10,16,0
1998-10-17,1998,10,17,0
1998-10-18,1998,10,18,0
1998-10-19,1998,10,19,0
1998-10-20,1998,10,20,0
1998-10-21,1998,10,21,0
1998-10-22,1998,10,22,0
1998-10-23,1998,10,23,0
1998-10-24,1998,10,24,0
1998-10-25,1998,10,25,0
1998-10-26,1998,10,26,0
1998-10-27,1998,10,27,0
1998-10-28,1998,10,28,0
1998-10-29,1998,10,29,0
1998-10-30,1998,10,30,0
1998-10-31,1998,10,31,0
1998-11-01,1998,11,1,0
1998-11-02,1998,11,2,0
1998-11-03,1998,11,3,0
1998-11-04,1998,11,4,0
1998-11-05,1998,11,5,0.19396911
1998-11-06,1998,11,6,0.0015869664
1998-11-07,1998,11,7,0
1998-11-08,1998,11,8,0
1998-11-09,1998,11,9,0
1998-11-10,1998,11,10,0
1998-11-11,1998,11,11,0
1998-11-12,1998,11,12,0
1998-11-13,1998,11,13,0
1998-11-14,1998,11,14,0
1998-11-15,1998,11,15,0.059621659
1998-11-16,1998,11,16,0
1998-11-17,1998,11,17,0
1998-11-18,1998,11,18,0
1998-11-19,1998,11,19,0
1998-11-20,1998,11,20,0
1998-11-21,1998,11,21,0
1998-11-22,1998,11,22,0
1998-11-23,1998,11,23,0.39520784
1998-11-24,1998,11,24,0.18244685
1998-11-25,1998,11,25,0
1998-11-26,1998,11,26,0
1998-11-27,1998,11,27,0
1998-11-28,1998,11,28,0
1998-11-29,1998,11,29,0
1998-11-30,1998,11,30,0
1998-12-01,1998,12,1,0.23485383
1998-12-02,1998,12,2,0.98792893
1998-12-03,1998,12,3,2.4075649
1998-12-04,1998,12,4,0.2671636
1998-12-05,1998,12,5,0.0076364286
1998-12-06,1998,12,6,0.013164438
1998-12-07,1998,12,7,0
1998-12-08,1998,12,8,0.04840432
1998-12-09,1998,12,9,0
1998-12-10,1998,12,10,0
1998-12-11,1998,12,11,0.944589
1998-12-12,1998,12,12,2.4020076
1998-12-13,1998,12,13,0
1998-12-14,1998,12,14,0
1998-12-15,1998,12,15,0.70147655
1998-12-16,1998,12,16,0
1998-12-17,1998,12,17,0
1998-12-18,1998,12,18,0
1998-12-19,1998,12,19,4.7014453
1998-12-20,1998,12,20,2.8694872
1998-12-21,1998,12,21,0.098856825
1998-12-22,1998,12,22,0.00023371491
1998-12-23,1998,12,23,1.9476243e-05
1998-12-24,1998,12,24,0.0083623597
1998-12-25,1998,12,25,0
1998-12-26,1998,12,26,0.00042847734
1998-12-27,1998,12,27,0
1998-12-28,1998,12,28,0
1998-12-29,1998,12,29,0
1998-12-30,1998,12,30,0.0024820306
1998-12-31,1998,12,31,0.051959407
1999-01-01,1999,1,1,0
1999-01-02,1999,1,2,0.0099960388
1999-01-03,1999,1,3,0.011352233
1999-01-04,1999,1,4,0.0012147511
1999-01-05,1999,1,5,0.012463243
1999-01-06,1999,1,6,0
1999-01-07,1999,1,7,0
1999-01-08,1999,1,8,0.0002076134
1999-01-09,1999,1,9,0.0034007145
1999-01-10,1999,1,10,1.5677284e-05
1999-01-11,1999,1,11,0.011589708
1999-01-12,1999,1,12,0.040872836
1999-01-13,1999,1,13,0.15757294
1999-01-14,1999,1,14,0.20833756
1999-01-15,1999,1,15,0
1999-01-16,1999,1,16,0.0013665455
1999-01-17,1999,1,17,2.3778439
1999-01-18,1999,1,18,0.76766605
1999-01-19,1999,1,19,1.0395137
1999-01-20,1999,1,20,10.261445
1999-01-21,1999,1,21,2.3989141
1999-01-22,1999,1,22,2.4462281
1999-01-23,1999,1,23,3.3441044
1999-01-24,1999,1,24,0.089469925
1999-01-25,1999,1,25,0
1999-01-26,1999,1,26,0
1999-01-27,1999,1,27,0.00074920856
1999-01-28,1999,1,28,0
1999-01-29,1999,1,29,5.5939777e-05
1999-01-30,1999,1,30,0
1999-01-31,1999,1,31,0.21609196
1999-02-01,1999,2,1,0.0084034412
1999-02-02,1999,2,2,0
1999-02-03,1999,2,3,0
1999-02-04,1999,2,4,0
1999-02-05,1999,2,5,0
1999-02-06,1999,2,6,0
1999-02-07,1999,2,7,0
1999-02-08,1999,2,8,0
1999-02-09,1999,2,9,0
1999-02-10,1999,2,10,0
1999-02-11,1999,2,11,0
1999-02-12,1999,2,12,0.0046396017
1999-02-13,1999,2,13,0
1999-02-14,1999,2,14,0
1999-02-15,1999,2,15,0
1999-02-16,1999,2,16,0
1999-02-17,1999,2,17,0
1999-02-18,1999,2,18,0
1999-02-19,1999,2,19,0.031977499
1999-02-20,1999,2,20,0.081858385
1999-02-21,1999,2,21,8.452392e-07
1999-02-22,1999,2,22,0
1999-02-23,1999,2,23,0
1999-02-24,1999,2,24,0
1999-02-25,1999,2,25,0
1999-02-26,1999,2,26,0
1999-02-27,1999,2,27,0
1999-02-28,1999,2,28,1.3616831
1999-03-01,1999,3,1,0
1999-03-02,1999,3,2,0
1999-03-03,1999,3,3,0
1999-03-04,1999,3,4,0
1999-03-05,1999,3,5,0
1999-03-06,1999,3,6,4.3001136
1999-03-07,1999,3,7,0
1999-03-08,1999,3,8,0
1999-03-09,1999,3,9,0
1999-03-10,1999,3,10,0
1999-03-11,1999,3,11,0
1999-03-12,1999,3,12,7.618228
1999-03-13,1999,3,13,1.6551319
1999-03-14,1999,3,14,0
1999-03-15,1999,3,15,0
1999-03-16,1999,3,16,0
1999-03-17,1999,3,17,0
1999-03-18,1999,3,18,0
1999-03-19,1999,3,19,0
1999-03-20,1999,3,20,0
1999-03-21,1999,3,21,0
1999-03-22,1999,3,22,0
1999-03-23,1999,3,23,0
1999-03-24,1999,3,24,0
1999-03-25,1999,3,25,0
1999-03-26,1999,3,26,0.0022900478
1999-03-27,1999,3,27,3.7452927
1999-03-28,1999,3,28,0
1999-03-29,1999,3,29,0
1999-03-30,1999,3,30,0
1999-03-31,1999,3,31,0
1999-04-01,1999,4,1,6.4166087
1999-04-02,1999,4,2,0.081372411
1999-04-03,1999,4,3,0
1999-04-04,1999,4,4,0
1999-04-05,1999,4,5,0
1999-04-06,1999,4,6,3.7208347e-05
1999-04-07,1999,4,7,0
1999-04-08,1999,4,8,0
1999-04-09,1999,4,9,0
1999-04-10,1999,4,10,0
1999-04-11,1999,4,11,0
1999-04-12,1999,4,12,0
1999-04-13,1999,4,13,0
1999-04-14,1999,4,14,0
1999-04-15,1999,4,15,0
1999-04-16,1999,4,16,0
1999-04-17,1999,4,17,0
1999-04-18,1999,4,18,0
1999-04-19,1999,4,19,0
1999-04-20,1999,4,20,0
1999-04-21,1999,4,21,0
1999-04-22,1999,4,22,0
1999-04-23,1999,4,23,0
1999-04-24,1999,4,24,1.07123
1999-04-25,1999,4,25,7.4278324
1999-04-26,1999,4,26,0
1999-04-27,1999,4,27,0
1999-04-28,1999,4,28,0
1999-04-29,1999,4,29,0
1999-04-30,1999,4,30,0
1999-05-01,1999,5,1,0
1999-05-02,1999,5,2,0
1999-05-03,1999,5,3,1.1566593
1999-05-04,1999,5,4,0
1999-05-05,1999,5,5,0
1999-05-06,1999,5,6,0
1999-05-07,1999,5,7,0
1999-05-08,1999,5,8,0
1999-05-09,1999,5,9,0
1999-05-10,1999,5,10,0
1999-05-11,1999,5,11,0
1999-05-12,1999,5,12,0
1999-05-13,1999,5,13,0
1999-05-14,1999,5,14,0
1999-05-15,1999,5,15,0
1999-05-16,1999,5,16,0
1999-05-17,1999,5,17,0
1999-05-18,1999,5,18,0
1999-05-19,1999,5,19,0
1999-05-20,1999,5,20,0
1999-05-21,1999,5,21,0
1999-05-22,1999,5,22,0
1999-05-23,1999,5,23,0
1999-05-24,1999,5,24,0
1999-05-25,1999,5,25,0
1999-05-26,1999,5,26,12.596465
1999-05-27,1999,5,27,24.152657
1999-05-28,1999,5,28,1.0166819
1999-05-29,1999,5,29,0
1999-05-30,1999,5,30,0
1999-05-31,1999,5,31,0
1999-06-01,1999,6,1,0
1999-06-02,1999,6,2,0
1999-06-03,1999,6,3,0
1999-06-04,1999,6,4,0
1999-06-05,1999,6,5,0
1999-06-06,1999,6,6,0
1999-06-07,1999,6,7,0.0108967
1999-06-08,1999,6,8,0.036769989
1999-06-09,1999,6,9,0
1999-06-10,1999,6,10,0
1999-06-11,1999,6,11,0.004792104
1999-06-12,1999,6,12,0
1999-06-13,1999,6,13,0
1999-06-14,1999,6,14,0.14482501
1999-06-15,1999,6,15,0
1999-06-16,1999,6,16,0
1999-06-17,1999,6,17,1.5917874
1999-06-18,1999,6,18,0
1999-06-19,1999,6,19,0
1999-06-20,1999,6,20,0
1999-06-21,1999,6,21,9.7973647
1999-06-22,1999,6,22,12.920489
1999-06-23,1999,6,23,24.292858
1999-06-24,1999,6,24,12.154474
1999-06-25,1999,6,25,7.0576624
1999-06-26,1999,6,26,0
1999-06-27,1999,6,27,2.7680081
1999-06-28,1999,6,28,28.486478
1999-06-29,1999,6,29,5.2440244
1999-06-30,1999,6,30,11.353286
1999-07-01,1999,7,1,9.8774126
1999-07-02,1999,7,2,0.31571542
1999-07-03,1999,7,3,0
1999-07-04,1999,7,4,0
1999-07-05,1999,7,5,0
1999-07-06,1999,7,6,0
1999-07-07,1999,7,7,0
1999-07-08,1999,7,8,0
1999-07-09,1999,7,9,0
1999-07-10,1999,7,10,1.0873502
1999-07-11,1999,7,11,4.4942494
1999-07-12,1999,7,12,0.014273534
1999-07-13,1999,7,13,1.2052942
1999-07-14,1999,7,14,0.12485613
1999-07-15,1999,7,15,0.005096348
1999-07-16,1999,7,16,0
1999-07-17,1999,7,17,0
1999-07-18,1999,7,18,0
1999-07-19,1999,7,19,0.086369735
1999-07-20,1999,7,20,0
1999-07-21,1999,7,21,0.0040926139
1999-07-22,1999,7,22,0
1999-07-23,1999,7,23,0
1999-07-24,1999,7,24,0
1999-07-25,1999,7,25,0
1999-07-26,1999,7,26,0
1999-07-27,1999,7,27,0
1999-07-28,1999,7,28,18.594569
1999-07-29,1999,7,29,0.75522261
1999-07-30,1999,7,30,0
1999-07-31,1999,7,31,0
1999-08-01,1999,8,1,0
1999-08-02,1999,8,2,0
1999-08-03,1999,8,3,0
1999-08-04,1999,8,4,0.29711578
1999-08-05,1999,8,5,38.732663
1999-08-06,1999,8,6,2.8288778
1999-08-07,1999,8,7,0
1999-08-08,1999,8,8,0
1999-08-09,1999,8,9,0
1999-08-10,1999,8,10,0
1999-08-11,1999,8,11,0
1999-08-12,1999,8,12,0
1999-08-13,1999,8,13,0.014782583
1999-08-14,1999,8,14,0
1999-08-15,1999,8,15,0
1999-08-16,1999,8,16,0
1999-08-17,1999,8,17,0
1999-08-18,1999,8,18,0
1999-08-19,1999,8,19,6.5044514
1999-08-20,1999,8,20,33.679451
1999-08-21,1999,8,21,3.3256037
1999-08-22,1999,8,22,0
1999-08-23,1999,8,23,1.5473473
1999-08-24,1999,8,24,0.015429734
1999-08-25,1999,8,25,0
1999-08-26,1999,8,26,0
1999-08-27,1999,8,27,0
1999-08-28,1999,8,28,0
1999-08-29,1999,8,29,22.291851
1999-08-30,1999,8,30,37.399579
1999-08-31,1999,8,31,10.223463
1999-09-01,1999,9,1,2.4510068
1999-09-02,1999,9,2,1.9114436
1999-09-03,1999,9,3,4.0680718
1999-09-04,1999,9,4,41.134584
1999-09-05,1999,9,5,38.416414
1999-09-06,1999,9,6,39.145676
1999-09-07,1999,9,7,31.890956
1999-09-08,1999,9,8,4.3108954
1999-09-09,1999,9,9,0
1999-09-10,1999,9,10,4.0684282
1999-09-11,1999,9,11,0
1999-09-12,1999,9,12,23.468393
1999-09-13,1999,9,13,3.5114716
1999-09-14,1999,9,14,0
1999-09-15,1999,9,15,0
1999-09-16,1999,9,16,0
1999-09-17,1999,9,17,0
1999-09-18,1999,9,18,0
1999-09-19,1999,9,19,0
1999-09-20,1999,9,20,0
1999-09-21,1999,9,21,0
1999-09-22,1999,9,22,0
1999-09-23,1999,9,23,0
1999-09-24,1999,9,24,0
1999-09-25,1999,9,25,0
1999-09-26,1999,9,26,0
1999-09-27,1999,9,27,0
1999-09-28,1999,9,28,0
1999-09-29,1999,9,29,0
1999-09-30,1999,9,30,1.4554719
1999-10-01,1999,10,1,2.438233
1999-10-02,1999,10,2,0
1999-10-03,1999,10,3,0
1999-10-04,1999,10,4,0
1999-10-05,1999,10,5,2.7678787
1999-10-06,1999,10,6,0
1999-10-07,1999,10,7,0
1999-10-08,1999,10,8,0
1999-10-09,1999,10,9,0.5790857
1999-10-10,1999,10,10,0
1999-10-11,1999,10,11,0.004793496
1999-10-12,1999,10,12,0
1999-10-13,1999,10,13,0.0054485846
1999-10-14,1999,10,14,4.9507992
1999-10-15,1999,10,15,0.21407644
1999-10-16,1999,10,16,0
1999-10-17,1999,10,17,0
1999-10-18,1999,10,18,0
1999-10-19,1999,10,19,0
1999-10-20,1999,10,20,0
1999-10-21,1999,10,21,0.0014131629
1999-10-22,1999,10,22,0.003995525
1999-10-23,1999,10,23,0.001009309
1999-10-24,1999,10,24,0
1999-10-25,1999,10,25,0
1999-10-26,1999,10,26,0
1999-10-27,1999,10,27,0.38095692
1999-10-28,1999,10,28,0
1999-10-29,1999,10,29,0
1999-10-30,1999,10,30,1.1338577
1999-10-31,1999,10,31,15.747527
1999-11-01,1999,11,1,0
1999-11-02,1999,11,2,0.018951957
1999-11-03,1999,11,3,0
1999-11-04,1999,11,4,0
1999-11-05,1999,11,5,0
1999-11-06,1999,11,6,0
1999-11-07,1999,11,7,0
1999-11-08,1999,11,8,0
1999-11-09,1999,11,9,0
1999-11-10,1999,11,10,0
1999-11-11,1999,11,11,0
1999-11-12,1999,11,12,0
1999-11-13,1999,11,13,0
1999-11-14,1999,11,14,0
1999-11-15,1999,11,15,0
1999-11-16,1999,11,16,0
1999-11-17,1999,11,17,0
1999-11-18,1999,11,18,0
1999-11-19,1999,11,19,0
1999-11-20,1999,11,20,0.079829283
1999-11-21,1999,11,21,0
1999-11-22,1999,11,22,0
1999-11-23,1999,11,23,0
1999-11-24,1999,11,24,0
1999-11-25,1999,11,25,0
1999-11-26,1999,11,26,0
1999-11-27,1999,11,27,0
1999-11-28,1999,11,28,0
1999-11-29,1999,11,29,0
1999-11-30,1999,11,30,2.3597279
1999-12-01,1999,12,1,1.5389837
1999-12-02,1999,12,2,0.005743093
1999-12-03,1999,12,3,0
1999-12-04,1999,12,4,0.0008044641
1999-12-05,1999,12,5,0
1999-12-06,1999,12,6,0
1999-12-07,1999,12,7,0
1999-12-08,1999,12,8,0
1999-12-09,1999,12,9,0.54471186
1999-12-10,1999,12,10,6.1927726
1999-12-11,1999,12,11,0.35821272
1999-12-12,1999,12,12,0.77077015
1999-12-13,1999,12,13,0.0022688111
1999-12-14,1999,12,14,0
1999-12-15,1999,12,15,0.00093485965
1999-12-16,1999,12,16,0
1999-12-17,1999,12,17,0.098191962
1999-12-18,1999,12,18,7.4893601e-05
1999-12-19,1999,12,19,0
1999-12-20,1999,12,20,0
1999-12-21,1999,12,21,0
1999-12-22,1999,12,22,0
1999-12-23,1999,12,23,0
1999-12-24,1999,12,24,0.013892525
1999-12-25,1999,12,25,0
1999-12-26,1999,12,26,0
1999-12-27,1999,12,27,0
1999-12-28,1999,12,28,0.0029094646
1999-12-29,1999,12,29,0.0013084842
1999-12-30,1999,12,30,0
1999-12-31,1999,12,31,0.0019144369
2000-01-01,2000,1,1,0
2000-01-02,2000,1,2,0
2000-01-03,2000,1,3,0.0016100594
2000-01-04,2000,1,4,0.00027969888
2000-01-05,2000,1,5,0
2000-01-06,2000,1,6,0
2000-01-07,2000,1,7,0
2000-01-08,2000,1,8,0
2000-01-09,2000,1,9,0
2000-01-10,2000,1,10,0
2000-01-11,2000,1,11,0
2000-01-12,2000,1,12,0
2000-01-13,2000,1,13,0
2000-01-14,2000,1,14,0
2000-01-15,2000,1,15,0
2000-01-16,2000,1,16,0
2000-01-17,2000,1,17,0
2000-01-18,2000,1,18,0
2000-01-19,2000,1,19,0
2000-01-20,2000,1,20,0
2000-01-21,2000,1,21,0
2000-01-22,2000,1,22,0
2000-01-23,2000,1,23,0
2000-01-24,2000,1,24,0
2000-01-25,2000,1,25,0
2000-01-26,2000,1,26,0
2000-01-27,2000,1,27,0
2000-01-28,2000,1,28,0.0027001439
2000-01-29,2000,1,29,0
2000-01-30,2000,1,30,0
2000-01-31,2000,1,31,0.41908307
2000-02-01,2000,2,1,0.0036491642
2000-02-02,2000,2,2,0.00181049
2000-02-03,2000,2,3,0
2000-02-04,2000,2,4,0
2000-02-05,2000,2,5,0.0068716657
2000-02-06,2000,2,6,2.4389931e-05
2000-02-07,2000,2,7,0
2000-02-08,2000,2,8,0
2000-02-09,2000,2,9,0
2000-02-10,2000,2,10,0
2000-02-11,2000,2,11,1.2524157
2000-02-12,2000,2,12,14.030117
2000-02-13,2000,2,13,1.2890273
2000-02-14,2000,2,14,0
2000-02-15,2000,2,15,0
2000-02-16,2000,2,16,0
2000-02-17,2000,2,17,0
2000-02-18,2000,2,18,0
2000-02-19,2000,2,19,0
2000-02-20,2000,2,20,0.00043623881
2000-02-21,2000,2,21,0
2000-02-22,2000,2,22,0.050874339
2000-02-23,2000,2,23,0.00061180808
2000-02-24,2000,2,24,0
2000-02-25,2000,2,25,0
2000-02-26,2000,2,26,13.499731
2000-02-27,2000,2,27,0.67544879
2000-02-28,2000,2,28,0
2000-02-29,2000,2,29,0
2000-03-01,2000,3,1,0
2000-03-02,2000,3,2,0
2000-03-03,2000,3,3,0
2000-03-04,2000,3,4,0
2000-03-05,2000,3,5,0
2000-03-06,2000,3,6,0
2000-03-07,2000,3,7,0
2000-03-08,2000,3,8,0
2000-03-09,2000,3,9,0
2000-03-10,2000,3,10,0
2000-03-11,2000,3,11,0
2000-03-12,2000,3,12,0
2000-03-13,2000,3,13,0
2000-03-14,2000,3,14,0
2000-03-15,2000,3,15,0
2000-03-16,2000,3,16,0
2000-03-17,2000,3,17,0
2000-03-18,2000,3,18,0
2000-03-19,2000,3,19,0
2000-03-20,2000,3,20,0.32550173
2000-03-21,2000,3,21,0
2000-03-22,2000,3,22,0
2000-03-23,2000,3,23,0
2000-03-24,2000,3,24,0
2000-03-25,2000,3,25,0
2000-03-26,2000,3,26,0
2000-03-27,2000,3,27,0
2000-03-28,2000,3,28,0
2000-03-29,2000,3,29,0
2000-03-30,2000,3,30,0
2000-03-31,2000,3,31,0.010731096
2000-04-01,2000,4,1,0
2000-04-02,2000,4,2,2.5342559
2000-04-03,2000,4,3,0.00039318186
2000-04-04,2000,4,4,0
2000-04-05,2000,4,5,0
2000-04-06,2000,4,6,0
2000-04-07,2000,4,7,0
2000-04-08,2000,4,8,0
2000-04-09,2000,4,9,0
2000-04-10,2000,4,10,0
2000-04-11,2000,4,11,0
2000-04-12,2000,4,12,0
2000-04-13,2000,4,13,13.059807
2000-04-14,2000,4,14,5.1133044
2000-04-15,2000,4,15,0.093151895
2000-04-16,2000,4,16,1.4971459
2000-04-17,2000,4,17,0.010086306
2000-04-18,2000,4,18,0
2000-04-19,2000,4,19,0
2000-04-20,2000,4,20,0
2000-04-21,2000,4,21,0
2000-04-22,2000,4,22,0
2000-04-23,2000,4,23,0
2000-04-24,2000,4,24,0
2000-04-25,2000,4,25,0
2000-04-26,2000,4,26,0
2000-04-27,2000,4,27,0
2000-04-28,2000,4,28,0
2000-04-29,2000,4,29,0
2000-04-30,2000,4,30,0.29030601
2000-05-01,2000,5,1,0.098902981
2000-05-02,2000,5,2,2.7242435
2000-05-03,2000,5,3,8.9210179
2000-05-04,2000,5,4,0.3765012
2000-05-05,2000,5,5,0
2000-05-06,2000,5,6,0
2000-05-07,2000,5,7,0
2000-05-08,2000,5,8,0
2000-05-09,2000,5,9,0.0031051234
2000-05-10,2000,5,10,0
2000-05-11,2000,5,11,0
2000-05-12,2000,5,12,0
2000-05-13,2000,5,13,0
2000-05-14,2000,5,14,4.5992525
2000-05-15,2000,5,15,0.10526602
2000-05-16,2000,5,16,1.3565708e-05
2000-05-17,2000,5,17,0
2000-05-18,2000,5,18,0
2000-05-19,2000,5,19,0
2000-05-20,2000,5,20,0
2000-05-21,2000,5,21,0
2000-05-22,2000,5,22,0
2000-05-23,2000,5,23,0
2000-05-24,2000,5,24,14.79367
2000-05-25,2000,5,25,0.025649869
2000-05-26,2000,5,26,0
2000-05-27,2000,5,27,0
2000-05-28,2000,5,28,0
2000-05-29,2000,5,29,0
2000-05-30,2000,5,30,0
2000-05-31,2000,5,31,0
2000-06-01,2000,6,1,0
2000-06-02,2000,6,2,0
2000-06-03,2000,6,3,0
2000-06-04,2000,6,4,0.00087341817
2000-06-05,2000,6,5,0
2000-06-06,2000,6,6,0.00094944938
2000-06-07,2000,6,7,1.8768855e-06
2000-06-08,2000,6,8,0
2000-06-09,2000,6,9,3.2138811
2000-06-10,2000,6,10,0
2000-06-11,2000,6,11,0.56103905
2000-06-12,2000,6,12,93.764288
2000-06-13,2000,6,13,113.90658
2000-06-14,2000,6,14,63.790608
2000-06-15,2000,6,15,6.6802967
2000-06-16,2000,6,16,0.0037638373
2000-06-17,2000,6,17,0.0067516294
2000-06-18,2000,6,18,8.7058945e-06
2000-06-19,2000,6,19,2.5270557
2000-06-20,2000,6,20,31.681343
2000-06-21,2000,6,21,22.724022
2000-06-22,2000,6,22,0.040407978
2000-06-23,2000,6,23,31.28276
2000-06-24,2000,6,24,12.551072
2000-06-25,2000,6,25,0.5661537
2000-06-26,2000,6,26,15.61289
2000-06-27,2000,6,27,40.132709
2000-06-28,2000,6,28,22.119776
2000-06-29,2000,6,29,59.504193
2000-06-30,2000,6,30,91.99684
2000-07-01,2000,7,1,16.511949
2000-07-02,2000,7,2,0
2000-07-03,2000,7,3,0
2000-07-04,2000,7,4,0
2000-07-05,2000,7,5,0
2000-07-06,2000,7,6,5.3196456
2000-07-07,2000,7,7,5.6072638
2000-07-08,2000,7,8,3.0658713
2000-07-09,2000,7,9,0.69003951
2000-07-10,2000,7,10,1.2317414
2000-07-11,2000,7,11,0.049730831
2000-07-12,2000,7,12,0
2000-07-13,2000,7,13,0
2000-07-14,2000,7,14,0
2000-07-15,2000,7,15,0
2000-07-16,2000,7,16,0
2000-07-17,2000,7,17,0
2000-07-18,2000,7,18,0
2000-07-19,2000,7,19,0
2000-07-20,2000,7,20,33.493138
2000-07-21,2000,7,21,1.2736311
2000-07-22,2000,7,22,0
2000-07-23,2000,7,23,0
2000-07-24,2000,7,24,0
2000-07-25,2000,7,25,0
2000-07-26,2000,7,26,0
2000-07-27,2000,7,27,0
2000-07-28,2000,7,28,0
2000-07-29,2000,7,29,0
2000-07-30,2000,7,30,0
2000-07-31,2000,7,31,0
2000-08-01,2000,8,1,0
2000-08-02,2000,8,2,0
2000-08-03,2000,8,3,0
2000-08-04,2000,8,4,0
2000-08-05,2000,8,5,0
2000-08-06,2000,8,6,0
2000-08-07,2000,8,7,0
2000-08-08,2000,8,8,0
2000-08-09,2000,8,9,0
2000-08-10,2000,8,10,0.0021414332
2000-08-11,2000,8,11,0
2000-08-12,2000,8,12,0
2000-08-13,2000,8,13,0.20827899
2000-08-14,2000,8,14,0.32842161
2000-08-15,2000,8,15,0
2000-08-16,2000,8,16,0
2000-08-17,2000,8,17,0
2000-08-18,2000,8,18,0
2000-08-19,2000,8,19,0
2000-08-20,2000,8,20,0.038940222
2000-08-21,2000,8,21,6.9239649
2000-08-22,2000,8,22,15.732467
2000-08-23,2000,8,23,8.8341325
2000-08-24,2000,8,24,2.2600924
2000-08-25,2000,8,25,0
2000-08-26,2000,8,26,0
2000-08-27,2000,8,27,0
2000-08-28,2000,8,28,0
2000-08-29,2000,8,29,0.50120154
2000-08-30,2000,8,30,0.24874366
2000-08-31,2000,8,31,0
2000-09-01,2000,9,1,0
2000-09-02,2000,9,2,0
2000-09-03,2000,9,3,0
2000-09-04,2000,9,4,0
2000-09-05,2000,9,5,0
2000-09-06,2000,9,6,0.10305779
2000-09-07,2000,9,7,2.7378036
2000-09-08,2000,9,8,16.359645
2000-09-09,2000,9,9,51.943543
2000-09-10,2000,9,10,35.862182
2000-09-11,2000,9,11,18.900348
2000-09-12,2000,9,12,23.26051
2000-09-13,2000,9,13,7.2769203
2000-09-14,2000,9,14,0.018045596
2000-09-15,2000,9,15,0
2000-09-16,2000,9,16,0.23426816
2000-09-17,2000,9,17,8.7704291
2000-09-18,2000,9,18,0.017477487
2000-09-19,2000,9,19,13.337033
2000-09-20,2000,9,20,6.5055335
2000-09-21,2000,9,21,0
2000-09-22,2000,9,22,4.3226106
2000-09-23,2000,9,23,0.57453846
2000-09-24,2000,9,24,0
2000-09-25,2000,9,25,0
2000-09-26,2000,9,26,0
2000-09-27,2000,9,27,0
2000-09-28,2000,9,28,0
2000-09-29,2000,9,29,0
2000-09-30,2000,9,30,0.00029083245
2000-10-01,2000,10,1,0.064209544
2000-10-02,2000,10,2,0.177628
2000-10-03,2000,10,3,0
2000-10-04,2000,10,4,0
2000-10-05,2000,10,5,0
2000-10-06,2000,10,6,0
2000-10-07,2000,10,7,0
2000-10-08,2000,10,8,2.1154087
2000-10-09,2000,10,9,0
2000-10-10,2000,10,10,0
2000-10-11,2000,10,11,0
2000-10-12,2000,10,12,0
2000-10-13,2000,10,13,0
2000-10-14,2000,10,14,0
2000-10-15,2000,10,15,0
2000-10-16,2000,10,16,0
2000-10-17,2000,10,17,0
2000-10-18,2000,10,18,0
2000-10-19,2000,10,19,0
2000-10-20,2000,10,20,0
2000-10-21,2000,10,21,0.0013753709
2000-10-22,2000,10,22,0
2000-10-23,2000,10,23,1.8734055
2000-10-24,2000,10,24,0.054446572
2000-10-25,2000,10,25,0
2000-10-26,2000,10,26,0
2000-10-27,2000,10,27,0
2000-10-28,2000,10,28,0
2000-10-29,2000,10,29,0
2000-10-30,2000,10,30,0
2000-10-31,2000,10,31,0.04367792
2000-11-01,2000,11,1,0
2000-11-02,2000,11,2,0
2000-11-03,2000,11,3,0.021807621
2000-11-04,2000,11,4,11.934816
2000-11-05,2000,11,5,3.7585715
2000-11-06,2000,11,6,4.7108
2000-11-07,2000,11,7,22.53566
2000-11-08,2000,11,8,16.189722
2000-11-09,2000,11,9,6.1933229
2000-11-10,2000,11,10,6.9924614
2000-11-11,2000,11,11,1.2343936
2000-11-12,2000,11,12,0.0002114703
2000-11-13,2000,11,13,0
2000-11-14,2000,11,14,0
2000-11-15,2000,11,15,0
2000-11-16,2000,11,16,0
2000-11-17,2000,11,17,0
2000-11-18,2000,11,18,0
2000-11-19,2000,11,19,0
2000-11-20,2000,11,20,0
2000-11-21,2000,11,21,0
2000-11-22,2000,11,22,0
2000-11-23,2000,11,23,0
2000-11-24,2000,11,24,0
2000-11-25,2000,11,25,0
2000-11-26,2000,11,26,0
2000-11-27,2000,11,27,0
2000-11-28,2000,11,28,0
2000-11-29,2000,11,29,0
2000-11-30,2000,11,30,0.00033343833
2000-12-01,2000,12,1,0
2000-12-02,2000,12,2,0
2000-12-03,2000,12,3,0
2000-12-04,2000,12,4,0
2000-12-05,2000,12,5,0
2000-12-06,2000,12,6,0.00089386616
2000-12-07,2000,12,7,0.045158094
2000-12-08,2000,12,8,0.0081457986
2000-12-09,2000,12,9,0
2000-12-10,2000,12,10,0.00037817728
2000-12-11,2000,12,11,0
2000-12-12,2000,12,12,0
2000-12-13,2000,12,13,0.00073114274
2000-12-14,2000,12,14,0.22639031
2000-12-15,2000,12,15,0.00011685746
2000-12-16,2000,12,16,0.00020571471
2000-12-17,2000,12,17,0.041813106
2000-12-18,2000,12,18,0.38863611
2000-12-19,2000,12,19,0.10187734
2000-12-20,2000,12,20,0.048623873
2000-12-21,2000,12,21,0
2000-12-22,2000,12,22,0.092390047
2000-12-23,2000,12,23,0
2000-12-24,2000,12,24,0
2000-12-25,2000,12,25,0
2000-12-26,2000,12,26,0.16019211
2000-12-27,2000,12,27,0
2000-12-28,2000,12,28,0.00028177238
2000-12-29,2000,12,29,0.0021071293
2000-12-30,2000,12,30,0.00023371491
2000-12-31,2000,12,31,4.8152293e-06
2001-01-01,2001,1,1,0
2001-01-02,2001,1,2,0
2001-01-03,2001,1,3,0
2001-01-04,2001,1,4,0
2001-01-05,2001,1,5,0
2001-01-06,2001,1,6,0
2001-01-07,2001,1,7,4.407019
2001-01-08,2001,1,8,0.83176041
2001-01-09,2001,1,9,0.3319476
2001-01-10,2001,1,10,2.8248784e-05
2001-01-11,2001,1,11,0
2001-01-12,2001,1,12,0
2001-01-13,2001,1,13,0.00011386233
2001-01-14,2001,1,14,0
2001-01-15,2001,1,15,0
2001-01-16,2001,1,16,0
2001-01-17,2001,1,17,0.11086288
2001-01-18,2001,1,18,0.11692183
2001-01-19,2001,1,19,5.8428728e-05
2001-01-20,2001,1,20,0.00012701785
2001-01-21,2001,1,21,0
2001-01-22,2001,1,22,0
2001-01-23,2001,1,23,0.00031125022
2001-01-24,2001,1,24,7.4416693e-06
2001-01-25,2001,1,25,0
2001-01-26,2001,1,26,0
2001-01-27,2001,1,27,0.00017223553
2001-01-28,2001,1,28,0
2001-01-29,2001,1,29,0
2001-01-30,2001,1,30,0
2001-01-31,2001,1,31,0
2001-02-01,2001,2,1,0
2001-02-02,2001,2,2,0
2001-02-03,2001,2,3,0
2001-02-04,2001,2,4,0
2001-02-05,2001,2,5,0
2001-02-06,2001,2,6,0
2001-02-07,2001,2,7,0
2001-02-08,2001,2,8,0
2001-02-09,2001,2,9,0
2001-02-10,2001,2,10,0
2001-02-11,2001,2,11,0
2001-02-12,2001,2,12,0
2001-02-13,2001,2,13,0
2001-02-14,2001,2,14,0
2001-02-15,2001,2,15,0
2001-02-16,2001,2,16,0.0084006248
2001-02-17,2001,2,17,0.00076556554
2001-02-18,2001,2,18,0
2001-02-19,2001,2,19,0
2001-02-20,2001,2,20,0
2001-02-21,2001,2,21,0
2001-02-22,2001,2,22,0
2001-02-23,2001,2,23,0
2001-02-24,2001,2,24,0
2001-02-25,2001,2,25,0
2001-02-26,2001,2,26,0
2001-02-27,2001,2,27,0
2001-02-28,2001,2,28,0
2001-03-01,2001,3,1,0
2001-03-02,2001,3,2,0
2001-03-03,2001,3,3,0
2001-03-04,2001,3,4,0
2001-03-05,2001,3,5,0
2001-03-06,2001,3,6,0
2001-03-07,2001,3,7,0
2001-03-08,2001,3,8,0
2001-03-09,2001,3,9,0
2001-03-10,2001,3,10,0
2001-03-11,2001,3,11,0
2001-03-12,2001,3,12,0
2001-03-13,2001,3,13,0
2001-03-14,2001,3,14,0
2001-03-15,2001,3,15,0
2001-03-16,2001,3,16,0
2001-03-17,2001,3,17,0
2001-03-18,2001,3,18,0
2001-03-19,2001,3,19,0
2001-03-20,2001,3,20,1.3142911
2001-03-21,2001,3,21,5.2761337
2001-03-22,2001,3,22,17.199435
2001-03-23,2001,3,23,0.018051771
2001-03-24,2001,3,24,0
2001-03-25,2001,3,25,0
2001-03-26,2001,3,26,0
2001-03-27,2001,3,27,0
2001-03-28,2001,3,28,0
2001-03-29,2001,3,29,0
2001-03-30,2001,3,30,1.2563126
2001-03-31,2001,3,31,0
2001-04-01,2001,4,1,0
2001-04-02,2001,4,2,0
2001-04-03,2001,4,3,7.7904971e-05
2001-04-04,2001,4,4,0
2001-04-05,2001,4,5,0.0034654042
2001-04-06,2001,4,6,0.0028601282
2001-04-07,2001,4,7,0
2001-04-08,2001,4,8,0
2001-04-09,2001,4,9,0
2001-04-10,2001,4,10,0
2001-04-11,2001,4,11,0
2001-04-12,2001,4,12,0
2001-04-13,2001,4,13,8.2898786
2001-04-14,2001,4,14,0
2001-04-15,2001,4,15,0
2001-04-16,2001,4,16,0
2001-04-17,2001,4,17,0.047746017
2001-04-18,2001,4,18,0
2001-04-19,2001,4,19,0
2001-04-20,2001,4,20,0
2001-04-21,2001,4,21,0
2001-04-22,2001,4,22,22.523759
2001-04-23,2001,4,23,0.79011108
2001-04-24,2001,4,24,0
2001-04-25,2001,4,25,0
2001-04-26,2001,4,26,0
2001-04-27,2001,4,27,2.8796788
2001-04-28,2001,4,28,1.3280084
2001-04-29,2001,4,29,0.22454336
2001-04-30,2001,4,30,0
2001-05-01,2001,5,1,0
2001-05-02,2001,5,2,0
2001-05-03,2001,5,3,0
2001-05-04,2001,5,4,0
2001-05-05,2001,5,5,0
2001-05-06,2001,5,6,3.7072328
2001-05-07,2001,5,7,0.0047370646
2001-05-08,2001,5,8,0
2001-05-09,2001,5,9,0
2001-05-10,2001,5,10,0.091561435
2001-05-11,2001,5,11,0.0041083597
2001-05-12,2001,5,12,0
2001-05-13,2001,5,13,0.0028816341
2001-05-14,2001,5,14,19.991199
2001-05-15,2001,5,15,7.4590645
2001-05-16,2001,5,16,0.0042487153
2001-05-17,2001,5,17,21.432385
2001-05-18,2001,5,18,0.040883469
2001-05-19,2001,5,19,0
2001-05-20,2001,5,20,2.0165729
2001-05-21,2001,5,21,1.9306012
2001-05-22,2001,5,22,0
2001-05-23,2001,5,23,0
2001-05-24,2001,5,24,0
2001-05-25,2001,5,25,4.6627466
2001-05-26,2001,5,26,1.5496997
2001-05-27,2001,5,27,0.0062519131
2001-05-28,2001,5,28,44.99252
2001-05-29,2001,5,29,52.669153
2001-05-30,2001,5,30,27.011542
2001-05-31,2001,5,31,9.4347282
2001-06-01,2001,6,1,0.087057966
2001-06-02,2001,6,2,0.039555835
2001-06-03,2001,6,3,0.0078644923
2001-06-04,2001,6,4,0
2001-06-05,2001,6,5,0.037972557
2001-06-06,2001,6,6,0
2001-06-07,2001,6,7,0
2001-06-08,2001,6,8,0
2001-06-09,2001,6,9,0
2001-06-10,2001,6,10,0
2001-06-11,2001,6,11,0
2001-06-12,2001,6,12,0
2001-06-13,2001,6,13,19.258094
2001-06-14,2001,6,14,17.52698
2001-06-15,2001,6,15,0.26947095
2001-06-16,2001,6,16,0.72435384
2001-06-17,2001,6,17,0.73448664
2001-06-18,2001,6,18,0.0033064942
2001-06-19,2001,6,19,0
2001-06-20,2001,6,20,0
2001-06-21,2001,6,21,0
2001-06-22,2001,6,22,0
2001-06-23,2001,6,23,0.31562585
2001-06-24,2001,6,24,0
2001-06-25,2001,6,25,0
2001-06-26,2001,6,26,0
2001-06-27,2001,6,27,0
2001-06-28,2001,6,28,0
2001-06-29,2001,6,29,0
2001-06-30,2001,6,30,1.1098313
2001-07-01,2001,7,1,0
2001-07-02,2001,7,2,11.913893
2001-07-03,2001,7,3,0.60598485
2001-07-04,2001,7,4,0
2001-07-05,2001,7,5,0
2001-07-06,2001,7,6,0
2001-07-07,2001,7,7,0
2001-07-08,2001,7,8,32.067471
2001-07-09,2001,7,9,5.0404328
2001-07-10,2001,7,10,0.23216126
2001-07-11,2001,7,11,24.131552
2001-07-12,2001,7,12,30.599281
2001-07-13,2001,7,13,27.766759
2001-07-14,2001,7,14,0.09447051
2001-07-15,2001,7,15,0
2001-07-16,2001,7,16,2.1705351
2001-07-17,2001,7,17,38.886064
2001-07-18,2001,7,18,103.06184
2001-07-19,2001,7,19,36.187183
2001-07-20,2001,7,20,3.9607655
2001-07-21,2001,7,21,0.0050564845
2001-07-22,2001,7,22,0
2001-07-23,2001,7,23,0
2001-07-24,2001,7,24,0
2001-07-25,2001,7,25,0.14951156
2001-07-26,2001,7,26,0
2001-07-27,2001,7,27,0
2001-07-28,2001,7,28,0.92776488
2001-07-29,2001,7,29,69.376226
2001-07-30,2001,7,30,63.75557
2001-07-31,2001,7,31,7.8719515
2001-08-01,2001,8,1,0
2001-08-02,2001,8,2,0
2001-08-03,2001,8,3,0
2001-08-04,2001,8,4,0.68588594
2001-08-05,2001,8,5,0.0031646926
2001-08-06,2001,8,6,0
2001-08-07,2001,8,7,0
2001-08-08,2001,8,8,0
2001-08-09,2001,8,9,0
2001-08-10,2001,8,10,0
2001-08-11,2001,8,11,0
2001-08-12,2001,8,12,0
2001-08-13,2001,8,13,0
2001-08-14,2001,8,14,0.0020123054
2001-08-15,2001,8,15,12.161398
2001-08-16,2001,8,16,7.2582696
2001-08-17,2001,8,17,0.098322657
2001-08-18,2001,8,18,0
2001-08-19,2001,8,19,0
2001-08-20,2001,8,20,0
2001-08-21,2001,8,21,0
2001-08-22,2001,8,22,0
2001-08-23,2001,8,23,0
2001-08-24,2001,8,24,0.42126321
2001-08-25,2001,8,25,51.347162
2001-08-26,2001,8,26,11.062167
2001-08-27,2001,8,27,3.6808995
2001-08-28,2001,8,28,55.455939
2001-08-29,2001,8,29,36.178329
2001-08-30,2001,8,30,4.963319
2001-08-31,2001,8,31,0.23536831
2001-09-01,2001,9,1,1.9504593
2001-09-02,2001,9,2,0.36180633
2001-09-03,2001,9,3,0
2001-09-04,2001,9,4,0
2001-09-05,2001,9,5,0
2001-09-06,2001,9,6,0
2001-09-07,2001,9,7,0
2001-09-08,2001,9,8,0
2001-09-09,2001,9,9,0
2001-09-10,2001,9,10,0
2001-09-11,2001,9,11,0
2001-09-12,2001,9,12,0
2001-09-13,2001,9,13,0
2001-09-14,2001,9,14,0
2001-09-15,2001,9,15,0
2001-09-16,2001,9,16,0
2001-09-17,2001,9,17,0
2001-09-18,2001,9,18,0
2001-09-19,2001,9,19,0
2001-09-20,2001,9,20,0
2001-09-21,2001,9,21,0
2001-09-22,2001,9,22,0
2001-09-23,2001,9,23,0.36162368
2001-09-24,2001,9,24,0
2001-09-25,2001,9,25,0
2001-09-26,2001,9,26,4.9126223
2001-09-27,2001,9,27,0.80026345
2001-09-28,2001,9,28,0
2001-09-29,2001,9,29,0.29697309
2001-09-30,2001,9,30,0
2001-10-01,2001,10,1,0
2001-10-02,2001,10,2,0
2001-10-03,2001,10,3,0
2001-10-04,2001,10,4,0
2001-10-05,2001,10,5,0
2001-10-06,2001,10,6,2.1928816
2001-10-07,2001,10,7,0
2001-10-08,2001,10,8,0
2001-10-09,2001,10,9,0
2001-10-10,2001,10,10,0
2001-10-11,2001,10,11,0
2001-10-12,2001,10,12,0
2001-10-13,2001,10,13,0
2001-10-14,2001,10,14,0
2001-10-15,2001,10,15,0
2001-10-16,2001,10,16,0
2001-10-17,2001,10,17,0
2001-10-18,2001,10,18,0
2001-10-19,2001,10,19,1.9030842
2001-10-20,2001,10,20,0.0082305978
2001-10-21,2001,10,21,0
2001-10-22,2001,10,22,0
2001-10-23,2001,10,23,0
2001-10-24,2001,10,24,0
2001-10-25,2001,10,25,0.033700715
2001-10-26,2001,10,26,0
2001-10-27,2001,10,27,9.819332
2001-10-28,2001,10,28,0.38069388
2001-10-29,2001,10,29,0
2001-10-30,2001,10,30,0
2001-10-31,2001,10,31,0.0050172604
2001-11-01,2001,11,1,0
2001-11-02,2001,11,2,0
2001-11-03,2001,11,3,0
2001-11-04,2001,11,4,4.2773544
2001-11-05,2001,11,5,1.4731945
2001-11-06,2001,11,6,0.12977109
2001-11-07,2001,11,7,0
2001-11-08,2001,11,8,0.65419979
2001-11-09,2001,11,9,3.7586212
2001-11-10,2001,11,10,0
2001-11-11,2001,11,11,0
2001-11-12,2001,11,12,3.2136706
2001-11-13,2001,11,13,0.72076222
2001-11-14,2001,11,14,0
2001-11-15,2001,11,15,0
2001-11-16,2001,11,16,0
2001-11-17,2001,11,17,0
2001-11-18,2001,11,18,0
2001-11-19,2001,11,19,0
2001-11-20,2001,11,20,0
2001-11-21,2001,11,21,0
2001-11-22,2001,11,22,0.048781491
2001-11-23,2001,11,23,0.19073925
2001-11-24,2001,11,24,0
2001-11-25,2001,11,25,0
2001-11-26,2001,11,26,0
2001-11-27,2001,11,27,0
2001-11-28,2001,11,28,0
2001-11-29,2001,11,29,0
2001-11-30,2001,11,30,0
2001-12-01,2001,12,1,0.33763742
2001-12-02,2001,12,2,2.8874749
2001-12-03,2001,12,3,0.076639903
2001-12-04,2001,12,4,0
2001-12-05,2001,12,5,3.8952485e-05
2001-12-06,2001,12,6,0
2001-12-07,2001,12,7,0.00089344229
2001-12-08,2001,12,8,0
2001-12-09,2001,12,9,0
2001-12-10,2001,12,10,0.00032500677
2001-12-11,2001,12,11,0.0026654853
2001-12-12,2001,12,12,0.0040679523
2001-12-13,2001,12,13,0.040746687
2001-12-14,2001,12,14,0.2397011
2001-12-15,2001,12,15,0.086710106
2001-12-16,2001,12,16,0.024056865
2001-12-17,2001,12,17,0
2001-12-18,2001,12,18,0
2001-12-19,2001,12,19,0
2001-12-20,2001,12,20,0.093247351
2001-12-21,2001,12,21,0.66011693
2001-12-22,2001,12,22,0.0074415329
2001-12-23,2001,12,23,0.32327244
2001-12-24,2001,12,24,0.050485753
2001-12-25,2001,12,25,0.014445183
2001-12-26,2001,12,26,0.65115701
2001-12-27,2001,12,27,0.00088436906
2001-12-28,2001,12,28,0.00019476243
2001-12-29,2001,12,29,0
2001-12-30,2001,12,30,0.0079224686
2001-12-31,2001,12,31,0
2002-01-01,2002,1,1,0.00026589401
2002-01-02,2002,1,2,0
2002-01-03,2002,1,3,3.0620961
2002-01-04,2002,1,4,7.0751191
2002-01-05,2002,1,5,0.59388561
2002-01-06,2002,1,6,0
2002-01-07,2002,1,7,0
2002-01-08,2002,1,8,0.004814122
2002-01-09,2002,1,9,0
2002-01-10,2002,1,10,0
2002-01-11,2002,1,11,0
2002-01-12,2002,1,12,0
2002-01-13,2002,1,13,0
2002-01-14,2002,1,14,0.00034962539
2002-01-15,2002,1,15,0.12934849
2002-01-16,2002,1,16,2.1035213
2002-01-17,2002,1,17,0.12117734
2002-01-18,2002,1,18,0.00062260625
2002-01-19,2002,1,19,0
2002-01-20,2002,1,20,0
2002-01-21,2002,1,21,0
2002-01-22,2002,1,22,2.7969888e-05
2002-01-23,2002,1,23,0
2002-01-24,2002,1,24,0
2002-01-25,2002,1,25,0
2002-01-26,2002,1,26,0
2002-01-27,2002,1,27,0
2002-01-28,2002,1,28,0
2002-01-29,2002,1,29,0
2002-01-30,2002,1,30,0
2002-01-31,2002,1,31,0.019781174
2002-02-01,2002,2,1,0
2002-02-02,2002,2,2,0
2002-02-03,2002,2,3,0
2002-02-04,2002,2,4,0.00049562724
2002-02-05,2002,2,5,0.046345811
2002-02-06,2002,2,6,0.0031940798
2002-02-07,2002,2,7,0.06456186
2002-02-08,2002,2,8,0.0011729904
2002-02-09,2002,2,9,0
2002-02-10,2002,2,10,0.0027553039
2002-02-11,2002,2,11,0
2002-02-12,2002,2,12,0.00015428603
2002-02-13,2002,2,13,0
2002-02-14,2002,2,14,0
2002-02-15,2002,2,15,5.0714352e-06
2002-02-16,2002,2,16,0
2002-02-17,2002,2,17,0
2002-02-18,2002,2,18,0
2002-02-19,2002,2,19,0.05243002
2002-02-20,2002,2,20,0.23660823
2002-02-21,2002,2,21,0.00019158535
2002-02-22,2002,2,22,0.00095126159
2002-02-23,2002,2,23,0
2002-02-24,2002,2,24,0
2002-02-25,2002,2,25,0
2002-02-26,2002,2,26,0
2002-02-27,2002,2,27,0
2002-02-28,2002,2,28,0
2002-03-01,2002,3,1,0
2002-03-02,2002,3,2,0
2002-03-03,2002,3,3,0
2002-03-04,2002,3,4,0
2002-03-05,2002,3,5,0
2002-03-06,2002,3,6,0
2002-03-07,2002,3,7,0
2002-03-08,2002,3,8,0
2002-03-09,2002,3,9,0
2002-03-10,2002,3,10,0
2002-03-11,2002,3,11,0
2002-03-12,2002,3,12,0
2002-03-13,2002,3,13,0
2002-03-14,2002,3,14,0.64554985
2002-03-15,2002,3,15,0
2002-03-16,2002,3,16,0
2002-03-17,2002,3,17,0
2002-03-18,2002,3,18,0
2002-03-19,2002,3,19,0
2002-03-20,2002,3,20,0
2002-03-21,2002,3,21,0
2002-03-22,2002,3,22,0
2002-03-23,2002,3,23,0
2002-03-24,2002,3,24,0
2002-03-25,2002,3,25,0
2002-03-26,2002,3,26,0
2002-03-27,2002,3,27,0
2002-03-28,2002,3,28,5.4275893
2002-03-29,2002,3,29,5.9060806
2002-03-30,2002,3,30,0
2002-03-31,2002,3,31,0
2002-04-01,2002,4,1,0
2002-04-02,2002,4,2,0
2002-04-03,2002,4,3,0
2002-04-04,2002,4,4,0
2002-04-05,2002,4,5,0.41427393
2002-04-06,2002,4,6,5.920467e-07
2002-04-07,2002,4,7,0
2002-04-08,2002,4,8,0
2002-04-09,2002,4,9,0.45695229
2002-04-10,2002,4,10,1.0960309
2002-04-11,2002,4,11,0.15620846
2002-04-12,2002,4,12,7.9779953
2002-04-13,2002,4,13,0.17787035
2002-04-14,2002,4,14,0
2002-04-15,2002,4,15,1.1275152
2002-04-16,2002,4,16,0
2002-04-17,2002,4,17,0
2002-04-18,2002,4,18,0
2002-04-19,2002,4,19,0
2002-04-20,2002,4,20,0
2002-04-21,2002,4,21,0
2002-04-22,2002,4,22,0
2002-04-23,2002,4,23,0
2002-04-24,2002,4,24,2.3321867
2002-04-25,2002,4,25,0.011097824
2002-04-26,2002,4,26,0
2002-04-27,2002,4,27,0
2002-04-28,2002,4,28,3.7728859
2002-04-29,2002,4,29,1.1140093
2002-04-30,2002,4,30,0
2002-05-01,2002,5,1,0
2002-05-02,2002,5,2,0
2002-05-03,2002,5,3,0
2002-05-04,2002,5,4,0
2002-05-05,2002,5,5,0.0007531513
2002-05-06,2002,5,6,0
2002-05-07,2002,5,7,0.00044881585
2002-05-08,2002,5,8,0
2002-05-09,2002,5,9,0
2002-05-10,2002,5,10,0
2002-05-11,2002,5,11,0
2002-05-12,2002,5,12,0
2002-05-13,2002,5,13,23.559588
2002-05-14,2002,5,14,15.899681
2002-05-15,2002,5,15,14.447648
2002-05-16,2002,5,16,2.9428795
2002-05-17,2002,5,17,0
2002-05-18,2002,5,18,0.19048569
2002-05-19,2002,5,19,2.9027806
2002-05-20,2002,5,20,0.0017001564
2002-05-21,2002,5,21,0
2002-05-22,2002,5,22,0
2002-05-23,2002,5,23,0
2002-05-24,2002,5,24,13.016274
2002-05-25,2002,5,25,88.392068
2002-05-26,2002,5,26,59.85021
2002-05-27,2002,5,27,15.476343
2002-05-28,2002,5,28,0.097158859
2002-05-29,2002,5,29,0.016271693
2002-05-30,2002,5,30,0.44406485
2002-05-31,2002,5,31,50.815987
2002-06-01,2002,6,1,32.789079
2002-06-02,2002,6,2,49.080204
2002-06-03,2002,6,3,90.8566
2002-06-04,2002,6,4,65.54157
2002-06-05,2002,6,5,11.399214
2002-06-06,2002,6,6,0.29184046
2002-06-07,2002,6,7,0.010352967
2002-06-08,2002,6,8,0
2002-06-09,2002,6,9,0
2002-06-10,2002,6,10,0
2002-06-11,2002,6,11,0
2002-06-12,2002,6,12,0
2002-06-13,2002,6,13,0.00059615956
2002-06-14,2002,6,14,0.00013494136
2002-06-15,2002,6,15,0
2002-06-16,2002,6,16,0
2002-06-17,2002,6,17,0
2002-06-18,2002,6,18,0
2002-06-19,2002,6,19,0
2002-06-20,2002,6,20,0
2002-06-21,2002,6,21,0
2002-06-22,2002,6,22,0
2002-06-23,2002,6,23,0
2002-06-24,2002,6,24,0
2002-06-25,2002,6,25,0
2002-06-26,2002,6,26,11.981775
2002-06-27,2002,6,27,0.45131748
2002-06-28,2002,6,28,4.8578258
2002-06-29,2002,6,29,0.063091666
2002-06-30,2002,6,30,1.5799544
2002-07-01,2002,7,1,0
2002-07-02,2002,7,2,0.0016595858
2002-07-03,2002,7,3,0.019649929
2002-07-04,2002,7,4,0
2002-07-05,2002,7,5,0
2002-07-06,2002,7,6,0
2002-07-07,2002,7,7,0
2002-07-08,2002,7,8,0
2002-07-09,2002,7,9,0
2002-07-10,2002,7,10,0
2002-07-11,2002,7,11,0
2002-07-12,2002,7,12,0
2002-07-13,2002,7,13,0
2002-07-14,2002,7,14,0
2002-07-15,2002,7,15,0
2002-07-16,2002,7,16,0
2002-07-17,2002,7,17,0
2002-07-18,2002,7,18,0
2002-07-19,2002,7,19,22.295833
2002-07-20,2002,7,20,41.977825
2002-07-21,2002,7,21,4.1295563
2002-07-22,2002,7,22,37.240181
2002-07-23,2002,7,23,34.745877
2002-07-24,2002,7,24,4.4626212
2002-07-25,2002,7,25,0.006826504
2002-07-26,2002,7,26,0.051076019
2002-07-27,2002,7,27,0
2002-07-28,2002,7,28,0
2002-07-29,2002,7,29,0.47666122
2002-07-30,2002,7,30,0.047379915
2002-07-31,2002,7,31,0.21796212
2002-08-01,2002,8,1,0
2002-08-02,2002,8,2,0
2002-08-03,2002,8,3,0
2002-08-04,2002,8,4,0
2002-08-05,2002,8,5,53.300166
2002-08-06,2002,8,6,27.875268
2002-08-07,2002,8,7,39.783703
2002-08-08,2002,8,8,1.7705348
2002-08-09,2002,8,9,0
2002-08-10,2002,8,10,0
2002-08-11,2002,8,11,0
2002-08-12,2002,8,12,0
2002-08-13,2002,8,13,0
2002-08-14,2002,8,14,0
2002-08-15,2002,8,15,0
2002-08-16,2002,8,16,0
2002-08-17,2002,8,17,3.9669579
2002-08-18,2002,8,18,4.2683062
2002-08-19,2002,8,19,0.20113059
2002-08-20,2002,8,20,0
2002-08-21,2002,8,21,0
2002-08-22,2002,8,22,7.8618334
2002-08-23,2002,8,23,54.404049
2002-08-24,2002,8,24,59.853061
2002-08-25,2002,8,25,4.7089882
2002-08-26,2002,8,26,0
2002-08-27,2002,8,27,6.8192408
2002-08-28,2002,8,28,1.4160418
2002-08-29,2002,8,29,0.024923241
2002-08-30,2002,8,30,0
2002-08-31,2002,8,31,0
2002-09-01,2002,9,1,0
2002-09-02,2002,9,2,3.1283144
2002-09-03,2002,9,3,2.3106013
2002-09-04,2002,9,4,26.941423
2002-09-05,2002,9,5,11.510386
2002-09-06,2002,9,6,0.031951595
2002-09-07,2002,9,7,3.1332799
2002-09-08,2002,9,8,2.2231885
2002-09-09,2002,9,9,7.8648811
2002-09-10,2002,9,10,2.7436862
2002-09-11,2002,9,11,0
2002-09-12,2002,9,12,0.002118859
2002-09-13,2002,9,13,0
2002-09-14,2002,9,14,6.0425668
2002-09-15,2002,9,15,1.9130659
2002-09-16,2002,9,16,16.528441
2002-09-17,2002,9,17,0.55938542
2002-09-18,2002,9,18,2.2809005
2002-09-19,2002,9,19,0.00053178801
2002-09-20,2002,9,20,0
2002-09-21,2002,9,21,0
2002-09-22,2002,9,22,0
2002-09-23,2002,9,23,0
2002-09-24,2002,9,24,0
2002-09-25,2002,9,25,0
2002-09-26,2002,9,26,0
2002-09-27,2002,9,27,0
2002-09-28,2002,9,28,0
2002-09-29,2002,9,29,0
2002-09-30,2002,9,30,0
2002-10-01,2002,10,1,1.8067806
2002-10-02,2002,10,2,0
2002-10-03,2002,10,3,1.9990721
2002-10-04,2002,10,4,0
2002-10-05,2002,10,5,2.6521104
2002-10-06,2002,10,6,3.7491662
2002-10-07,2002,10,7,0
2002-10-08,2002,10,8,0
2002-10-09,2002,10,9,0
2002-10-10,2002,10,10,0
2002-10-11,2002,10,11,0
2002-10-12,2002,10,12,0
2002-10-13,2002,10,13,1.9834542
2002-10-14,2002,10,14,4.9773598
2002-10-15,2002,10,15,4.2607545
2002-10-16,2002,10,16,0
2002-10-17,2002,10,17,0
2002-10-18,2002,10,18,0.0065058164
2002-10-19,2002,10,19,16.649521
2002-10-20,2002,10,20,0.20138405
2002-10-21,2002,10,21,0
2002-10-22,2002,10,22,0.0034330523
2002-10-23,2002,10,23,0
2002-10-24,2002,10,24,0
2002-10-25,2002,10,25,0.093753455
2002-10-26,2002,10,26,4.6893146
2002-10-27,2002,10,27,3.4259168
2002-10-28,2002,10,28,0
2002-10-29,2002,10,29,0
2002-10-30,2002,10,30,0
2002-10-31,2002,10,31,0
2002-11-01,2002,11,1,0.39311963
2002-11-02,2002,11,2,6.5313618
2002-11-03,2002,11,3,0.0006007276
2002-11-04,2002,11,4,0
2002-11-05,2002,11,5,0
2002-11-06,2002,11,6,0.00042319103
2002-11-07,2002,11,7,0
2002-11-08,2002,11,8,4.151424
2002-11-09,2002,11,9,0
2002-11-10,2002,11,10,0
2002-11-11,2002,11,11,0
2002-11-12,2002,11,12,0
2002-11-13,2002,11,13,0
2002-11-14,2002,11,14,0
2002-11-15,2002,11,15,0
2002-11-16,2002,11,16,0
2002-11-17,2002,11,17,1.4198035
2002-11-18,2002,11,18,0
2002-11-19,2002,11,19,0.0092066247
2002-11-20,2002,11,20,0
2002-11-21,2002,11,21,0
2002-11-22,2002,11,22,0
2002-11-23,2002,11,23,0
2002-11-24,2002,11,24,0
2002-11-25,2002,11,25,0
2002-11-26,2002,11,26,0
2002-11-27,2002,11,27,0
2002-11-28,2002,11,28,0
2002-11-29,2002,11,29,0
2002-11-30,2002,11,30,0.01528643
2002-12-01,2002,12,1,0.0038752341
2002-12-02,2002,12,2,0.0049885053
2002-12-03,2002,12,3,8.6454205
2002-12-04,2002,12,4,1.2542132
2002-12-05,2002,12,5,0
2002-12-06,2002,12,6,0
2002-12-07,2002,12,7,0.0088017528
2002-12-08,2002,12,8,0.18626156
2002-12-09,2002,12,9,0.071958968
2002-12-10,2002,12,10,0.0026228625
2002-12-11,2002,12,11,0.00010285735
2002-12-12,2002,12,12,0
2002-12-13,2002,12,13,0.00020914284
2002-12-14,2002,12,14,0
2002-12-15,2002,12,15,2.9068195
2002-12-16,2002,12,16,0
2002-12-17,2002,12,17,0
2002-12-18,2002,12,18,5.8693097
2002-12-19,2002,12,19,0.089197216
2002-12-20,2002,12,20,0
2002-12-21,2002,12,21,0
2002-12-22,2002,12,22,1.3257245
2002-12-23,2002,12,23,6.3426534e-06
2002-12-24,2002,12,24,0
2002-12-25,2002,12,25,0
2002-12-26,2002,12,26,0
2002-12-27,2002,12,27,0
2002-12-28,2002,12,28,0.021678991
2002-12-29,2002,12,29,0.0060141626
2002-12-30,2002,12,30,0
2002-12-31,2002,12,31,0
2003-01-01,2003,1,1,0
2003-01-02,2003,1,2,0
2003-01-03,2003,1,3,0
2003-01-04,2003,1,4,0
2003-01-05,2003,1,5,0
2003-01-06,2003,1,6,0
2003-01-07,2003,1,7,0
2003-01-08,2003,1,8,0
2003-01-09,2003,1,9,0
2003-01-10,2003,1,10,0
2003-01-11,2003,1,11,0
2003-01-12,2003,1,12,0
2003-01-13,2003,1,13,0.00031045185
2003-01-14,2003,1,14,0.20273872
2003-01-15,2003,1,15,0.0066502644
2003-01-16,2003,1,16,0
2003-01-17,2003,1,17,0
2003-01-18,2003,1,18,0
2003-01-19,2003,1,19,0
2003-01-20,2003,1,20,9.4788411
2003-01-21,2003,1,21,14.8343
2003-01-22,2003,1,22,13.103582
2003-01-23,2003,1,23,0.7269389
2003-01-24,2003,1,24,0
2003-01-25,2003,1,25,0
2003-01-26,2003,1,26,0
2003-01-27,2003,1,27,0
2003-01-28,2003,1,28,0
2003-01-29,2003,1,29,0
2003-01-30,2003,1,30,0
2003-01-31,2003,1,31,0
2003-02-01,2003,2,1,0
2003-02-02,2003,2,2,0
2003-02-03,2003,2,3,0
2003-02-04,2003,2,4,0
2003-02-05,2003,2,5,0
2003-02-06,2003,2,6,0
2003-02-07,2003,2,7,0
2003-02-08,2003,2,8,0
2003-02-09,2003,2,9,0
2003-02-10,2003,2,10,0
2003-02-11,2003,2,11,0
2003-02-12,2003,2,12,0
2003-02-13,2003,2,13,0
2003-02-14,2003,2,14,0
2003-02-15,2003,2,15,0
2003-02-16,2003,2,16,0
2003-02-17,2003,2,17,0
2003-02-18,2003,2,18,0
2003-02-19,2003,2,19,1.8214823
2003-02-20,2003,2,20,0.15903547
2003-02-21,2003,2,21,0
2003-02-22,2003,2,22,0
2003-02-23,2003,2,23,0
2003-02-24,2003,2,24,0
2003-02-25,2003,2,25,0
2003-02-26,2003,2,26,0
2003-02-27,2003,2,27,0
2003-02-28,2003,2,28,0
2003-03-01,2003,3,1,0
2003-03-02,2003,3,2,0
2003-03-03,2003,3,3,0
2003-03-04,2003,3,4,0.038753944
2003-03-05,2003,3,5,4.7111575
2003-03-06,2003,3,6,0.083035436
2003-03-07,2003,3,7,0
2003-03-08,2003,3,8,0
2003-03-09,2003,3,9,0
2003-03-10,2003,3,10,0
2003-03-11,2003,3,11,0
2003-03-12,2003,3,12,0
2003-03-13,2003,3,13,0
2003-03-14,2003,3,14,0
2003-03-15,2003,3,15,0
2003-03-16,2003,3,16,0
2003-03-17,2003,3,17,0
2003-03-18,2003,3,18,0
2003-03-19,2003,3,19,0
2003-03-20,2003,3,20,0
2003-03-21,2003,3,21,0
2003-03-22,2003,3,22,0.0031211261
2003-03-23,2003,3,23,0
2003-03-24,2003,3,24,0
2003-03-25,2003,3,25,0
2003-03-26,2003,3,26,0
2003-03-27,2003,3,27,0
2003-03-28,2003,3,28,0
2003-03-29,2003,3,29,0
2003-03-30,2003,3,30,0
2003-03-31,2003,3,31,0
2003-04-01,2003,4,1,0
2003-04-02,2003,4,2,0
2003-04-03,2003,4,3,0
2003-04-04,2003,4,4,0
2003-04-05,2003,4,5,0
2003-04-06,2003,4,6,0
2003-04-07,2003,4,7,0
2003-04-08,2003,4,8,0
2003-04-09,2003,4,9,0
2003-04-10,2003,4,10,0
2003-04-11,2003,4,11,0
2003-04-12,2003,4,12,0
2003-04-13,2003,4,13,0
2003-04-14,2003,4,14,0
2003-04-15,2003,4,15,0
2003-04-16,2003,4,16,0
2003-04-17,2003,4,17,0.51795499
2003-04-18,2003,4,18,0
2003-04-19,2003,4,19,0
2003-04-20,2003,4,20,0
2003-04-21,2003,4,21,0
2003-04-22,2003,4,22,0
2003-04-23,2003,4,23,0
2003-04-24,2003,4,24,0
2003-04-25,2003,4,25,0
2003-04-26,2003,4,26,0
2003-04-27,2003,4,27,0
2003-04-28,2003,4,28,0
2003-04-29,2003,4,29,0
2003-04-30,2003,4,30,0
2003-05-01,2003,5,1,0.0092590137
2003-05-02,2003,5,2,0
2003-05-03,2003,5,3,0
2003-05-04,2003,5,4,3.9176525e-05
2003-05-05,2003,5,5,0
2003-05-06,2003,5,6,0
2003-05-07,2003,5,7,0
2003-05-08,2003,5,8,0
2003-05-09,2003,5,9,0
2003-05-10,2003,5,10,0
2003-05-11,2003,5,11,0
2003-05-12,2003,5,12,0
2003-05-13,2003,5,13,0.32662369
2003-05-14,2003,5,14,0
2003-05-15,2003,5,15,0
2003-05-16,2003,5,16,0
2003-05-17,2003,5,17,0
2003-05-18,2003,5,18,0
2003-05-19,2003,5,19,4.1327216
2003-05-20,2003,5,20,71.197984
2003-05-21,2003,5,21,42.997795
2003-05-22,2003,5,22,0.78537323
2003-05-23,2003,5,23,0
2003-05-24,2003,5,24,0
2003-05-25,2003,5,25,0
2003-05-26,2003,5,26,0
2003-05-27,2003,5,27,0
2003-05-28,2003,5,28,0
2003-05-29,2003,5,29,0
2003-05-30,2003,5,30,0
2003-05-31,2003,5,31,0
2003-06-01,2003,6,1,0
2003-06-02,2003,6,2,0
2003-06-03,2003,6,3,0
2003-06-04,2003,6,4,13.973161
2003-06-05,2003,6,5,25.489552
2003-06-06,2003,6,6,0.0094304645
2003-06-07,2003,6,7,0
2003-06-08,2003,6,8,3.5078827
2003-06-09,2003,6,9,26.5552
2003-06-10,2003,6,10,15.555537
2003-06-11,2003,6,11,10.501142
2003-06-12,2003,6,12,8.1083767
2003-06-13,2003,6,13,12.961848
2003-06-14,2003,6,14,28.433649
2003-06-15,2003,6,15,1.1891393
2003-06-16,2003,6,16,0
2003-06-17,2003,6,17,0
2003-06-18,2003,6,18,0
2003-06-19,2003,6,19,0.0025972698
2003-06-20,2003,6,20,19.589294
2003-06-21,2003,6,21,0.012578459
2003-06-22,2003,6,22,0.00093253232
2003-06-23,2003,6,23,0
2003-06-24,2003,6,24,0
2003-06-25,2003,6,25,0
2003-06-26,2003,6,26,0
2003-06-27,2003,6,27,0
2003-06-28,2003,6,28,0
2003-06-29,2003,6,29,0
2003-06-30,2003,6,30,0
2003-07-01,2003,7,1,0
2003-07-02,2003,7,2,0
2003-07-03,2003,7,3,0.57513386
2003-07-04,2003,7,4,0.22468872
2003-07-05,2003,7,5,4.3796444
2003-07-06,2003,7,6,2.9553157
2003-07-07,2003,7,7,64.359279
2003-07-08,2003,7,8,8.7503878
2003-07-09,2003,7,9,0.034523461
2003-07-10,2003,7,10,0
2003-07-11,2003,7,11,0
2003-07-12,2003,7,12,0
2003-07-13,2003,7,13,0.51338724
2003-07-14,2003,7,14,0.05687539
2003-07-15,2003,7,15,0
2003-07-16,2003,7,16,0
2003-07-17,2003,7,17,0
2003-07-18,2003,7,18,0
2003-07-19,2003,7,19,0
2003-07-20,2003,7,20,0.038945386
2003-07-21,2003,7,21,0
2003-07-22,2003,7,22,0
2003-07-23,2003,7,23,0.020324641
2003-07-24,2003,7,24,0.068854
2003-07-25,2003,7,25,0.0091597954
2003-07-26,2003,7,26,0
2003-07-27,2003,7,27,0.00025122201
2003-07-28,2003,7,28,0
2003-07-29,2003,7,29,0
2003-07-30,2003,7,30,0
2003-07-31,2003,7,31,0.21660992
2003-08-01,2003,8,1,0
2003-08-02,2003,8,2,0
2003-08-03,2003,8,3,0.0099544257
2003-08-04,2003,8,4,5.5514818
2003-08-05,2003,8,5,0.06879285
2003-08-06,2003,8,6,0
2003-08-07,2003,8,7,0
2003-08-08,2003,8,8,0
2003-08-09,2003,8,9,0
2003-08-10,2003,8,10,0
2003-08-11,2003,8,11,0
2003-08-12,2003,8,12,0
2003-08-13,2003,8,13,1.9312866
2003-08-14,2003,8,14,0
2003-08-15,2003,8,15,0
2003-08-16,2003,8,16,0
2003-08-17,2003,8,17,0
2003-08-18,2003,8,18,0
2003-08-19,2003,8,19,0
2003-08-20,2003,8,20,0
2003-08-21,2003,8,21,0
2003-08-22,2003,8,22,0
2003-08-23,2003,8,23,0
2003-08-24,2003,8,24,0
2003-08-25,2003,8,25,0
2003-08-26,2003,8,26,0
2003-08-27,2003,8,27,0
2003-08-28,2003,8,28,0
2003-08-29,2003,8,29,0
2003-08-30,2003,8,30,0
2003-08-31,2003,8,31,0
2003-09-01,2003,9,1,0
2003-09-02,2003,9,2,0
2003-09-03,2003,9,3,0
2003-09-04,2003,9,4,0
2003-09-05,2003,9,5,7.3355493
2003-09-06,2003,9,6,20.180296
2003-09-07,2003,9,7,4.0569683
2003-09-08,2003,9,8,0.0076078851
2003-09-09,2003,9,9,0
2003-09-10,2003,9,10,0
2003-09-11,2003,9,11,0
2003-09-12,2003,9,12,0
2003-09-13,2003,9,13,0
2003-09-14,2003,9,14,0
2003-09-15,2003,9,15,0
2003-09-16,2003,9,16,0
2003-09-17,2003,9,17,0.83308803
2003-09-18,2003,9,18,11.867727
2003-09-19,2003,9,19,0.098554738
2003-09-20,2003,9,20,0
2003-09-21,2003,9,21,0
2003-09-22,2003,9,22,3.6233254
2003-09-23,2003,9,23,0
2003-09-24,2003,9,24,0
2003-09-25,2003,9,25,0
2003-09-26,2003,9,26,25.462165
2003-09-27,2003,9,27,16.205305
2003-09-28,2003,9,28,0.0048652414
2003-09-29,2003,9,29,0
2003-09-30,2003,9,30,1.055179
2003-10-01,2003,10,1,0
2003-10-02,2003,10,2,0
2003-10-03,2003,10,3,0
2003-10-04,2003,10,4,0
2003-10-05,2003,10,5,0
2003-10-06,2003,10,6,0
2003-10-07,2003,10,7,7.0242486
2003-10-08,2003,10,8,0.3651526
2003-10-09,2003,10,9,0
2003-10-10,2003,10,10,0
2003-10-11,2003,10,11,0
2003-10-12,2003,10,12,0
2003-10-13,2003,10,13,0
2003-10-14,2003,10,14,0
2003-10-15,2003,10,15,0
2003-10-16,2003,10,16,0
2003-10-17,2003,10,17,0
2003-10-18,2003,10,18,0
2003-10-19,2003,10,19,0
2003-10-20,2003,10,20,0
2003-10-21,2003,10,21,0
2003-10-22,2003,10,22,0
2003-10-23,2003,10,23,0.024779227
2003-10-24,2003,10,24,0
2003-10-25,2003,10,25,4.1939235
2003-10-26,2003,10,26,0
2003-10-27,2003,10,27,0
2003-10-28,2003,10,28,0
2003-10-29,2003,10,29,0
2003-10-30,2003,10,30,0
2003-10-31,2003,10,31,0
2003-11-01,2003,11,1,0
2003-11-02,2003,11,2,0.040070309
2003-11-03,2003,11,3,0
2003-11-04,2003,11,4,0
2003-11-05,2003,11,5,0
2003-11-06,2003,11,6,0
2003-11-07,2003,11,7,0
2003-11-08,2003,11,8,0
2003-11-09,2003,11,9,0
2003-11-10,2003,11,10,0.0052383334
2003-11-11,2003,11,11,4.6167457
2003-11-12,2003,11,12,0
2003-11-13,2003,11,13,0
2003-11-14,2003,11,14,0
2003-11-15,2003,11,15,4.8269232
2003-11-16,2003,11,16,52.540848
2003-11-17,2003,11,17,6.369247
2003-11-18,2003,11,18,0
2003-11-19,2003,11,19,0
2003-11-20,2003,11,20,0
2003-11-21,2003,11,21,0
2003-11-22,2003,11,22,0
2003-11-23,2003,11,23,0
2003-11-24,2003,11,24,0
2003-11-25,2003,11,25,0
2003-11-26,2003,11,26,0
2003-11-27,2003,11,27,0
2003-11-28,2003,11,28,0
2003-11-29,2003,11,29,0
2003-11-30,2003,11,30,0
2003-12-01,2003,12,1,0.93117408
2003-12-02,2003,12,2,0
2003-12-03,2003,12,3,0.1064513
2003-12-04,2003,12,4,7.486413e-05
2003-12-05,2003,12,5,0
2003-12-06,2003,12,6,0
2003-12-07,2003,12,7,7.2505894
2003-12-08,2003,12,8,0.024931105
2003-12-09,2003,12,9,0.00017118112
2003-12-10,2003,12,10,2.1962996
2003-12-11,2003,12,11,0.00029830714
2003-12-12,2003,12,12,0
2003-12-13,2003,12,13,0
2003-12-14,2003,12,14,1.1631395
2003-12-15,2003,12,15,0.0091848058
2003-12-16,2003,12,16,0
2003-12-17,2003,12,17,0.00052585855
2003-12-18,2003,12,18,0
2003-12-19,2003,12,19,0.00092615823
2003-12-20,2003,12,20,0
2003-12-21,2003,12,21,0.141017
2003-12-22,2003,12,22,0
2003-12-23,2003,12,23,0
2003-12-24,2003,12,24,0
2003-12-25,2003,12,25,0
2003-12-26,2003,12,26,0.0010572957
2003-12-27,2003,12,27,4.0581638e-06
2003-12-28,2003,12,28,0
2003-12-29,2003,12,29,0
2003-12-30,2003,12,30,0
2003-12-31,2003,12,31,0.0044414921
2004-01-01,2004,1,1,0
2004-01-02,2004,1,2,0
2004-01-03,2004,1,3,0
2004-01-04,2004,1,4,0
2004-01-05,2004,1,5,0
2004-01-06,2004,1,6,0
2004-01-07,2004,1,7,0
2004-01-08,2004,1,8,0
2004-01-09,2004,1,9,0
2004-01-10,2004,1,10,0
2004-01-11,2004,1,11,4.226196e-07
2004-01-12,2004,1,12,0.011434992
2004-01-13,2004,1,13,0.17198567
2004-01-14,2004,1,14,0.17868487
2004-01-15,2004,1,15,1.5924546
2004-01-16,2004,1,16,1.8325768
2004-01-17,2004,1,17,1.3310641
2004-01-18,2004,1,18,0.12042097
2004-01-19,2004,1,19,0
2004-01-20,2004,1,20,0
2004-01-21,2004,1,21,0
2004-01-22,2004,1,22,0.00074450322
2004-01-23,2004,1,23,0.001861258
2004-01-24,2004,1,24,0
2004-01-25,2004,1,25,0
2004-01-26,2004,1,26,0
2004-01-27,2004,1,27,0
2004-01-28,2004,1,28,0
2004-01-29,2004,1,29,0
2004-01-30,2004,1,30,0
2004-01-31,2004,1,31,0
2004-02-01,2004,2,1,0
2004-02-02,2004,2,2,0
2004-02-03,2004,2,3,0
2004-02-04,2004,2,4,0
2004-02-05,2004,2,5,0
2004-02-06,2004,2,6,0
2004-02-07,2004,2,7,0.019448633
2004-02-08,2004,2,8,0
2004-02-09,2004,2,9,0
2004-02-10,2004,2,10,2.9647944
2004-02-11,2004,2,11,2.5691255
2004-02-12,2004,2,12,0.0026100508
2004-02-13,2004,2,13,0
2004-02-14,2004,2,14,0
2004-02-15,2004,2,15,0.0089349731
2004-02-16,2004,2,16,0
2004-02-17,2004,2,17,0
2004-02-18,2004,2,18,0
2004-02-19,2004,2,19,0.00027662727
2004-02-20,2004,2,20,0.1363711
2004-02-21,2004,2,21,0.61749616
2004-02-22,2004,2,22,0.045746991
2004-02-23,2004,2,23,7.1503572
2004-02-24,2004,2,24,3.8652209
2004-02-25,2004,2,25,0.077638007
2004-02-26,2004,2,26,0
2004-02-27,2004,2,27,0
2004-02-28,2004,2,28,0
2004-02-29,2004,2,29,0
2004-03-01,2004,3,1,11.097813
2004-03-02,2004,3,2,0.0039681525
2004-03-03,2004,3,3,0
2004-03-04,2004,3,4,0
2004-03-05,2004,3,5,0
2004-03-06,2004,3,6,0
2004-03-07,2004,3,7,0
2004-03-08,2004,3,8,0
2004-03-09,2004,3,9,0
2004-03-10,2004,3,10,0.1988126
2004-03-11,2004,3,11,0
2004-03-12,2004,3,12,0
2004-03-13,2004,3,13,0
2004-03-14,2004,3,14,0
2004-03-15,2004,3,15,0
2004-03-16,2004,3,16,0
2004-03-17,2004,3,17,0
2004-03-18,2004,3,18,0
2004-03-19,2004,3,19,0
2004-03-20,2004,3,20,0
2004-03-21,2004,3,21,0
2004-03-22,2004,3,22,0
2004-03-23,2004,3,23,0
2004-03-24,2004,3,24,0
2004-03-25,2004,3,25,0
2004-03-26,2004,3,26,0
2004-03-27,2004,3,27,0
2004-03-28,2004,3,28,0.0011005776
2004-03-29,2004,3,29,0
2004-03-30,2004,3,30,11.370122
2004-03-31,2004,3,31,9.8072613
2004-04-01,2004,4,1,0
2004-04-02,2004,4,2,0
2004-04-03,2004,4,3,0
2004-04-04,2004,4,4,0
2004-04-05,2004,4,5,0
2004-04-06,2004,4,6,0
2004-04-07,2004,4,7,0
2004-04-08,2004,4,8,0
2004-04-09,2004,4,9,0
2004-04-10,2004,4,10,0
2004-04-11,2004,4,11,0
2004-04-12,2004,4,12,0.456732
2004-04-13,2004,4,13,9.1527833
2004-04-14,2004,4,14,9.6467357
2004-04-15,2004,4,15,20.946507
2004-04-16,2004,4,16,0.48772477
2004-04-17,2004,4,17,0
2004-04-18,2004,4,18,0.00017605989
2004-04-19,2004,4,19,0
2004-04-20,2004,4,20,12.668038
2004-04-21,2004,4,21,20.450422
2004-04-22,2004,4,22,0.74321185
2004-04-23,2004,4,23,0.005934013
2004-04-24,2004,4,24,0.010652359
2004-04-25,2004,4,25,0.00011768675
2004-04-26,2004,4,26,0
2004-04-27,2004,4,27,0
2004-04-28,2004,4,28,0
2004-04-29,2004,4,29,0.0001395313
2004-04-30,2004,4,30,0
2004-05-01,2004,5,1,0
2004-05-02,2004,5,2,0
2004-05-03,2004,5,3,0.030877054
2004-05-04,2004,5,4,0
2004-05-05,2004,5,5,0
2004-05-06,2004,5,6,0
2004-05-07,2004,5,7,0
2004-05-08,2004,5,8,0
2004-05-09,2004,5,9,0
2004-05-10,2004,5,10,0
2004-05-11,2004,5,11,0
2004-05-12,2004,5,12,0.044689966
2004-05-13,2004,5,13,0.0021128541
2004-05-14,2004,5,14,0
2004-05-15,2004,5,15,0
2004-05-16,2004,5,16,0
2004-05-17,2004,5,17,0
2004-05-18,2004,5,18,0
2004-05-19,2004,5,19,0
2004-05-20,2004,5,20,11.472124
2004-05-21,2004,5,21,7.5223284
2004-05-22,2004,5,22,0.19185353
2004-05-23,2004,5,23,0.027845704
2004-05-24,2004,5,24,0.00032189691
2004-05-25,2004,5,25,0
2004-05-26,2004,5,26,0
2004-05-27,2004,5,27,0
2004-05-28,2004,5,28,0
2004-05-29,2004,5,29,0
2004-05-30,2004,5,30,0
2004-05-31,2004,5,31,0.10837526
2004-06-01,2004,6,1,0
2004-06-02,2004,6,2,0
2004-06-03,2004,6,3,0
2004-06-04,2004,6,4,0
2004-06-05,2004,6,5,0
2004-06-06,2004,6,6,0
2004-06-07,2004,6,7,0
2004-06-08,2004,6,8,12.950278
2004-06-09,2004,6,9,28.696236
2004-06-10,2004,6,10,3.6880481
2004-06-11,2004,6,11,0
2004-06-12,2004,6,12,0
2004-06-13,2004,6,13,0
2004-06-14,2004,6,14,0
2004-06-15,2004,6,15,13.084479
2004-06-16,2004,6,16,7.5354665
2004-06-17,2004,6,17,0
2004-06-18,2004,6,18,0
2004-06-19,2004,6,19,13.783172
2004-06-20,2004,6,20,0.091331132
2004-06-21,2004,6,21,0.00054222726
2004-06-22,2004,6,22,0.1822057
2004-06-23,2004,6,23,0
2004-06-24,2004,6,24,0.00040851055
2004-06-25,2004,6,25,0.00012357868
2004-06-26,2004,6,26,0
2004-06-27,2004,6,27,0
2004-06-28,2004,6,28,0
2004-06-29,2004,6,29,0
2004-06-30,2004,6,30,0
2004-07-01,2004,7,1,0
2004-07-02,2004,7,2,0
2004-07-03,2004,7,3,0
2004-07-04,2004,7,4,0
2004-07-05,2004,7,5,0
2004-07-06,2004,7,6,0
2004-07-07,2004,7,7,0
2004-07-08,2004,7,8,0
2004-07-09,2004,7,9,0
2004-07-10,2004,7,10,0
2004-07-11,2004,7,11,0
2004-07-12,2004,7,12,15.636919
2004-07-13,2004,7,13,35.135837
2004-07-14,2004,7,14,1.6102031
2004-07-15,2004,7,15,0.0023902629
2004-07-16,2004,7,16,0
2004-07-17,2004,7,17,0
2004-07-18,2004,7,18,3.4661273
2004-07-19,2004,7,19,0.84473624
2004-07-20,2004,7,20,6.2461723
2004-07-21,2004,7,21,1.7853187
2004-07-22,2004,7,22,4.3290725
2004-07-23,2004,7,23,0.00042344114
2004-07-24,2004,7,24,0
2004-07-25,2004,7,25,0.15662991
2004-07-26,2004,7,26,0.95353379
2004-07-27,2004,7,27,6.9784073
2004-07-28,2004,7,28,0.47656356
2004-07-29,2004,7,29,0
2004-07-30,2004,7,30,0
2004-07-31,2004,7,31,0
2004-08-01,2004,8,1,0
2004-08-02,2004,8,2,23.2043
2004-08-03,2004,8,3,16.837084
2004-08-04,2004,8,4,5.0256955
2004-08-05,2004,8,5,0.082978309
2004-08-06,2004,8,6,0
2004-08-07,2004,8,7,0
2004-08-08,2004,8,8,0
2004-08-09,2004,8,9,0.00010011779
2004-08-10,2004,8,10,0
2004-08-11,2004,8,11,0
2004-08-12,2004,8,12,0
2004-08-13,2004,8,13,0
2004-08-14,2004,8,14,4.1782013
2004-08-15,2004,8,15,2.349986
2004-08-16,2004,8,16,0.096356174
2004-08-17,2004,8,17,0.34495512
2004-08-18,2004,8,18,0.2330966
2004-08-19,2004,8,19,0.43607598
2004-08-20,2004,8,20,0.0041262601
2004-08-21,2004,8,21,0
2004-08-22,2004,8,22,0
2004-08-23,2004,8,23,0
2004-08-24,2004,8,24,0
2004-08-25,2004,8,25,0
2004-08-26,2004,8,26,0
2004-08-27,2004,8,27,0.00016183592
2004-08-28,2004,8,28,0
2004-08-29,2004,8,29,0
2004-08-30,2004,8,30,0
2004-08-31,2004,8,31,0
2004-09-01,2004,9,1,0
2004-09-02,2004,9,2,0
2004-09-03,2004,9,3,1.4836346
2004-09-04,2004,9,4,15.918583
2004-09-05,2004,9,5,32.400738
2004-09-06,2004,9,6,48.10424
2004-09-07,2004,9,7,9.8887003
2004-09-08,2004,9,8,0
2004-09-09,2004,9,9,0
2004-09-10,2004,9,10,0
2004-09-11,2004,9,11,0.0071594206
2004-09-12,2004,9,12,0
2004-09-13,2004,9,13,0
2004-09-14,2004,9,14,0
2004-09-15,2004,9,15,0
2004-09-16,2004,9,16,0
2004-09-17,2004,9,17,0.0051626402
2004-09-18,2004,9,18,2.6238515
2004-09-19,2004,9,19,0
2004-09-20,2004,9,20,0.78715486
2004-09-21,2004,9,21,0.06733872
2004-09-22,2004,9,22,0
2004-09-23,2004,9,23,0
2004-09-24,2004,9,24,0
2004-09-25,2004,9,25,0
2004-09-26,2004,9,26,0.13669393
2004-09-27,2004,9,27,0
2004-09-28,2004,9,28,0
2004-09-29,2004,9,29,0
2004-09-30,2004,9,30,0.0018407544
2004-10-01,2004,10,1,0
2004-10-02,2004,10,2,0
2004-10-03,2004,10,3,0
2004-10-04,2004,10,4,0
2004-10-05,2004,10,5,0
2004-10-06,2004,10,6,0
2004-10-07,2004,10,7,11.921062
2004-10-08,2004,10,8,0.06558829
2004-10-09,2004,10,9,0.585727
2004-10-10,2004,10,10,1.2177681
2004-10-11,2004,10,11,6.375551
2004-10-12,2004,10,12,0
2004-10-13,2004,10,13,0
2004-10-14,2004,10,14,0.82307752
2004-10-15,2004,10,15,4.4616247
2004-10-16,2004,10,16,0
2004-10-17,2004,10,17,0.0025496102
2004-10-18,2004,10,18,0
2004-10-19,2004,10,19,0
2004-10-20,2004,10,20,0
2004-10-21,2004,10,21,0.0026978428
2004-10-22,2004,10,22,3.0985418
2004-10-23,2004,10,23,4.029779
2004-10-24,2004,10,24,0
2004-10-25,2004,10,25,20.207239
2004-10-26,2004,10,26,0.061707889
2004-10-27,2004,10,27,0
2004-10-28,2004,10,28,0
2004-10-29,2004,10,29,0
2004-10-30,2004,10,30,0
2004-10-31,2004,10,31,0
2004-11-01,2004,11,1,0
2004-11-02,2004,11,2,0.053244921
2004-11-03,2004,11,3,3.161914
2004-11-04,2004,11,4,1.5621225
2004-11-05,2004,11,5,0
2004-11-06,2004,11,6,0
2004-11-07,2004,11,7,0
2004-11-08,2004,11,8,0
2004-11-09,2004,11,9,0
2004-11-10,2004,11,10,0
2004-11-11,2004,11,11,4.59726
2004-11-12,2004,11,12,53.591007
2004-11-13,2004,11,13,11.310869
2004-11-14,2004,11,14,4.0831542
2004-11-15,2004,11,15,0.91487182
2004-11-16,2004,11,16,0
2004-11-17,2004,11,17,0
2004-11-18,2004,11,18,0
2004-11-19,2004,11,19,0
2004-11-20,2004,11,20,0
2004-11-21,2004,11,21,0
2004-11-22,2004,11,22,0.0091039057
2004-11-23,2004,11,23,0.25938784
2004-11-24,2004,11,24,1.2063451
2004-11-25,2004,11,25,0
2004-11-26,2004,11,26,0
2004-11-27,2004,11,27,0
2004-11-28,2004,11,28,0
2004-11-29,2004,11,29,0
2004-11-30,2004,11,30,0
2004-12-01,2004,12,1,0
2004-12-02,2004,12,2,4.8004181
2004-12-03,2004,12,3,3.7539372
2004-12-04,2004,12,4,0
2004-12-05,2004,12,5,0
2004-12-06,2004,12,6,0.014738914
2004-12-07,2004,12,7,0
2004-12-08,2004,12,8,0
2004-12-09,2004,12,9,0
2004-12-10,2004,12,10,0
2004-12-11,2004,12,11,0
2004-12-12,2004,12,12,0
2004-12-13,2004,12,13,0
2004-12-14,2004,12,14,0
2004-12-15,2004,12,15,0.2497119
2004-12-16,2004,12,16,0
2004-12-17,2004,12,17,0
2004-12-18,2004,12,18,0
2004-12-19,2004,12,19,0
2004-12-20,2004,12,20,0
2004-12-21,2004,12,21,0
2004-12-22,2004,12,22,0
2004-12-23,2004,12,23,2.8112819
2004-12-24,2004,12,24,0.00010447073
2004-12-25,2004,12,25,0
2004-12-26,2004,12,26,0
2004-12-27,2004,12,27,0
2004-12-28,2004,12,28,0.13244272
2004-12-29,2004,12,29,0.0074454127
2004-12-30,2004,12,30,0.0028810224
2004-12-31,2004,12,31,0.21668418
2005-01-01,2005,1,1,0.12405761
2005-01-02,2005,1,2,0
2005-01-03,2005,1,3,0
2005-01-04,2005,1,4,0
2005-01-05,2005,1,5,0
2005-01-06,2005,1,6,0
2005-01-07,2005,1,7,0
2005-01-08,2005,1,8,0
2005-01-09,2005,1,9,0
2005-01-10,2005,1,10,0
2005-01-11,2005,1,11,0
2005-01-12,2005,1,12,0
2005-01-13,2005,1,13,0
2005-01-14,2005,1,14,0
2005-01-15,2005,1,15,0
2005-01-16,2005,1,16,0
2005-01-17,2005,1,17,1.2524682
2005-01-18,2005,1,18,0.70272925
2005-01-19,2005,1,19,0.34447697
2005-01-20,2005,1,20,0.18975241
2005-01-21,2005,1,21,0.078011479
2005-01-22,2005,1,22,0.0040755011
2005-01-23,2005,1,23,0.008828104
2005-01-24,2005,1,24,0
2005-01-25,2005,1,25,0
2005-01-26,2005,1,26,0.13185952
2005-01-27,2005,1,27,0
2005-01-28,2005,1,28,0.21198773
2005-01-29,2005,1,29,22.347619
2005-01-30,2005,1,30,8.7402183
2005-01-31,2005,1,31,0.9613938
2005-02-01,2005,2,1,0.00031571369
2005-02-02,2005,2,2,0
2005-02-03,2005,2,3,0
2005-02-04,2005,2,4,0
2005-02-05,2005,2,5,1.437788
2005-02-06,2005,2,6,0.17409094
2005-02-07,2005,2,7,0
2005-02-08,2005,2,8,0
2005-02-09,2005,2,9,0
2005-02-10,2005,2,10,0
2005-02-11,2005,2,11,0
2005-02-12,2005,2,12,0
2005-02-13,2005,2,13,0
2005-02-14,2005,2,14,0
2005-02-15,2005,2,15,0
2005-02-16,2005,2,16,0
2005-02-17,2005,2,17,0
2005-02-18,2005,2,18,0
2005-02-19,2005,2,19,0
2005-02-20,2005,2,20,0
2005-02-21,2005,2,21,0
2005-02-22,2005,2,22,0
2005-02-23,2005,2,23,0
2005-02-24,2005,2,24,0.00015542466
2005-02-25,2005,2,25,0
2005-02-26,2005,2,26,0
2005-02-27,2005,2,27,0
2005-02-28,2005,2,28,5.3485978e-05
2005-03-01,2005,3,1,0
2005-03-02,2005,3,2,0
2005-03-03,2005,3,3,0
2005-03-04,2005,3,4,0
2005-03-05,2005,3,5,0
2005-03-06,2005,3,6,0.018938984
2005-03-07,2005,3,7,10.974475
2005-03-08,2005,3,8,0.096492556
2005-03-09,2005,3,9,0
2005-03-10,2005,3,10,0
2005-03-11,2005,3,11,37.942424
2005-03-12,2005,3,12,4.6690727
2005-03-13,2005,3,13,0
2005-03-14,2005,3,14,0
2005-03-15,2005,3,15,0
2005-03-16,2005,3,16,0
2005-03-17,2005,3,17,0.17318183
2005-03-18,2005,3,18,0
2005-03-19,2005,3,19,0
2005-03-20,2005,3,20,3.4552249
2005-03-21,2005,3,21,0.34209263
2005-03-22,2005,3,22,0.00037180334
2005-03-23,2005,3,23,0
2005-03-24,2005,3,24,0
2005-03-25,2005,3,25,0
2005-03-26,2005,3,26,0
2005-03-27,2005,3,27,0
2005-03-28,2005,3,28,0
2005-03-29,2005,3,29,0
2005-03-30,2005,3,30,0
2005-03-31,2005,3,31,0.3567998
2005-04-01,2005,4,1,4.6273214
2005-04-02,2005,4,2,0.0048775302
2005-04-03,2005,4,3,0
2005-04-04,2005,4,4,0
2005-04-05,2005,4,5,0
2005-04-06,2005,4,6,0
2005-04-07,2005,4,7,0
2005-04-08,2005,4,8,0
2005-04-09,2005,4,9,0
2005-04-10,2005,4,10,0
2005-04-11,2005,4,11,0
2005-04-12,2005,4,12,0.00053076945
2005-04-13,2005,4,13,0
2005-04-14,2005,4,14,0
2005-04-15,2005,4,15,0
2005-04-16,2005,4,16,0
2005-04-17,2005,4,17,0
2005-04-18,2005,4,18,0
2005-04-19,2005,4,19,0
2005-04-20,2005,4,20,0
2005-04-21,2005,4,21,0
2005-04-22,2005,4,22,0
2005-04-23,2005,4,23,8.9192922
2005-04-24,2005,4,24,10.38434
2005-04-25,2005,4,25,0.42548347
2005-04-26,2005,4,26,0.00065091131
2005-04-27,2005,4,27,2.6154296
2005-04-28,2005,4,28,0.48170966
2005-04-29,2005,4,29,0.00087095195
2005-04-30,2005,4,30,0.19928747
2005-05-01,2005,5,1,0
2005-05-02,2005,5,2,0
2005-05-03,2005,5,3,13.323636
2005-05-04,2005,5,4,1.1254017
2005-05-05,2005,5,5,0.10369823
2005-05-06,2005,5,6,0.036569111
2005-05-07,2005,5,7,3.2641759
2005-05-08,2005,5,8,0
2005-05-09,2005,5,9,33.148659
2005-05-10,2005,5,10,2.6507058
2005-05-11,2005,5,11,0
2005-05-12,2005,5,12,0.53776334
2005-05-13,2005,5,13,27.090336
2005-05-14,2005,5,14,2.1301304
2005-05-15,2005,5,15,0.075212011
2005-05-16,2005,5,16,0
2005-05-17,2005,5,17,20.196876
2005-05-18,2005,5,18,40.064854
2005-05-19,2005,5,19,7.4703197
2005-05-20,2005,5,20,0.33431313
2005-05-21,2005,5,21,0
2005-05-22,2005,5,22,5.4855712
2005-05-23,2005,5,23,24.511962
2005-05-24,2005,5,24,0.25148847
2005-05-25,2005,5,25,8.850044
2005-05-26,2005,5,26,14.913366
2005-05-27,2005,5,27,4.0004606
2005-05-28,2005,5,28,9.3433914
2005-05-29,2005,5,29,0
2005-05-30,2005,5,30,0
2005-05-31,2005,5,31,0
2005-06-01,2005,6,1,0.95347465
2005-06-02,2005,6,2,12.531631
2005-06-03,2005,6,3,0.038754969
2005-06-04,2005,6,4,0.00032287839
2005-06-05,2005,6,5,0
2005-06-06,2005,6,6,0
2005-06-07,2005,6,7,6.2729255
2005-06-08,2005,6,8,0
2005-06-09,2005,6,9,12.062522
2005-06-10,2005,6,10,59.330543
2005-06-11,2005,6,11,3.6833941
2005-06-12,2005,6,12,12.762934
2005-06-13,2005,6,13,23.116683
2005-06-14,2005,6,14,40.03451
2005-06-15,2005,6,15,36.765501
2005-06-16,2005,6,16,1.8034213
2005-06-17,2005,6,17,29.325422
2005-06-18,2005,6,18,46.949407
2005-06-19,2005,6,19,0.038762834
2005-06-20,2005,6,20,0
2005-06-21,2005,6,21,6.6376973
2005-06-22,2005,6,22,0
2005-06-23,2005,6,23,0
2005-06-24,2005,6,24,0
2005-06-25,2005,6,25,0
2005-06-26,2005,6,26,19.057377
2005-06-27,2005,6,27,83.522582
2005-06-28,2005,6,28,43.264339
2005-06-29,2005,6,29,5.0210878
2005-06-30,2005,6,30,0
2005-07-01,2005,7,1,10.630969
2005-07-02,2005,7,2,29.858221
2005-07-03,2005,7,3,7.4107821
2005-07-04,2005,7,4,0.05449701
2005-07-05,2005,7,5,0
2005-07-06,2005,7,6,0
2005-07-07,2005,7,7,0
2005-07-08,2005,7,8,0
2005-07-09,2005,7,9,0
2005-07-10,2005,7,10,0
2005-07-11,2005,7,11,0
2005-07-12,2005,7,12,4.3766643
2005-07-13,2005,7,13,7.0849791
2005-07-14,2005,7,14,2.4620575
2005-07-15,2005,7,15,0.0036953782
2005-07-16,2005,7,16,0
2005-07-17,2005,7,17,0
2005-07-18,2005,7,18,0
2005-07-19,2005,7,19,0
2005-07-20,2005,7,20,0
2005-07-21,2005,7,21,0.088362692
2005-07-22,2005,7,22,0
2005-07-23,2005,7,23,0
2005-07-24,2005,7,24,0
2005-07-25,2005,7,25,0
2005-07-26,2005,7,26,0
2005-07-27,2005,7,27,0
2005-07-28,2005,7,28,0
2005-07-29,2005,7,29,0
2005-07-30,2005,7,30,0.20298468
2005-07-31,2005,7,31,7.685606
2005-08-01,2005,8,1,52.345005
2005-08-02,2005,8,2,39.672448
2005-08-03,2005,8,3,7.7738591
2005-08-04,2005,8,4,24.99572
2005-08-05,2005,8,5,1.4435585
2005-08-06,2005,8,6,0
2005-08-07,2005,8,7,0
2005-08-08,2005,8,8,0
2005-08-09,2005,8,9,0
2005-08-10,2005,8,10,0
2005-08-11,2005,8,11,0
2005-08-12,2005,8,12,1.170491
2005-08-13,2005,8,13,27.776172
2005-08-14,2005,8,14,7.3051837
2005-08-15,2005,8,15,31.292086
2005-08-16,2005,8,16,25.01894
2005-08-17,2005,8,17,0.19874247
2005-08-18,2005,8,18,0
2005-08-19,2005,8,19,0
2005-08-20,2005,8,20,0.0018798257
2005-08-21,2005,8,21,0
2005-08-22,2005,8,22,6.3759369
2005-08-23,2005,8,23,0.27589274
2005-08-24,2005,8,24,0
2005-08-25,2005,8,25,0.16008218
2005-08-26,2005,8,26,66.812013
2005-08-27,2005,8,27,71.756353
2005-08-28,2005,8,28,47.801449
2005-08-29,2005,8,29,3.4325475
2005-08-30,2005,8,30,0.032741011
2005-08-31,2005,8,31,0.39317322
2005-09-01,2005,9,1,0
2005-09-02,2005,9,2,6.9542616
2005-09-03,2005,9,3,8.1576621
2005-09-04,2005,9,4,3.2603039
2005-09-05,2005,9,5,3.6407528
2005-09-06,2005,9,6,0
2005-09-07,2005,9,7,0
2005-09-08,2005,9,8,0.024301348
2005-09-09,2005,9,9,18.465169
2005-09-10,2005,9,10,3.6804441
2005-09-11,2005,9,11,0.0071835402
2005-09-12,2005,9,12,0
2005-09-13,2005,9,13,0
2005-09-14,2005,9,14,0
2005-09-15,2005,9,15,0
2005-09-16,2005,9,16,0
2005-09-17,2005,9,17,0
2005-09-18,2005,9,18,0
2005-09-19,2005,9,19,0
2005-09-20,2005,9,20,0
2005-09-21,2005,9,21,0
2005-09-22,2005,9,22,0
2005-09-23,2005,9,23,0.015765544
2005-09-24,2005,9,24,0
2005-09-25,2005,9,25,0
2005-09-26,2005,9,26,0
2005-09-27,2005,9,27,0
2005-09-28,2005,9,28,3.5987089
2005-09-29,2005,9,29,0
2005-09-30,2005,9,30,0
2005-10-01,2005,10,1,0
2005-10-02,2005,10,2,4.2999347
2005-10-03,2005,10,3,1.2402781
2005-10-04,2005,10,4,0
2005-10-05,2005,10,5,0
2005-10-06,2005,10,6,0
2005-10-07,2005,10,7,0
2005-10-08,2005,10,8,0
2005-10-09,2005,10,9,0
2005-10-10,2005,10,10,0
2005-10-11,2005,10,11,0
2005-10-12,2005,10,12,0
2005-10-13,2005,10,13,0
2005-10-14,2005,10,14,0
2005-10-15,2005,10,15,0.017159538
2005-10-16,2005,10,16,0
2005-10-17,2005,10,17,0
2005-10-18,2005,10,18,0
2005-10-19,2005,10,19,0
2005-10-20,2005,10,20,0
2005-10-21,2005,10,21,0
2005-10-22,2005,10,22,0
2005-10-23,2005,10,23,3.9033813
2005-10-24,2005,10,24,1.1394373
2005-10-25,2005,10,25,0.87454505
2005-10-26,2005,10,26,0.2146178
2005-10-27,2005,10,27,4.9862988
2005-10-28,2005,10,28,3.5388355
2005-10-29,2005,10,29,0
2005-10-30,2005,10,30,0
2005-10-31,2005,10,31,0
2005-11-01,2005,11,1,0
2005-11-02,2005,11,2,0
2005-11-03,2005,11,3,0
2005-11-04,2005,11,4,0
2005-11-05,2005,11,5,0
2005-11-06,2005,11,6,0
2005-11-07,2005,11,7,0
2005-11-08,2005,11,8,0
2005-11-09,2005,11,9,0
2005-11-10,2005,11,10,0
2005-11-11,2005,11,11,0
2005-11-12,2005,11,12,0
2005-11-13,2005,11,13,0
2005-11-14,2005,11,14,0
2005-11-15,2005,11,15,0
2005-11-16,2005,11,16,0
2005-11-17,2005,11,17,0.054411134
2005-11-18,2005,11,18,0
2005-11-19,2005,11,19,0
2005-11-20,2005,11,20,0
2005-11-21,2005,11,21,0
2005-11-22,2005,11,22,9.1413094
2005-11-23,2005,11,23,14.363532
2005-11-24,2005,11,24,0
2005-11-25,2005,11,25,0
2005-11-26,2005,11,26,0
2005-11-27,2005,11,27,0
2005-11-28,2005,11,28,0.82267369
2005-11-29,2005,11,29,0.52037294
2005-11-30,2005,11,30,0
2005-12-01,2005,12,1,0
2005-12-02,2005,12,2,2.9132403
2005-12-03,2005,12,3,0.0011171695
2005-12-04,2005,12,4,0.13832701
2005-12-05,2005,12,5,0.01267138
2005-12-06,2005,12,6,0
2005-12-07,2005,12,7,0.25672362
2005-12-08,2005,12,8,2.4434101
2005-12-09,2005,12,9,0.087192502
2005-12-10,2005,12,10,0
2005-12-11,2005,12,11,0
2005-12-12,2005,12,12,0.47920921
2005-12-13,2005,12,13,0.0079775297
2005-12-14,2005,12,14,0
2005-12-15,2005,12,15,0
2005-12-16,2005,12,16,0
2005-12-17,2005,12,17,0
2005-12-18,2005,12,18,0
2005-12-19,2005,12,19,0
2005-12-20,2005,12,20,0
2005-12-21,2005,12,21,0
2005-12-22,2005,12,22,0
2005-12-23,2005,12,23,0
2005-12-24,2005,12,24,0
2005-12-25,2005,12,25,0
2005-12-26,2005,12,26,0
2005-12-27,2005,12,27,0
2005-12-28,2005,12,28,0
2005-12-29,2005,12,29,0.0034101256
2005-12-30,2005,12,30,0
2005-12-31,2005,12,31,0.062303725
2006-01-01,2006,1,1,0.15092497
2006-01-02,2006,1,2,0.0017860086
2006-01-03,2006,1,3,0
2006-01-04,2006,1,4,0
2006-01-05,2006,1,5,0
2006-01-06,2006,1,6,0
2006-01-07,2006,1,7,0.00931736
2006-01-08,2006,1,8,0
2006-01-09,2006,1,9,0
2006-01-10,2006,1,10,0
2006-01-11,2006,1,11,0
2006-01-12,2006,1,12,0
2006-01-13,2006,1,13,0
2006-01-14,2006,1,14,0
2006-01-15,2006,1,15,0
2006-01-16,2006,1,16,0
2006-01-17,2006,1,17,0.027239172
2006-01-18,2006,1,18,0
2006-01-19,2006,1,19,0
2006-01-20,2006,1,20,0.0026564385
2006-01-21,2006,1,21,4.7149914
2006-01-22,2006,1,22,9.7327318
2006-01-23,2006,1,23,2.0215707
2006-01-24,2006,1,24,0.096892256
2006-01-25,2006,1,25,0.001126918
2006-01-26,2006,1,26,0
2006-01-27,2006,1,27,0
2006-01-28,2006,1,28,0
2006-01-29,2006,1,29,0
2006-01-30,2006,1,30,0
2006-01-31,2006,1,31,0
2006-02-01,2006,2,1,0
2006-02-02,2006,2,2,0
2006-02-03,2006,2,3,0
2006-02-04,2006,2,4,0
2006-02-05,2006,2,5,0
2006-02-06,2006,2,6,0
2006-02-07,2006,2,7,0
2006-02-08,2006,2,8,0
2006-02-09,2006,2,9,0
2006-02-10,2006,2,10,8.452392e-07
2006-02-11,2006,2,11,0.0047725608
2006-02-12,2006,2,12,0.34285722
2006-02-13,2006,2,13,0.040447686
2006-02-14,2006,2,14,5.0945133
2006-02-15,2006,2,15,2.5778304
2006-02-16,2006,2,16,0.074137217
2006-02-17,2006,2,17,0.00013108914
2006-02-18,2006,2,18,0.16526193
2006-02-19,2006,2,19,2.7958546
2006-02-20,2006,2,20,0.0076534165
2006-02-21,2006,2,21,0
2006-02-22,2006,2,22,0.55629155
2006-02-23,2006,2,23,0
2006-02-24,2006,2,24,0
2006-02-25,2006,2,25,0
2006-02-26,2006,2,26,4.2419719
2006-02-27,2006,2,27,0.85934975
2006-02-28,2006,2,28,0.95386228
2006-03-01,2006,3,1,0.10492036
2006-03-02,2006,3,2,0.46369463
2006-03-03,2006,3,3,0
2006-03-04,2006,3,4,0
2006-03-05,2006,3,5,0
2006-03-06,2006,3,6,0
2006-03-07,2006,3,7,0.01297036
2006-03-08,2006,3,8,0
2006-03-09,2006,3,9,0
2006-03-10,2006,3,10,0
2006-03-11,2006,3,11,0
2006-03-12,2006,3,12,0
2006-03-13,2006,3,13,0
2006-03-14,2006,3,14,0
2006-03-15,2006,3,15,0
2006-03-16,2006,3,16,0
2006-03-17,2006,3,17,0
2006-03-18,2006,3,18,0
2006-03-19,2006,3,19,0
2006-03-20,2006,3,20,0
2006-03-21,2006,3,21,0
2006-03-22,2006,3,22,0
2006-03-23,2006,3,23,0
2006-03-24,2006,3,24,0
2006-03-25,2006,3,25,0
2006-03-26,2006,3,26,0
2006-03-27,2006,3,27,0
2006-03-28,2006,3,28,0
2006-03-29,2006,3,29,0
2006-03-30,2006,3,30,0
2006-03-31,2006,3,31,0
2006-04-01,2006,4,1,0.00062807241
2006-04-02,2006,4,2,2.7745811
2006-04-03,2006,4,3,0.0012330674
2006-04-04,2006,4,4,0
2006-04-05,2006,4,5,0
2006-04-06,2006,4,6,0
2006-04-07,2006,4,7,0
2006-04-08,2006,4,8,0
2006-04-09,2006,4,9,0
2006-04-10,2006,4,10,0
2006-04-11,2006,4,11,0
2006-04-12,2006,4,12,2.7141156
2006-04-13,2006,4,13,9.5148723
2006-04-14,2006,4,14,0.042548923
2006-04-15,2006,4,15,0.00075206171
2006-04-16,2006,4,16,0
2006-04-17,2006,4,17,0
2006-04-18,2006,4,18,0
2006-04-19,2006,4,19,10.413287
2006-04-20,2006,4,20,0.87929912
2006-04-21,2006,4,21,0
2006-04-22,2006,4,22,0
2006-04-23,2006,4,23,0
2006-04-24,2006,4,24,0
2006-04-25,2006,4,25,0
2006-04-26,2006,4,26,0.00086005458
2006-04-27,2006,4,27,0
2006-04-28,2006,4,28,0
2006-04-29,2006,4,29,0
2006-04-30,2006,4,30,0
2006-05-01,2006,5,1,0
2006-05-02,2006,5,2,0
2006-05-03,2006,5,3,0
2006-05-04,2006,5,4,0
2006-05-05,2006,5,5,0
2006-05-06,2006,5,6,0.00060591561
2006-05-07,2006,5,7,0
2006-05-08,2006,5,8,0
2006-05-09,2006,5,9,0
2006-05-10,2006,5,10,0
2006-05-11,2006,5,11,0
2006-05-12,2006,5,12,0
2006-05-13,2006,5,13,0
2006-05-14,2006,5,14,0
2006-05-15,2006,5,15,8.067899
2006-05-16,2006,5,16,0.029045351
2006-05-17,2006,5,17,0
2006-05-18,2006,5,18,0
2006-05-19,2006,5,19,0.59847157
2006-05-20,2006,5,20,0.60288358
2006-05-21,2006,5,21,0
2006-05-22,2006,5,22,0
2006-05-23,2006,5,23,9.8738088
2006-05-24,2006,5,24,5.7097903
2006-05-25,2006,5,25,22.78508
2006-05-26,2006,5,26,2.179805
2006-05-27,2006,5,27,0
2006-05-28,2006,5,28,0.34173859
2006-05-29,2006,5,29,0.010383482
2006-05-30,2006,5,30,0
2006-05-31,2006,5,31,0
2006-06-01,2006,6,1,6.0619839
2006-06-02,2006,6,2,0.4030608
2006-06-03,2006,6,3,0
2006-06-04,2006,6,4,0
2006-06-05,2006,6,5,37.467136
2006-06-06,2006,6,6,8.9740102
2006-06-07,2006,6,7,56.461244
2006-06-08,2006,6,8,20.117315
2006-06-09,2006,6,9,1.5658436
2006-06-10,2006,6,10,0
2006-06-11,2006,6,11,0
2006-06-12,2006,6,12,17.626456
2006-06-13,2006,6,13,2.0817728
2006-06-14,2006,6,14,0.00034692118
2006-06-15,2006,6,15,0
2006-06-16,2006,6,16,0
2006-06-17,2006,6,17,0
2006-06-18,2006,6,18,0.11708487
2006-06-19,2006,6,19,0.0094388625
2006-06-20,2006,6,20,0
2006-06-21,2006,6,21,0
2006-06-22,2006,6,22,0
2006-06-23,2006,6,23,0
2006-06-24,2006,6,24,15.698454
2006-06-25,2006,6,25,0
2006-06-26,2006,6,26,0
2006-06-27,2006,6,27,0
2006-06-28,2006,6,28,1.8768855e-06
2006-06-29,2006,6,29,0
2006-06-30,2006,6,30,0
2006-07-01,2006,7,1,0
2006-07-02,2006,7,2,0
2006-07-03,2006,7,3,0
2006-07-04,2006,7,4,0
2006-07-05,2006,7,5,0
2006-07-06,2006,7,6,32.555653
2006-07-07,2006,7,7,31.387141
2006-07-08,2006,7,8,8.5324091
2006-07-09,2006,7,9,25.384139
2006-07-10,2006,7,10,29.297931
2006-07-11,2006,7,11,101.1828
2006-07-12,2006,7,12,82.706477
2006-07-13,2006,7,13,3.5415297
2006-07-14,2006,7,14,0
2006-07-15,2006,7,15,0
2006-07-16,2006,7,16,0
2006-07-17,2006,7,17,0
2006-07-18,2006,7,18,0
2006-07-19,2006,7,19,0
2006-07-20,2006,7,20,0
2006-07-21,2006,7,21,39.463704
2006-07-22,2006,7,22,27.729255
2006-07-23,2006,7,23,8.1015215
2006-07-24,2006,7,24,17.847782
2006-07-25,2006,7,25,37.134061
2006-07-26,2006,7,26,22.899148
2006-07-27,2006,7,27,0.80058916
2006-07-28,2006,7,28,0.099454886
2006-07-29,2006,7,29,0.00020123104
2006-07-30,2006,7,30,0
2006-07-31,2006,7,31,0.034351583
2006-08-01,2006,8,1,0
2006-08-02,2006,8,2,0
2006-08-03,2006,8,3,7.4528329e-05
2006-08-04,2006,8,4,0.37342507
2006-08-05,2006,8,5,3.8292443
2006-08-06,2006,8,6,13.62925
2006-08-07,2006,8,7,1.7645123
2006-08-08,2006,8,8,25.239208
2006-08-09,2006,8,9,5.4031479
2006-08-10,2006,8,10,41.215187
2006-08-11,2006,8,11,13.951555
2006-08-12,2006,8,12,0.53310136
2006-08-13,2006,8,13,5.7946355
2006-08-14,2006,8,14,0.014232143
2006-08-15,2006,8,15,0
2006-08-16,2006,8,16,0
2006-08-17,2006,8,17,0
2006-08-18,2006,8,18,0
2006-08-19,2006,8,19,0
2006-08-20,2006,8,20,0
2006-08-21,2006,8,21,0
2006-08-22,2006,8,22,0
2006-08-23,2006,8,23,0
2006-08-24,2006,8,24,0
2006-08-25,2006,8,25,0
2006-08-26,2006,8,26,1.8779965
2006-08-27,2006,8,27,0.0079877308
2006-08-28,2006,8,28,0
2006-08-29,2006,8,29,0
2006-08-30,2006,8,30,2.8074852
2006-08-31,2006,8,31,16.053049
2006-09-01,2006,9,1,0.96365861
2006-09-02,2006,9,2,0
2006-09-03,2006,9,3,0
2006-09-04,2006,9,4,0
2006-09-05,2006,9,5,0
2006-09-06,2006,9,6,0.0067057879
2006-09-07,2006,9,7,1.486325
2006-09-08,2006,9,8,0
2006-09-09,2006,9,9,0.0013745569
2006-09-10,2006,9,10,25.861053
2006-09-11,2006,9,11,9.6368472
2006-09-12,2006,9,12,0
2006-09-13,2006,9,13,0
2006-09-14,2006,9,14,0
2006-09-15,2006,9,15,0
2006-09-16,2006,9,16,0
2006-09-17,2006,9,17,0
2006-09-18,2006,9,18,8.4477923
2006-09-19,2006,9,19,1.3969142
2006-09-20,2006,9,20,0
2006-09-21,2006,9,21,15.348317
2006-09-22,2006,9,22,0.81941552
2006-09-23,2006,9,23,0
2006-09-24,2006,9,24,0
2006-09-25,2006,9,25,0.38174839
2006-09-26,2006,9,26,0.12552818
2006-09-27,2006,9,27,0.00053692145
2006-09-28,2006,9,28,0
2006-09-29,2006,9,29,0
2006-09-30,2006,9,30,0
2006-10-01,2006,10,1,0
2006-10-02,2006,10,2,0
2006-10-03,2006,10,3,10.016902
2006-10-04,2006,10,4,0.95482461
2006-10-05,2006,10,5,0
2006-10-06,2006,10,6,0
2006-10-07,2006,10,7,0
2006-10-08,2006,10,8,0
2006-10-09,2006,10,9,0
2006-10-10,2006,10,10,0
2006-10-11,2006,10,11,7.5591129
2006-10-12,2006,10,12,37.019289
2006-10-13,2006,10,13,49.47211
2006-10-14,2006,10,14,1.9546598
2006-10-15,2006,10,15,0
2006-10-16,2006,10,16,0
2006-10-17,2006,10,17,0
2006-10-18,2006,10,18,0
2006-10-19,2006,10,19,0
2006-10-20,2006,10,20,0
2006-10-21,2006,10,21,0
2006-10-22,2006,10,22,0
2006-10-23,2006,10,23,0
2006-10-24,2006,10,24,0.46365271
2006-10-25,2006,10,25,0
2006-10-26,2006,10,26,10.258984
2006-10-27,2006,10,27,0
2006-10-28,2006,10,28,0.047420884
2006-10-29,2006,10,29,0.0049749003
2006-10-30,2006,10,30,0
2006-10-31,2006,10,31,0
2006-11-01,2006,11,1,0
2006-11-02,2006,11,2,0.012798761
2006-11-03,2006,11,3,0
2006-11-04,2006,11,4,0
2006-11-05,2006,11,5,0
2006-11-06,2006,11,6,0
2006-11-07,2006,11,7,0
2006-11-08,2006,11,8,0
2006-11-09,2006,11,9,0
2006-11-10,2006,11,10,0
2006-11-11,2006,11,11,0
2006-11-12,2006,11,12,0
2006-11-13,2006,11,13,0.00015183038
2006-11-14,2006,11,14,0
2006-11-15,2006,11,15,0
2006-11-16,2006,11,16,0.0049763389
2006-11-17,2006,11,17,5.722075
2006-11-18,2006,11,18,0.1574795
2006-11-19,2006,11,19,0
2006-11-20,2006,11,20,0
2006-11-21,2006,11,21,0
2006-11-22,2006,11,22,0
2006-11-23,2006,11,23,0
2006-11-24,2006,11,24,0
2006-11-25,2006,11,25,0
2006-11-26,2006,11,26,0
2006-11-27,2006,11,27,0
2006-11-28,2006,11,28,0
2006-11-29,2006,11,29,0
2006-11-30,2006,11,30,0
2006-12-01,2006,12,1,0.010865184
2006-12-02,2006,12,2,0
2006-12-03,2006,12,3,0
2006-12-04,2006,12,4,0
2006-12-05,2006,12,5,0
2006-12-06,2006,12,6,0
2006-12-07,2006,12,7,0
2006-12-08,2006,12,8,0
2006-12-09,2006,12,9,0.016575747
2006-12-10,2006,12,10,0.074552051
2006-12-11,2006,12,11,0.098710892
2006-12-12,2006,12,12,0.014672483
2006-12-13,2006,12,13,2.5394793
2006-12-14,2006,12,14,6.0701263e-05
2006-12-15,2006,12,15,1.2267557
2006-12-16,2006,12,16,0.01041064
2006-12-17,2006,12,17,0
2006-12-18,2006,12,18,0
2006-12-19,2006,12,19,0
2006-12-20,2006,12,20,0.0017399241
2006-12-21,2006,12,21,0
2006-12-22,2006,12,22,0
2006-12-23,2006,12,23,1.9482448e-05
2006-12-24,2006,12,24,2.3288776
2006-12-25,2006,12,25,0.0017538794
2006-12-26,2006,12,26,0
2006-12-27,2006,12,27,0
2006-12-28,2006,12,28,0
2006-12-29,2006,12,29,0.00054028056
2006-12-30,2006,12,30,0
2006-12-31,2006,12,31,0
2007-01-01,2007,1,1,0
2007-01-02,2007,1,2,0
2007-01-03,2007,1,3,0
2007-01-04,2007,1,4,0
2007-01-05,2007,1,5,0
2007-01-06,2007,1,6,0
2007-01-07,2007,1,7,0.04890909
2007-01-08,2007,1,8,0
2007-01-09,2007,1,9,0
2007-01-10,2007,1,10,0
2007-01-11,2007,1,11,0
2007-01-12,2007,1,12,0
2007-01-13,2007,1,13,0
2007-01-14,2007,1,14,0
2007-01-15,2007,1,15,0
2007-01-16,2007,1,16,0.093743426
2007-01-17,2007,1,17,0.29572169
2007-01-18,2007,1,18,0.054412075
2007-01-19,2007,1,19,0
2007-01-20,2007,1,20,0
2007-01-21,2007,1,21,0
2007-01-22,2007,1,22,0
2007-01-23,2007,1,23,0
2007-01-24,2007,1,24,0
2007-01-25,2007,1,25,0
2007-01-26,2007,1,26,0.0028386265
2007-01-27,2007,1,27,0.0010593384
2007-01-28,2007,1,28,0
2007-01-29,2007,1,29,0.065238096
2007-01-30,2007,1,30,0.0277681
2007-01-31,2007,1,31,0.18395977
2007-02-01,2007,2,1,0.50335294
2007-02-02,2007,2,2,1.3471955
2007-02-03,2007,2,3,0.023635092
2007-02-04,2007,2,4,0.026928615
2007-02-05,2007,2,5,0.00012639373
2007-02-06,2007,2,6,0
2007-02-07,2007,2,7,0
2007-02-08,2007,2,8,0.00021357701
2007-02-09,2007,2,9,0
2007-02-10,2007,2,10,0
2007-02-11,2007,2,11,0
2007-02-12,2007,2,12,0
2007-02-13,2007,2,13,0
2007-02-14,2007,2,14,0.0062052371
2007-02-15,2007,2,15,6.2677124
2007-02-16,2007,2,16,13.571497
2007-02-17,2007,2,17,0.87634731
2007-02-18,2007,2,18,0.017595539
2007-02-19,2007,2,19,0.0032621632
2007-02-20,2007,2,20,5.3612887
2007-02-21,2007,2,21,0.17130363
2007-02-22,2007,2,22,0.00063888674
2007-02-23,2007,2,23,0
2007-02-24,2007,2,24,0
2007-02-25,2007,2,25,0
2007-02-26,2007,2,26,0
2007-02-27,2007,2,27,0
2007-02-28,2007,2,28,2.0181054
2007-03-01,2007,3,1,0
2007-03-02,2007,3,2,0
2007-03-03,2007,3,3,0
2007-03-04,2007,3,4,0
2007-03-05,2007,3,5,0
2007-03-06,2007,3,6,0
2007-03-07,2007,3,7,0
2007-03-08,2007,3,8,0
2007-03-09,2007,3,9,0
2007-03-10,2007,3,10,0
2007-03-11,2007,3,11,0
2007-03-12,2007,3,12,0
2007-03-13,2007,3,13,0
2007-03-14,2007,3,14,0
2007-03-15,2007,3,15,0
2007-03-16,2007,3,16,0
2007-03-17,2007,3,17,0
2007-03-18,2007,3,18,0
2007-03-19,2007,3,19,0
2007-03-20,2007,3,20,0
2007-03-21,2007,3,21,0.11211059
2007-03-22,2007,3,22,0.02665642
2007-03-23,2007,3,23,0
2007-03-24,2007,3,24,0
2007-03-25,2007,3,25,0
2007-03-26,2007,3,26,0
2007-03-27,2007,3,27,8.9660852
2007-03-28,2007,3,28,0.95679057
2007-03-29,2007,3,29,7.6431877
2007-03-30,2007,3,30,0.83527328
2007-03-31,2007,3,31,0
2007-04-01,2007,4,1,0
2007-04-02,2007,4,2,0
2007-04-03,2007,4,3,0
2007-04-04,2007,4,4,0
2007-04-05,2007,4,5,0.00020421523
2007-04-06,2007,4,6,0
2007-04-07,2007,4,7,0
2007-04-08,2007,4,8,0
2007-04-09,2007,4,9,6.2320373
2007-04-10,2007,4,10,11.008559
2007-04-11,2007,4,11,0.03220825
2007-04-12,2007,4,12,0
2007-04-13,2007,4,13,0
2007-04-14,2007,4,14,0
2007-04-15,2007,4,15,0
2007-04-16,2007,4,16,0
2007-04-17,2007,4,17,0
2007-04-18,2007,4,18,0
2007-04-19,2007,4,19,0
2007-04-20,2007,4,20,0
2007-04-21,2007,4,21,0
2007-04-22,2007,4,22,0.45978619
2007-04-23,2007,4,23,5.2184715
2007-04-24,2007,4,24,0.56957062
2007-04-25,2007,4,25,0.0020312467
2007-04-26,2007,4,26,0
2007-04-27,2007,4,27,0
2007-04-28,2007,4,28,0
2007-04-29,2007,4,29,0
2007-04-30,2007,4,30,17.545501
2007-05-01,2007,5,1,4.0536069
2007-05-02,2007,5,2,0
2007-05-03,2007,5,3,0.014729904
2007-05-04,2007,5,4,0
2007-05-05,2007,5,5,0
2007-05-06,2007,5,6,0
2007-05-07,2007,5,7,0.00033806724
2007-05-08,2007,5,8,0.00056703289
2007-05-09,2007,5,9,0
2007-05-10,2007,5,10,0
2007-05-11,2007,5,11,0
2007-05-12,2007,5,12,0
2007-05-13,2007,5,13,0
2007-05-14,2007,5,14,0.072108064
2007-05-15,2007,5,15,15.747723
2007-05-16,2007,5,16,0
2007-05-17,2007,5,17,0
2007-05-18,2007,5,18,0
2007-05-19,2007,5,19,0
2007-05-20,2007,5,20,0
2007-05-21,2007,5,21,0.1021022
2007-05-22,2007,5,22,0
2007-05-23,2007,5,23,0
2007-05-24,2007,5,24,0
2007-05-25,2007,5,25,0
2007-05-26,2007,5,26,0
2007-05-27,2007,5,27,0
2007-05-28,2007,5,28,0.00090403962
2007-05-29,2007,5,29,2.0791899
2007-05-30,2007,5,30,11.593059
2007-05-31,2007,5,31,4.5363388
2007-06-01,2007,6,1,0.00088058592
2007-06-02,2007,6,2,0
2007-06-03,2007,6,3,0
2007-06-04,2007,6,4,0
2007-06-05,2007,6,5,0
2007-06-06,2007,6,6,1.7411789e-05
2007-06-07,2007,6,7,0
2007-06-08,2007,6,8,0.00047334401
2007-06-09,2007,6,9,0
2007-06-10,2007,6,10,0
2007-06-11,2007,6,11,6.4382412
2007-06-12,2007,6,12,50.14889
2007-06-13,2007,6,13,70.440453
2007-06-14,2007,6,14,20.056988
2007-06-15,2007,6,15,0
2007-06-16,2007,6,16,0.38292557
2007-06-17,2007,6,17,0.0085377604
2007-06-18,2007,6,18,2.0716415
2007-06-19,2007,6,19,29.030876
2007-06-20,2007,6,20,7.1979272
2007-06-21,2007,6,21,0.0034455471
2007-06-22,2007,6,22,10.971556
2007-06-23,2007,6,23,0.48968295
2007-06-24,2007,6,24,0
2007-06-25,2007,6,25,0
2007-06-26,2007,6,26,0
2007-06-27,2007,6,27,0
2007-06-28,2007,6,28,0
2007-06-29,2007,6,29,0
2007-06-30,2007,6,30,0
2007-07-01,2007,7,1,0
2007-07-02,2007,7,2,0
2007-07-03,2007,7,3,1.3254223
2007-07-04,2007,7,4,31.596399
2007-07-05,2007,7,5,60.917118
2007-07-06,2007,7,6,9.6944783
2007-07-07,2007,7,7,11.947379
2007-07-08,2007,7,8,0.61015401
2007-07-09,2007,7,9,0.41322694
2007-07-10,2007,7,10,0.0012058656
2007-07-11,2007,7,11,0
2007-07-12,2007,7,12,15.053754
2007-07-13,2007,7,13,9.1780957
2007-07-14,2007,7,14,0
2007-07-15,2007,7,15,0
2007-07-16,2007,7,16,19.857076
2007-07-17,2007,7,17,0.19756726
2007-07-18,2007,7,18,0
2007-07-19,2007,7,19,0
2007-07-20,2007,7,20,0
2007-07-21,2007,7,21,9.9118
2007-07-22,2007,7,22,3.2111901
2007-07-23,2007,7,23,21.777819
2007-07-24,2007,7,24,1.3008338
2007-07-25,2007,7,25,0
2007-07-26,2007,7,26,0
2007-07-27,2007,7,27,0
2007-07-28,2007,7,28,0
2007-07-29,2007,7,29,0
2007-07-30,2007,7,30,0.099508777
2007-07-31,2007,7,31,0.2510726
2007-08-01,2007,8,1,7.0507288
2007-08-02,2007,8,2,0.36568583
2007-08-03,2007,8,3,0
2007-08-04,2007,8,4,0
2007-08-05,2007,8,5,0.052498519
2007-08-06,2007,8,6,0
2007-08-07,2007,8,7,0
2007-08-08,2007,8,8,12.943995
2007-08-09,2007,8,9,1.2669191
2007-08-10,2007,8,10,0
2007-08-11,2007,8,11,0
2007-08-12,2007,8,12,0.064594072
2007-08-13,2007,8,13,11.401779
2007-08-14,2007,8,14,2.6600325
2007-08-15,2007,8,15,1.2606581
2007-08-16,2007,8,16,0.39203439
2007-08-17,2007,8,17,0
2007-08-18,2007,8,18,0
2007-08-19,2007,8,19,0
2007-08-20,2007,8,20,0
2007-08-21,2007,8,21,0
2007-08-22,2007,8,22,0.10596672
2007-08-23,2007,8,23,0.68893821
2007-08-24,2007,8,24,0.55810576
2007-08-25,2007,8,25,0.0027940434
2007-08-26,2007,8,26,0
2007-08-27,2007,8,27,0
2007-08-28,2007,8,28,0
2007-08-29,2007,8,29,0
2007-08-30,2007,8,30,0
2007-08-31,2007,8,31,0
2007-09-01,2007,9,1,0
2007-09-02,2007,9,2,0
2007-09-03,2007,9,3,0
2007-09-04,2007,9,4,0
2007-09-05,2007,9,5,0
2007-09-06,2007,9,6,0
2007-09-07,2007,9,7,0
2007-09-08,2007,9,8,0
2007-09-09,2007,9,9,0.16693103
2007-09-10,2007,9,10,0
2007-09-11,2007,9,11,0
2007-09-12,2007,9,12,0
2007-09-13,2007,9,13,0
2007-09-14,2007,9,14,0
2007-09-15,2007,9,15,0
2007-09-16,2007,9,16,0
2007-09-17,2007,9,17,0
2007-09-18,2007,9,18,0
2007-09-19,2007,9,19,0.041194159
2007-09-20,2007,9,20,0
2007-09-21,2007,9,21,0
2007-09-22,2007,9,22,0
2007-09-23,2007,9,23,0
2007-09-24,2007,9,24,0
2007-09-25,2007,9,25,0
2007-09-26,2007,9,26,0
2007-09-27,2007,9,27,0
2007-09-28,2007,9,28,0
2007-09-29,2007,9,29,0
2007-09-30,2007,9,30,0
2007-10-01,2007,10,1,0
2007-10-02,2007,10,2,0
2007-10-03,2007,10,3,0
2007-10-04,2007,10,4,0.018636026
2007-10-05,2007,10,5,2.6178922
2007-10-06,2007,10,6,0
2007-10-07,2007,10,7,0
2007-10-08,2007,10,8,0
2007-10-09,2007,10,9,0
2007-10-10,2007,10,10,0.032697715
2007-10-11,2007,10,11,0.068504314
2007-10-12,2007,10,12,0
2007-10-13,2007,10,13,0.011416222
2007-10-14,2007,10,14,0.11296678
2007-10-15,2007,10,15,0
2007-10-16,2007,10,16,0
2007-10-17,2007,10,17,0
2007-10-18,2007,10,18,0
2007-10-19,2007,10,19,0
2007-10-20,2007,10,20,0
2007-10-21,2007,10,21,0
2007-10-22,2007,10,22,0
2007-10-23,2007,10,23,0
2007-10-24,2007,10,24,3.3791083e-07
2007-10-25,2007,10,25,0
2007-10-26,2007,10,26,0
2007-10-27,2007,10,27,0
2007-10-28,2007,10,28,0
2007-10-29,2007,10,29,0
2007-10-30,2007,10,30,3.432098
2007-10-31,2007,10,31,1.1499752
2007-11-01,2007,11,1,0
2007-11-02,2007,11,2,0
2007-11-03,2007,11,3,0
2007-11-04,2007,11,4,0
2007-11-05,2007,11,5,0
2007-11-06,2007,11,6,0
2007-11-07,2007,11,7,0
2007-11-08,2007,11,8,1.0808715
2007-11-09,2007,11,9,10.145962
2007-11-10,2007,11,10,0
2007-11-11,2007,11,11,0
2007-11-12,2007,11,12,0
2007-11-13,2007,11,13,0
2007-11-14,2007,11,14,0
2007-11-15,2007,11,15,0
2007-11-16,2007,11,16,0
2007-11-17,2007,11,17,0
2007-11-18,2007,11,18,0
2007-11-19,2007,11,19,0
2007-11-20,2007,11,20,0
2007-11-21,2007,11,21,0
2007-11-22,2007,11,22,0
2007-11-23,2007,11,23,0
2007-11-24,2007,11,24,0
2007-11-25,2007,11,25,0
2007-11-26,2007,11,26,0
2007-11-27,2007,11,27,0
2007-11-28,2007,11,28,0
2007-11-29,2007,11,29,0
2007-11-30,2007,11,30,0
2007-12-01,2007,12,1,0.0037825231
2007-12-02,2007,12,2,0.0001570181
2007-12-03,2007,12,3,0
2007-12-04,2007,12,4,0.004181087
2007-12-05,2007,12,5,0
2007-12-06,2007,12,6,0.20875095
2007-12-07,2007,12,7,0.0020174881
2007-12-08,2007,12,8,0.027399549
2007-12-09,2007,12,9,0.0041168689
2007-12-10,2007,12,10,0.0001570181
2007-12-11,2007,12,11,0
2007-12-12,2007,12,12,0
2007-12-13,2007,12,13,0.48895941
2007-12-14,2007,12,14,0.0025012526
2007-12-15,2007,12,15,0.026045624
2007-12-16,2007,12,16,5.9272219
2007-12-17,2007,12,17,6.3345751
2007-12-18,2007,12,18,0.24756246
2007-12-19,2007,12,19,0
2007-12-20,2007,12,20,0
2007-12-21,2007,12,21,0
2007-12-22,2007,12,22,0
2007-12-23,2007,12,23,0.0050621845
2007-12-24,2007,12,24,0.12813973
2007-12-25,2007,12,25,4.227093
2007-12-26,2007,12,26,0.58132707
2007-12-27,2007,12,27,0.034562778
2007-12-28,2007,12,28,0
2007-12-29,2007,12,29,0
2007-12-30,2007,12,30,0
2007-12-31,2007,12,31,0
2008-01-01,2008,1,1,0
2008-01-02,2008,1,2,0
2008-01-03,2008,1,3,0
2008-01-04,2008,1,4,0
2008-01-05,2008,1,5,0
2008-01-06,2008,1,6,0
2008-01-07,2008,1,7,0
2008-01-08,2008,1,8,0
2008-01-09,2008,1,9,0.0065422355
2008-01-10,2008,1,10,0.6394304
2008-01-11,2008,1,11,0
2008-01-12,2008,1,12,0
2008-01-13,2008,1,13,0
2008-01-14,2008,1,14,0
2008-01-15,2008,1,15,0
2008-01-16,2008,1,16,0
2008-01-17,2008,1,17,0
2008-01-18,2008,1,18,0
2008-01-19,2008,1,19,0
2008-01-20,2008,1,20,0
2008-01-21,2008,1,21,0
2008-01-22,2008,1,22,0
2008-01-23,2008,1,23,0
2008-01-24,2008,1,24,1.2843822
2008-01-25,2008,1,25,2.0236983
2008-01-26,2008,1,26,0.58422611
2008-01-27,2008,1,27,0
2008-01-28,2008,1,28,0
2008-01-29,2008,1,29,0.0065021202
2008-01-30,2008,1,30,0.0032107236
2008-01-31,2008,1,31,0.49614511
2008-02-01,2008,2,1,0.17629389
2008-02-02,2008,2,2,0.0107629
2008-02-03,2008,2,3,0.001829802
2008-02-04,2008,2,4,6.8014743
2008-02-05,2008,2,5,0.093884588
2008-02-06,2008,2,6,0.57300944
2008-02-07,2008,2,7,3.7045714
2008-02-08,2008,2,8,0.16166805
2008-02-09,2008,2,9,0.072286191
2008-02-10,2008,2,10,0
2008-02-11,2008,2,11,0
2008-02-12,2008,2,12,0
2008-02-13,2008,2,13,0.037920216
2008-02-14,2008,2,14,0.0042993538
2008-02-15,2008,2,15,0
2008-02-16,2008,2,16,0
2008-02-17,2008,2,17,0
2008-02-18,2008,2,18,0
2008-02-19,2008,2,19,0
2008-02-20,2008,2,20,0
2008-02-21,2008,2,21,0.20024581
2008-02-22,2008,2,22,0.22007495
2008-02-23,2008,2,23,0.46843385
2008-02-24,2008,2,24,0.19109472
2008-02-25,2008,2,25,4.5147394
2008-02-26,2008,2,26,0.43099376
2008-02-27,2008,2,27,0.00048541751
2008-02-28,2008,2,28,0
2008-02-29,2008,2,29,0.0030772382
2008-03-01,2008,3,1,0
2008-03-02,2008,3,2,0
2008-03-03,2008,3,3,0
2008-03-04,2008,3,4,0
2008-03-05,2008,3,5,0
2008-03-06,2008,3,6,0.81796717
2008-03-07,2008,3,7,13.091597
2008-03-08,2008,3,8,0.28466277
2008-03-09,2008,3,9,0
2008-03-10,2008,3,10,0.031156355
2008-03-11,2008,3,11,0
2008-03-12,2008,3,12,3.4607857e-05
2008-03-13,2008,3,13,0
2008-03-14,2008,3,14,0
2008-03-15,2008,3,15,0
2008-03-16,2008,3,16,0
2008-03-17,2008,3,17,0
2008-03-18,2008,3,18,0
2008-03-19,2008,3,19,0
2008-03-20,2008,3,20,0
2008-03-21,2008,3,21,0
2008-03-22,2008,3,22,0
2008-03-23,2008,3,23,0
2008-03-24,2008,3,24,0
2008-03-25,2008,3,25,0
2008-03-26,2008,3,26,0
2008-03-27,2008,3,27,0
2008-03-28,2008,3,28,0
2008-03-29,2008,3,29,0
2008-03-30,2008,3,30,0
2008-03-31,2008,3,31,0
2008-04-01,2008,4,1,0
2008-04-02,2008,4,2,0
2008-04-03,2008,4,3,0
2008-04-04,2008,4,4,0
2008-04-05,2008,4,5,0
2008-04-06,2008,4,6,0.0078128024
2008-04-07,2008,4,7,0
2008-04-08,2008,4,8,0
2008-04-09,2008,4,9,0
2008-04-10,2008,4,10,0
2008-04-11,2008,4,11,4.5040483
2008-04-12,2008,4,12,0.70028021
2008-04-13,2008,4,13,0
2008-04-14,2008,4,14,0
2008-04-15,2008,4,15,0
2008-04-16,2008,4,16,0
2008-04-17,2008,4,17,0
2008-04-18,2008,4,18,0
2008-04-19,2008,4,19,0
2008-04-20,2008,4,20,0
2008-04-21,2008,4,21,0
2008-04-22,2008,4,22,0
2008-04-23,2008,4,23,0
2008-04-24,2008,4,24,0
2008-04-25,2008,4,25,0
2008-04-26,2008,4,26,0
2008-04-27,2008,4,27,27.310107
2008-04-28,2008,4,28,8.1678665
2008-04-29,2008,4,29,0.61672238
2008-04-30,2008,4,30,0.001213349
2008-05-01,2008,5,1,0
2008-05-02,2008,5,2,0.0057432162
2008-05-03,2008,5,3,0
2008-05-04,2008,5,4,0
2008-05-05,2008,5,5,0
2008-05-06,2008,5,6,0
2008-05-07,2008,5,7,0.00015277773
2008-05-08,2008,5,8,0
2008-05-09,2008,5,9,0
2008-05-10,2008,5,10,0
2008-05-11,2008,5,11,3.2465311e-05
2008-05-12,2008,5,12,0.00017855921
2008-05-13,2008,5,13,0.00013797757
2008-05-14,2008,5,14,0
2008-05-15,2008,5,15,0
2008-05-16,2008,5,16,0
2008-05-17,2008,5,17,3.5827273
2008-05-18,2008,5,18,49.783862
2008-05-19,2008,5,19,70.962329
2008-05-20,2008,5,20,66.106331
2008-05-21,2008,5,21,48.40074
2008-05-22,2008,5,22,63.897032
2008-05-23,2008,5,23,2.0452591
2008-05-24,2008,5,24,0
2008-05-25,2008,5,25,0.58148624
2008-05-26,2008,5,26,64.657629
2008-05-27,2008,5,27,48.23161
2008-05-28,2008,5,28,2.4816716
2008-05-29,2008,5,29,0.0057070277
2008-05-30,2008,5,30,0
2008-05-31,2008,5,31,0.035383225
2008-06-01,2008,6,1,0
2008-06-02,2008,6,2,0
2008-06-03,2008,6,3,35.844147
2008-06-04,2008,6,4,72.856948
2008-06-05,2008,6,5,4.0201268
2008-06-06,2008,6,6,0
2008-06-07,2008,6,7,0.018339906
2008-06-08,2008,6,8,0.31566533
2008-06-09,2008,6,9,0
2008-06-10,2008,6,10,0
2008-06-11,2008,6,11,0
2008-06-12,2008,6,12,0
2008-06-13,2008,6,13,0
2008-06-14,2008,6,14,0
2008-06-15,2008,6,15,0
2008-06-16,2008,6,16,0
2008-06-17,2008,6,17,0
2008-06-18,2008,6,18,35.032227
2008-06-19,2008,6,19,15.134723
2008-06-20,2008,6,20,0.013245641
2008-06-21,2008,6,21,0
2008-06-22,2008,6,22,0
2008-06-23,2008,6,23,0
2008-06-24,2008,6,24,0
2008-06-25,2008,6,25,0
2008-06-26,2008,6,26,0
2008-06-27,2008,6,27,0
2008-06-28,2008,6,28,0
2008-06-29,2008,6,29,0
2008-06-30,2008,6,30,0
2008-07-01,2008,7,1,0
2008-07-02,2008,7,2,0
2008-07-03,2008,7,3,0
2008-07-04,2008,7,4,0
2008-07-05,2008,7,5,0
2008-07-06,2008,7,6,0
2008-07-07,2008,7,7,0
2008-07-08,2008,7,8,0
2008-07-09,2008,7,9,0
2008-07-10,2008,7,10,0
2008-07-11,2008,7,11,0
2008-07-12,2008,7,12,19.648542
2008-07-13,2008,7,13,0.25320967
2008-07-14,2008,7,14,0
2008-07-15,2008,7,15,0
2008-07-16,2008,7,16,12.328915
2008-07-17,2008,7,17,0.012757566
2008-07-18,2008,7,18,0
2008-07-19,2008,7,19,0
2008-07-20,2008,7,20,0.24900589
2008-07-21,2008,7,21,0.21617402
2008-07-22,2008,7,22,11.905852
2008-07-23,2008,7,23,0.58990355
2008-07-24,2008,7,24,0
2008-07-25,2008,7,25,0
2008-07-26,2008,7,26,0
2008-07-27,2008,7,27,0.0040697965
2008-07-28,2008,7,28,0
2008-07-29,2008,7,29,0
2008-07-30,2008,7,30,11.556599
2008-07-31,2008,7,31,11.689225
2008-08-01,2008,8,1,43.775404
2008-08-02,2008,8,2,5.2286834
2008-08-03,2008,8,3,0.031313116
2008-08-04,2008,8,4,6.4350841
2008-08-05,2008,8,5,0.015924845
2008-08-06,2008,8,6,0
2008-08-07,2008,8,7,0
2008-08-08,2008,8,8,0
2008-08-09,2008,8,9,0
2008-08-10,2008,8,10,9.5191191
2008-08-11,2008,8,11,2.4408485
2008-08-12,2008,8,12,0
2008-08-13,2008,8,13,0
2008-08-14,2008,8,14,16.741454
2008-08-15,2008,8,15,117.93592
2008-08-16,2008,8,16,16.947462
2008-08-17,2008,8,17,0.006296043
2008-08-18,2008,8,18,0
2008-08-19,2008,8,19,3.5203536
2008-08-20,2008,8,20,0.078391023
2008-08-21,2008,8,21,0
2008-08-22,2008,8,22,0
2008-08-23,2008,8,23,0
2008-08-24,2008,8,24,0
2008-08-25,2008,8,25,0
2008-08-26,2008,8,26,10.795542
2008-08-27,2008,8,27,13.940183
2008-08-28,2008,8,28,0.21057495
2008-08-29,2008,8,29,0
2008-08-30,2008,8,30,0
2008-08-31,2008,8,31,0
2008-09-01,2008,9,1,0
2008-09-02,2008,9,2,4.9362357
2008-09-03,2008,9,3,2.8239205
2008-09-04,2008,9,4,0.11176258
2008-09-05,2008,9,5,0
2008-09-06,2008,9,6,0
2008-09-07,2008,9,7,0
2008-09-08,2008,9,8,0
2008-09-09,2008,9,9,2.4052932
2008-09-10,2008,9,10,2.9255588
2008-09-11,2008,9,11,0
2008-09-12,2008,9,12,0
2008-09-13,2008,9,13,0
2008-09-14,2008,9,14,0
2008-09-15,2008,9,15,0
2008-09-16,2008,9,16,0
2008-09-17,2008,9,17,0
2008-09-18,2008,9,18,0
2008-09-19,2008,9,19,0
2008-09-20,2008,9,20,0
2008-09-21,2008,9,21,0
2008-09-22,2008,9,22,0
2008-09-23,2008,9,23,0
2008-09-24,2008,9,24,0
2008-09-25,2008,9,25,0
2008-09-26,2008,9,26,0
2008-09-27,2008,9,27,0
2008-09-28,2008,9,28,0
2008-09-29,2008,9,29,0
2008-09-30,2008,9,30,0.59692698
2008-10-01,2008,10,1,0
2008-10-02,2008,10,2,0
2008-10-03,2008,10,3,0.0011154545
2008-10-04,2008,10,4,0
2008-10-05,2008,10,5,0
2008-10-06,2008,10,6,0
2008-10-07,2008,10,7,0
2008-10-08,2008,10,8,0
2008-10-09,2008,10,9,0
2008-10-10,2008,10,10,1.6329404
2008-10-11,2008,10,11,0.53756693
2008-10-12,2008,10,12,3.2259053
2008-10-13,2008,10,13,0
2008-10-14,2008,10,14,0.4037097
2008-10-15,2008,10,15,0
2008-10-16,2008,10,16,0
2008-10-17,2008,10,17,0
2008-10-18,2008,10,18,0
2008-10-19,2008,10,19,0
2008-10-20,2008,10,20,2.4054359
2008-10-21,2008,10,21,0
2008-10-22,2008,10,22,0
2008-10-23,2008,10,23,0
2008-10-24,2008,10,24,0.00073275114
2008-10-25,2008,10,25,0
2008-10-26,2008,10,26,0
2008-10-27,2008,10,27,3.9983393
2008-10-28,2008,10,28,0.065799117
2008-10-29,2008,10,29,0
2008-10-30,2008,10,30,0
2008-10-31,2008,10,31,0
2008-11-01,2008,11,1,0
2008-11-02,2008,11,2,0
2008-11-03,2008,11,3,0
2008-11-04,2008,11,4,0
2008-11-05,2008,11,5,0
2008-11-06,2008,11,6,0
2008-11-07,2008,11,7,0
2008-11-08,2008,11,8,0
2008-11-09,2008,11,9,0
2008-11-10,2008,11,10,0
2008-11-11,2008,11,11,0
2008-11-12,2008,11,12,2.0411157e-06
2008-11-13,2008,11,13,0
2008-11-14,2008,11,14,0
2008-11-15,2008,11,15,0
2008-11-16,2008,11,16,0
2008-11-17,2008,11,17,0
2008-11-18,2008,11,18,0
2008-11-19,2008,11,19,0
2008-11-20,2008,11,20,0
2008-11-21,2008,11,21,0
2008-11-22,2008,11,22,0
2008-11-23,2008,11,23,0
2008-11-24,2008,11,24,0
2008-11-25,2008,11,25,0.054345236
2008-11-26,2008,11,26,0
2008-11-27,2008,11,27,0
2008-11-28,2008,11,28,0
2008-11-29,2008,11,29,0
2008-11-30,2008,11,30,0
2008-12-01,2008,12,1,0.98993245
2008-12-02,2008,12,2,0.20283526
2008-12-03,2008,12,3,1.2575708
2008-12-04,2008,12,4,0.087822078
2008-12-05,2008,12,5,0.00052097735
2008-12-06,2008,12,6,0.0001570181
2008-12-07,2008,12,7,0.00040269109
2008-12-08,2008,12,8,0
2008-12-09,2008,12,9,0
2008-12-10,2008,12,10,0
2008-12-11,2008,12,11,0.011090197
2008-12-12,2008,12,12,0.014189435
2008-12-13,2008,12,13,0.0081636308
2008-12-14,2008,12,14,0
2008-12-15,2008,12,15,0.0012895139
2008-12-16,2008,12,16,0
2008-12-17,2008,12,17,0
2008-12-18,2008,12,18,0
2008-12-19,2008,12,19,0
2008-12-20,2008,12,20,0
2008-12-21,2008,12,21,0
2008-12-22,2008,12,22,0
2008-12-23,2008,12,23,0
2008-12-24,2008,12,24,5.8428728e-05
2008-12-25,2008,12,25,0.0046359536
2008-12-26,2008,12,26,0.071452588
2008-12-27,2008,12,27,0.40108617
2008-12-28,2008,12,28,0.013523878
2008-12-29,2008,12,29,0.051041792
2008-12-30,2008,12,30,0.0035448758
2008-12-31,2008,12,31,0.025179383
2009-01-01,2009,1,1,0
2009-01-02,2009,1,2,0.0011457312
2009-01-03,2009,1,3,0
2009-01-04,2009,1,4,0
2009-01-05,2009,1,5,0.00042543041
2009-01-06,2009,1,6,0.001776803
2009-01-07,2009,1,7,0.12395493
2009-01-08,2009,1,8,0.12686543
2009-01-09,2009,1,9,0.048555181
2009-01-10,2009,1,10,0
2009-01-11,2009,1,11,0
2009-01-12,2009,1,12,0
2009-01-13,2009,1,13,0
2009-01-14,2009,1,14,0
2009-01-15,2009,1,15,0
2009-01-16,2009,1,16,0
2009-01-17,2009,1,17,0.2558729
2009-01-18,2009,1,18,0.30793095
2009-01-19,2009,1,19,0.075647529
2009-01-20,2009,1,20,0.34983078
2009-01-21,2009,1,21,5.1187444
2009-01-22,2009,1,22,4.3142553
2009-01-23,2009,1,23,2.4267844
2009-01-24,2009,1,24,0.045877136
2009-01-25,2009,1,25,0
2009-01-26,2009,1,26,0
2009-01-27,2009,1,27,1.8604173e-06
2009-01-28,2009,1,28,0
2009-01-29,2009,1,29,0
2009-01-30,2009,1,30,0
2009-01-31,2009,1,31,0
2009-02-01,2009,2,1,0
2009-02-02,2009,2,2,0
2009-02-03,2009,2,3,0
2009-02-04,2009,2,4,0.0013766838
2009-02-05,2009,2,5,0
2009-02-06,2009,2,6,0
2009-02-07,2009,2,7,0
2009-02-08,2009,2,8,0
2009-02-09,2009,2,9,4.9459362
2009-02-10,2009,2,10,0.057441884
2009-02-11,2009,2,11,0
2009-02-12,2009,2,12,0
2009-02-13,2009,2,13,0
2009-02-14,2009,2,14,0.0019486424
2009-02-15,2009,2,15,0.46602127
2009-02-16,2009,2,16,0
2009-02-17,2009,2,17,0
2009-02-18,2009,2,18,0.30135911
2009-02-19,2009,2,19,0.062699958
2009-02-20,2009,2,20,2.003611
2009-02-21,2009,2,21,5.2617918
2009-02-22,2009,2,22,0.0033599725
2009-02-23,2009,2,23,0
2009-02-24,2009,2,24,0.00026169684
2009-02-25,2009,2,25,0.00095372488
2009-02-26,2009,2,26,0.014961301
2009-02-27,2009,2,27,1.3705716
2009-02-28,2009,2,28,2.8878184
2009-03-01,2009,3,1,0
2009-03-02,2009,3,2,0
2009-03-03,2009,3,3,3.8656202
2009-03-04,2009,3,4,6.2857672e-05
2009-03-05,2009,3,5,0
2009-03-06,2009,3,6,0
2009-03-07,2009,3,7,1.1145328
2009-03-08,2009,3,8,2.0137645
2009-03-09,2009,3,9,0.014060336
2009-03-10,2009,3,10,0
2009-03-11,2009,3,11,0
2009-03-12,2009,3,12,0
2009-03-13,2009,3,13,0
2009-03-14,2009,3,14,0
2009-03-15,2009,3,15,0
2009-03-16,2009,3,16,0
2009-03-17,2009,3,17,0
2009-03-18,2009,3,18,0
2009-03-19,2009,3,19,0
2009-03-20,2009,3,20,0
2009-03-21,2009,3,21,0
2009-03-22,2009,3,22,0
2009-03-23,2009,3,23,0
2009-03-24,2009,3,24,0
2009-03-25,2009,3,25,0
2009-03-26,2009,3,26,0
2009-03-27,2009,3,27,0
2009-03-28,2009,3,28,0
2009-03-29,2009,3,29,0
2009-03-30,2009,3,30,0
2009-03-31,2009,3,31,0
2009-04-01,2009,4,1,0
2009-04-02,2009,4,2,0
2009-04-03,2009,4,3,0
2009-04-04,2009,4,4,0
2009-04-05,2009,4,5,0
2009-04-06,2009,4,6,0
2009-04-07,2009,4,7,0.0021413486
2009-04-08,2009,4,8,0.00033109613
2009-04-09,2009,4,9,0.012530555
2009-04-10,2009,4,10,0
2009-04-11,2009,4,11,0
2009-04-12,2009,4,12,0
2009-04-13,2009,4,13,0
2009-04-14,2009,4,14,0.00079431928
2009-04-15,2009,4,15,0
2009-04-16,2009,4,16,0
2009-04-17,2009,4,17,0
2009-04-18,2009,4,18,0
2009-04-19,2009,4,19,0
2009-04-20,2009,4,20,0
2009-04-21,2009,4,21,0
2009-04-22,2009,4,22,0
2009-04-23,2009,4,23,0
2009-04-24,2009,4,24,0
2009-04-25,2009,4,25,0
2009-04-26,2009,4,26,0
2009-04-27,2009,4,27,0
2009-04-28,2009,4,28,0
2009-04-29,2009,4,29,0.0042009822
2009-04-30,2009,4,30,0.040941745
2009-05-01,2009,5,1,0
2009-05-02,2009,5,2,0
2009-05-03,2009,5,3,0.89815266
2009-05-04,2009,5,4,0
2009-05-05,2009,5,5,0
2009-05-06,2009,5,6,0
2009-05-07,2009,5,7,0
2009-05-08,2009,5,8,0
2009-05-09,2009,5,9,0
2009-05-10,2009,5,10,0.4872641
2009-05-11,2009,5,11,0.33326591
2009-05-12,2009,5,12,49.562447
2009-05-13,2009,5,13,7.8420835
2009-05-14,2009,5,14,0
2009-05-15,2009,5,15,0
2009-05-16,2009,5,16,1.002736
2009-05-17,2009,5,17,1.1699899
2009-05-18,2009,5,18,0
2009-05-19,2009,5,19,0
2009-05-20,2009,5,20,0
2009-05-21,2009,5,21,0
2009-05-22,2009,5,22,0
2009-05-23,2009,5,23,0
2009-05-24,2009,5,24,0.18942328
2009-05-25,2009,5,25,4.9402606
2009-05-26,2009,5,26,0
2009-05-27,2009,5,27,0
2009-05-28,2009,5,28,0
2009-05-29,2009,5,29,0.71027273
2009-05-30,2009,5,30,0.24420506
2009-05-31,2009,5,31,0
2009-06-01,2009,6,1,0
2009-06-02,2009,6,2,0
2009-06-03,2009,6,3,0
2009-06-04,2009,6,4,0
2009-06-05,2009,6,5,0
2009-06-06,2009,6,6,0
2009-06-07,2009,6,7,0
2009-06-08,2009,6,8,3.0712672e-06
2009-06-09,2009,6,9,0
2009-06-10,2009,6,10,0
2009-06-11,2009,6,11,0
2009-06-12,2009,6,12,0
2009-06-13,2009,6,13,0
2009-06-14,2009,6,14,13.698727
2009-06-15,2009,6,15,0.11188824
2009-06-16,2009,6,16,0.99905419
2009-06-17,2009,6,17,21.650324
2009-06-18,2009,6,18,10.467231
2009-06-19,2009,6,19,52.798014
2009-06-20,2009,6,20,11.901809
2009-06-21,2009,6,21,0.049276569
2009-06-22,2009,6,22,0
2009-06-23,2009,6,23,4.2077166e-05
2009-06-24,2009,6,24,0
2009-06-25,2009,6,25,0.10190228
2009-06-26,2009,6,26,0
2009-06-27,2009,6,27,27.413858
2009-06-28,2009,6,28,24.744338
2009-06-29,2009,6,29,0.45919368
2009-06-30,2009,6,30,10.564405
2009-07-01,2009,7,1,0.28667881
2009-07-02,2009,7,2,0
2009-07-03,2009,7,3,0
2009-07-04,2009,7,4,6.2459709
2009-07-05,2009,7,5,3.5908719
2009-07-06,2009,7,6,0
2009-07-07,2009,7,7,0
2009-07-08,2009,7,8,0
2009-07-09,2009,7,9,0
2009-07-10,2009,7,10,0
2009-07-11,2009,7,11,0
2009-07-12,2009,7,12,0.0059678434
2009-07-13,2009,7,13,0
2009-07-14,2009,7,14,0
2009-07-15,2009,7,15,0
2009-07-16,2009,7,16,0
2009-07-17,2009,7,17,0
2009-07-18,2009,7,18,0
2009-07-19,2009,7,19,0
2009-07-20,2009,7,20,3.5940815
2009-07-21,2009,7,21,17.175343
2009-07-22,2009,7,22,2.0670962
2009-07-23,2009,7,23,0
2009-07-24,2009,7,24,0
2009-07-25,2009,7,25,0
2009-07-26,2009,7,26,0
2009-07-27,2009,7,27,0
2009-07-28,2009,7,28,0
2009-07-29,2009,7,29,0
2009-07-30,2009,7,30,0
2009-07-31,2009,7,31,0.0064623207
2009-08-01,2009,8,1,0
2009-08-02,2009,8,2,0
2009-08-03,2009,8,3,0
2009-08-04,2009,8,4,8.7678633
2009-08-05,2009,8,5,0.11713391
2009-08-06,2009,8,6,4.5882779
2009-08-07,2009,8,7,0.26871445
2009-08-08,2009,8,8,0
2009-08-09,2009,8,9,0
2009-08-10,2009,8,10,0
2009-08-11,2009,8,11,0
2009-08-12,2009,8,12,9.2342023
2009-08-13,2009,8,13,3.404233
2009-08-14,2009,8,14,52.518358
2009-08-15,2009,8,15,29.390593
2009-08-16,2009,8,16,1.4767137
2009-08-17,2009,8,17,15.017029
2009-08-18,2009,8,18,40.99258
2009-08-19,2009,8,19,3.4238402
2009-08-20,2009,8,20,0
2009-08-21,2009,8,21,15.180495
2009-08-22,2009,8,22,0.66888093
2009-08-23,2009,8,23,0
2009-08-24,2009,8,24,0
2009-08-25,2009,8,25,0
2009-08-26,2009,8,26,0
2009-08-27,2009,8,27,0
2009-08-28,2009,8,28,0
2009-08-29,2009,8,29,0
2009-08-30,2009,8,30,0
2009-08-31,2009,8,31,6.3511714
2009-09-01,2009,9,1,11.543694
2009-09-02,2009,9,2,10.418165
2009-09-03,2009,9,3,0.049072867
2009-09-04,2009,9,4,10.498549
2009-09-05,2009,9,5,101.87791
2009-09-06,2009,9,6,56.167283
2009-09-07,2009,9,7,4.9745393
2009-09-08,2009,9,8,0
2009-09-09,2009,9,9,0
2009-09-10,2009,9,10,0
2009-09-11,2009,9,11,0
2009-09-12,2009,9,12,0
2009-09-13,2009,9,13,0
2009-09-14,2009,9,14,0
2009-09-15,2009,9,15,0
2009-09-16,2009,9,16,0
2009-09-17,2009,9,17,0
2009-09-18,2009,9,18,0
2009-09-19,2009,9,19,0
2009-09-20,2009,9,20,0
2009-09-21,2009,9,21,5.4669839
2009-09-22,2009,9,22,0
2009-09-23,2009,9,23,0
2009-09-24,2009,9,24,0
2009-09-25,2009,9,25,0.46426372
2009-09-26,2009,9,26,9.0407653
2009-09-27,2009,9,27,1.395607
2009-09-28,2009,9,28,0.0093883075
2009-09-29,2009,9,29,0
2009-09-30,2009,9,30,0
2009-10-01,2009,10,1,0
2009-10-02,2009,10,2,0
2009-10-03,2009,10,3,0
2009-10-04,2009,10,4,0.71405638
2009-10-05,2009,10,5,0
2009-10-06,2009,10,6,0
2009-10-07,2009,10,7,0
2009-10-08,2009,10,8,0
2009-10-09,2009,10,9,2.1927786
2009-10-10,2009,10,10,11.399302
2009-10-11,2009,10,11,0
2009-10-12,2009,10,12,0
2009-10-13,2009,10,13,0
2009-10-14,2009,10,14,0
2009-10-15,2009,10,15,0
2009-10-16,2009,10,16,0
2009-10-17,2009,10,17,0
2009-10-18,2009,10,18,0
2009-10-19,2009,10,19,0
2009-10-20,2009,10,20,0.73094223
2009-10-21,2009,10,21,0.006127875
2009-10-22,2009,10,22,1.7254445
2009-10-23,2009,10,23,14.129856
2009-10-24,2009,10,24,0.0010109843
2009-10-25,2009,10,25,0
2009-10-26,2009,10,26,0
2009-10-27,2009,10,27,0.0017996249
2009-10-28,2009,10,28,0
2009-10-29,2009,10,29,0
2009-10-30,2009,10,30,0
2009-10-31,2009,10,31,0
2009-11-01,2009,11,1,4.2513445
2009-11-02,2009,11,2,12.39583
2009-11-03,2009,11,3,3.8575811
2009-11-04,2009,11,4,0
2009-11-05,2009,11,5,0
2009-11-06,2009,11,6,0.076314601
2009-11-07,2009,11,7,0
2009-11-08,2009,11,8,0.00047971943
2009-11-09,2009,11,9,0
2009-11-10,2009,11,10,0
2009-11-11,2009,11,11,0
2009-11-12,2009,11,12,0
2009-11-13,2009,11,13,0.0044435059
2009-11-14,2009,11,14,0
2009-11-15,2009,11,15,0
2009-11-16,2009,11,16,0
2009-11-17,2009,11,17,0.92276555
2009-11-18,2009,11,18,3.5631441
2009-11-19,2009,11,19,0
2009-11-20,2009,11,20,0
2009-11-21,2009,11,21,0
2009-11-22,2009,11,22,0
2009-11-23,2009,11,23,0
2009-11-24,2009,11,24,0
2009-11-25,2009,11,25,0
2009-11-26,2009,11,26,0
2009-11-27,2009,11,27,0
2009-11-28,2009,11,28,0
2009-11-29,2009,11,29,0.58959163
2009-11-30,2009,11,30,0
2009-12-01,2009,12,1,0
2009-12-02,2009,12,2,0.00054286992
2009-12-03,2009,12,3,0
2009-12-04,2009,12,4,0.62529713
2009-12-05,2009,12,5,0.0016185341
2009-12-06,2009,12,6,0.031957199
2009-12-07,2009,12,7,0.012154691
2009-12-08,2009,12,8,0.0015428648
2009-12-09,2009,12,9,0
2009-12-10,2009,12,10,0.00080677819
2009-12-11,2009,12,11,0.0074403726
2009-12-12,2009,12,12,0
2009-12-13,2009,12,13,0.015842264
2009-12-14,2009,12,14,0
2009-12-15,2009,12,15,0
2009-12-16,2009,12,16,0
2009-12-17,2009,12,17,0
2009-12-18,2009,12,18,0
2009-12-19,2009,12,19,0
2009-12-20,2009,12,20,2.1764736e-05
2009-12-21,2009,12,21,0
2009-12-22,2009,12,22,0
2009-12-23,2009,12,23,0
2009-12-24,2009,12,24,0
2009-12-25,2009,12,25,0
2009-12-26,2009,12,26,0
2009-12-27,2009,12,27,0
2009-12-28,2009,12,28,0.0045962781
2009-12-29,2009,12,29,0
2009-12-30,2009,12,30,0
2009-12-31,2009,12,31,0.17699775
2010-01-01,2010,1,1,0.0032775024
2010-01-02,2010,1,2,0
2010-01-03,2010,1,3,0
2010-01-04,2010,1,4,0
2010-01-05,2010,1,5,0
2010-01-06,2010,1,6,0
2010-01-07,2010,1,7,0
2010-01-08,2010,1,8,0
2010-01-09,2010,1,9,0
2010-01-10,2010,1,10,0
2010-01-11,2010,1,11,0.094560776
2010-01-12,2010,1,12,0.037139625
2010-01-13,2010,1,13,0
2010-01-14,2010,1,14,0.10417331
2010-01-15,2010,1,15,0.28441181
2010-01-16,2010,1,16,0.00059652269
2010-01-17,2010,1,17,0
2010-01-18,2010,1,18,0
2010-01-19,2010,1,19,0.00037076845
2010-01-20,2010,1,20,0
2010-01-21,2010,1,21,0
2010-01-22,2010,1,22,0
2010-01-23,2010,1,23,0.0033149099
2010-01-24,2010,1,24,1.0792935
2010-01-25,2010,1,25,1.1131025
2010-01-26,2010,1,26,0.59217239
2010-01-27,2010,1,27,0.069230216
2010-01-28,2010,1,28,0.047200859
2010-01-29,2010,1,29,0
2010-01-30,2010,1,30,0
2010-01-31,2010,1,31,0
2010-02-01,2010,2,1,0
2010-02-02,2010,2,2,0
2010-02-03,2010,2,3,0.00059577646
2010-02-04,2010,2,4,0.0012247841
2010-02-05,2010,2,5,0.3247595
2010-02-06,2010,2,6,0.0032309822
2010-02-07,2010,2,7,0.010770643
2010-02-08,2010,2,8,0
2010-02-09,2010,2,9,0
2010-02-10,2010,2,10,0
2010-02-11,2010,2,11,0
2010-02-12,2010,2,12,0
2010-02-13,2010,2,13,0
2010-02-14,2010,2,14,0
2010-02-15,2010,2,15,0
2010-02-16,2010,2,16,0
2010-02-17,2010,2,17,0
2010-02-18,2010,2,18,0
2010-02-19,2010,2,19,0
2010-02-20,2010,2,20,0
2010-02-21,2010,2,21,0
2010-02-22,2010,2,22,0
2010-02-23,2010,2,23,0
2010-02-24,2010,2,24,0
2010-02-25,2010,2,25,0.19378222
2010-02-26,2010,2,26,0.0058092265
2010-02-27,2010,2,27,0.0037616839
2010-02-28,2010,2,28,0.76027413
2010-03-01,2010,3,1,0
2010-03-02,2010,3,2,0
2010-03-03,2010,3,3,0
2010-03-04,2010,3,4,0
2010-03-05,2010,3,5,0
2010-03-06,2010,3,6,0
2010-03-07,2010,3,7,0
2010-03-08,2010,3,8,0
2010-03-09,2010,3,9,0
2010-03-10,2010,3,10,0
2010-03-11,2010,3,11,0
2010-03-12,2010,3,12,0
2010-03-13,2010,3,13,0
2010-03-14,2010,3,14,0
2010-03-15,2010,3,15,0
2010-03-16,2010,3,16,0
2010-03-17,2010,3,17,0
2010-03-18,2010,3,18,0
2010-03-19,2010,3,19,0
2010-03-20,2010,3,20,0
2010-03-21,2010,3,21,0
2010-03-22,2010,3,22,0
2010-03-23,2010,3,23,0
2010-03-24,2010,3,24,0
2010-03-25,2010,3,25,0
2010-03-26,2010,3,26,0
2010-03-27,2010,3,27,0
2010-03-28,2010,3,28,0
2010-03-29,2010,3,29,0
2010-03-30,2010,3,30,0
2010-03-31,2010,3,31,0
2010-04-01,2010,4,1,0
2010-04-02,2010,4,2,0
2010-04-03,2010,4,3,0
2010-04-04,2010,4,4,0
2010-04-05,2010,4,5,0
2010-04-06,2010,4,6,0
2010-04-07,2010,4,7,0
2010-04-08,2010,4,8,0
2010-04-09,2010,4,9,0
2010-04-10,2010,4,10,0
2010-04-11,2010,4,11,0
2010-04-12,2010,4,12,0
2010-04-13,2010,4,13,0
2010-04-14,2010,4,14,0
2010-04-15,2010,4,15,0
2010-04-16,2010,4,16,5.0170992
2010-04-17,2010,4,17,0
2010-04-18,2010,4,18,0
2010-04-19,2010,4,19,0
2010-04-20,2010,4,20,0
2010-04-21,2010,4,21,0
2010-04-22,2010,4,22,0
2010-04-23,2010,4,23,0
2010-04-24,2010,4,24,0
2010-04-25,2010,4,25,0
2010-04-26,2010,4,26,0
2010-04-27,2010,4,27,0.00033751247
2010-04-28,2010,4,28,0
2010-04-29,2010,4,29,0
2010-04-30,2010,4,30,0
2010-05-01,2010,5,1,0
2010-05-02,2010,5,2,0
2010-05-03,2010,5,3,0
2010-05-04,2010,5,4,0
2010-05-05,2010,5,5,16.569555
2010-05-06,2010,5,6,0.23387862
2010-05-07,2010,5,7,0.001578121
2010-05-08,2010,5,8,0
2010-05-09,2010,5,9,0
2010-05-10,2010,5,10,0
2010-05-11,2010,5,11,0
2010-05-12,2010,5,12,0
2010-05-13,2010,5,13,0
2010-05-14,2010,5,14,10.157755
2010-05-15,2010,5,15,7.098207e-06
2010-05-16,2010,5,16,0
2010-05-17,2010,5,17,0
2010-05-18,2010,5,18,0
2010-05-19,2010,5,19,0
2010-05-20,2010,5,20,0
2010-05-21,2010,5,21,0.01610821
2010-05-22,2010,5,22,14.588784
2010-05-23,2010,5,23,0
2010-05-24,2010,5,24,0
2010-05-25,2010,5,25,0
2010-05-26,2010,5,26,0
2010-05-27,2010,5,27,0
2010-05-28,2010,5,28,9.9537737
2010-05-29,2010,5,29,1.8383567
2010-05-30,2010,5,30,0.00099760945
2010-05-31,2010,5,31,0.0052725639
2010-06-01,2010,6,1,0
2010-06-02,2010,6,2,0
2010-06-03,2010,6,3,0.015230752
2010-06-04,2010,6,4,0.0010593384
2010-06-05,2010,6,5,0
2010-06-06,2010,6,6,0
2010-06-07,2010,6,7,0
2010-06-08,2010,6,8,0
2010-06-09,2010,6,9,0
2010-06-10,2010,6,10,0
2010-06-11,2010,6,11,1.0695752
2010-06-12,2010,6,12,0
2010-06-13,2010,6,13,12.785727
2010-06-14,2010,6,14,11.902989
2010-06-15,2010,6,15,6.0315739
2010-06-16,2010,6,16,4.9233507
2010-06-17,2010,6,17,29.189916
2010-06-18,2010,6,18,25.317136
2010-06-19,2010,6,19,2.0476143
2010-06-20,2010,6,20,0
2010-06-21,2010,6,21,0
2010-06-22,2010,6,22,0
2010-06-23,2010,6,23,52.668893
2010-06-24,2010,6,24,3.7228893
2010-06-25,2010,6,25,0
2010-06-26,2010,6,26,0.53780796
2010-06-27,2010,6,27,0
2010-06-28,2010,6,28,0
2010-06-29,2010,6,29,0
2010-06-30,2010,6,30,0
2010-07-01,2010,7,1,0
2010-07-02,2010,7,2,0
2010-07-03,2010,7,3,0
2010-07-04,2010,7,4,0.08379929
2010-07-05,2010,7,5,0.62072587
2010-07-06,2010,7,6,26.833668
2010-07-07,2010,7,7,1.2883545
2010-07-08,2010,7,8,0
2010-07-09,2010,7,9,0
2010-07-10,2010,7,10,0
2010-07-11,2010,7,11,0.047026665
2010-07-12,2010,7,12,0.0040210525
2010-07-13,2010,7,13,0
2010-07-14,2010,7,14,0.075710214
2010-07-15,2010,7,15,0.95671502
2010-07-16,2010,7,16,0.55169983
2010-07-17,2010,7,17,0.033061956
2010-07-18,2010,7,18,0
2010-07-19,2010,7,19,0
2010-07-20,2010,7,20,2.1965854
2010-07-21,2010,7,21,3.7002398
2010-07-22,2010,7,22,0.0013751005
2010-07-23,2010,7,23,8.8182597
2010-07-24,2010,7,24,2.1354817
2010-07-25,2010,7,25,0.031509263
2010-07-26,2010,7,26,0
2010-07-27,2010,7,27,0
2010-07-28,2010,7,28,0
2010-07-29,2010,7,29,0
2010-07-30,2010,7,30,1.3316709
2010-07-31,2010,7,31,0.22880291
2010-08-01,2010,8,1,5.2227186
2010-08-02,2010,8,2,0.20148431
2010-08-03,2010,8,3,0.0018007506
2010-08-04,2010,8,4,0
2010-08-05,2010,8,5,0
2010-08-06,2010,8,6,0
2010-08-07,2010,8,7,2.3025343
2010-08-08,2010,8,8,0
2010-08-09,2010,8,9,0
2010-08-10,2010,8,10,0
2010-08-11,2010,8,11,0.36432361
2010-08-12,2010,8,12,0.0068836619
2010-08-13,2010,8,13,0
2010-08-14,2010,8,14,0
2010-08-15,2010,8,15,0.012690625
2010-08-16,2010,8,16,0.029227313
2010-08-17,2010,8,17,0.69431061
2010-08-18,2010,8,18,0
2010-08-19,2010,8,19,0
2010-08-20,2010,8,20,0
2010-08-21,2010,8,21,0
2010-08-22,2010,8,22,0.10117335
2010-08-23,2010,8,23,0.069855904
2010-08-24,2010,8,24,0
2010-08-25,2010,8,25,0
2010-08-26,2010,8,26,0
2010-08-27,2010,8,27,1.0683278
2010-08-28,2010,8,28,0.80338783
2010-08-29,2010,8,29,0
2010-08-30,2010,8,30,1.1169742
2010-08-31,2010,8,31,9.5215588
2010-09-01,2010,9,1,0.72697767
2010-09-02,2010,9,2,0.11795977
2010-09-03,2010,9,3,0
2010-09-04,2010,9,4,0
2010-09-05,2010,9,5,0
2010-09-06,2010,9,6,0
2010-09-07,2010,9,7,0
2010-09-08,2010,9,8,0
2010-09-09,2010,9,9,0.27012532
2010-09-10,2010,9,10,0
2010-09-11,2010,9,11,0
2010-09-12,2010,9,12,1.1685456
2010-09-13,2010,9,13,0
2010-09-14,2010,9,14,0.00089874877
2010-09-15,2010,9,15,0
2010-09-16,2010,9,16,0
2010-09-17,2010,9,17,0
2010-09-18,2010,9,18,0
2010-09-19,2010,9,19,0
2010-09-20,2010,9,20,0
2010-09-21,2010,9,21,0
2010-09-22,2010,9,22,0
2010-09-23,2010,9,23,0
2010-09-24,2010,9,24,0
2010-09-25,2010,9,25,0
2010-09-26,2010,9,26,2.8940315
2010-09-27,2010,9,27,0.010833095
2010-09-28,2010,9,28,0
2010-09-29,2010,9,29,0
2010-09-30,2010,9,30,0.00075848276
2010-10-01,2010,10,1,0
2010-10-02,2010,10,2,0
2010-10-03,2010,10,3,0
2010-10-04,2010,10,4,0
2010-10-05,2010,10,5,0
2010-10-06,2010,10,6,0
2010-10-07,2010,10,7,0
2010-10-08,2010,10,8,0
2010-10-09,2010,10,9,0
2010-10-10,2010,10,10,0
2010-10-11,2010,10,11,0
2010-10-12,2010,10,12,0
2010-10-13,2010,10,13,0
2010-10-14,2010,10,14,0
2010-10-15,2010,10,15,0
2010-10-16,2010,10,16,0
2010-10-17,2010,10,17,0
2010-10-18,2010,10,18,0
2010-10-19,2010,10,19,0
2010-10-20,2010,10,20,0
2010-10-21,2010,10,21,0
2010-10-22,2010,10,22,0
2010-10-23,2010,10,23,0
2010-10-24,2010,10,24,0
2010-10-25,2010,10,25,0
2010-10-26,2010,10,26,2.4183833
2010-10-27,2010,10,27,0.0093647584
2010-10-28,2010,10,28,19.638727
2010-10-29,2010,10,29,0.79074681
2010-10-30,2010,10,30,0
2010-10-31,2010,10,31,0
2010-11-01,2010,11,1,0
2010-11-02,2010,11,2,0
2010-11-03,2010,11,3,0
2010-11-04,2010,11,4,0
2010-11-05,2010,11,5,0
2010-11-06,2010,11,6,1.3402446
2010-11-07,2010,11,7,42.202399
2010-11-08,2010,11,8,5.5366169
2010-11-09,2010,11,9,0
2010-11-10,2010,11,10,0
2010-11-11,2010,11,11,0
2010-11-12,2010,11,12,0
2010-11-13,2010,11,13,0
2010-11-14,2010,11,14,0
2010-11-15,2010,11,15,0
2010-11-16,2010,11,16,0
2010-11-17,2010,11,17,0
2010-11-18,2010,11,18,0.006212241
2010-11-19,2010,11,19,0
2010-11-20,2010,11,20,0
2010-11-21,2010,11,21,0
2010-11-22,2010,11,22,0
2010-11-23,2010,11,23,0
2010-11-24,2010,11,24,0
2010-11-25,2010,11,25,0
2010-11-26,2010,11,26,0
2010-11-27,2010,11,27,0.011062146
2010-11-28,2010,11,28,0
2010-11-29,2010,11,29,0
2010-11-30,2010,11,30,0
2010-12-01,2010,12,1,0
2010-12-02,2010,12,2,0
2010-12-03,2010,12,3,0
2010-12-04,2010,12,4,0
2010-12-05,2010,12,5,0.00066219225
2010-12-06,2010,12,6,0.24801728
2010-12-07,2010,12,7,0
2010-12-08,2010,12,8,0
2010-12-09,2010,12,9,0.018977708
2010-12-10,2010,12,10,0.0014084921
2010-12-11,2010,12,11,10.816597
2010-12-12,2010,12,12,0.45468272
2010-12-13,2010,12,13,0
2010-12-14,2010,12,14,0.0043945848
2010-12-15,2010,12,15,0.16700011
2010-12-16,2010,12,16,0.79828663
2010-12-17,2010,12,17,0.06979613
2010-12-18,2010,12,18,0
2010-12-19,2010,12,19,0
2010-12-20,2010,12,20,0.0020866616
2010-12-21,2010,12,21,0.14034669
2010-12-22,2010,12,22,1.037383
2010-12-23,2010,12,23,0.82323965
2010-12-24,2010,12,24,0
2010-12-25,2010,12,25,0
2010-12-26,2010,12,26,0.013515403
2010-12-27,2010,12,27,0.13012852
2010-12-28,2010,12,28,6.0522279
2010-12-29,2010,12,29,4.7429142
2010-12-30,2010,12,30,0.31880734
2010-12-31,2010,12,31,0.0068939505
2011-01-01,2011,1,1,0.17437596
2011-01-02,2011,1,2,4.3928742
2011-01-03,2011,1,3,2.9911706
2011-01-04,2011,1,4,3.4497324
2011-01-05,2011,1,5,0.0071128185
2011-01-06,2011,1,6,0
2011-01-07,2011,1,7,0
2011-01-08,2011,1,8,0
2011-01-09,2011,1,9,1.4402935
2011-01-10,2011,1,10,0.16072979
2011-01-11,2011,1,11,0
2011-01-12,2011,1,12,0
2011-01-13,2011,1,13,0
2011-01-14,2011,1,14,0
2011-01-15,2011,1,15,0
2011-01-16,2011,1,16,0
2011-01-17,2011,1,17,0
2011-01-18,2011,1,18,0
2011-01-19,2011,1,19,0
2011-01-20,2011,1,20,0
2011-01-21,2011,1,21,0
2011-01-22,2011,1,22,0.28077717
2011-01-23,2011,1,23,2.9534545
2011-01-24,2011,1,24,0.98278546
2011-01-25,2011,1,25,0.036953881
2011-01-26,2011,1,26,0.00026697126
2011-01-27,2011,1,27,0
2011-01-28,2011,1,28,0
2011-01-29,2011,1,29,0.019396598
2011-01-30,2011,1,30,0.025952707
2011-01-31,2011,1,31,0.37924245
2011-02-01,2011,2,1,0
2011-02-02,2011,2,2,0
2011-02-03,2011,2,3,0
2011-02-04,2011,2,4,0
2011-02-05,2011,2,5,0
2011-02-06,2011,2,6,0.0028622844
2011-02-07,2011,2,7,0.027054759
2011-02-08,2011,2,8,4.1303001
2011-02-09,2011,2,9,5.2541578
2011-02-10,2011,2,10,5.7089267
2011-02-11,2011,2,11,2.8623267
2011-02-12,2011,2,12,0.73290449
2011-02-13,2011,2,13,7.6721818e-05
2011-02-14,2011,2,14,0
2011-02-15,2011,2,15,0
2011-02-16,2011,2,16,0.0049985509
2011-02-17,2011,2,17,5.0812743e-05
2011-02-18,2011,2,18,0.78920625
2011-02-19,2011,2,19,2.3517462
2011-02-20,2011,2,20,0.059483845
2011-02-21,2011,2,21,0
2011-02-22,2011,2,22,0
2011-02-23,2011,2,23,0.00020163139
2011-02-24,2011,2,24,0.077042245
2011-02-25,2011,2,25,0
2011-02-26,2011,2,26,0
2011-02-27,2011,2,27,0
2011-02-28,2011,2,28,0.038648687
2011-03-01,2011,3,1,0
2011-03-02,2011,3,2,0
2011-03-03,2011,3,3,0
2011-03-04,2011,3,4,0
2011-03-05,2011,3,5,0
2011-03-06,2011,3,6,0
2011-03-07,2011,3,7,0
2011-03-08,2011,3,8,0
2011-03-09,2011,3,9,0
2011-03-10,2011,3,10,0
2011-03-11,2011,3,11,6.4779141
2011-03-12,2011,3,12,1.2259469
2011-03-13,2011,3,13,0
2011-03-14,2011,3,14,0.60590764
2011-03-15,2011,3,15,3.9683497
2011-03-16,2011,3,16,9.7062323e-05
2011-03-17,2011,3,17,0
2011-03-18,2011,3,18,0
2011-03-19,2011,3,19,0
2011-03-20,2011,3,20,0
2011-03-21,2011,3,21,0
2011-03-22,2011,3,22,0
2011-03-23,2011,3,23,0
2011-03-24,2011,3,24,0
2011-03-25,2011,3,25,0
2011-03-26,2011,3,26,0
2011-03-27,2011,3,27,0
2011-03-28,2011,3,28,0
2011-03-29,2011,3,29,0
2011-03-30,2011,3,30,0
2011-03-31,2011,3,31,0
2011-04-01,2011,4,1,0
2011-04-02,2011,4,2,0
2011-04-03,2011,4,3,0
2011-04-04,2011,4,4,0
2011-04-05,2011,4,5,0
2011-04-06,2011,4,6,0
2011-04-07,2011,4,7,0.014864345
2011-04-08,2011,4,8,0.028632083
2011-04-09,2011,4,9,4.9847068
2011-04-10,2011,4,10,0
2011-04-11,2011,4,11,0
2011-04-12,2011,4,12,0.26233968
2011-04-13,2011,4,13,15.006033
2011-04-14,2011,4,14,5.0075128
2011-04-15,2011,4,15,0.0096687821
2011-04-16,2011,4,16,0
2011-04-17,2011,4,17,0
2011-04-18,2011,4,18,0
2011-04-19,2011,4,19,0
2011-04-20,2011,4,20,0
2011-04-21,2011,4,21,0.1080956
2011-04-22,2011,4,22,9.5032396
2011-04-23,2011,4,23,0.019689823
2011-04-24,2011,4,24,0
2011-04-25,2011,4,25,0
2011-04-26,2011,4,26,0
2011-04-27,2011,4,27,0
2011-04-28,2011,4,28,0.92740094
2011-04-29,2011,4,29,0
2011-04-30,2011,4,30,0
2011-05-01,2011,5,1,7.3466566e-05
2011-05-02,2011,5,2,0
2011-05-03,2011,5,3,0
2011-05-04,2011,5,4,0
2011-05-05,2011,5,5,0
2011-05-06,2011,5,6,0
2011-05-07,2011,5,7,0
2011-05-08,2011,5,8,0
2011-05-09,2011,5,9,0
2011-05-10,2011,5,10,0
2011-05-11,2011,5,11,0
2011-05-12,2011,5,12,0
2011-05-13,2011,5,13,0
2011-05-14,2011,5,14,0
2011-05-15,2011,5,15,0
2011-05-16,2011,5,16,0
2011-05-17,2011,5,17,0
2011-05-18,2011,5,18,0
2011-05-19,2011,5,19,0
2011-05-20,2011,5,20,0.0023288749
2011-05-21,2011,5,21,8.1369681
2011-05-22,2011,5,22,0.0050044921
2011-05-23,2011,5,23,0.057032682
2011-05-24,2011,5,24,2.8407147e-05
2011-05-25,2011,5,25,0.00028407147
2011-05-26,2011,5,26,0
2011-05-27,2011,5,27,0
2011-05-28,2011,5,28,0
2011-05-29,2011,5,29,0
2011-05-30,2011,5,30,0
2011-05-31,2011,5,31,0
2011-06-01,2011,6,1,0
2011-06-02,2011,6,2,0
2011-06-03,2011,6,3,0
2011-06-04,2011,6,4,0.020785223
2011-06-05,2011,6,5,18.918523
2011-06-06,2011,6,6,0.0043997676
2011-06-07,2011,6,7,9.3852984
2011-06-08,2011,6,8,0.018789545
2011-06-09,2011,6,9,0
2011-06-10,2011,6,10,0
2011-06-11,2011,6,11,0.37688552
2011-06-12,2011,6,12,0
2011-06-13,2011,6,13,0
2011-06-14,2011,6,14,0
2011-06-15,2011,6,15,0
2011-06-16,2011,6,16,0
2011-06-17,2011,6,17,0.063387382
2011-06-18,2011,6,18,30.861762
2011-06-19,2011,6,19,9.465008
2011-06-20,2011,6,20,0.018421791
2011-06-21,2011,6,21,0.00058496682
2011-06-22,2011,6,22,0.0066659331
2011-06-23,2011,6,23,0
2011-06-24,2011,6,24,2.0475114e-06
2011-06-25,2011,6,25,0
2011-06-26,2011,6,26,0
2011-06-27,2011,6,27,0
2011-06-28,2011,6,28,0.0005833758
2011-06-29,2011,6,29,32.68646
2011-06-30,2011,6,30,0.69992453
2011-07-01,2011,7,1,0.022610611
2011-07-02,2011,7,2,0.094174093
2011-07-03,2011,7,3,0
2011-07-04,2011,7,4,0
2011-07-05,2011,7,5,0
2011-07-06,2011,7,6,0
2011-07-07,2011,7,7,0
2011-07-08,2011,7,8,0
2011-07-09,2011,7,9,0
2011-07-10,2011,7,10,0
2011-07-11,2011,7,11,0.50590105
2011-07-12,2011,7,12,0.00095464362
2011-07-13,2011,7,13,0
2011-07-14,2011,7,14,31.808307
2011-07-15,2011,7,15,17.358044
2011-07-16,2011,7,16,1.5165151
2011-07-17,2011,7,17,0.0048157175
2011-07-18,2011,7,18,0.0001004888
2011-07-19,2011,7,19,0
2011-07-20,2011,7,20,0.019523382
2011-07-21,2011,7,21,0
2011-07-22,2011,7,22,0
2011-07-23,2011,7,23,0
2011-07-24,2011,7,24,8.1224091
2011-07-25,2011,7,25,0.0096287355
2011-07-26,2011,7,26,0
2011-07-27,2011,7,27,0
2011-07-28,2011,7,28,1.5216881
2011-07-29,2011,7,29,2.317447
2011-07-30,2011,7,30,2.726185
2011-07-31,2011,7,31,0
2011-08-01,2011,8,1,1.3908504
2011-08-02,2011,8,2,0.13373286
2011-08-03,2011,8,3,0
2011-08-04,2011,8,4,0.10443213
2011-08-05,2011,8,5,18.919521
2011-08-06,2011,8,6,22.176718
2011-08-07,2011,8,7,12.101614
2011-08-08,2011,8,8,0.002508089
2011-08-09,2011,8,9,0
2011-08-10,2011,8,10,0
2011-08-11,2011,8,11,0.0072375738
2011-08-12,2011,8,12,1.8398654
2011-08-13,2011,8,13,0
2011-08-14,2011,8,14,0
2011-08-15,2011,8,15,19.675341
2011-08-16,2011,8,16,18.818224
2011-08-17,2011,8,17,20.318827
2011-08-18,2011,8,18,6.8820061
2011-08-19,2011,8,19,0.2511204
2011-08-20,2011,8,20,0.0015877566
2011-08-21,2011,8,21,0
2011-08-22,2011,8,22,0
2011-08-23,2011,8,23,0
2011-08-24,2011,8,24,0.018075309
2011-08-25,2011,8,25,0
2011-08-26,2011,8,26,6.7736066
2011-08-27,2011,8,27,2.0608879
2011-08-28,2011,8,28,13.087576
2011-08-29,2011,8,29,1.6580034
2011-08-30,2011,8,30,0
2011-08-31,2011,8,31,0.26832272
2011-09-01,2011,9,1,0
2011-09-02,2011,9,2,0.046806465
2011-09-03,2011,9,3,5.4765412
2011-09-04,2011,9,4,0.13832169
2011-09-05,2011,9,5,0
2011-09-06,2011,9,6,0
2011-09-07,2011,9,7,0
2011-09-08,2011,9,8,5.7578024
2011-09-09,2011,9,9,8.4946
2011-09-10,2011,9,10,0.034613634
2011-09-11,2011,9,11,0
2011-09-12,2011,9,12,0
2011-09-13,2011,9,13,0
2011-09-14,2011,9,14,0
2011-09-15,2011,9,15,0.0012464169
2011-09-16,2011,9,16,0
2011-09-17,2011,9,17,0
2011-09-18,2011,9,18,0
2011-09-19,2011,9,19,0
2011-09-20,2011,9,20,0
2011-09-21,2011,9,21,0
2011-09-22,2011,9,22,0
2011-09-23,2011,9,23,0
2011-09-24,2011,9,24,0
2011-09-25,2011,9,25,0
2011-09-26,2011,9,26,0
2011-09-27,2011,9,27,0
2011-09-28,2011,9,28,0
2011-09-29,2011,9,29,0
2011-09-30,2011,9,30,0
2011-10-01,2011,10,1,0
2011-10-02,2011,10,2,0
2011-10-03,2011,10,3,0
2011-10-04,2011,10,4,0
2011-10-05,2011,10,5,0
2011-10-06,2011,10,6,0.62151148
2011-10-07,2011,10,7,11.739796
2011-10-08,2011,10,8,0.011716365
2011-10-09,2011,10,9,0
2011-10-10,2011,10,10,0
2011-10-11,2011,10,11,1.4102362
2011-10-12,2011,10,12,0.54968772
2011-10-13,2011,10,13,0.37032272
2011-10-14,2011,10,14,0.00032676258
2011-10-15,2011,10,15,0
2011-10-16,2011,10,16,0
2011-10-17,2011,10,17,0
2011-10-18,2011,10,18,0
2011-10-19,2011,10,19,0
2011-10-20,2011,10,20,0
2011-10-21,2011,10,21,0
2011-10-22,2011,10,22,0
2011-10-23,2011,10,23,0
2011-10-24,2011,10,24,0
2011-10-25,2011,10,25,0
2011-10-26,2011,10,26,0
2011-10-27,2011,10,27,0
2011-10-28,2011,10,28,0
2011-10-29,2011,10,29,0
2011-10-30,2011,10,30,0
2011-10-31,2011,10,31,0
2011-11-01,2011,11,1,0
2011-11-02,2011,11,2,0
2011-11-03,2011,11,3,0
2011-11-04,2011,11,4,0
2011-11-05,2011,11,5,0
2011-11-06,2011,11,6,0
2011-11-07,2011,11,7,0
2011-11-08,2011,11,8,3.9195446
2011-11-09,2011,11,9,0.0079106293
2011-11-10,2011,11,10,0
2011-11-11,2011,11,11,0
2011-11-12,2011,11,12,5.2100347
2011-11-13,2011,11,13,5.0833145
2011-11-14,2011,11,14,0.013339388
2011-11-15,2011,11,15,0
2011-11-16,2011,11,16,0
2011-11-17,2011,11,17,0
2011-11-18,2011,11,18,0
2011-11-19,2011,11,19,0.044584907
2011-11-20,2011,11,20,0.91259121
2011-11-21,2011,11,21,0
2011-11-22,2011,11,22,0
2011-11-23,2011,11,23,0
2011-11-24,2011,11,24,0
2011-11-25,2011,11,25,0
2011-11-26,2011,11,26,0
2011-11-27,2011,11,27,0
2011-11-28,2011,11,28,0
2011-11-29,2011,11,29,0
2011-11-30,2011,11,30,2.0764714e-05
2011-12-01,2011,12,1,0
2011-12-02,2011,12,2,0
2011-12-03,2011,12,3,0
2011-12-04,2011,12,4,0
2011-12-05,2011,12,5,0.05689192
2011-12-06,2011,12,6,0.18793692
2011-12-07,2011,12,7,0.5296373
2011-12-08,2011,12,8,0.17386242
2011-12-09,2011,12,9,0
2011-12-10,2011,12,10,0
2011-12-11,2011,12,11,0
2011-12-12,2011,12,12,0.00056481104
2011-12-13,2011,12,13,0
2011-12-14,2011,12,14,0
2011-12-15,2011,12,15,0.0033574015
2011-12-16,2011,12,16,0.038425928
2011-12-17,2011,12,17,0.45368853
2011-12-18,2011,12,18,0.048528665
2011-12-19,2011,12,19,0
2011-12-20,2011,12,20,0
2011-12-21,2011,12,21,0
2011-12-22,2011,12,22,0
2011-12-23,2011,12,23,0
2011-12-24,2011,12,24,0
2011-12-25,2011,12,25,0
2011-12-26,2011,12,26,0
2011-12-27,2011,12,27,0
2011-12-28,2011,12,28,0
2011-12-29,2011,12,29,0
2011-12-30,2011,12,30,0.00026169684
2011-12-31,2011,12,31,0
2012-01-01,2012,1,1,0.0052301391
2012-01-02,2012,1,2,4.4639802e-05
2012-01-03,2012,1,3,0.00022051099
2012-01-04,2012,1,4,1.5349031
2012-01-05,2012,1,5,10.586414
2012-01-06,2012,1,6,3.0977604
2012-01-07,2012,1,7,0
2012-01-08,2012,1,8,0
2012-01-09,2012,1,9,0
2012-01-10,2012,1,10,0
2012-01-11,2012,1,11,1.2678588e-06
2012-01-12,2012,1,12,0
2012-01-13,2012,1,13,1.1642331
2012-01-14,2012,1,14,5.8469448
2012-01-15,2012,1,15,1.0436787
2012-01-16,2012,1,16,0.082422337
2012-01-17,2012,1,17,0
2012-01-18,2012,1,18,0
2012-01-19,2012,1,19,0
2012-01-20,2012,1,20,0
2012-01-21,2012,1,21,0
2012-01-22,2012,1,22,0
2012-01-23,2012,1,23,1.5628778
2012-01-24,2012,1,24,0.0082600159
2012-01-25,2012,1,25,0
2012-01-26,2012,1,26,0
2012-01-27,2012,1,27,0
2012-01-28,2012,1,28,0
2012-01-29,2012,1,29,0
2012-01-30,2012,1,30,0
2012-01-31,2012,1,31,0
2012-02-01,2012,2,1,0.30211166
2012-02-02,2012,2,2,0.00013129713
2012-02-03,2012,2,3,0
2012-02-04,2012,2,4,0
2012-02-05,2012,2,5,0
2012-02-06,2012,2,6,0
2012-02-07,2012,2,7,0
2012-02-08,2012,2,8,0
2012-02-09,2012,2,9,0
2012-02-10,2012,2,10,0
2012-02-11,2012,2,11,0.16518562
2012-02-12,2012,2,12,0.95219239
2012-02-13,2012,2,13,0.1128438
2012-02-14,2012,2,14,0
2012-02-15,2012,2,15,8.9556921e-06
2012-02-16,2012,2,16,0
2012-02-17,2012,2,17,0.00074536786
2012-02-18,2012,2,18,0
2012-02-19,2012,2,19,0
2012-02-20,2012,2,20,0
2012-02-21,2012,2,21,0
2012-02-22,2012,2,22,0
2012-02-23,2012,2,23,0.33035974
2012-02-24,2012,2,24,0.095028178
2012-02-25,2012,2,25,0.83327247
2012-02-26,2012,2,26,0
2012-02-27,2012,2,27,0.014208282
2012-02-28,2012,2,28,2.1374631
2012-02-29,2012,2,29,0
2012-03-01,2012,3,1,0
2012-03-02,2012,3,2,0
2012-03-03,2012,3,3,0
2012-03-04,2012,3,4,0
2012-03-05,2012,3,5,0
2012-03-06,2012,3,6,0
2012-03-07,2012,3,7,0
2012-03-08,2012,3,8,0
2012-03-09,2012,3,9,0
2012-03-10,2012,3,10,1.9393355
2012-03-11,2012,3,11,0
2012-03-12,2012,3,12,0
2012-03-13,2012,3,13,0
2012-03-14,2012,3,14,0
2012-03-15,2012,3,15,0
2012-03-16,2012,3,16,0
2012-03-17,2012,3,17,0
2012-03-18,2012,3,18,0
2012-03-19,2012,3,19,0
2012-03-20,2012,3,20,0
2012-03-21,2012,3,21,0
2012-03-22,2012,3,22,0
2012-03-23,2012,3,23,0
2012-03-24,2012,3,24,0
2012-03-25,2012,3,25,0
2012-03-26,2012,3,26,0
2012-03-27,2012,3,27,0
2012-03-28,2012,3,28,0
2012-03-29,2012,3,29,0
2012-03-30,2012,3,30,0
2012-03-31,2012,3,31,0.0027578466
2012-04-01,2012,4,1,0
2012-04-02,2012,4,2,0
2012-04-03,2012,4,3,0
2012-04-04,2012,4,4,0
2012-04-05,2012,4,5,0
2012-04-06,2012,4,6,0
2012-04-07,2012,4,7,0
2012-04-08,2012,4,8,0
2012-04-09,2012,4,9,1.6980019e-05
2012-04-10,2012,4,10,0
2012-04-11,2012,4,11,0.00020458852
2012-04-12,2012,4,12,0
2012-04-13,2012,4,13,15.418576
2012-04-14,2012,4,14,0.021158614
2012-04-15,2012,4,15,0
2012-04-16,2012,4,16,0
2012-04-17,2012,4,17,0
2012-04-18,2012,4,18,0
2012-04-19,2012,4,19,0
2012-04-20,2012,4,20,0
2012-04-21,2012,4,21,0
2012-04-22,2012,4,22,0
2012-04-23,2012,4,23,0
2012-04-24,2012,4,24,0
2012-04-25,2012,4,25,0.00020864174
2012-04-26,2012,4,26,12.012896
2012-04-27,2012,4,27,4.8851924
2012-04-28,2012,4,28,0.01542698
2012-04-29,2012,4,29,0
2012-04-30,2012,4,30,0
2012-05-01,2012,5,1,0
2012-05-02,2012,5,2,0
2012-05-03,2012,5,3,0
2012-05-04,2012,5,4,0
2012-05-05,2012,5,5,0
2012-05-06,2012,5,6,0
2012-05-07,2012,5,7,0
2012-05-08,2012,5,8,0
2012-05-09,2012,5,9,0
2012-05-10,2012,5,10,0
2012-05-11,2012,5,11,0
2012-05-12,2012,5,12,0
2012-05-13,2012,5,13,0
2012-05-14,2012,5,14,0
2012-05-15,2012,5,15,0.030966434
2012-05-16,2012,5,16,0
2012-05-17,2012,5,17,6.9510593
2012-05-18,2012,5,18,0
2012-05-19,2012,5,19,0
2012-05-20,2012,5,20,0
2012-05-21,2012,5,21,0
2012-05-22,2012,5,22,0
2012-05-23,2012,5,23,0
2012-05-24,2012,5,24,0
2012-05-25,2012,5,25,10.713865
2012-05-26,2012,5,26,78.299579
2012-05-27,2012,5,27,42.521691
2012-05-28,2012,5,28,0.043944541
2012-05-29,2012,5,29,0
2012-05-30,2012,5,30,0
2012-05-31,2012,5,31,0
2012-06-01,2012,6,1,5.3619778
2012-06-02,2012,6,2,0
2012-06-03,2012,6,3,0
2012-06-04,2012,6,4,0
2012-06-05,2012,6,5,0
2012-06-06,2012,6,6,0
2012-06-07,2012,6,7,0
2012-06-08,2012,6,8,0
2012-06-09,2012,6,9,0
2012-06-10,2012,6,10,0
2012-06-11,2012,6,11,2.6032518
2012-06-12,2012,6,12,32.163289
2012-06-13,2012,6,13,32.027783
2012-06-14,2012,6,14,0.47701883
2012-06-15,2012,6,15,8.7835366
2012-06-16,2012,6,16,22.249741
2012-06-17,2012,6,17,9.081349
2012-06-18,2012,6,18,0.0022746518
2012-06-19,2012,6,19,7.3652411e-05
2012-06-20,2012,6,20,16.914735
2012-06-21,2012,6,21,0.011670947
2012-06-22,2012,6,22,0
2012-06-23,2012,6,23,0
2012-06-24,2012,6,24,0
2012-06-25,2012,6,25,0
2012-06-26,2012,6,26,0
2012-06-27,2012,6,27,0
2012-06-28,2012,6,28,39.197566
2012-06-29,2012,6,29,16.16093
2012-06-30,2012,6,30,40.038522
2012-07-01,2012,7,1,19.416283
2012-07-02,2012,7,2,0.0012757342
2012-07-03,2012,7,3,0
2012-07-04,2012,7,4,2.7119434
2012-07-05,2012,7,5,0
2012-07-06,2012,7,6,0.046662594
2012-07-07,2012,7,7,0
2012-07-08,2012,7,8,0
2012-07-09,2012,7,9,0
2012-07-10,2012,7,10,0
2012-07-11,2012,7,11,0
2012-07-12,2012,7,12,0
2012-07-13,2012,7,13,0
2012-07-14,2012,7,14,0
2012-07-15,2012,7,15,0.0015798039
2012-07-16,2012,7,16,0
2012-07-17,2012,7,17,0
2012-07-18,2012,7,18,0
2012-07-19,2012,7,19,0
2012-07-20,2012,7,20,0.016837768
2012-07-21,2012,7,21,6.0121967
2012-07-22,2012,7,22,0.0080037934
2012-07-23,2012,7,23,0
2012-07-24,2012,7,24,0
2012-07-25,2012,7,25,0
2012-07-26,2012,7,26,0
2012-07-27,2012,7,27,0
2012-07-28,2012,7,28,0
2012-07-29,2012,7,29,0
2012-07-30,2012,7,30,0
2012-07-31,2012,7,31,0
2012-08-01,2012,8,1,0.084306553
2012-08-02,2012,8,2,3.5495161
2012-08-03,2012,8,3,0.012222917
2012-08-04,2012,8,4,0
2012-08-05,2012,8,5,0
2012-08-06,2012,8,6,0.0016622538
2012-08-07,2012,8,7,0
2012-08-08,2012,8,8,0
2012-08-09,2012,8,9,0
2012-08-10,2012,8,10,0
2012-08-11,2012,8,11,0.42607434
2012-08-12,2012,8,12,0
2012-08-13,2012,8,13,0
2012-08-14,2012,8,14,5.0543795
2012-08-15,2012,8,15,15.388212
2012-08-16,2012,8,16,3.3507099
2012-08-17,2012,8,17,1.0779391
2012-08-18,2012,8,18,0
2012-08-19,2012,8,19,1.7284984
2012-08-20,2012,8,20,0
2012-08-21,2012,8,21,0.21141903
2012-08-22,2012,8,22,14.495403
2012-08-23,2012,8,23,2.8735756
2012-08-24,2012,8,24,0.0016547438
2012-08-25,2012,8,25,0
2012-08-26,2012,8,26,0
2012-08-27,2012,8,27,0
2012-08-28,2012,8,28,0
2012-08-29,2012,8,29,0
2012-08-30,2012,8,30,0
2012-08-31,2012,8,31,0
2012-09-01,2012,9,1,0
2012-09-02,2012,9,2,0
2012-09-03,2012,9,3,0
2012-09-04,2012,9,4,0
2012-09-05,2012,9,5,0.00060933113
2012-09-06,2012,9,6,0
2012-09-07,2012,9,7,0
2012-09-08,2012,9,8,0
2012-09-09,2012,9,9,0
2012-09-10,2012,9,10,0
2012-09-11,2012,9,11,0
2012-09-12,2012,9,12,0
2012-09-13,2012,9,13,0
2012-09-14,2012,9,14,0
2012-09-15,2012,9,15,0
2012-09-16,2012,9,16,0.070865964
2012-09-17,2012,9,17,2.8644976
2012-09-18,2012,9,18,0.23161504
2012-09-19,2012,9,19,0.88694252
2012-09-20,2012,9,20,0
2012-09-21,2012,9,21,0
2012-09-22,2012,9,22,0
2012-09-23,2012,9,23,0
2012-09-24,2012,9,24,0
2012-09-25,2012,9,25,0
2012-09-26,2012,9,26,0
2012-09-27,2012,9,27,0.034696423
2012-09-28,2012,9,28,0
2012-09-29,2012,9,29,0
2012-09-30,2012,9,30,0.36085718
2012-10-01,2012,10,1,2.4967914
2012-10-02,2012,10,2,0
2012-10-03,2012,10,3,0
2012-10-04,2012,10,4,4.2182273
2012-10-05,2012,10,5,14.663373
2012-10-06,2012,10,6,15.734795
2012-10-07,2012,10,7,3.7238112
2012-10-08,2012,10,8,0
2012-10-09,2012,10,9,0
2012-10-10,2012,10,10,0
2012-10-11,2012,10,11,0
2012-10-12,2012,10,12,0
2012-10-13,2012,10,13,0
2012-10-14,2012,10,14,0.82624769
2012-10-15,2012,10,15,0
2012-10-16,2012,10,16,0
2012-10-17,2012,10,17,0
2012-10-18,2012,10,18,0
2012-10-19,2012,10,19,0.0077209196
2012-10-20,2012,10,20,0.036634189
2012-10-21,2012,10,21,20.814603
2012-10-22,2012,10,22,1.4784925
2012-10-23,2012,10,23,0
2012-10-24,2012,10,24,0
2012-10-25,2012,10,25,0
2012-10-26,2012,10,26,0
2012-10-27,2012,10,27,0
2012-10-28,2012,10,28,1.3194662
2012-10-29,2012,10,29,0
2012-10-30,2012,10,30,0.00021159552
2012-10-31,2012,10,31,0
2012-11-01,2012,11,1,0
2012-11-02,2012,11,2,0
2012-11-03,2012,11,3,0
2012-11-04,2012,11,4,0
2012-11-05,2012,11,5,0
2012-11-06,2012,11,6,0
2012-11-07,2012,11,7,0
2012-11-08,2012,11,8,4.7231029
2012-11-09,2012,11,9,4.2399158
2012-11-10,2012,11,10,0
2012-11-11,2012,11,11,0
2012-11-12,2012,11,12,0
2012-11-13,2012,11,13,0
2012-11-14,2012,11,14,0
2012-11-15,2012,11,15,0
2012-11-16,2012,11,16,0
2012-11-17,2012,11,17,0
2012-11-18,2012,11,18,0
2012-11-19,2012,11,19,0
2012-11-20,2012,11,20,0
2012-11-21,2012,11,21,0.15296729
2012-11-22,2012,11,22,0.79889652
2012-11-23,2012,11,23,0
2012-11-24,2012,11,24,0
2012-11-25,2012,11,25,0
2012-11-26,2012,11,26,0
2012-11-27,2012,11,27,0
2012-11-28,2012,11,28,0.001392931
2012-11-29,2012,11,29,2.1507637
2012-11-30,2012,11,30,0
2012-12-01,2012,12,1,0
2012-12-02,2012,12,2,0
2012-12-03,2012,12,3,2.4065055
2012-12-04,2012,12,4,0.094106538
2012-12-05,2012,12,5,8.1783917e-05
2012-12-06,2012,12,6,6.2840187
2012-12-07,2012,12,7,0.02859468
2012-12-08,2012,12,8,0.0011828596
2012-12-09,2012,12,9,0.00027987119
2012-12-10,2012,12,10,1.5175316e-05
2012-12-11,2012,12,11,0
2012-12-12,2012,12,12,0
2012-12-13,2012,12,13,0
2012-12-14,2012,12,14,0
2012-12-15,2012,12,15,0
2012-12-16,2012,12,16,0
2012-12-17,2012,12,17,0
2012-12-18,2012,12,18,7.6884007
2012-12-19,2012,12,19,42.864859
2012-12-20,2012,12,20,11.516001
2012-12-21,2012,12,21,0.00012433662
2012-12-22,2012,12,22,0
2012-12-23,2012,12,23,0
2012-12-24,2012,12,24,4.0795275
2012-12-25,2012,12,25,0.25759888
2012-12-26,2012,12,26,0
2012-12-27,2012,12,27,0
2012-12-28,2012,12,28,0
2012-12-29,2012,12,29,0
2012-12-30,2012,12,30,0
2012-12-31,2012,12,31,0.052648066
2013-01-01,2013,1,1,0
2013-01-02,2013,1,2,0
2013-01-03,2013,1,3,0
2013-01-04,2013,1,4,0
2013-01-05,2013,1,5,0
2013-01-06,2013,1,6,0
2013-01-07,2013,1,7,0
2013-01-08,2013,1,8,0
2013-01-09,2013,1,9,0.00029214364
2013-01-10,2013,1,10,0.012084005
2013-01-11,2013,1,11,0.015086953
2013-01-12,2013,1,12,0.42347536
2013-01-13,2013,1,13,0.72728242
2013-01-14,2013,1,14,0.082581331
2013-01-15,2013,1,15,5.1428677e-05
2013-01-16,2013,1,16,0
2013-01-17,2013,1,17,0.0025078087
2013-01-18,2013,1,18,0.0022731597
2013-01-19,2013,1,19,0.012072889
2013-01-20,2013,1,20,0.023041299
2013-01-21,2013,1,21,5.4679104
2013-01-22,2013,1,22,1.9238837
2013-01-23,2013,1,23,0.011281156
2013-01-24,2013,1,24,0.00050201715
2013-01-25,2013,1,25,0.00033237658
2013-01-26,2013,1,26,0
2013-01-27,2013,1,27,0.57091779
2013-01-28,2013,1,28,4.9692734
2013-01-29,2013,1,29,0.1313094
2013-01-30,2013,1,30,0
2013-01-31,2013,1,31,0
2013-02-01,2013,2,1,0
2013-02-02,2013,2,2,0
2013-02-03,2013,2,3,0
2013-02-04,2013,2,4,0
2013-02-05,2013,2,5,0
2013-02-06,2013,2,6,1.398151
2013-02-07,2013,2,7,4.4706823
2013-02-08,2013,2,8,6.2875533
2013-02-09,2013,2,9,1.5458094
2013-02-10,2013,2,10,0.21996746
2013-02-11,2013,2,11,0
2013-02-12,2013,2,12,0.00034779887
2013-02-13,2013,2,13,0
2013-02-14,2013,2,14,0
2013-02-15,2013,2,15,0
2013-02-16,2013,2,16,0.74152863
2013-02-17,2013,2,17,2.8364018
2013-02-18,2013,2,18,3.8735526
2013-02-19,2013,2,19,0.12185367
2013-02-20,2013,2,20,0
2013-02-21,2013,2,21,0
2013-02-22,2013,2,22,0
2013-02-23,2013,2,23,0
2013-02-24,2013,2,24,0
2013-02-25,2013,2,25,0
2013-02-26,2013,2,26,0
2013-02-27,2013,2,27,0
2013-02-28,2013,2,28,0.00017995327
2013-03-01,2013,3,1,0
2013-03-02,2013,3,2,0
2013-03-03,2013,3,3,0
2013-03-04,2013,3,4,0
2013-03-05,2013,3,5,0
2013-03-06,2013,3,6,0
2013-03-07,2013,3,7,0
2013-03-08,2013,3,8,0
2013-03-09,2013,3,9,0
2013-03-10,2013,3,10,0
2013-03-11,2013,3,11,0
2013-03-12,2013,3,12,0
2013-03-13,2013,3,13,0
2013-03-14,2013,3,14,0
2013-03-15,2013,3,15,0
2013-03-16,2013,3,16,0
2013-03-17,2013,3,17,0
2013-03-18,2013,3,18,0
2013-03-19,2013,3,19,0
2013-03-20,2013,3,20,0
2013-03-21,2013,3,21,0
2013-03-22,2013,3,22,0
2013-03-23,2013,3,23,0
2013-03-24,2013,3,24,0
2013-03-25,2013,3,25,0
2013-03-26,2013,3,26,0
2013-03-27,2013,3,27,0
2013-03-28,2013,3,28,0
2013-03-29,2013,3,29,0
2013-03-30,2013,3,30,0
2013-03-31,2013,3,31,0.61440343
2013-04-01,2013,4,1,0.090901645
2013-04-02,2013,4,2,0.00017430028
2013-04-03,2013,4,3,0
2013-04-04,2013,4,4,0
2013-04-05,2013,4,5,0
2013-04-06,2013,4,6,0
2013-04-07,2013,4,7,0
2013-04-08,2013,4,8,0
2013-04-09,2013,4,9,0
2013-04-10,2013,4,10,0.0013785679
2013-04-11,2013,4,11,0
2013-04-12,2013,4,12,0
2013-04-13,2013,4,13,0
2013-04-14,2013,4,14,0
2013-04-15,2013,4,15,0
2013-04-16,2013,4,16,0
2013-04-17,2013,4,17,0
2013-04-18,2013,4,18,0
2013-04-19,2013,4,19,0.00031320418
2013-04-20,2013,4,20,0
2013-04-21,2013,4,21,0
2013-04-22,2013,4,22,0
2013-04-23,2013,4,23,0
2013-04-24,2013,4,24,0
2013-04-25,2013,4,25,2.3226829
2013-04-26,2013,4,26,6.9077804
2013-04-27,2013,4,27,0.0015257404
2013-04-28,2013,4,28,0
2013-04-29,2013,4,29,0
2013-04-30,2013,4,30,0.33385944
2013-05-01,2013,5,1,0.00055550776
2013-05-02,2013,5,2,10.479898
2013-05-03,2013,5,3,0.013806775
2013-05-04,2013,5,4,0.00069211861
2013-05-05,2013,5,5,0
2013-05-06,2013,5,6,0
2013-05-07,2013,5,7,0
2013-05-08,2013,5,8,0
2013-05-09,2013,5,9,0
2013-05-10,2013,5,10,0
2013-05-11,2013,5,11,0
2013-05-12,2013,5,12,0
2013-05-13,2013,5,13,0
2013-05-14,2013,5,14,0
2013-05-15,2013,5,15,0.0006355303
2013-05-16,2013,5,16,0
2013-05-17,2013,5,17,4.9491671
2013-05-18,2013,5,18,2.4380761
2013-05-19,2013,5,19,0.0067812488
2013-05-20,2013,5,20,0
2013-05-21,2013,5,21,0
2013-05-22,2013,5,22,4.788242e-05
2013-05-23,2013,5,23,0
2013-05-24,2013,5,24,0
2013-05-25,2013,5,25,0
2013-05-26,2013,5,26,0
2013-05-27,2013,5,27,76.787626
2013-05-28,2013,5,28,48.640921
2013-05-29,2013,5,29,0.11126629
2013-05-30,2013,5,30,6.9229702
2013-05-31,2013,5,31,18.149691
2013-06-01,2013,6,1,0.026508761
2013-06-02,2013,6,2,0
2013-06-03,2013,6,3,0
2013-06-04,2013,6,4,0
2013-06-05,2013,6,5,0
2013-06-06,2013,6,6,0
2013-06-07,2013,6,7,0
2013-06-08,2013,6,8,0
2013-06-09,2013,6,9,0
2013-06-10,2013,6,10,0
2013-06-11,2013,6,11,0
2013-06-12,2013,6,12,0
2013-06-13,2013,6,13,0
2013-06-14,2013,6,14,0
2013-06-15,2013,6,15,0
2013-06-16,2013,6,16,0
2013-06-17,2013,6,17,0
2013-06-18,2013,6,18,0.00014287349
2013-06-19,2013,6,19,6.8785408e-05
2013-06-20,2013,6,20,0
2013-06-21,2013,6,21,4.2953575
2013-06-22,2013,6,22,7.4076541
2013-06-23,2013,6,23,0
2013-06-24,2013,6,24,0
2013-06-25,2013,6,25,0
2013-06-26,2013,6,26,6.5192109
2013-06-27,2013,6,27,45.066448
2013-06-28,2013,6,28,16.622362
2013-06-29,2013,6,29,0.79413585
2013-06-30,2013,6,30,0
2013-07-01,2013,7,1,0
2013-07-02,2013,7,2,0
2013-07-03,2013,7,3,0.00057976719
2013-07-04,2013,7,4,0
2013-07-05,2013,7,5,6.1513151
2013-07-06,2013,7,6,0.00066284531
2013-07-07,2013,7,7,0
2013-07-08,2013,7,8,0
2013-07-09,2013,7,9,0
2013-07-10,2013,7,10,2.4967539
2013-07-11,2013,7,11,0.05146794
2013-07-12,2013,7,12,0
2013-07-13,2013,7,13,0
2013-07-14,2013,7,14,0
2013-07-15,2013,7,15,0
2013-07-16,2013,7,16,0
2013-07-17,2013,7,17,0
2013-07-18,2013,7,18,10.227726
2013-07-19,2013,7,19,4.9677923
2013-07-20,2013,7,20,4.552288
2013-07-21,2013,7,21,0.5797621
2013-07-22,2013,7,22,0
2013-07-23,2013,7,23,0
2013-07-24,2013,7,24,0
2013-07-25,2013,7,25,0
2013-07-26,2013,7,26,0
2013-07-27,2013,7,27,0
2013-07-28,2013,7,28,0
2013-07-29,2013,7,29,0.00011317663
2013-07-30,2013,7,30,0.0018465805
2013-07-31,2013,7,31,0
2013-08-01,2013,8,1,0
2013-08-02,2013,8,2,0.0098841354
2013-08-03,2013,8,3,0.001423385
2013-08-04,2013,8,4,3.0060378
2013-08-05,2013,8,5,0
2013-08-06,2013,8,6,23.911715
2013-08-07,2013,8,7,30.901713
2013-08-08,2013,8,8,2.993941
2013-08-09,2013,8,9,0
2013-08-10,2013,8,10,0
2013-08-11,2013,8,11,28.353851
2013-08-12,2013,8,12,6.4668826
2013-08-13,2013,8,13,0
2013-08-14,2013,8,14,0
2013-08-15,2013,8,15,0
2013-08-16,2013,8,16,0
2013-08-17,2013,8,17,0
2013-08-18,2013,8,18,0
2013-08-19,2013,8,19,0
2013-08-20,2013,8,20,0
2013-08-21,2013,8,21,0
2013-08-22,2013,8,22,0
2013-08-23,2013,8,23,4.2436585
2013-08-24,2013,8,24,0.010015094
2013-08-25,2013,8,25,0
2013-08-26,2013,8,26,0
2013-08-27,2013,8,27,0
2013-08-28,2013,8,28,0
2013-08-29,2013,8,29,0
2013-08-30,2013,8,30,0
2013-08-31,2013,8,31,0
2013-09-01,2013,9,1,4.7918605
2013-09-02,2013,9,2,7.9997036
2013-09-03,2013,9,3,0
2013-09-04,2013,9,4,0.64231584
2013-09-05,2013,9,5,0.084290155
2013-09-06,2013,9,6,30.963839
2013-09-07,2013,9,7,2.8588559
2013-09-08,2013,9,8,0
2013-09-09,2013,9,9,0
2013-09-10,2013,9,10,0
2013-09-11,2013,9,11,5.5544128
2013-09-12,2013,9,12,0.063606258
2013-09-13,2013,9,13,4.4461741
2013-09-14,2013,9,14,6.0349777
2013-09-15,2013,9,15,0.16258983
2013-09-16,2013,9,16,0.12533195
2013-09-17,2013,9,17,0
2013-09-18,2013,9,18,0
2013-09-19,2013,9,19,1.8993746
2013-09-20,2013,9,20,12.150272
2013-09-21,2013,9,21,0.94989709
2013-09-22,2013,9,22,0.0042664085
2013-09-23,2013,9,23,0
2013-09-24,2013,9,24,0
2013-09-25,2013,9,25,0
2013-09-26,2013,9,26,0
2013-09-27,2013,9,27,0.025057121
2013-09-28,2013,9,28,0
2013-09-29,2013,9,29,0
2013-09-30,2013,9,30,0
2013-10-01,2013,10,1,0
2013-10-02,2013,10,2,1.1577322
2013-10-03,2013,10,3,0
2013-10-04,2013,10,4,0
2013-10-05,2013,10,5,0
2013-10-06,2013,10,6,0
2013-10-07,2013,10,7,0
2013-10-08,2013,10,8,0
2013-10-09,2013,10,9,0
2013-10-10,2013,10,10,0
2013-10-11,2013,10,11,0
2013-10-12,2013,10,12,0
2013-10-13,2013,10,13,0
2013-10-14,2013,10,14,0
2013-10-15,2013,10,15,0
2013-10-16,2013,10,16,0
2013-10-17,2013,10,17,0
2013-10-18,2013,10,18,0
2013-10-19,2013,10,19,0.33579295
2013-10-20,2013,10,20,2.1616155
2013-10-21,2013,10,21,0
2013-10-22,2013,10,22,0.51587251
2013-10-23,2013,10,23,0.12219166
2013-10-24,2013,10,24,0.04943261
2013-10-25,2013,10,25,0
2013-10-26,2013,10,26,0
2013-10-27,2013,10,27,0
2013-10-28,2013,10,28,0
2013-10-29,2013,10,29,0
2013-10-30,2013,10,30,0
2013-10-31,2013,10,31,7.522202
2013-11-01,2013,11,1,0.82524313
2013-11-02,2013,11,2,0
2013-11-03,2013,11,3,0
2013-11-04,2013,11,4,0
2013-11-05,2013,11,5,0
2013-11-06,2013,11,6,2.7931835
2013-11-07,2013,11,7,0
2013-11-08,2013,11,8,0
2013-11-09,2013,11,9,2.2423023
2013-11-10,2013,11,10,2.0876724
2013-11-11,2013,11,11,0
2013-11-12,2013,11,12,0
2013-11-13,2013,11,13,0
2013-11-14,2013,11,14,0
2013-11-15,2013,11,15,0
2013-11-16,2013,11,16,0
2013-11-17,2013,11,17,0
2013-11-18,2013,11,18,0
2013-11-19,2013,11,19,0
2013-11-20,2013,11,20,0
2013-11-21,2013,11,21,0
2013-11-22,2013,11,22,0
2013-11-23,2013,11,23,0
2013-11-24,2013,11,24,0.28756841
2013-11-25,2013,11,25,0.28683946
2013-11-26,2013,11,26,0.8067758
2013-11-27,2013,11,27,0
2013-11-28,2013,11,28,0
2013-11-29,2013,11,29,0
2013-11-30,2013,11,30,2.3071904e-05
2013-12-01,2013,12,1,0
2013-12-02,2013,12,2,0
2013-12-03,2013,12,3,0
2013-12-04,2013,12,4,0
2013-12-05,2013,12,5,0
2013-12-06,2013,12,6,0
2013-12-07,2013,12,7,0.00082742062
2013-12-08,2013,12,8,2.4239944
2013-12-09,2013,12,9,0.038919251
2013-12-10,2013,12,10,0
2013-12-11,2013,12,11,0
2013-12-12,2013,12,12,0.0011733275
2013-12-13,2013,12,13,0.00015660209
2013-12-14,2013,12,14,0.0017271991
2013-12-15,2013,12,15,0.011239645
2013-12-16,2013,12,16,0.89442104
2013-12-17,2013,12,17,0.0721365
2013-12-18,2013,12,18,1.6127836
2013-12-19,2013,12,19,0.067088041
2013-12-20,2013,12,20,0.020760958
2013-12-21,2013,12,21,0.066680091
2013-12-22,2013,12,22,0.033478013
2013-12-23,2013,12,23,0
2013-12-24,2013,12,24,0
2013-12-25,2013,12,25,0
2013-12-26,2013,12,26,0
2013-12-27,2013,12,27,0
2013-12-28,2013,12,28,0
2013-12-29,2013,12,29,0
2013-12-30,2013,12,30,0
2013-12-31,2013,12,31,0.0073276537
2014-01-01,2014,1,1,0
2014-01-02,2014,1,2,0.0059629589
2014-01-03,2014,1,3,0
2014-01-04,2014,1,4,0
2014-01-05,2014,1,5,0
2014-01-06,2014,1,6,0
2014-01-07,2014,1,7,0
2014-01-08,2014,1,8,0
2014-01-09,2014,1,9,0
2014-01-10,2014,1,10,0
2014-01-11,2014,1,11,0.00013720116
2014-01-12,2014,1,12,0.0027220531
2014-01-13,2014,1,13,0.0010646966
2014-01-14,2014,1,14,0.17927322
2014-01-15,2014,1,15,0.11373553
2014-01-16,2014,1,16,0.0078685534
2014-01-17,2014,1,17,7.6870597
2014-01-18,2014,1,18,11.26958
2014-01-19,2014,1,19,0.73371945
2014-01-20,2014,1,20,0
2014-01-21,2014,1,21,0
2014-01-22,2014,1,22,0
2014-01-23,2014,1,23,0
2014-01-24,2014,1,24,0
2014-01-25,2014,1,25,0
2014-01-26,2014,1,26,0.011513749
2014-01-27,2014,1,27,0.017779887
2014-01-28,2014,1,28,0.0063779166
2014-01-29,2014,1,29,0
2014-01-30,2014,1,30,0
2014-01-31,2014,1,31,0.09671483
2014-02-01,2014,2,1,0.0010796003
2014-02-02,2014,2,2,0
2014-02-03,2014,2,3,0
2014-02-04,2014,2,4,0
2014-02-05,2014,2,5,0
2014-02-06,2014,2,6,0
2014-02-07,2014,2,7,0
2014-02-08,2014,2,8,0
2014-02-09,2014,2,9,0
2014-02-10,2014,2,10,0
2014-02-11,2014,2,11,0
2014-02-12,2014,2,12,0
2014-02-13,2014,2,13,0.087779385
2014-02-14,2014,2,14,0.39641633
2014-02-15,2014,2,15,22.91957
2014-02-16,2014,2,16,1.2183758
2014-02-17,2014,2,17,3.8035764e-06
2014-02-18,2014,2,18,0
2014-02-19,2014,2,19,0
2014-02-20,2014,2,20,0
2014-02-21,2014,2,21,0.0083066335
2014-02-22,2014,2,22,0
2014-02-23,2014,2,23,0
2014-02-24,2014,2,24,8.5602489
2014-02-25,2014,2,25,4.9318931
2014-02-26,2014,2,26,0.00079664047
2014-02-27,2014,2,27,0
2014-02-28,2014,2,28,0
2014-03-01,2014,3,1,4.780079
2014-03-02,2014,3,2,0.36292472
2014-03-03,2014,3,3,0.0030891023
2014-03-04,2014,3,4,0
2014-03-05,2014,3,5,0
2014-03-06,2014,3,6,0
2014-03-07,2014,3,7,0
2014-03-08,2014,3,8,0
2014-03-09,2014,3,9,0
2014-03-10,2014,3,10,0
2014-03-11,2014,3,11,0
2014-03-12,2014,3,12,0
2014-03-13,2014,3,13,0.011322876
2014-03-14,2014,3,14,0
2014-03-15,2014,3,15,0
2014-03-16,2014,3,16,0
2014-03-17,2014,3,17,0
2014-03-18,2014,3,18,0
2014-03-19,2014,3,19,0
2014-03-20,2014,3,20,0
2014-03-21,2014,3,21,0
2014-03-22,2014,3,22,0
2014-03-23,2014,3,23,0
2014-03-24,2014,3,24,0
2014-03-25,2014,3,25,0
2014-03-26,2014,3,26,0
2014-03-27,2014,3,27,0
2014-03-28,2014,3,28,0
2014-03-29,2014,3,29,0.15501949
2014-03-30,2014,3,30,0.61738856
2014-03-31,2014,3,31,0
2014-04-01,2014,4,1,0.013161344
2014-04-02,2014,4,2,0
2014-04-03,2014,4,3,0
2014-04-04,2014,4,4,0
2014-04-05,2014,4,5,1.1162504e-05
2014-04-06,2014,4,6,4.3539108
2014-04-07,2014,4,7,4.4442099
2014-04-08,2014,4,8,0
2014-04-09,2014,4,9,4.3673984
2014-04-10,2014,4,10,0.022970427
2014-04-11,2014,4,11,0
2014-04-12,2014,4,12,0
2014-04-13,2014,4,13,0
2014-04-14,2014,4,14,0
2014-04-15,2014,4,15,0
2014-04-16,2014,4,16,0
2014-04-17,2014,4,17,0
2014-04-18,2014,4,18,0
2014-04-19,2014,4,19,0
2014-04-20,2014,4,20,0
2014-04-21,2014,4,21,0
2014-04-22,2014,4,22,0
2014-04-23,2014,4,23,0
2014-04-24,2014,4,24,0
2014-04-25,2014,4,25,0
2014-04-26,2014,4,26,0
2014-04-27,2014,4,27,0
2014-04-28,2014,4,28,0
2014-04-29,2014,4,29,0
2014-04-30,2014,4,30,12.439888
2014-05-01,2014,5,1,41.58166
2014-05-02,2014,5,2,43.928979
2014-05-03,2014,5,3,1.9167395
2014-05-04,2014,5,4,0
2014-05-05,2014,5,5,0
2014-05-06,2014,5,6,0
2014-05-07,2014,5,7,0
2014-05-08,2014,5,8,0
2014-05-09,2014,5,9,0
2014-05-10,2014,5,10,0
2014-05-11,2014,5,11,0
2014-05-12,2014,5,12,0
2014-05-13,2014,5,13,0
2014-05-14,2014,5,14,0
2014-05-15,2014,5,15,0.00024195767
2014-05-16,2014,5,16,0
2014-05-17,2014,5,17,0
2014-05-18,2014,5,18,0
2014-05-19,2014,5,19,0
2014-05-20,2014,5,20,11.853109
2014-05-21,2014,5,21,0.25084986
2014-05-22,2014,5,22,0.094089025
2014-05-23,2014,5,23,0
2014-05-24,2014,5,24,0
2014-05-25,2014,5,25,0
2014-05-26,2014,5,26,0
2014-05-27,2014,5,27,0
2014-05-28,2014,5,28,0.60251231
2014-05-29,2014,5,29,0.152979
2014-05-30,2014,5,30,0.0046527471
2014-05-31,2014,5,31,0
2014-06-01,2014,6,1,0
2014-06-02,2014,6,2,0
2014-06-03,2014,6,3,31.468696
2014-06-04,2014,6,4,3.8960971
2014-06-05,2014,6,5,0
2014-06-06,2014,6,6,20.068024
2014-06-07,2014,6,7,13.875237
2014-06-08,2014,6,8,16.5616
2014-06-09,2014,6,9,0.021321797
2014-06-10,2014,6,10,0
2014-06-11,2014,6,11,21.080212
2014-06-12,2014,6,12,7.8395506
2014-06-13,2014,6,13,0.035193962
2014-06-14,2014,6,14,0
2014-06-15,2014,6,15,0
2014-06-16,2014,6,16,0
2014-06-17,2014,6,17,0
2014-06-18,2014,6,18,0
2014-06-19,2014,6,19,0
2014-06-20,2014,6,20,0
2014-06-21,2014,6,21,0
2014-06-22,2014,6,22,0
2014-06-23,2014,6,23,0
2014-06-24,2014,6,24,0
2014-06-25,2014,6,25,0.049087243
2014-06-26,2014,6,26,0.063975689
2014-06-27,2014,6,27,0.000165412
2014-06-28,2014,6,28,0
2014-06-29,2014,6,29,0
2014-06-30,2014,6,30,0
2014-07-01,2014,7,1,0.24815961
2014-07-02,2014,7,2,2.0156125
2014-07-03,2014,7,3,0
2014-07-04,2014,7,4,7.0713697
2014-07-05,2014,7,5,0.16248293
2014-07-06,2014,7,6,0
2014-07-07,2014,7,7,0
2014-07-08,2014,7,8,0
2014-07-09,2014,7,9,0
2014-07-10,2014,7,10,0
2014-07-11,2014,7,11,0
2014-07-12,2014,7,12,0
2014-07-13,2014,7,13,0
2014-07-14,2014,7,14,17.181546
2014-07-15,2014,7,15,8.9433312
2014-07-16,2014,7,16,0.011120077
2014-07-17,2014,7,17,0
2014-07-18,2014,7,18,0
2014-07-19,2014,7,19,0
2014-07-20,2014,7,20,0
2014-07-21,2014,7,21,0.38006294
2014-07-22,2014,7,22,0.97007558
2014-07-23,2014,7,23,0.29133842
2014-07-24,2014,7,24,0
2014-07-25,2014,7,25,0
2014-07-26,2014,7,26,1.8496962
2014-07-27,2014,7,27,2.1506465
2014-07-28,2014,7,28,14.667445
2014-07-29,2014,7,29,0.15107279
2014-07-30,2014,7,30,16.029448
2014-07-31,2014,7,31,22.260687
2014-08-01,2014,8,1,0.096887657
2014-08-02,2014,8,2,2.5280219
2014-08-03,2014,8,3,0.70087995
2014-08-04,2014,8,4,0
2014-08-05,2014,8,5,2.5748359
2014-08-06,2014,8,6,4.2945882
2014-08-07,2014,8,7,0
2014-08-08,2014,8,8,0
2014-08-09,2014,8,9,0
2014-08-10,2014,8,10,0
2014-08-11,2014,8,11,0
2014-08-12,2014,8,12,0
2014-08-13,2014,8,13,0
2014-08-14,2014,8,14,0
2014-08-15,2014,8,15,0
2014-08-16,2014,8,16,0
2014-08-17,2014,8,17,0
2014-08-18,2014,8,18,0
2014-08-19,2014,8,19,0
2014-08-20,2014,8,20,0
2014-08-21,2014,8,21,0
2014-08-22,2014,8,22,7.1491486
2014-08-23,2014,8,23,23.916048
2014-08-24,2014,8,24,1.9550181
2014-08-25,2014,8,25,0
2014-08-26,2014,8,26,0
2014-08-27,2014,8,27,0
2014-08-28,2014,8,28,0
2014-08-29,2014,8,29,2.9676854
2014-08-30,2014,8,30,2.3665597
2014-08-31,2014,8,31,2.9767223
2014-09-01,2014,9,1,18.048107
2014-09-02,2014,9,2,24.984953
2014-09-03,2014,9,3,11.349367
2014-09-04,2014,9,4,4.8185419
2014-09-05,2014,9,5,9.7330358
2014-09-06,2014,9,6,1.0245086
2014-09-07,2014,9,7,0
2014-09-08,2014,9,8,0.29450345
2014-09-09,2014,9,9,4.1392782
2014-09-10,2014,9,10,0
2014-09-11,2014,9,11,0
2014-09-12,2014,9,12,0.059160101
2014-09-13,2014,9,13,1.1293491
2014-09-14,2014,9,14,0.0022220726
2014-09-15,2014,9,15,0
2014-09-16,2014,9,16,0
2014-09-17,2014,9,17,0
2014-09-18,2014,9,18,0
2014-09-19,2014,9,19,0
2014-09-20,2014,9,20,0
2014-09-21,2014,9,21,0.062624743
2014-09-22,2014,9,22,12.138976
2014-09-23,2014,9,23,2.2120783
2014-09-24,2014,9,24,15.616397
2014-09-25,2014,9,25,3.6754833
2014-09-26,2014,9,26,0.20161826
2014-09-27,2014,9,27,4.6029057
2014-09-28,2014,9,28,0.0010092549
2014-09-29,2014,9,29,0.43714523
2014-09-30,2014,9,30,0
2014-10-01,2014,10,1,0
2014-10-02,2014,10,2,0
2014-10-03,2014,10,3,5.8382873
2014-10-04,2014,10,4,1.1543184
2014-10-05,2014,10,5,0
2014-10-06,2014,10,6,0
2014-10-07,2014,10,7,0
2014-10-08,2014,10,8,0.30240382
2014-10-09,2014,10,9,0
2014-10-10,2014,10,10,0
2014-10-11,2014,10,11,0
2014-10-12,2014,10,12,0
2014-10-13,2014,10,13,0
2014-10-14,2014,10,14,0
2014-10-15,2014,10,15,0
2014-10-16,2014,10,16,0
2014-10-17,2014,10,17,0
2014-10-18,2014,10,18,2.6572234
2014-10-19,2014,10,19,0
2014-10-20,2014,10,20,0
2014-10-21,2014,10,21,0
2014-10-22,2014,10,22,0
2014-10-23,2014,10,23,0
2014-10-24,2014,10,24,0
2014-10-25,2014,10,25,0
2014-10-26,2014,10,26,3.8856063
2014-10-27,2014,10,27,0
2014-10-28,2014,10,28,1.9632481
2014-10-29,2014,10,29,0.59437176
2014-10-30,2014,10,30,0
2014-10-31,2014,10,31,0
2014-11-01,2014,11,1,0
2014-11-02,2014,11,2,0
2014-11-03,2014,11,3,0
2014-11-04,2014,11,4,0
2014-11-05,2014,11,5,0
2014-11-06,2014,11,6,0
2014-11-07,2014,11,7,0
2014-11-08,2014,11,8,0
2014-11-09,2014,11,9,0
2014-11-10,2014,11,10,0
2014-11-11,2014,11,11,0
2014-11-12,2014,11,12,0
2014-11-13,2014,11,13,0
2014-11-14,2014,11,14,0
2014-11-15,2014,11,15,0
2014-11-16,2014,11,16,0
2014-11-17,2014,11,17,0
2014-11-18,2014,11,18,0.76852998
2014-11-19,2014,11,19,0.059833704
2014-11-20,2014,11,20,0.0078841527
2014-11-21,2014,11,21,0
2014-11-22,2014,11,22,0
2014-11-23,2014,11,23,0
2014-11-24,2014,11,24,0.091274305
2014-11-25,2014,11,25,0.002644944
2014-11-26,2014,11,26,0
2014-11-27,2014,11,27,0
2014-11-28,2014,11,28,0
2014-11-29,2014,11,29,16.420982
2014-11-30,2014,11,30,3.219816
2014-12-01,2014,12,1,0.026641251
2014-12-02,2014,12,2,0
2014-12-03,2014,12,3,0
2014-12-04,2014,12,4,0
2014-12-05,2014,12,5,0
2014-12-06,2014,12,6,0.0051522041
2014-12-07,2014,12,7,0
2014-12-08,2014,12,8,0
2014-12-09,2014,12,9,0
2014-12-10,2014,12,10,0.63689601
2014-12-11,2014,12,11,0.0038590577
2014-12-12,2014,12,12,0
2014-12-13,2014,12,13,0
2014-12-14,2014,12,14,0.061495985
2014-12-15,2014,12,15,0.02154693
2014-12-16,2014,12,16,0.00057603625
2014-12-17,2014,12,17,0.00036756043
2014-12-18,2014,12,18,0
2014-12-19,2014,12,19,0
2014-12-20,2014,12,20,9.4904009
2014-12-21,2014,12,21,5.0949048
2014-12-22,2014,12,22,0.055868565
2014-12-23,2014,12,23,0
2014-12-24,2014,12,24,8.7058945e-05
2014-12-25,2014,12,25,0.00022241631
2014-12-26,2014,12,26,0.0018072892
2014-12-27,2014,12,27,0.046254603
2014-12-28,2014,12,28,0
2014-12-29,2014,12,29,0
2014-12-30,2014,12,30,0.069733995
2014-12-31,2014,12,31,0.065063928
2015-01-01,2015,1,1,0.0051077328
2015-01-02,2015,1,2,0
2015-01-03,2015,1,3,0
2015-01-04,2015,1,4,0
2015-01-05,2015,1,5,0
2015-01-06,2015,1,6,0
2015-01-07,2015,1,7,1.0545986
2015-01-08,2015,1,8,0.022058735
2015-01-09,2015,1,9,0
2015-01-10,2015,1,10,0
2015-01-11,2015,1,11,0
2015-01-12,2015,1,12,0
2015-01-13,2015,1,13,0
2015-01-14,2015,1,14,0
2015-01-15,2015,1,15,0
2015-01-16,2015,1,16,0.00074009722
2015-01-17,2015,1,17,0
2015-01-18,2015,1,18,0
2015-01-19,2015,1,19,0
2015-01-20,2015,1,20,0
2015-01-21,2015,1,21,0
2015-01-22,2015,1,22,0
2015-01-23,2015,1,23,0
2015-01-24,2015,1,24,0
2015-01-25,2015,1,25,0
2015-01-26,2015,1,26,0
2015-01-27,2015,1,27,0
2015-01-28,2015,1,28,0
2015-01-29,2015,1,29,0
2015-01-30,2015,1,30,0
2015-01-31,2015,1,31,0
2015-02-01,2015,2,1,0
2015-02-02,2015,2,2,0
2015-02-03,2015,2,3,0
2015-02-04,2015,2,4,0
2015-02-05,2015,2,5,0
2015-02-06,2015,2,6,0
2015-02-07,2015,2,7,0
2015-02-08,2015,2,8,0
2015-02-09,2015,2,9,0.0058710437
2015-02-10,2015,2,10,0.004318519
2015-02-11,2015,2,11,0
2015-02-12,2015,2,12,0
2015-02-13,2015,2,13,0
2015-02-14,2015,2,14,0
2015-02-15,2015,2,15,0
2015-02-16,2015,2,16,0
2015-02-17,2015,2,17,0
2015-02-18,2015,2,18,0.19831554
2015-02-19,2015,2,19,0.23743037
2015-02-20,2015,2,20,2.4588435
2015-02-21,2015,2,21,0.012406762
2015-02-22,2015,2,22,0
2015-02-23,2015,2,23,0
2015-02-24,2015,2,24,0.018618575
2015-02-25,2015,2,25,0.075975976
2015-02-26,2015,2,26,0.00041459614
2015-02-27,2015,2,27,2.3840236
2015-02-28,2015,2,28,2.4247657
2015-03-01,2015,3,1,0
2015-03-02,2015,3,2,0
2015-03-03,2015,3,3,0
2015-03-04,2015,3,4,0
2015-03-05,2015,3,5,0
2015-03-06,2015,3,6,0
2015-03-07,2015,3,7,0
2015-03-08,2015,3,8,0
2015-03-09,2015,3,9,0
2015-03-10,2015,3,10,0
2015-03-11,2015,3,11,0
2015-03-12,2015,3,12,0
2015-03-13,2015,3,13,0
2015-03-14,2015,3,14,0
2015-03-15,2015,3,15,0
2015-03-16,2015,3,16,0
2015-03-17,2015,3,17,0
2015-03-18,2015,3,18,0
2015-03-19,2015,3,19,0
2015-03-20,2015,3,20,0
2015-03-21,2015,3,21,0
2015-03-22,2015,3,22,0
2015-03-23,2015,3,23,0
2015-03-24,2015,3,24,1.1406663
2015-03-25,2015,3,25,8.2649283
2015-03-26,2015,3,26,0.92217283
2015-03-27,2015,3,27,0.0020062829
2015-03-28,2015,3,28,0.00012920267
2015-03-29,2015,3,29,0
2015-03-30,2015,3,30,0
2015-03-31,2015,3,31,0.0091201713
2015-04-01,2015,4,1,0
2015-04-02,2015,4,2,0
2015-04-03,2015,4,3,0
2015-04-04,2015,4,4,0
2015-04-05,2015,4,5,0
2015-04-06,2015,4,6,0
2015-04-07,2015,4,7,0
2015-04-08,2015,4,8,0
2015-04-09,2015,4,9,0
2015-04-10,2015,4,10,0
2015-04-11,2015,4,11,0
2015-04-12,2015,4,12,0
2015-04-13,2015,4,13,0
2015-04-14,2015,4,14,0
2015-04-15,2015,4,15,0.72807318
2015-04-16,2015,4,16,0.33487178
2015-04-17,2015,4,17,0
2015-04-18,2015,4,18,0
2015-04-19,2015,4,19,0
2015-04-20,2015,4,20,0
2015-04-21,2015,4,21,0
2015-04-22,2015,4,22,0
2015-04-23,2015,4,23,0
2015-04-24,2015,4,24,0.00087249736
2015-04-25,2015,4,25,0
2015-04-26,2015,4,26,0
2015-04-27,2015,4,27,0
2015-04-28,2015,4,28,0
2015-04-29,2015,4,29,0
2015-04-30,2015,4,30,0
2015-05-01,2015,5,1,5.5415878
2015-05-02,2015,5,2,1.1116781
2015-05-03,2015,5,3,0
2015-05-04,2015,5,4,0
2015-05-05,2015,5,5,0
2015-05-06,2015,5,6,0
2015-05-07,2015,5,7,0
2015-05-08,2015,5,8,0
2015-05-09,2015,5,9,0.0045455331
2015-05-10,2015,5,10,0
2015-05-11,2015,5,11,0
2015-05-12,2015,5,12,0
2015-05-13,2015,5,13,0
2015-05-14,2015,5,14,0
2015-05-15,2015,5,15,0
2015-05-16,2015,5,16,0
2015-05-17,2015,5,17,0
2015-05-18,2015,5,18,0
2015-05-19,2015,5,19,0
2015-05-20,2015,5,20,0
2015-05-21,2015,5,21,0
2015-05-22,2015,5,22,0
2015-05-23,2015,5,23,0
2015-05-24,2015,5,24,0
2015-05-25,2015,5,25,0
2015-05-26,2015,5,26,0.0020180879
2015-05-27,2015,5,27,0
2015-05-28,2015,5,28,0.0003522379
2015-05-29,2015,5,29,0
2015-05-30,2015,5,30,0
2015-05-31,2015,5,31,0.0081733256
2015-06-01,2015,6,1,0
2015-06-02,2015,6,2,0
2015-06-03,2015,6,3,0
2015-06-04,2015,6,4,0
2015-06-05,2015,6,5,0
2015-06-06,2015,6,6,0
2015-06-07,2015,6,7,0
2015-06-08,2015,6,8,0.024912787
2015-06-09,2015,6,9,4.802313
2015-06-10,2015,6,10,4.6430892
2015-06-11,2015,6,11,0.020761322
2015-06-12,2015,6,12,0
2015-06-13,2015,6,13,0.083662443
2015-06-14,2015,6,14,8.6031218e-05
2015-06-15,2015,6,15,0
2015-06-16,2015,6,16,0
2015-06-17,2015,6,17,0
2015-06-18,2015,6,18,0
2015-06-19,2015,6,19,0
2015-06-20,2015,6,20,0
2015-06-21,2015,6,21,0
2015-06-22,2015,6,22,0
2015-06-23,2015,6,23,0
2015-06-24,2015,6,24,0
2015-06-25,2015,6,25,0
2015-06-26,2015,6,26,0
2015-06-27,2015,6,27,0
2015-06-28,2015,6,28,0
2015-06-29,2015,6,29,0
2015-06-30,2015,6,30,0
2015-07-01,2015,7,1,0
2015-07-02,2015,7,2,0
2015-07-03,2015,7,3,0
2015-07-04,2015,7,4,0
2015-07-05,2015,7,5,3.357938
2015-07-06,2015,7,6,0.026151825
2015-07-07,2015,7,7,0
2015-07-08,2015,7,8,6.487874
2015-07-09,2015,7,9,14.085519
2015-07-10,2015,7,10,30.847124
2015-07-11,2015,7,11,69.319083
2015-07-12,2015,7,12,42.859811
2015-07-13,2015,7,13,2.5954809
2015-07-14,2015,7,14,0.052966373
2015-07-15,2015,7,15,0.3397239
2015-07-16,2015,7,16,0.022041376
2015-07-17,2015,7,17,0
2015-07-18,2015,7,18,0.019372418
2015-07-19,2015,7,19,0.59920514
2015-07-20,2015,7,20,0
2015-07-21,2015,7,21,0
2015-07-22,2015,7,22,0
2015-07-23,2015,7,23,0
2015-07-24,2015,7,24,0
2015-07-25,2015,7,25,0
2015-07-26,2015,7,26,0
2015-07-27,2015,7,27,5.8163828
2015-07-28,2015,7,28,5.0333487
2015-07-29,2015,7,29,0.015342973
2015-07-30,2015,7,30,9.0466825
2015-07-31,2015,7,31,5.1258769
2015-08-01,2015,8,1,21.669892
2015-08-02,2015,8,2,13.928836
2015-08-03,2015,8,3,0.013808733
2015-08-04,2015,8,4,0
2015-08-05,2015,8,5,63.390506
2015-08-06,2015,8,6,76.552592
2015-08-07,2015,8,7,15.193111
2015-08-08,2015,8,8,10.554373
2015-08-09,2015,8,9,6.8833568
2015-08-10,2015,8,10,1.2558869
2015-08-11,2015,8,11,0.0013753709
2015-08-12,2015,8,12,0.32473875
2015-08-13,2015,8,13,0
2015-08-14,2015,8,14,0
2015-08-15,2015,8,15,0
2015-08-16,2015,8,16,0
2015-08-17,2015,8,17,0
2015-08-18,2015,8,18,0
2015-08-19,2015,8,19,0
2015-08-20,2015,8,20,0
2015-08-21,2015,8,21,11.816011
2015-08-22,2015,8,22,0.032861865
2015-08-23,2015,8,23,0
2015-08-24,2015,8,24,0
2015-08-25,2015,8,25,18.62775
2015-08-26,2015,8,26,0.24064553
2015-08-27,2015,8,27,0
2015-08-28,2015,8,28,0
2015-08-29,2015,8,29,0
2015-08-30,2015,8,30,0
2015-08-31,2015,8,31,0
2015-09-01,2015,9,1,0
2015-09-02,2015,9,2,0
2015-09-03,2015,9,3,0
2015-09-04,2015,9,4,0
2015-09-05,2015,9,5,0
2015-09-06,2015,9,6,9.2725438
2015-09-07,2015,9,7,20.48941
2015-09-08,2015,9,8,10.241317
2015-09-09,2015,9,9,36.753994
2015-09-10,2015,9,10,7.1591141
2015-09-11,2015,9,11,0.0050447505
2015-09-12,2015,9,12,0
2015-09-13,2015,9,13,0
2015-09-14,2015,9,14,0.17797111
2015-09-15,2015,9,15,1.3232417
2015-09-16,2015,9,16,5.1314893
2015-09-17,2015,9,17,1.3249051
2015-09-18,2015,9,18,0
2015-09-19,2015,9,19,0
2015-09-20,2015,9,20,0.80070446
2015-09-21,2015,9,21,0.322455
2015-09-22,2015,9,22,1.4180396
2015-09-23,2015,9,23,0.75399183
2015-09-24,2015,9,24,7.1953391
2015-09-25,2015,9,25,0.0067718016
2015-09-26,2015,9,26,0
2015-09-27,2015,9,27,3.9967615
2015-09-28,2015,9,28,0
2015-09-29,2015,9,29,0
2015-09-30,2015,9,30,0.011712058
2015-10-01,2015,10,1,9.3897494
2015-10-02,2015,10,2,0
2015-10-03,2015,10,3,4.0690804
2015-10-04,2015,10,4,18.173766
2015-10-05,2015,10,5,15.295511
2015-10-06,2015,10,6,13.810645
2015-10-07,2015,10,7,3.3950678
2015-10-08,2015,10,8,0.42810398
2015-10-09,2015,10,9,0
2015-10-10,2015,10,10,0
2015-10-11,2015,10,11,0
2015-10-12,2015,10,12,1.5812725
2015-10-13,2015,10,13,24.054312
2015-10-14,2015,10,14,17.300977
2015-10-15,2015,10,15,0.011279756
2015-10-16,2015,10,16,0.019677541
2015-10-17,2015,10,17,0
2015-10-18,2015,10,18,0.034890044
2015-10-19,2015,10,19,8.796115
2015-10-20,2015,10,20,4.0829016
2015-10-21,2015,10,21,0.015670927
2015-10-22,2015,10,22,0
2015-10-23,2015,10,23,0
2015-10-24,2015,10,24,6.5904293
2015-10-25,2015,10,25,0
2015-10-26,2015,10,26,0
2015-10-27,2015,10,27,0
2015-10-28,2015,10,28,0
2015-10-29,2015,10,29,0
2015-10-30,2015,10,30,0
2015-10-31,2015,10,31,0
2015-11-01,2015,11,1,0
2015-11-02,2015,11,2,0
2015-11-03,2015,11,3,0.15054015
2015-11-04,2015,11,4,0.67782634
2015-11-05,2015,11,5,0
2015-11-06,2015,11,6,0
2015-11-07,2015,11,7,0
2015-11-08,2015,11,8,0
2015-11-09,2015,11,9,0.217216
2015-11-10,2015,11,10,0.38177835
2015-11-11,2015,11,11,5.9493675
2015-11-12,2015,11,12,0
2015-11-13,2015,11,13,0
2015-11-14,2015,11,14,0
2015-11-15,2015,11,15,0
2015-11-16,2015,11,16,0.021689463
2015-11-17,2015,11,17,0.37898585
2015-11-18,2015,11,18,9.9705606
2015-11-19,2015,11,19,0
2015-11-20,2015,11,20,0
2015-11-21,2015,11,21,0
2015-11-22,2015,11,22,0
2015-11-23,2015,11,23,0
2015-11-24,2015,11,24,0
2015-11-25,2015,11,25,0
2015-11-26,2015,11,26,5.5669991
2015-11-27,2015,11,27,0
2015-11-28,2015,11,28,0
2015-11-29,2015,11,29,0
2015-11-30,2015,11,30,0
2015-12-01,2015,12,1,0
2015-12-02,2015,12,2,0.0066353979
2015-12-03,2015,12,3,0
2015-12-04,2015,12,4,0
2015-12-05,2015,12,5,0.0030342919
2015-12-06,2015,12,6,0
2015-12-07,2015,12,7,0
2015-12-08,2015,12,8,0.14107699
2015-12-09,2015,12,9,0.0040078453
2015-12-10,2015,12,10,0
2015-12-11,2015,12,11,0
2015-12-12,2015,12,12,0.083257442
2015-12-13,2015,12,13,0
2015-12-14,2015,12,14,0
2015-12-15,2015,12,15,0
2015-12-16,2015,12,16,0.02898938
2015-12-17,2015,12,17,1.8386373
2015-12-18,2015,12,18,0.0031244947
2015-12-19,2015,12,19,0
2015-12-20,2015,12,20,0
2015-12-21,2015,12,21,0
2015-12-22,2015,12,22,0
2015-12-23,2015,12,23,0
2015-12-24,2015,12,24,0.0010991267
2015-12-25,2015,12,25,0.00088976924
2015-12-26,2015,12,26,0
2015-12-27,2015,12,27,0
2015-12-28,2015,12,28,0.0003140362
2015-12-29,2015,12,29,0
2015-12-30,2015,12,30,0
2015-12-31,2015,12,31,0
2016-01-01,2016,1,1,0
2016-01-02,2016,1,2,0
2016-01-03,2016,1,3,0
2016-01-04,2016,1,4,0.084092119
2016-01-05,2016,1,5,1.0387865
2016-01-06,2016,1,6,0.1218276
2016-01-07,2016,1,7,0.09065179
2016-01-08,2016,1,8,0
2016-01-09,2016,1,9,0
2016-01-10,2016,1,10,0
2016-01-11,2016,1,11,0
2016-01-12,2016,1,12,0.00025011005
2016-01-13,2016,1,13,0
2016-01-14,2016,1,14,0
2016-01-15,2016,1,15,0
2016-01-16,2016,1,16,0
2016-01-17,2016,1,17,0
2016-01-18,2016,1,18,0
2016-01-19,2016,1,19,0
2016-01-20,2016,1,20,0
2016-01-21,2016,1,21,0
2016-01-22,2016,1,22,0
2016-01-23,2016,1,23,8.5819863
2016-01-24,2016,1,24,2.4241283
2016-01-25,2016,1,25,0.016727474
2016-01-26,2016,1,26,0.0020342768
2016-01-27,2016,1,27,0
2016-01-28,2016,1,28,0.064783553
2016-01-29,2016,1,29,0.02969098
2016-01-30,2016,1,30,0.066955264
2016-01-31,2016,1,31,0.015960178
2016-02-01,2016,2,1,0.42727266
2016-02-02,2016,2,2,0.011500702
2016-02-03,2016,2,3,0
2016-02-04,2016,2,4,0
2016-02-05,2016,2,5,0
2016-02-06,2016,2,6,0
2016-02-07,2016,2,7,0
2016-02-08,2016,2,8,0
2016-02-09,2016,2,9,0
2016-02-10,2016,2,10,0
2016-02-11,2016,2,11,0
2016-02-12,2016,2,12,0
2016-02-13,2016,2,13,0
2016-02-14,2016,2,14,0
2016-02-15,2016,2,15,0
2016-02-16,2016,2,16,0
2016-02-17,2016,2,17,0
2016-02-18,2016,2,18,0
2016-02-19,2016,2,19,0
2016-02-20,2016,2,20,0
2016-02-21,2016,2,21,0
2016-02-22,2016,2,22,0
2016-02-23,2016,2,23,0
2016-02-24,2016,2,24,0
2016-02-25,2016,2,25,0
2016-02-26,2016,2,26,0
2016-02-27,2016,2,27,0
2016-02-28,2016,2,28,0
2016-02-29,2016,2,29,0
2016-03-01,2016,3,1,0
2016-03-02,2016,3,2,0
2016-03-03,2016,3,3,0
2016-03-04,2016,3,4,0
2016-03-05,2016,3,5,0
2016-03-06,2016,3,6,0
2016-03-07,2016,3,7,0.18268833
2016-03-08,2016,3,8,0
2016-03-09,2016,3,9,0
2016-03-10,2016,3,10,0
2016-03-11,2016,3,11,0
2016-03-12,2016,3,12,0
2016-03-13,2016,3,13,0
2016-03-14,2016,3,14,0
2016-03-15,2016,3,15,0
2016-03-16,2016,3,16,0
2016-03-17,2016,3,17,0
2016-03-18,2016,3,18,0
2016-03-19,2016,3,19,0
2016-03-20,2016,3,20,0
2016-03-21,2016,3,21,0
2016-03-22,2016,3,22,0
2016-03-23,2016,3,23,0
2016-03-24,2016,3,24,0
2016-03-25,2016,3,25,0
2016-03-26,2016,3,26,0
2016-03-27,2016,3,27,0
2016-03-28,2016,3,28,0
2016-03-29,2016,3,29,0
2016-03-30,2016,3,30,0
2016-03-31,2016,3,31,0
2016-04-01,2016,4,1,0.76633735
2016-04-02,2016,4,2,0
2016-04-03,2016,4,3,0.31466934
2016-04-04,2016,4,4,0
2016-04-05,2016,4,5,5.1094072
2016-04-06,2016,4,6,0.0073496075
2016-04-07,2016,4,7,0.07054334
2016-04-08,2016,4,8,6.8954066e-05
2016-04-09,2016,4,9,0.0015461052
2016-04-10,2016,4,10,0
2016-04-11,2016,4,11,0
2016-04-12,2016,4,12,0
2016-04-13,2016,4,13,8.5606362
2016-04-14,2016,4,14,55.930324
2016-04-15,2016,4,15,74.074979
2016-04-16,2016,4,16,81.856456
2016-04-17,2016,4,17,35.620265
2016-04-18,2016,4,18,15.007709
2016-04-19,2016,4,19,0.0032672729
2016-04-20,2016,4,20,0
2016-04-21,2016,4,21,0
2016-04-22,2016,4,22,22.806328
2016-04-23,2016,4,23,51.304427
2016-04-24,2016,4,24,19.322323
2016-04-25,2016,4,25,0.90843336
2016-04-26,2016,4,26,0
2016-04-27,2016,4,27,0
2016-04-28,2016,4,28,0
2016-04-29,2016,4,29,0
2016-04-30,2016,4,30,0.57712095
2016-05-01,2016,5,1,27.8859
2016-05-02,2016,5,2,6.262384
2016-05-03,2016,5,3,0
2016-05-04,2016,5,4,0
2016-05-05,2016,5,5,1.0345511
2016-05-06,2016,5,6,0.00020163139
2016-05-07,2016,5,7,0
2016-05-08,2016,5,8,0
2016-05-09,2016,5,9,0
2016-05-10,2016,5,10,0
2016-05-11,2016,5,11,3.208598
2016-05-12,2016,5,12,0
2016-05-13,2016,5,13,0.0036917995
2016-05-14,2016,5,14,8.4341902
2016-05-15,2016,5,15,0.0041921294
2016-05-16,2016,5,16,0
2016-05-17,2016,5,17,0
2016-05-18,2016,5,18,13.753658
2016-05-19,2016,5,19,5.1769245
2016-05-20,2016,5,20,2.3943319
2016-05-21,2016,5,21,0.000244409
2016-05-22,2016,5,22,0
2016-05-23,2016,5,23,0
2016-05-24,2016,5,24,0
2016-05-25,2016,5,25,1.7411789e-05
2016-05-26,2016,5,26,0
2016-05-27,2016,5,27,0
2016-05-28,2016,5,28,12.14906
2016-05-29,2016,5,29,22.707579
2016-05-30,2016,5,30,2.7346202
2016-05-31,2016,5,31,2.9492679
2016-06-01,2016,6,1,1.0069108
2016-06-02,2016,6,2,34.884295
2016-06-03,2016,6,3,43.357032
2016-06-04,2016,6,4,3.7097503
2016-06-05,2016,6,5,0.017169675
2016-06-06,2016,6,6,0
2016-06-07,2016,6,7,9.9685265e-05
2016-06-08,2016,6,8,7.7412622e-05
2016-06-09,2016,6,9,0
2016-06-10,2016,6,10,8.5312977e-06
2016-06-11,2016,6,11,0.00015405544
2016-06-12,2016,6,12,4.9385809
2016-06-13,2016,6,13,12.440926
2016-06-14,2016,6,14,3.0928899
2016-06-15,2016,6,15,0.025167876
2016-06-16,2016,6,16,0
2016-06-17,2016,6,17,0
2016-06-18,2016,6,18,0
2016-06-19,2016,6,19,0
2016-06-20,2016,6,20,0
2016-06-21,2016,6,21,0
2016-06-22,2016,6,22,0
2016-06-23,2016,6,23,0
2016-06-24,2016,6,24,0.0055479484
2016-06-25,2016,6,25,0
2016-06-26,2016,6,26,0
2016-06-27,2016,6,27,0
2016-06-28,2016,6,28,0
2016-06-29,2016,6,29,0
2016-06-30,2016,6,30,0.0047808152
2016-07-01,2016,7,1,0
2016-07-02,2016,7,2,5.7136344
2016-07-03,2016,7,3,2.7777312
2016-07-04,2016,7,4,0.034924775
2016-07-05,2016,7,5,0.0036843904
2016-07-06,2016,7,6,0
2016-07-07,2016,7,7,0
2016-07-08,2016,7,8,0
2016-07-09,2016,7,9,0.022907691
2016-07-10,2016,7,10,31.816288
2016-07-11,2016,7,11,11.908767
2016-07-12,2016,7,12,13.495189
2016-07-13,2016,7,13,35.836487
2016-07-14,2016,7,14,2.2748952
2016-07-15,2016,7,15,0.014602002
2016-07-16,2016,7,16,0
2016-07-17,2016,7,17,0
2016-07-18,2016,7,18,0
2016-07-19,2016,7,19,0
2016-07-20,2016,7,20,0
2016-07-21,2016,7,21,0
2016-07-22,2016,7,22,7.1663269
2016-07-23,2016,7,23,6.0966347
2016-07-24,2016,7,24,33.387517
2016-07-25,2016,7,25,10.554039
2016-07-26,2016,7,26,0
2016-07-27,2016,7,27,0
2016-07-28,2016,7,28,0
2016-07-29,2016,7,29,0
2016-07-30,2016,7,30,3.7281289
2016-07-31,2016,7,31,1.8148412
2016-08-01,2016,8,1,0.0012166742
2016-08-02,2016,8,2,0
2016-08-03,2016,8,3,0
2016-08-04,2016,8,4,0
2016-08-05,2016,8,5,0
2016-08-06,2016,8,6,0
2016-08-07,2016,8,7,0
2016-08-08,2016,8,8,0
2016-08-09,2016,8,9,0
2016-08-10,2016,8,10,0
2016-08-11,2016,8,11,0
2016-08-12,2016,8,12,0
2016-08-13,2016,8,13,0
2016-08-14,2016,8,14,16.029387
2016-08-15,2016,8,15,2.5179105
2016-08-16,2016,8,16,4.1123436
2016-08-17,2016,8,17,0.11651121
2016-08-18,2016,8,18,0.006775652
2016-08-19,2016,8,19,0.48050127
2016-08-20,2016,8,20,0
2016-08-21,2016,8,21,0
2016-08-22,2016,8,22,0
2016-08-23,2016,8,23,0
2016-08-24,2016,8,24,0
2016-08-25,2016,8,25,0
2016-08-26,2016,8,26,0
2016-08-27,2016,8,27,3.9228201
2016-08-28,2016,8,28,0.015991039
2016-08-29,2016,8,29,0
2016-08-30,2016,8,30,1.6506214
2016-08-31,2016,8,31,22.875454
2016-09-01,2016,9,1,2.712901
2016-09-02,2016,9,2,0.0030933081
2016-09-03,2016,9,3,0.0088783131
2016-09-04,2016,9,4,0
2016-09-05,2016,9,5,0
2016-09-06,2016,9,6,0
2016-09-07,2016,9,7,0
2016-09-08,2016,9,8,0
2016-09-09,2016,9,9,0
2016-09-10,2016,9,10,0
2016-09-11,2016,9,11,0.00022604162
2016-09-12,2016,9,12,0
2016-09-13,2016,9,13,0
2016-09-14,2016,9,14,0
2016-09-15,2016,9,15,0
2016-09-16,2016,9,16,0
2016-09-17,2016,9,17,0
2016-09-18,2016,9,18,0
2016-09-19,2016,9,19,0
2016-09-20,2016,9,20,0
2016-09-21,2016,9,21,0
2016-09-22,2016,9,22,4.4743455e-05
2016-09-23,2016,9,23,0
2016-09-24,2016,9,24,0
2016-09-25,2016,9,25,0
2016-09-26,2016,9,26,0
2016-09-27,2016,9,27,0
2016-09-28,2016,9,28,0
2016-09-29,2016,9,29,0.21272085
2016-09-30,2016,9,30,0
2016-10-01,2016,10,1,0
2016-10-02,2016,10,2,0
2016-10-03,2016,10,3,3.0336662
2016-10-04,2016,10,4,0
2016-10-05,2016,10,5,0
2016-10-06,2016,10,6,1.8149539
2016-10-07,2016,10,7,0
2016-10-08,2016,10,8,0
2016-10-09,2016,10,9,0
2016-10-10,2016,10,10,0
2016-10-11,2016,10,11,8.4477708e-08
2016-10-12,2016,10,12,5.2732234
2016-10-13,2016,10,13,0
2016-10-14,2016,10,14,0.017570606
2016-10-15,2016,10,15,26.811025
2016-10-16,2016,10,16,9.9271192
2016-10-17,2016,10,17,3.0615887
2016-10-18,2016,10,18,0.41042648
2016-10-19,2016,10,19,0
2016-10-20,2016,10,20,0
2016-10-21,2016,10,21,0
2016-10-22,2016,10,22,0
2016-10-23,2016,10,23,3.709403
2016-10-24,2016,10,24,0.015426473
2016-10-25,2016,10,25,0
2016-10-26,2016,10,26,0
2016-10-27,2016,10,27,0
2016-10-28,2016,10,28,0
2016-10-29,2016,10,29,0
2016-10-30,2016,10,30,4.7650783
2016-10-31,2016,10,31,5.8728848
2016-11-01,2016,11,1,0
2016-11-02,2016,11,2,0
2016-11-03,2016,11,3,0
2016-11-04,2016,11,4,0
2016-11-05,2016,11,5,0
2016-11-06,2016,11,6,0
2016-11-07,2016,11,7,0
2016-11-08,2016,11,8,0
2016-11-09,2016,11,9,0
2016-11-10,2016,11,10,0
2016-11-11,2016,11,11,0
2016-11-12,2016,11,12,0
2016-11-13,2016,11,13,0
2016-11-14,2016,11,14,0
2016-11-15,2016,11,15,0
2016-11-16,2016,11,16,0
2016-11-17,2016,11,17,0
2016-11-18,2016,11,18,0
2016-11-19,2016,11,19,0
2016-11-20,2016,11,20,1.5098069
2016-11-21,2016,11,21,0.13661336
2016-11-22,2016,11,22,0.0044801303
2016-11-23,2016,11,23,1.9733962
2016-11-24,2016,11,24,0
2016-11-25,2016,11,25,4.6499398
2016-11-26,2016,11,26,0.015659471
2016-11-27,2016,11,27,0.19267464
2016-11-28,2016,11,28,0
2016-11-29,2016,11,29,0
2016-11-30,2016,11,30,0
2016-12-01,2016,12,1,0
2016-12-02,2016,12,2,0.00015428603
2016-12-03,2016,12,3,0
2016-12-04,2016,12,4,0.031918251
2016-12-05,2016,12,5,0
2016-12-06,2016,12,6,0
2016-12-07,2016,12,7,0.0043337237
2016-12-08,2016,12,8,10.181256
2016-12-09,2016,12,9,3.7767987
2016-12-10,2016,12,10,0.045054116
2016-12-11,2016,12,11,0
2016-12-12,2016,12,12,0
2016-12-13,2016,12,13,0.00025714338
2016-12-14,2016,12,14,0.0013371456
2016-12-15,2016,12,15,0.001594289
2016-12-16,2016,12,16,0
2016-12-17,2016,12,17,0
2016-12-18,2016,12,18,0
2016-12-19,2016,12,19,0
2016-12-20,2016,12,20,0
2016-12-21,2016,12,21,0
2016-12-22,2016,12,22,0.087834971
2016-12-23,2016,12,23,0
2016-12-24,2016,12,24,0
2016-12-25,2016,12,25,9.4505361
2016-12-26,2016,12,26,6.8474276
2016-12-27,2016,12,27,0.1845531
2016-12-28,2016,12,28,0.0052433859
2016-12-29,2016,12,29,0
2016-12-30,2016,12,30,0
2016-12-31,2016,12,31,0
2017-01-01,2017,1,1,0
2017-01-02,2017,1,2,0
2017-01-03,2017,1,3,0
2017-01-04,2017,1,4,0
2017-01-05,2017,1,5,0
2017-01-06,2017,1,6,0
2017-01-07,2017,1,7,0
2017-01-08,2017,1,8,0
2017-01-09,2017,1,9,0
2017-01-10,2017,1,10,0.26375511
2017-01-11,2017,1,11,0.018915615
2017-01-12,2017,1,12,0
2017-01-13,2017,1,13,0
2017-01-14,2017,1,14,0
2017-01-15,2017,1,15,0
2017-01-16,2017,1,16,0
2017-01-17,2017,1,17,0
2017-01-18,2017,1,18,0
2017-01-19,2017,1,19,0
2017-01-20,2017,1,20,0.0027846587
2017-01-21,2017,1,21,0.013892205
2017-01-22,2017,1,22,0.011600969
2017-01-23,2017,1,23,6.8076377e-05
2017-01-24,2017,1,24,0.00068856998
2017-01-25,2017,1,25,0.014116101
2017-01-26,2017,1,26,0.0082292473
2017-01-27,2017,1,27,0.00017956228
2017-01-28,2017,1,28,0
2017-01-29,2017,1,29,0.00021345438
2017-01-30,2017,1,30,0.24717971
2017-01-31,2017,1,31,1.1828806
2017-02-01,2017,2,1,0
2017-02-02,2017,2,2,0.0050119161
2017-02-03,2017,2,3,8.9131655
2017-02-04,2017,2,4,7.0972696
2017-02-05,2017,2,5,0.0014128038
2017-02-06,2017,2,6,0
2017-02-07,2017,2,7,0.00013889735
2017-02-08,2017,2,8,0
2017-02-09,2017,2,9,0
2017-02-10,2017,2,10,0.0096633075
2017-02-11,2017,2,11,8.7058945e-06
2017-02-12,2017,2,12,0.00013695414
2017-02-13,2017,2,13,1.0282965
2017-02-14,2017,2,14,0.32982592
2017-02-15,2017,2,15,0.076734166
2017-02-16,2017,2,16,0.21016418
2017-02-17,2017,2,17,0.57435008
2017-02-18,2017,2,18,2.2371727e-05
2017-02-19,2017,2,19,0
2017-02-20,2017,2,20,0
2017-02-21,2017,2,21,0.00010467873
2017-02-22,2017,2,22,0.01195176
2017-02-23,2017,2,23,0.017941633
2017-02-24,2017,2,24,0.72383249
2017-02-25,2017,2,25,7.9263087
2017-02-26,2017,2,26,4.7442449
2017-02-27,2017,2,27,0.27428769
2017-02-28,2017,2,28,0
2017-03-01,2017,3,1,0
2017-03-02,2017,3,2,0.84125523
2017-03-03,2017,3,3,4.7416583
2017-03-04,2017,3,4,0.00017316083
2017-03-05,2017,3,5,0
2017-03-06,2017,3,6,0
2017-03-07,2017,3,7,0
2017-03-08,2017,3,8,0.001410507
2017-03-09,2017,3,9,0
2017-03-10,2017,3,10,0
2017-03-11,2017,3,11,0
2017-03-12,2017,3,12,0
2017-03-13,2017,3,13,0
2017-03-14,2017,3,14,0
2017-03-15,2017,3,15,4.6143809e-06
2017-03-16,2017,3,16,0
2017-03-17,2017,3,17,0
2017-03-18,2017,3,18,0
2017-03-19,2017,3,19,2.8407147e-05
2017-03-20,2017,3,20,0.64371043
2017-03-21,2017,3,21,0.0054860861
2017-03-22,2017,3,22,0
2017-03-23,2017,3,23,0
2017-03-24,2017,3,24,0
2017-03-25,2017,3,25,0
2017-03-26,2017,3,26,0
2017-03-27,2017,3,27,0
2017-03-28,2017,3,28,0
2017-03-29,2017,3,29,0.82098464
2017-03-30,2017,3,30,0
2017-03-31,2017,3,31,0
2017-04-01,2017,4,1,0.17495968
2017-04-02,2017,4,2,0
2017-04-03,2017,4,3,0
2017-04-04,2017,4,4,0
2017-04-05,2017,4,5,0
2017-04-06,2017,4,6,5.9566305
2017-04-07,2017,4,7,12.517243
2017-04-08,2017,4,8,0.69422023
2017-04-09,2017,4,9,0
2017-04-10,2017,4,10,0
2017-04-11,2017,4,11,0
2017-04-12,2017,4,12,0
2017-04-13,2017,4,13,0
2017-04-14,2017,4,14,0
2017-04-15,2017,4,15,0
2017-04-16,2017,4,16,0.00087275096
2017-04-17,2017,4,17,2.9129935
2017-04-18,2017,4,18,0
2017-04-19,2017,4,19,10.498399
2017-04-20,2017,4,20,25.720788
2017-04-21,2017,4,21,0.17010024
2017-04-22,2017,4,22,0
2017-04-23,2017,4,23,0
2017-04-24,2017,4,24,4.5016962
2017-04-25,2017,4,25,0.0016482505
2017-04-26,2017,4,26,0
2017-04-27,2017,4,27,0
2017-04-28,2017,4,28,0
2017-04-29,2017,4,29,0
2017-04-30,2017,4,30,0.00015235315
2017-05-01,2017,5,1,0
2017-05-02,2017,5,2,0.0092167631
2017-05-03,2017,5,3,0
2017-05-04,2017,5,4,0
2017-05-05,2017,5,5,0
2017-05-06,2017,5,6,3.1715847
2017-05-07,2017,5,7,15.181656
2017-05-08,2017,5,8,0.00031434388
2017-05-09,2017,5,9,0
2017-05-10,2017,5,10,6.9082907
2017-05-11,2017,5,11,28.992736
2017-05-12,2017,5,12,1.8707713
2017-05-13,2017,5,13,1.3630775
2017-05-14,2017,5,14,4.2354446
2017-05-15,2017,5,15,0
2017-05-16,2017,5,16,0
2017-05-17,2017,5,17,4.2427347
2017-05-18,2017,5,18,1.6599213
2017-05-19,2017,5,19,0
2017-05-20,2017,5,20,0
2017-05-21,2017,5,21,0
2017-05-22,2017,5,22,0.27385433
2017-05-23,2017,5,23,11.372375
2017-05-24,2017,5,24,20.12029
2017-05-25,2017,5,25,2.791026
2017-05-26,2017,5,26,0.43838786
2017-05-27,2017,5,27,0.0081408689
2017-05-28,2017,5,28,0
2017-05-29,2017,5,29,3.8035764e-06
2017-05-30,2017,5,30,0
2017-05-31,2017,5,31,0
2017-06-01,2017,6,1,0
2017-06-02,2017,6,2,3.2983453e-06
2017-06-03,2017,6,3,5.9742909e-05
2017-06-04,2017,6,4,0
2017-06-05,2017,6,5,1.1943817e-06
2017-06-06,2017,6,6,0
2017-06-07,2017,6,7,10.761729
2017-06-08,2017,6,8,0.00023054203
2017-06-09,2017,6,9,0
2017-06-10,2017,6,10,0
2017-06-11,2017,6,11,0
2017-06-12,2017,6,12,0
2017-06-13,2017,6,13,0
2017-06-14,2017,6,14,0
2017-06-15,2017,6,15,1.5301845
2017-06-16,2017,6,16,54.488573
2017-06-17,2017,6,17,7.041579
2017-06-18,2017,6,18,0.0027226991
2017-06-19,2017,6,19,0
2017-06-20,2017,6,20,0
2017-06-21,2017,6,21,0.20946725
2017-06-22,2017,6,22,24.982174
2017-06-23,2017,6,23,0.20148175
2017-06-24,2017,6,24,0
2017-06-25,2017,6,25,0.52153589
2017-06-26,2017,6,26,1.3916426
2017-06-27,2017,6,27,0.00079144238
2017-06-28,2017,6,28,7.9718058e-05
2017-06-29,2017,6,29,0
2017-06-30,2017,6,30,0
2017-07-01,2017,7,1,0
2017-07-02,2017,7,2,0
2017-07-03,2017,7,3,0.020650613
2017-07-04,2017,7,4,2.893916
2017-07-05,2017,7,5,0.66031032
2017-07-06,2017,7,6,3.4938873
2017-07-07,2017,7,7,0.10243199
2017-07-08,2017,7,8,0.0080389445
2017-07-09,2017,7,9,0
2017-07-10,2017,7,10,0
2017-07-11,2017,7,11,0
2017-07-12,2017,7,12,2.2309123
2017-07-13,2017,7,13,6.5550695
2017-07-14,2017,7,14,15.436754
2017-07-15,2017,7,15,4.0874731
2017-07-16,2017,7,16,0.20981575
2017-07-17,2017,7,17,0
2017-07-18,2017,7,18,0
2017-07-19,2017,7,19,0
2017-07-20,2017,7,20,0
2017-07-21,2017,7,21,0
2017-07-22,2017,7,22,0
2017-07-23,2017,7,23,24.185133
2017-07-24,2017,7,24,0.2859406
2017-07-25,2017,7,25,0
2017-07-26,2017,7,26,0
2017-07-27,2017,7,27,0
2017-07-28,2017,7,28,0
2017-07-29,2017,7,29,0
2017-07-30,2017,7,30,0
2017-07-31,2017,7,31,0
2017-08-01,2017,8,1,0
2017-08-02,2017,8,2,0
2017-08-03,2017,8,3,0
2017-08-04,2017,8,4,0
2017-08-05,2017,8,5,0
2017-08-06,2017,8,6,0
2017-08-07,2017,8,7,0.0026662972
2017-08-08,2017,8,8,0
2017-08-09,2017,8,9,25.73387
2017-08-10,2017,8,10,15.70788
2017-08-11,2017,8,11,4.6767104
2017-08-12,2017,8,12,0.0023905339
2017-08-13,2017,8,13,10.299622
2017-08-14,2017,8,14,0.10241089
2017-08-15,2017,8,15,0
2017-08-16,2017,8,16,0
2017-08-17,2017,8,17,0
2017-08-18,2017,8,18,15.94239
2017-08-19,2017,8,19,1.0855911
2017-08-20,2017,8,20,0
2017-08-21,2017,8,21,0
2017-08-22,2017,8,22,0.050491161
2017-08-23,2017,8,23,0
2017-08-24,2017,8,24,0
2017-08-25,2017,8,25,0
2017-08-26,2017,8,26,0
2017-08-27,2017,8,27,0.076399466
2017-08-28,2017,8,28,11.098901
2017-08-29,2017,8,29,0.084719495
2017-08-30,2017,8,30,0
2017-08-31,2017,8,31,0.0010169562
2017-09-01,2017,9,1,0
2017-09-02,2017,9,2,0.59719157
2017-09-03,2017,9,3,4.1117452
2017-09-04,2017,9,4,0.0062013722
2017-09-05,2017,9,5,0
2017-09-06,2017,9,6,0
2017-09-07,2017,9,7,0
2017-09-08,2017,9,8,0
2017-09-09,2017,9,9,0.78292482
2017-09-10,2017,9,10,0.018537914
2017-09-11,2017,9,11,0
2017-09-12,2017,9,12,0
2017-09-13,2017,9,13,0
2017-09-14,2017,9,14,0
2017-09-15,2017,9,15,0
2017-09-16,2017,9,16,0
2017-09-17,2017,9,17,0
2017-09-18,2017,9,18,0
2017-09-19,2017,9,19,0.047608338
2017-09-20,2017,9,20,0
2017-09-21,2017,9,21,0
2017-09-22,2017,9,22,0
2017-09-23,2017,9,23,0
2017-09-24,2017,9,24,0
2017-09-25,2017,9,25,0
2017-09-26,2017,9,26,0
2017-09-27,2017,9,27,0
2017-09-28,2017,9,28,2.1973475
2017-09-29,2017,9,29,16.627662
2017-09-30,2017,9,30,32.169347
2017-10-01,2017,10,1,0.22797768
2017-10-02,2017,10,2,0
2017-10-03,2017,10,3,0
2017-10-04,2017,10,4,47.884156
2017-10-05,2017,10,5,5.1100407
2017-10-06,2017,10,6,0
2017-10-07,2017,10,7,0
2017-10-08,2017,10,8,0
2017-10-09,2017,10,9,0
2017-10-10,2017,10,10,0.52707142
2017-10-11,2017,10,11,0.79584543
2017-10-12,2017,10,12,0
2017-10-13,2017,10,13,0
2017-10-14,2017,10,14,0
2017-10-15,2017,10,15,0
2017-10-16,2017,10,16,0
2017-10-17,2017,10,17,0
2017-10-18,2017,10,18,0
2017-10-19,2017,10,19,0
2017-10-20,2017,10,20,0.71644081
2017-10-21,2017,10,21,0
2017-10-22,2017,10,22,0
2017-10-23,2017,10,23,0
2017-10-24,2017,10,24,0
2017-10-25,2017,10,25,0
2017-10-26,2017,10,26,0
2017-10-27,2017,10,27,0
2017-10-28,2017,10,28,0.1154282
2017-10-29,2017,10,29,1.7369112
2017-10-30,2017,10,30,0
2017-10-31,2017,10,31,0
2017-11-01,2017,11,1,10.846574
2017-11-02,2017,11,2,6.1793578
2017-11-03,2017,11,3,0.08855049
2017-11-04,2017,11,4,0.046795788
2017-11-05,2017,11,5,0
2017-11-06,2017,11,6,0
2017-11-07,2017,11,7,0.89585809
2017-11-08,2017,11,8,0.12141523
2017-11-09,2017,11,9,0.0044455067
2017-11-10,2017,11,10,0
2017-11-11,2017,11,11,0
2017-11-12,2017,11,12,0
2017-11-13,2017,11,13,0
2017-11-14,2017,11,14,0
2017-11-15,2017,11,15,0
2017-11-16,2017,11,16,0
2017-11-17,2017,11,17,0
2017-11-18,2017,11,18,0
2017-11-19,2017,11,19,0
2017-11-20,2017,11,20,0.80132465
2017-11-21,2017,11,21,0
2017-11-22,2017,11,22,0
2017-11-23,2017,11,23,0
2017-11-24,2017,11,24,0
2017-11-25,2017,11,25,0
2017-11-26,2017,11,26,0
2017-11-27,2017,11,27,0
2017-11-28,2017,11,28,0
2017-11-29,2017,11,29,0
2017-11-30,2017,11,30,0
2017-12-01,2017,12,1,0
2017-12-02,2017,12,2,0.014020545
2017-12-03,2017,12,3,0
2017-12-04,2017,12,4,0
2017-12-05,2017,12,5,0
2017-12-06,2017,12,6,0.0016225204
2017-12-07,2017,12,7,0
2017-12-08,2017,12,8,0
2017-12-09,2017,12,9,0.0048646099
2017-12-10,2017,12,10,0.00047439404
2017-12-11,2017,12,11,2.5211818e-05
2017-12-12,2017,12,12,0
2017-12-13,2017,12,13,0
2017-12-14,2017,12,14,0.00074128557
2017-12-15,2017,12,15,0
2017-12-16,2017,12,16,0
2017-12-17,2017,12,17,0
2017-12-18,2017,12,18,0
2017-12-19,2017,12,19,0
2017-12-20,2017,12,20,0
2017-12-21,2017,12,21,0
2017-12-22,2017,12,22,0
2017-12-23,2017,12,23,0
2017-12-24,2017,12,24,0
2017-12-25,2017,12,25,0
2017-12-26,2017,12,26,0.0036689453
2017-12-27,2017,12,27,0.0091408986
2017-12-28,2017,12,28,0
2017-12-29,2017,12,29,0
2017-12-30,2017,12,30,0
2017-12-31,2017,12,31,3.3925424
2018-01-01,2018,1,1,0.47509146
2018-01-02,2018,1,2,0.0036475065
2018-01-03,2018,1,3,0
2018-01-04,2018,1,4,0
2018-01-05,2018,1,5,0.15759615
2018-01-06,2018,1,6,0.00012884996
2018-01-07,2018,1,7,0.0068794488
2018-01-08,2018,1,8,1.1944894
2018-01-09,2018,1,9,3.1283288
2018-01-10,2018,1,10,2.4014299
2018-01-11,2018,1,11,0.22490807
2018-01-12,2018,1,12,0.00021333159
2018-01-13,2018,1,13,0.014566328
2018-01-14,2018,1,14,0.0010933934
2018-01-15,2018,1,15,0.022497938
2018-01-16,2018,1,16,0.16637172
2018-01-17,2018,1,17,0.0095065242
2018-01-18,2018,1,18,0.039362488
2018-01-19,2018,1,19,0.90718602
2018-01-20,2018,1,20,6.2847532
2018-01-21,2018,1,21,2.9211909
2018-01-22,2018,1,22,0.0025235039
2018-01-23,2018,1,23,0
2018-01-24,2018,1,24,0
2018-01-25,2018,1,25,0
2018-01-26,2018,1,26,0
2018-01-27,2018,1,27,0
2018-01-28,2018,1,28,0
2018-01-29,2018,1,29,0
2018-01-30,2018,1,30,0
2018-01-31,2018,1,31,0
2018-02-01,2018,2,1,0
2018-02-02,2018,2,2,0
2018-02-03,2018,2,3,0
2018-02-04,2018,2,4,0
2018-02-05,2018,2,5,2.8139231
2018-02-06,2018,2,6,0.074652758
2018-02-07,2018,2,7,0
2018-02-08,2018,2,8,0
2018-02-09,2018,2,9,0
2018-02-10,2018,2,10,0
2018-02-11,2018,2,11,0
2018-02-12,2018,2,12,0
2018-02-13,2018,2,13,0
2018-02-14,2018,2,14,0
2018-02-15,2018,2,15,0
2018-02-16,2018,2,16,0
2018-02-17,2018,2,17,0.0069268535
2018-02-18,2018,2,18,0.026192849
2018-02-19,2018,2,19,0.73836452
2018-02-20,2018,2,20,1.8016591
2018-02-21,2018,2,21,0
2018-02-22,2018,2,22,0
2018-02-23,2018,2,23,0.223203
2018-02-24,2018,2,24,0.017969395
2018-02-25,2018,2,25,0
2018-02-26,2018,2,26,0
2018-02-27,2018,2,27,0.0043169002
2018-02-28,2018,2,28,0.072623446
2018-03-01,2018,3,1,0.011194628
2018-03-02,2018,3,2,0
2018-03-03,2018,3,3,0
2018-03-04,2018,3,4,0
2018-03-05,2018,3,5,0
2018-03-06,2018,3,6,0
2018-03-07,2018,3,7,0
2018-03-08,2018,3,8,0
2018-03-09,2018,3,9,0
2018-03-10,2018,3,10,0
2018-03-11,2018,3,11,0
2018-03-12,2018,3,12,0
2018-03-13,2018,3,13,0
2018-03-14,2018,3,14,0
2018-03-15,2018,3,15,0
2018-03-16,2018,3,16,0
2018-03-17,2018,3,17,2.0353285
2018-03-18,2018,3,18,0
2018-03-19,2018,3,19,0
2018-03-20,2018,3,20,0
2018-03-21,2018,3,21,0
2018-03-22,2018,3,22,0
2018-03-23,2018,3,23,0
2018-03-24,2018,3,24,0
2018-03-25,2018,3,25,0
2018-03-26,2018,3,26,0
2018-03-27,2018,3,27,0
2018-03-28,2018,3,28,0
2018-03-29,2018,3,29,0
2018-03-30,2018,3,30,0
2018-03-31,2018,3,31,0
2018-04-01,2018,4,1,0
2018-04-02,2018,4,2,0
2018-04-03,2018,4,3,0
2018-04-04,2018,4,4,0
2018-04-05,2018,4,5,0.0010146396
2018-04-06,2018,4,6,5.5171884
2018-04-07,2018,4,7,0
2018-04-08,2018,4,8,0
2018-04-09,2018,4,9,0.0011207872
2018-04-10,2018,4,10,12.750552
2018-04-11,2018,4,11,10.399167
2018-04-12,2018,4,12,0.0022904393
2018-04-13,2018,4,13,0
2018-04-14,2018,4,14,0.0018121099
2018-04-15,2018,4,15,0
2018-04-16,2018,4,16,0
2018-04-17,2018,4,17,0
2018-04-18,2018,4,18,0
2018-04-19,2018,4,19,0
2018-04-20,2018,4,20,0
2018-04-21,2018,4,21,0
2018-04-22,2018,4,22,0
2018-04-23,2018,4,23,0
2018-04-24,2018,4,24,0
2018-04-25,2018,4,25,0
2018-04-26,2018,4,26,0
2018-04-27,2018,4,27,0
2018-04-28,2018,4,28,0
2018-04-29,2018,4,29,0
2018-04-30,2018,4,30,0.0042888681
2018-05-01,2018,5,1,0
2018-05-02,2018,5,2,0
2018-05-03,2018,5,3,0
2018-05-04,2018,5,4,0
2018-05-05,2018,5,5,0
2018-05-06,2018,5,6,0
2018-05-07,2018,5,7,0
2018-05-08,2018,5,8,0
2018-05-09,2018,5,9,4.6792231
2018-05-10,2018,5,10,0
2018-05-11,2018,5,11,0
2018-05-12,2018,5,12,0
2018-05-13,2018,5,13,0.039211693
2018-05-14,2018,5,14,0
2018-05-15,2018,5,15,0.18882428
2018-05-16,2018,5,16,1.6282204
2018-05-17,2018,5,17,0
2018-05-18,2018,5,18,0
2018-05-19,2018,5,19,0
2018-05-20,2018,5,20,0
2018-05-21,2018,5,21,0
2018-05-22,2018,5,22,0
2018-05-23,2018,5,23,0
2018-05-24,2018,5,24,0
2018-05-25,2018,5,25,0
2018-05-26,2018,5,26,0
2018-05-27,2018,5,27,0
2018-05-28,2018,5,28,14.383187
2018-05-29,2018,5,29,25.637506
2018-05-30,2018,5,30,1.2766047
2018-05-31,2018,5,31,0.0010688916
2018-06-01,2018,6,1,0
2018-06-02,2018,6,2,0
2018-06-03,2018,6,3,0.04493661
2018-06-04,2018,6,4,0
2018-06-05,2018,6,5,1.6254866
2018-06-06,2018,6,6,0
2018-06-07,2018,6,7,0
2018-06-08,2018,6,8,0
2018-06-09,2018,6,9,37.826298
2018-06-10,2018,6,10,18.939641
2018-06-11,2018,6,11,3.7543892
2018-06-12,2018,6,12,0.96771554
2018-06-13,2018,6,13,8.3849391e-05
2018-06-14,2018,6,14,0
2018-06-15,2018,6,15,0
2018-06-16,2018,6,16,0
2018-06-17,2018,6,17,0
2018-06-18,2018,6,18,0
2018-06-19,2018,6,19,0
2018-06-20,2018,6,20,0
2018-06-21,2018,6,21,0
2018-06-22,2018,6,22,0
2018-06-23,2018,6,23,3.328886
2018-06-24,2018,6,24,0.14237937
2018-06-25,2018,6,25,0
2018-06-26,2018,6,26,0.86872609
2018-06-27,2018,6,27,0
2018-06-28,2018,6,28,0.8101883
2018-06-29,2018,6,29,0
2018-06-30,2018,6,30,0
2018-07-01,2018,7,1,5.5964453
2018-07-02,2018,7,2,0
2018-07-03,2018,7,3,0.57732377
2018-07-04,2018,7,4,23.332512
2018-07-05,2018,7,5,28.523066
2018-07-06,2018,7,6,23.675233
2018-07-07,2018,7,7,0.053712115
2018-07-08,2018,7,8,0
2018-07-09,2018,7,9,0
2018-07-10,2018,7,10,0
2018-07-11,2018,7,11,0
2018-07-12,2018,7,12,0
2018-07-13,2018,7,13,0
2018-07-14,2018,7,14,0
2018-07-15,2018,7,15,0
2018-07-16,2018,7,16,0.96387848
2018-07-17,2018,7,17,9.9424792
2018-07-18,2018,7,18,1.8206863
2018-07-19,2018,7,19,0.28868874
2018-07-20,2018,7,20,0
2018-07-21,2018,7,21,0
2018-07-22,2018,7,22,0.022256711
2018-07-23,2018,7,23,0
2018-07-24,2018,7,24,0.00010579776
2018-07-25,2018,7,25,0
2018-07-26,2018,7,26,0
2018-07-27,2018,7,27,1.2975835
2018-07-28,2018,7,28,0.0035176334
2018-07-29,2018,7,29,0
2018-07-30,2018,7,30,0
2018-07-31,2018,7,31,0
2018-08-01,2018,8,1,0
2018-08-02,2018,8,2,0
2018-08-03,2018,8,3,0
2018-08-04,2018,8,4,0
2018-08-05,2018,8,5,0
2018-08-06,2018,8,6,22.823283
2018-08-07,2018,8,7,1.3683247
2018-08-08,2018,8,8,0
2018-08-09,2018,8,9,0
2018-08-10,2018,8,10,0
2018-08-11,2018,8,11,0
2018-08-12,2018,8,12,0.085257777
2018-08-13,2018,8,13,0
2018-08-14,2018,8,14,0
2018-08-15,2018,8,15,0
2018-08-16,2018,8,16,0
2018-08-17,2018,8,17,0.64457309
2018-08-18,2018,8,18,0.082523983
2018-08-19,2018,8,19,0.035772596
2018-08-20,2018,8,20,0
2018-08-21,2018,8,21,0
2018-08-22,2018,8,22,0.031737552
2018-08-23,2018,8,23,9.545288
2018-08-24,2018,8,24,0
2018-08-25,2018,8,25,0
2018-08-26,2018,8,26,0
2018-08-27,2018,8,27,0
2018-08-28,2018,8,28,0
2018-08-29,2018,8,29,0
2018-08-30,2018,8,30,1.0941572
2018-08-31,2018,8,31,0.10562879
2018-09-01,2018,9,1,0
2018-09-02,2018,9,2,0
2018-09-03,2018,9,3,0
2018-09-04,2018,9,4,0
2018-09-05,2018,9,5,0
2018-09-06,2018,9,6,0
2018-09-07,2018,9,7,0
2018-09-08,2018,9,8,0
2018-09-09,2018,9,9,0
2018-09-10,2018,9,10,0
2018-09-11,2018,9,11,0
2018-09-12,2018,9,12,0
2018-09-13,2018,9,13,0
2018-09-14,2018,9,14,0
2018-09-15,2018,9,15,0
2018-09-16,2018,9,16,0
2018-09-17,2018,9,17,19.799492
2018-09-18,2018,9,18,15.332614
2018-09-19,2018,9,19,0.020608775
2018-09-20,2018,9,20,0
2018-09-21,2018,9,21,0
2018-09-22,2018,9,22,0.0061806094
2018-09-23,2018,9,23,0
2018-09-24,2018,9,24,0
2018-09-25,2018,9,25,0
2018-09-26,2018,9,26,1.3743788
2018-09-27,2018,9,27,19.422529
2018-09-28,2018,9,28,37.878468
2018-09-29,2018,9,29,34.862216
2018-09-30,2018,9,30,12.827205
2018-10-01,2018,10,1,0
2018-10-02,2018,10,2,0
2018-10-03,2018,10,3,0
2018-10-04,2018,10,4,0
2018-10-05,2018,10,5,0
2018-10-06,2018,10,6,0
2018-10-07,2018,10,7,9.2143554
2018-10-08,2018,10,8,11.237545
2018-10-09,2018,10,9,0.063816036
2018-10-10,2018,10,10,11.689075
2018-10-11,2018,10,11,5.7368431
2018-10-12,2018,10,12,0
2018-10-13,2018,10,13,0
2018-10-14,2018,10,14,0
2018-10-15,2018,10,15,0
2018-10-16,2018,10,16,10.004211
2018-10-17,2018,10,17,1.6736351
2018-10-18,2018,10,18,0
2018-10-19,2018,10,19,0
2018-10-20,2018,10,20,0
2018-10-21,2018,10,21,0
2018-10-22,2018,10,22,0
2018-10-23,2018,10,23,4.5233414
2018-10-24,2018,10,24,5.487313e-05
2018-10-25,2018,10,25,0
2018-10-26,2018,10,26,0
2018-10-27,2018,10,27,0
2018-10-28,2018,10,28,8.2508268
2018-10-29,2018,10,29,16.446604
2018-10-30,2018,10,30,2.5641126
2018-10-31,2018,10,31,0
2018-11-01,2018,11,1,9.6766707
2018-11-02,2018,11,2,4.9457418
2018-11-03,2018,11,3,0
2018-11-04,2018,11,4,0
2018-11-05,2018,11,5,0
2018-11-06,2018,11,6,0
2018-11-07,2018,11,7,0
2018-11-08,2018,11,8,0
2018-11-09,2018,11,9,0
2018-11-10,2018,11,10,0
2018-11-11,2018,11,11,0.0051341383
2018-11-12,2018,11,12,3.8056798
2018-11-13,2018,11,13,0
2018-11-14,2018,11,14,0
2018-11-15,2018,11,15,0
2018-11-16,2018,11,16,1.926444
2018-11-17,2018,11,17,0.16249101
2018-11-18,2018,11,18,0
2018-11-19,2018,11,19,0
2018-11-20,2018,11,20,0
2018-11-21,2018,11,21,0
2018-11-22,2018,11,22,0
2018-11-23,2018,11,23,0.039002476
2018-11-24,2018,11,24,0
2018-11-25,2018,11,25,0
2018-11-26,2018,11,26,0
2018-11-27,2018,11,27,0
2018-11-28,2018,11,28,0
2018-11-29,2018,11,29,0
2018-11-30,2018,11,30,0
2018-12-01,2018,12,1,0
2018-12-02,2018,12,2,0
2018-12-03,2018,12,3,0.358334
2018-12-04,2018,12,4,15.156375
2018-12-05,2018,12,5,5.6602029
2018-12-06,2018,12,6,0.21558531
2018-12-07,2018,12,7,0.0024873886
2018-12-08,2018,12,8,2.1095635
2018-12-09,2018,12,9,0.0012167234
2018-12-10,2018,12,10,0
2018-12-11,2018,12,11,0
2018-12-12,2018,12,12,0
2018-12-13,2018,12,13,1.9636436
2018-12-14,2018,12,14,0
2018-12-15,2018,12,15,0
2018-12-16,2018,12,16,0
2018-12-17,2018,12,17,0
2018-12-18,2018,12,18,0
2018-12-19,2018,12,19,0
2018-12-20,2018,12,20,0
2018-12-21,2018,12,21,0
2018-12-22,2018,12,22,0.00062807241
2018-12-23,2018,12,23,0.0045629372
2018-12-24,2018,12,24,0.0003140362
2018-12-25,2018,12,25,0
2018-12-26,2018,12,26,0
2018-12-27,2018,12,27,0
2018-12-28,2018,12,28,0
2018-12-29,2018,12,29,0
2018-12-30,2018,12,30,0
2018-12-31,2018,12,31,0
2019-01-01,2019,1,1,0
2019-01-02,2019,1,2,0
2019-01-03,2019,1,3,0
2019-01-04,2019,1,4,0
2019-01-05,2019,1,5,0
2019-01-06,2019,1,6,0.1307847
2019-01-07,2019,1,7,0.022377246
2019-01-08,2019,1,8,0
2019-01-09,2019,1,9,0.011842862
2019-01-10,2019,1,10,0
2019-01-11,2019,1,11,0
2019-01-12,2019,1,12,0.0018644983
2019-01-13,2019,1,13,0.31882227
2019-01-14,2019,1,14,3.4977001
2019-01-15,2019,1,15,0.11371149
2019-01-16,2019,1,16,0.056153296
2019-01-17,2019,1,17,1.3781663
2019-01-18,2019,1,18,0.045444551
2019-01-19,2019,1,19,0
2019-01-20,2019,1,20,0
2019-01-21,2019,1,21,0
2019-01-22,2019,1,22,0
2019-01-23,2019,1,23,0
2019-01-24,2019,1,24,0
2019-01-25,2019,1,25,0
2019-01-26,2019,1,26,0
2019-01-27,2019,1,27,0
2019-01-28,2019,1,28,0
2019-01-29,2019,1,29,0
2019-01-30,2019,1,30,0
2019-01-31,2019,1,31,0.09015481
2019-02-01,2019,2,1,0.00033073781
2019-02-02,2019,2,2,0.73699982
2019-02-03,2019,2,3,0.35665317
2019-02-04,2019,2,4,0
2019-02-05,2019,2,5,0
2019-02-06,2019,2,6,0
2019-02-07,2019,2,7,0
2019-02-08,2019,2,8,0
2019-02-09,2019,2,9,0
2019-02-10,2019,2,10,0.58658102
2019-02-11,2019,2,11,5.0183495
2019-02-12,2019,2,12,0.56537627
2019-02-13,2019,2,13,0
2019-02-14,2019,2,14,0
2019-02-15,2019,2,15,0
2019-02-16,2019,2,16,0
2019-02-17,2019,2,17,0
2019-02-18,2019,2,18,0
2019-02-19,2019,2,19,0
2019-02-20,2019,2,20,0
2019-02-21,2019,2,21,0
2019-02-22,2019,2,22,0
2019-02-23,2019,2,23,0
2019-02-24,2019,2,24,0
2019-02-25,2019,2,25,0
2019-02-26,2019,2,26,0
2019-02-27,2019,2,27,0
2019-02-28,2019,2,28,0
2019-03-01,2019,3,1,0
2019-03-02,2019,3,2,0
2019-03-03,2019,3,3,0
2019-03-04,2019,3,4,0
2019-03-05,2019,3,5,0
2019-03-06,2019,3,6,0
2019-03-07,2019,3,7,0
2019-03-08,2019,3,8,0.43085193
2019-03-09,2019,3,9,0.035606487
2019-03-10,2019,3,10,0
2019-03-11,2019,3,11,0
2019-03-12,2019,3,12,0
2019-03-13,2019,3,13,0
2019-03-14,2019,3,14,0
2019-03-15,2019,3,15,0
2019-03-16,2019,3,16,0
2019-03-17,2019,3,17,0
2019-03-18,2019,3,18,0
2019-03-19,2019,3,19,0
2019-03-20,2019,3,20,0
2019-03-21,2019,3,21,0
2019-03-22,2019,3,22,0
2019-03-23,2019,3,23,0
2019-03-24,2019,3,24,0
2019-03-25,2019,3,25,0
2019-03-26,2019,3,26,0
2019-03-27,2019,3,27,0
2019-03-28,2019,3,28,0
2019-03-29,2019,3,29,0
2019-03-30,2019,3,30,0.62105455
2019-03-31,2019,3,31,0.73550418
2019-04-01,2019,4,1,0
2019-04-02,2019,4,2,2.2371727e-05
2019-04-03,2019,4,3,0
2019-04-04,2019,4,4,0
2019-04-05,2019,4,5,0.00022371727
2019-04-06,2019,4,6,0.002959897
2019-04-07,2019,4,7,0.00038952485
2019-04-08,2019,4,8,0
2019-04-09,2019,4,9,3.7208347e-06
2019-04-10,2019,4,10,0
2019-04-11,2019,4,11,0
2019-04-12,2019,4,12,0
2019-04-13,2019,4,13,0
2019-04-14,2019,4,14,0
2019-04-15,2019,4,15,0
2019-04-16,2019,4,16,0
2019-04-17,2019,4,17,0
2019-04-18,2019,4,18,0
2019-04-19,2019,4,19,0
2019-04-20,2019,4,20,0
2019-04-21,2019,4,21,0
2019-04-22,2019,4,22,0
2019-04-23,2019,4,23,0.008866203
2019-04-24,2019,4,24,3.6695172
2019-04-25,2019,4,25,0.001852391
2019-04-26,2019,4,26,0
2019-04-27,2019,4,27,0
2019-04-28,2019,4,28,0
2019-04-29,2019,4,29,0
2019-04-30,2019,4,30,0
2019-05-01,2019,5,1,0
2019-05-02,2019,5,2,0
2019-05-03,2019,5,3,0
2019-05-04,2019,5,4,0
2019-05-05,2019,5,5,0
2019-05-06,2019,5,6,0
2019-05-07,2019,5,7,0
2019-05-08,2019,5,8,0
2019-05-09,2019,5,9,0.0015583859
2019-05-10,2019,5,10,0
2019-05-11,2019,5,11,0
2019-05-12,2019,5,12,0
2019-05-13,2019,5,13,0
2019-05-14,2019,5,14,0
2019-05-15,2019,5,15,0
2019-05-16,2019,5,16,0
2019-05-17,2019,5,17,1.399658
2019-05-18,2019,5,18,0
2019-05-19,2019,5,19,0
2019-05-20,2019,5,20,6.6837632
2019-05-21,2019,5,21,0.74520641
2019-05-22,2019,5,22,0.00055031629
2019-05-23,2019,5,23,0
2019-05-24,2019,5,24,0
2019-05-25,2019,5,25,0
2019-05-26,2019,5,26,1.3159192
2019-05-27,2019,5,27,0.080462324
2019-05-28,2019,5,28,7.1950138
2019-05-29,2019,5,29,32.248288
2019-05-30,2019,5,30,4.0883637
2019-05-31,2019,5,31,12.584942
2019-06-01,2019,6,1,0.29003421
2019-06-02,2019,6,2,0
2019-06-03,2019,6,3,0
2019-06-04,2019,6,4,0
2019-06-05,2019,6,5,0
2019-06-06,2019,6,6,3.0281179
2019-06-07,2019,6,7,0
2019-06-08,2019,6,8,0
2019-06-09,2019,6,9,0
2019-06-10,2019,6,10,0
2019-06-11,2019,6,11,0.41574938
2019-06-12,2019,6,12,14.143151
2019-06-13,2019,6,13,12.788816
2019-06-14,2019,6,14,0.94872792
2019-06-15,2019,6,15,0.12697714
2019-06-16,2019,6,16,0.016320659
2019-06-17,2019,6,17,0.96230564
2019-06-18,2019,6,18,0
2019-06-19,2019,6,19,0
2019-06-20,2019,6,20,0
2019-06-21,2019,6,21,0
2019-06-22,2019,6,22,0
2019-06-23,2019,6,23,1.2795516
2019-06-24,2019,6,24,20.125113
2019-06-25,2019,6,25,0.048299596
2019-06-26,2019,6,26,1.1092177
2019-06-27,2019,6,27,1.0144185
2019-06-28,2019,6,28,23.928833
2019-06-29,2019,6,29,12.092582
2019-06-30,2019,6,30,0.49368236
2019-07-01,2019,7,1,0
2019-07-02,2019,7,2,0
2019-07-03,2019,7,3,0
2019-07-04,2019,7,4,0
2019-07-05,2019,7,5,0
2019-07-06,2019,7,6,0
2019-07-07,2019,7,7,0
2019-07-08,2019,7,8,0
2019-07-09,2019,7,9,0
2019-07-10,2019,7,10,0
2019-07-11,2019,7,11,0
2019-07-12,2019,7,12,0
2019-07-13,2019,7,13,0
2019-07-14,2019,7,14,0
2019-07-15,2019,7,15,0
2019-07-16,2019,7,16,0
2019-07-17,2019,7,17,0
2019-07-18,2019,7,18,0
2019-07-19,2019,7,19,0
2019-07-20,2019,7,20,0.12169994
2019-07-21,2019,7,21,11.487083
2019-07-22,2019,7,22,0.1508244
2019-07-23,2019,7,23,0.049220745
2019-07-24,2019,7,24,0
2019-07-25,2019,7,25,0
2019-07-26,2019,7,26,0
2019-07-27,2019,7,27,0
2019-07-28,2019,7,28,7.5398804
2019-07-29,2019,7,29,0.18939535
2019-07-30,2019,7,30,0
2019-07-31,2019,7,31,0.88217671
2019-08-01,2019,8,1,0.034933037
2019-08-02,2019,8,2,0
2019-08-03,2019,8,3,0
2019-08-04,2019,8,4,0
2019-08-05,2019,8,5,0
2019-08-06,2019,8,6,0
2019-08-07,2019,8,7,0
2019-08-08,2019,8,8,0
2019-08-09,2019,8,9,0
2019-08-10,2019,8,10,0.15514817
2019-08-11,2019,8,11,0.039646786
2019-08-12,2019,8,12,0
2019-08-13,2019,8,13,0
2019-08-14,2019,8,14,0
2019-08-15,2019,8,15,0
2019-08-16,2019,8,16,0.050301482
2019-08-17,2019,8,17,0
2019-08-18,2019,8,18,0
2019-08-19,2019,8,19,10.234511
2019-08-20,2019,8,20,0.011018416
2019-08-21,2019,8,21,2.4650278
2019-08-22,2019,8,22,0
2019-08-23,2019,8,23,0
2019-08-24,2019,8,24,0
2019-08-25,2019,8,25,0
2019-08-26,2019,8,26,0
2019-08-27,2019,8,27,0
2019-08-28,2019,8,28,0.29807782
2019-08-29,2019,8,29,0.010370053
2019-08-30,2019,8,30,0
2019-08-31,2019,8,31,0.0032863198
2019-09-01,2019,9,1,0
2019-09-02,2019,9,2,0
2019-09-03,2019,9,3,0
2019-09-04,2019,9,4,0
2019-09-05,2019,9,5,3.549373
2019-09-06,2019,9,6,5.0878596
2019-09-07,2019,9,7,1.6726222
2019-09-08,2019,9,8,2.5597562
2019-09-09,2019,9,9,1.6763707
2019-09-10,2019,9,10,0
2019-09-11,2019,9,11,0
2019-09-12,2019,9,12,0
2019-09-13,2019,9,13,0
2019-09-14,2019,9,14,0.002700372
2019-09-15,2019,9,15,1.5416519
2019-09-16,2019,9,16,0
2019-09-17,2019,9,17,0
2019-09-18,2019,9,18,0
2019-09-19,2019,9,19,1.737206
2019-09-20,2019,9,20,0.0098799658
2019-09-21,2019,9,21,0
2019-09-22,2019,9,22,0
2019-09-23,2019,9,23,0.0019394769
2019-09-24,2019,9,24,0.0043307108
2019-09-25,2019,9,25,0
2019-09-26,2019,9,26,0
2019-09-27,2019,9,27,0
2019-09-28,2019,9,28,0
2019-09-29,2019,9,29,0.011566803
2019-09-30,2019,9,30,4.985518
2019-10-01,2019,10,1,3.7302848
2019-10-02,2019,10,2,0
2019-10-03,2019,10,3,0.023537397
2019-10-04,2019,10,4,0
2019-10-05,2019,10,5,0
2019-10-06,2019,10,6,0
2019-10-07,2019,10,7,0
2019-10-08,2019,10,8,0
2019-10-09,2019,10,9,0
2019-10-10,2019,10,10,0
2019-10-11,2019,10,11,0
2019-10-12,2019,10,12,0
2019-10-13,2019,10,13,0.65744668
2019-10-14,2019,10,14,3.8403978
2019-10-15,2019,10,15,0
2019-10-16,2019,10,16,0.50341718
2019-10-17,2019,10,17,0
2019-10-18,2019,10,18,0
2019-10-19,2019,10,19,1.452282
2019-10-20,2019,10,20,0
2019-10-21,2019,10,21,0
2019-10-22,2019,10,22,0
2019-10-23,2019,10,23,0
2019-10-24,2019,10,24,0
2019-10-25,2019,10,25,0
2019-10-26,2019,10,26,0
2019-10-27,2019,10,27,4.9178816
2019-10-28,2019,10,28,0.20367582
2019-10-29,2019,10,29,0
2019-10-30,2019,10,30,0
2019-10-31,2019,10,31,0
2019-11-01,2019,11,1,0
2019-11-02,2019,11,2,0
2019-11-03,2019,11,3,0
2019-11-04,2019,11,4,0
2019-11-05,2019,11,5,0
2019-11-06,2019,11,6,0
2019-11-07,2019,11,7,0
2019-11-08,2019,11,8,0
2019-11-09,2019,11,9,0
2019-11-10,2019,11,10,0
2019-11-11,2019,11,11,0
2019-11-12,2019,11,12,0
2019-11-13,2019,11,13,0
2019-11-14,2019,11,14,0
2019-11-15,2019,11,15,0
2019-11-16,2019,11,16,0
2019-11-17,2019,11,17,0
2019-11-18,2019,11,18,0
2019-11-19,2019,11,19,0
2019-11-20,2019,11,20,0
2019-11-21,2019,11,21,0
2019-11-22,2019,11,22,0
2019-11-23,2019,11,23,0
2019-11-24,2019,11,24,0.031402934
2019-11-25,2019,11,25,3.2129652
2019-11-26,2019,11,26,0
2019-11-27,2019,11,27,0
2019-11-28,2019,11,28,0
2019-11-29,2019,11,29,0
2019-11-30,2019,11,30,0.10910236
2019-12-01,2019,12,1,0.0017620103
2019-12-02,2019,12,2,0
2019-12-03,2019,12,3,0.0006531494
2019-12-04,2019,12,4,0.011490178
2019-12-05,2019,12,5,0
2019-12-06,2019,12,6,0
2019-12-07,2019,12,7,0.0012690966
2019-12-08,2019,12,8,0.021545588
2019-12-09,2019,12,9,0.033368793
2019-12-10,2019,12,10,0
2019-12-11,2019,12,11,0
2019-12-12,2019,12,12,0
2019-12-13,2019,12,13,0
2019-12-14,2019,12,14,5.5087006
2019-12-15,2019,12,15,0.044202388
2019-12-16,2019,12,16,0
2019-12-17,2019,12,17,0
2019-12-18,2019,12,18,0
2019-12-19,2019,12,19,0
2019-12-20,2019,12,20,0
2019-12-21,2019,12,21,0
2019-12-22,2019,12,22,0
2019-12-23,2019,12,23,0
2019-12-24,2019,12,24,0
2019-12-25,2019,12,25,0
2019-12-26,2019,12,26,0
2019-12-27,2019,12,27,0
2019-12-28,2019,12,28,0
2019-12-29,2019,12,29,0
2019-12-30,2019,12,30,0
2019-12-31,2019,12,31,0
2020-01-01,2020,1,1,0.061579658
2020-01-02,2020,1,2,0.061572705
2020-01-03,2020,1,3,0
2020-01-04,2020,1,4,0
2020-01-05,2020,1,5,10.468685
2020-01-06,2020,1,6,0.81185989
2020-01-07,2020,1,7,0
2020-01-08,2020,1,8,2.5103847
2020-01-09,2020,1,9,0.00075203428
2020-01-10,2020,1,10,0
2020-01-11,2020,1,11,0
2020-01-12,2020,1,12,0
2020-01-13,2020,1,13,0
2020-01-14,2020,1,14,0
2020-01-15,2020,1,15,0
2020-01-16,2020,1,16,0
2020-01-17,2020,1,17,0
2020-01-18,2020,1,18,0
2020-01-19,2020,1,19,0
2020-01-20,2020,1,20,0.0018701386
2020-01-21,2020,1,21,0
2020-01-22,2020,1,22,0
2020-01-23,2020,1,23,0
2020-01-24,2020,1,24,0
2020-01-25,2020,1,25,0.00021271521
2020-01-26,2020,1,26,0.0011274482
2020-01-27,2020,1,27,5.3178801e-05
2020-01-28,2020,1,28,0
2020-01-29,2020,1,29,1.1621644
2020-01-30,2020,1,30,0.49925008
2020-01-31,2020,1,31,0.00048818722
2020-02-01,2020,2,1,0
2020-02-02,2020,2,2,0
2020-02-03,2020,2,3,0
2020-02-04,2020,2,4,0
2020-02-05,2020,2,5,0
2020-02-06,2020,2,6,0
2020-02-07,2020,2,7,0
2020-02-08,2020,2,8,0
2020-02-09,2020,2,9,0
2020-02-10,2020,2,10,0
2020-02-11,2020,2,11,0
2020-02-12,2020,2,12,0
2020-02-13,2020,2,13,0
2020-02-14,2020,2,14,0
2020-02-15,2020,2,15,0
2020-02-16,2020,2,16,0
2020-02-17,2020,2,17,0.055959455
2020-02-18,2020,2,18,0
2020-02-19,2020,2,19,0
2020-02-20,2020,2,20,0
2020-02-21,2020,2,21,0
2020-02-22,2020,2,22,0
2020-02-23,2020,2,23,0
2020-02-24,2020,2,24,0.0099078596
2020-02-25,2020,2,25,0
2020-02-26,2020,2,26,0
2020-02-27,2020,2,27,0
2020-02-28,2020,2,28,0
2020-02-29,2020,2,29,0.029807451
2020-03-01,2020,3,1,0
2020-03-02,2020,3,2,0
2020-03-03,2020,3,3,0
2020-03-04,2020,3,4,0
2020-03-05,2020,3,5,0
2020-03-06,2020,3,6,0
2020-03-07,2020,3,7,0
2020-03-08,2020,3,8,0
2020-03-09,2020,3,9,0
2020-03-10,2020,3,10,0
2020-03-11,2020,3,11,0
2020-03-12,2020,3,12,0
2020-03-13,2020,3,13,0
2020-03-14,2020,3,14,0
2020-03-15,2020,3,15,0
2020-03-16,2020,3,16,0
2020-03-17,2020,3,17,0
2020-03-18,2020,3,18,0
2020-03-19,2020,3,19,0
2020-03-20,2020,3,20,0
2020-03-21,2020,3,21,0
2020-03-22,2020,3,22,0
2020-03-23,2020,3,23,0
2020-03-24,2020,3,24,0
2020-03-25,2020,3,25,0
2020-03-26,2020,3,26,0
2020-03-27,2020,3,27,0
2020-03-28,2020,3,28,0
2020-03-29,2020,3,29,0
2020-03-30,2020,3,30,0
2020-03-31,2020,3,31,0
2020-04-01,2020,4,1,0
2020-04-02,2020,4,2,0
2020-04-03,2020,4,3,0
2020-04-04,2020,4,4,0
2020-04-05,2020,4,5,0
2020-04-06,2020,4,6,0
2020-04-07,2020,4,7,0
2020-04-08,2020,4,8,0
2020-04-09,2020,4,9,0
2020-04-10,2020,4,10,0
2020-04-11,2020,4,11,0.62443897
2020-04-12,2020,4,12,12.804442
2020-04-13,2020,4,13,0.0022026899
2020-04-14,2020,4,14,0
2020-04-15,2020,4,15,0
2020-04-16,2020,4,16,0.0094299976
2020-04-17,2020,4,17,0.0065582315
2020-04-18,2020,4,18,0.000492178
2020-04-19,2020,4,19,0.00029083245
2020-04-20,2020,4,20,0
2020-04-21,2020,4,21,0
2020-04-22,2020,4,22,0
2020-04-23,2020,4,23,3.5250681
2020-04-24,2020,4,24,5.8042259
2020-04-25,2020,4,25,0.010761911
2020-04-26,2020,4,26,0.00019013797
2020-04-27,2020,4,27,5.6397329
2020-04-28,2020,4,28,0.0025405555
2020-04-29,2020,4,29,0
2020-04-30,2020,4,30,0
