"date","year","month","day","5710001"
1979-01-01,1979,1,1,4.8268682
1979-01-02,1979,1,2,5.3668966
1979-01-03,1979,1,3,7.4717203
1979-01-04,1979,1,4,7.9629123
1979-01-05,1979,1,5,8.4186549
1979-01-06,1979,1,6,9.172159
1979-01-07,1979,1,7,8.9314531
1979-01-08,1979,1,8,8.7411383
1979-01-09,1979,1,9,7.6184702
1979-01-10,1979,1,10,6.8115219
1979-01-11,1979,1,11,7.1004327
1979-01-12,1979,1,12,5.4426209
1979-01-13,1979,1,13,4.5986766
1979-01-14,1979,1,14,6.1356968
1979-01-15,1979,1,15,6.1195494
1979-01-16,1979,1,16,6.0132308
1979-01-17,1979,1,17,7.2234385
1979-01-18,1979,1,18,9.9202639
1979-01-19,1979,1,19,8.8874091
1979-01-20,1979,1,20,7.5547266
1979-01-21,1979,1,21,8.8474837
1979-01-22,1979,1,22,7.7741772
1979-01-23,1979,1,23,6.8959819
1979-01-24,1979,1,24,6.3293309
1979-01-25,1979,1,25,7.702412
1979-01-26,1979,1,26,7.6391225
1979-01-27,1979,1,27,7.3252033
1979-01-28,1979,1,28,7.8186599
1979-01-29,1979,1,29,8.4548917
1979-01-30,1979,1,30,9.3692625
1979-01-31,1979,1,31,7.6388371
1979-02-01,1979,2,1,6.7801231
1979-02-02,1979,2,2,7.6053046
1979-02-03,1979,2,3,7.084225
1979-02-04,1979,2,4,5.0402408
1979-02-05,1979,2,5,5.7209979
1979-02-06,1979,2,6,5.2240133
1979-02-07,1979,2,7,5.8455537
1979-02-08,1979,2,8,5.3336944
1979-02-09,1979,2,9,3.4530244
1979-02-10,1979,2,10,4.3066574
1979-02-11,1979,2,11,5.1740916
1979-02-12,1979,2,12,4.8481403
1979-02-13,1979,2,13,4.4918409
1979-02-14,1979,2,14,4.3678847
1979-02-15,1979,2,15,3.7276198
1979-02-16,1979,2,16,4.8196467
1979-02-17,1979,2,17,5.246624
1979-02-18,1979,2,18,5.6049191
1979-02-19,1979,2,19,4.9189075
1979-02-20,1979,2,20,6.2097089
1979-02-21,1979,2,21,8.854026
1979-02-22,1979,2,22,9.1929299
1979-02-23,1979,2,23,8.4817556
1979-02-24,1979,2,24,6.8575785
1979-02-25,1979,2,25,5.1328054
1979-02-26,1979,2,26,5.8132116
1979-02-27,1979,2,27,4.6479937
1979-02-28,1979,2,28,5.5035523
1979-03-01,1979,3,1,7.7056552
1979-03-02,1979,3,2,5.6822247
1979-03-03,1979,3,3,4.5021004
1979-03-04,1979,3,4,5.0481437
1979-03-05,1979,3,5,4.6052759
1979-03-06,1979,3,6,4.2196104
1979-03-07,1979,3,7,4.257343
1979-03-08,1979,3,8,3.5043874
1979-03-09,1979,3,9,3.9309933
1979-03-10,1979,3,10,4.8616223
1979-03-11,1979,3,11,4.9484584
1979-03-12,1979,3,12,4.2465813
1979-03-13,1979,3,13,3.0552473
1979-03-14,1979,3,14,4.9665182
1979-03-15,1979,3,15,5.3405645
1979-03-16,1979,3,16,5.8614473
1979-03-17,1979,3,17,6.6300371
1979-03-18,1979,3,18,6.7154718
1979-03-19,1979,3,19,7.1883838
1979-03-20,1979,3,20,7.3934061
1979-03-21,1979,3,21,6.4719803
1979-03-22,1979,3,22,4.326122
1979-03-23,1979,3,23,5.4955469
1979-03-24,1979,3,24,5.9664279
1979-03-25,1979,3,25,5.2352692
1979-03-26,1979,3,26,3.789732
1979-03-27,1979,3,27,2.5750815
1979-03-28,1979,3,28,3.1701004
1979-03-29,1979,3,29,5.0195585
1979-03-30,1979,3,30,6.342936
1979-03-31,1979,3,31,5.7477667
1979-04-01,1979,4,1,4.1600138
1979-04-02,1979,4,2,3.2478044
1979-04-03,1979,4,3,0.1932991
1979-04-04,1979,4,4,-4.299284
1979-04-05,1979,4,5,-3.9679479
1979-04-06,1979,4,6,0.064970576
1979-04-07,1979,4,7,2.7677702
1979-04-08,1979,4,8,3.8222333
1979-04-09,1979,4,9,2.592004
1979-04-10,1979,4,10,3.8577734
1979-04-11,1979,4,11,4.672915
1979-04-12,1979,4,12,2.9957149
1979-04-13,1979,4,13,3.1296096
1979-04-14,1979,4,14,2.2793496
1979-04-15,1979,4,15,3.6124027
1979-04-16,1979,4,16,4.3584478
1979-04-17,1979,4,17,5.0279107
1979-04-18,1979,4,18,4.4549578
1979-04-19,1979,4,19,3.9711799
1979-04-20,1979,4,20,4.2877573
1979-04-21,1979,4,21,4.5283455
1979-04-22,1979,4,22,4.9748946
1979-04-23,1979,4,23,4.5253651
1979-04-24,1979,4,24,5.306071
1979-04-25,1979,4,25,4.9162394
1979-04-26,1979,4,26,3.2341855
1979-04-27,1979,4,27,3.1037601
1979-04-28,1979,4,28,-1.3133059
1979-04-29,1979,4,29,-4.9149676
1979-04-30,1979,4,30,-2.6644414
1979-05-01,1979,5,1,1.1681855
1979-05-02,1979,5,2,-0.2862438
1979-05-03,1979,5,3,-3.6991447
1979-05-04,1979,5,4,-3.6384238
1979-05-05,1979,5,5,-1.0212404
1979-05-06,1979,5,6,-2.4552701
1979-05-07,1979,5,7,-3.0677515
1979-05-08,1979,5,8,-1.9884667
1979-05-09,1979,5,9,-0.53940245
1979-05-10,1979,5,10,0.18105905
1979-05-11,1979,5,11,-2.9547492
1979-05-12,1979,5,12,-3.8090187
1979-05-13,1979,5,13,-3.6411209
1979-05-14,1979,5,14,-2.2877807
1979-05-15,1979,5,15,-0.011375068
1979-05-16,1979,5,16,-0.10661153
1979-05-17,1979,5,17,-1.2977242
1979-05-18,1979,5,18,-2.0245112
1979-05-19,1979,5,19,0.5376065
1979-05-20,1979,5,20,1.5562503
1979-05-21,1979,5,21,-0.45364407
1979-05-22,1979,5,22,-1.2027076
1979-05-23,1979,5,23,1.4531628
1979-05-24,1979,5,24,2.6078974
1979-05-25,1979,5,25,-1.6450334
1979-05-26,1979,5,26,-3.4693329
1979-05-27,1979,5,27,0.29296858
1979-05-28,1979,5,28,-2.6193888
1979-05-29,1979,5,29,-6.6255517
1979-05-30,1979,5,30,-2.5331888
1979-05-31,1979,5,31,1.1839393
1979-06-01,1979,6,1,1.0813519
1979-06-02,1979,6,2,-1.4340106
1979-06-03,1979,6,3,-4.3218546
1979-06-04,1979,6,4,-7.3227864
1979-06-05,1979,6,5,-5.7849827
1979-06-06,1979,6,6,-9.359342
1979-06-07,1979,6,7,-7.0289797
1979-06-08,1979,6,8,-3.2158067
1979-06-09,1979,6,9,-3.1000142
1979-06-10,1979,6,10,-6.9431513
1979-06-11,1979,6,11,-7.9388229
1979-06-12,1979,6,12,-4.1580649
1979-06-13,1979,6,13,-4.2200668
1979-06-14,1979,6,14,-2.573031
1979-06-15,1979,6,15,-2.9586848
1979-06-16,1979,6,16,-1.4503045
1979-06-17,1979,6,17,-0.17154007
1979-06-18,1979,6,18,-0.73050843
1979-06-19,1979,6,19,-2.3326617
1979-06-20,1979,6,20,-2.4648836
1979-06-21,1979,6,21,-1.4275973
1979-06-22,1979,6,22,-2.9909923
1979-06-23,1979,6,23,-7.0766598
1979-06-24,1979,6,24,-5.9002203
1979-06-25,1979,6,25,-2.4307929
1979-06-26,1979,6,26,-2.0556656
1979-06-27,1979,6,27,-1.3256293
1979-06-28,1979,6,28,-1.5660422
1979-06-29,1979,6,29,-3.1138829
1979-06-30,1979,6,30,-5.4459976
1979-07-01,1979,7,1,-5.7131931
1979-07-02,1979,7,2,-5.3606693
1979-07-03,1979,7,3,-2.6631328
1979-07-04,1979,7,4,-3.0185665
1979-07-05,1979,7,5,-0.83289944
1979-07-06,1979,7,6,-1.4630193
1979-07-07,1979,7,7,-2.6845637
1979-07-08,1979,7,8,-1.2116494
1979-07-09,1979,7,9,1.0329358
1979-07-10,1979,7,10,0.28764595
1979-07-11,1979,7,11,0.085528325
1979-07-12,1979,7,12,0.48350042
1979-07-13,1979,7,13,-4.1237393
1979-07-14,1979,7,14,-5.4028634
1979-07-15,1979,7,15,-3.8182836
1979-07-16,1979,7,16,-2.5874355
1979-07-17,1979,7,17,-4.2612839
1979-07-18,1979,7,18,-8.7068935
1979-07-19,1979,7,19,-5.1271612
1979-07-20,1979,7,20,-1.1827952
1979-07-21,1979,7,21,-3.0653798
1979-07-22,1979,7,22,-3.9312051
1979-07-23,1979,7,23,-4.8579165
1979-07-24,1979,7,24,-7.3559045
1979-07-25,1979,7,25,-7.5932003
1979-07-26,1979,7,26,-5.1172622
1979-07-27,1979,7,27,-3.7732834
1979-07-28,1979,7,28,-2.698614
1979-07-29,1979,7,29,-2.2662359
1979-07-30,1979,7,30,-2.0940495
1979-07-31,1979,7,31,-6.079091
1979-08-01,1979,8,1,-7.1777528
1979-08-02,1979,8,2,-9.6774393
1979-08-03,1979,8,3,-7.6222523
1979-08-04,1979,8,4,-5.8907172
1979-08-05,1979,8,5,-4.9410695
1979-08-06,1979,8,6,-3.4959663
1979-08-07,1979,8,7,-2.7612105
1979-08-08,1979,8,8,-0.71154087
1979-08-09,1979,8,9,0.52901919
1979-08-10,1979,8,10,-0.047522026
1979-08-11,1979,8,11,-0.51465605
1979-08-12,1979,8,12,-1.5395648
1979-08-13,1979,8,13,-3.3338204
1979-08-14,1979,8,14,-2.3788208
1979-08-15,1979,8,15,-3.2813459
1979-08-16,1979,8,16,-7.7488296
1979-08-17,1979,8,17,-6.5466683
1979-08-18,1979,8,18,0.74824002
1979-08-19,1979,8,19,1.6443427
1979-08-20,1979,8,20,-0.022526806
1979-08-21,1979,8,21,-1.4076705
1979-08-22,1979,8,22,-0.46975675
1979-08-23,1979,8,23,0.50104947
1979-08-24,1979,8,24,-0.95976181
1979-08-25,1979,8,25,-5.0645966
1979-08-26,1979,8,26,-4.4483581
1979-08-27,1979,8,27,-5.0383835
1979-08-28,1979,8,28,-6.1419781
1979-08-29,1979,8,29,-2.3672015
1979-08-30,1979,8,30,-1.2891126
1979-08-31,1979,8,31,-5.0009516
1979-09-01,1979,9,1,-8.2856298
1979-09-02,1979,9,2,-8.0229136
1979-09-03,1979,9,3,-5.4108786
1979-09-04,1979,9,4,-2.0757615
1979-09-05,1979,9,5,0.089394803
1979-09-06,1979,9,6,-0.092816373
1979-09-07,1979,9,7,-1.7516181
1979-09-08,1979,9,8,-3.9335008
1979-09-09,1979,9,9,-4.7087778
1979-09-10,1979,9,10,-0.9793513
1979-09-11,1979,9,11,-4.5458102
1979-09-12,1979,9,12,-7.5443933
1979-09-13,1979,9,13,-8.7846412
1979-09-14,1979,9,14,-6.8346245
1979-09-15,1979,9,15,-8.2873929
1979-09-16,1979,9,16,-6.8891004
1979-09-17,1979,9,17,-7.865956
1979-09-18,1979,9,18,-4.7984467
1979-09-19,1979,9,19,-2.2430414
1979-09-20,1979,9,20,-2.2587947
1979-09-21,1979,9,21,-2.6709386
1979-09-22,1979,9,22,-0.89627527
1979-09-23,1979,9,23,-0.11226157
1979-09-24,1979,9,24,-2.2094878
1979-09-25,1979,9,25,-3.2552552
1979-09-26,1979,9,26,-3.13464
1979-09-27,1979,9,27,-6.0284381
1979-09-28,1979,9,28,-9.0046233
1979-09-29,1979,9,29,-9.7182208
1979-09-30,1979,9,30,-9.3436808
1979-10-01,1979,10,1,-7.7847065
1979-10-02,1979,10,2,-5.0381781
1979-10-03,1979,10,3,-5.109951
1979-10-04,1979,10,4,-3.8426136
1979-10-05,1979,10,5,-4.7955195
1979-10-06,1979,10,6,-4.2639535
1979-10-07,1979,10,7,-0.60689809
1979-10-08,1979,10,8,2.6977706
1979-10-09,1979,10,9,1.3128085
1979-10-10,1979,10,10,0.03091701
1979-10-11,1979,10,11,-0.997669
1979-10-12,1979,10,12,0.24933794
1979-10-13,1979,10,13,-2.3652931
1979-10-14,1979,10,14,-1.2763238
1979-10-15,1979,10,15,1.8094177
1979-10-16,1979,10,16,2.9901694
1979-10-17,1979,10,17,2.9492683
1979-10-18,1979,10,18,2.6082912
1979-10-19,1979,10,19,2.6704528
1979-10-20,1979,10,20,2.1121562
1979-10-21,1979,10,21,-1.4745588
1979-10-22,1979,10,22,-1.0714195
1979-10-23,1979,10,23,0.55007378
1979-10-24,1979,10,24,-0.11070981
1979-10-25,1979,10,25,-0.48627906
1979-10-26,1979,10,26,1.0261421
1979-10-27,1979,10,27,1.0481697
1979-10-28,1979,10,28,0.62656457
1979-10-29,1979,10,29,-2.3797085
1979-10-30,1979,10,30,-2.9806986
1979-10-31,1979,10,31,-0.82945348
1979-11-01,1979,11,1,-0.12008219
1979-11-02,1979,11,2,1.3753671
1979-11-03,1979,11,3,2.4455079
1979-11-04,1979,11,4,2.434651
1979-11-05,1979,11,5,2.963951
1979-11-06,1979,11,6,1.0440457
1979-11-07,1979,11,7,2.4448382
1979-11-08,1979,11,8,0.60011517
1979-11-09,1979,11,9,0.032994867
1979-11-10,1979,11,10,5.1872025
1979-11-11,1979,11,11,5.2417719
1979-11-12,1979,11,12,2.0497059
1979-11-13,1979,11,13,-1.37521
1979-11-14,1979,11,14,1.0040761
1979-11-15,1979,11,15,3.6748775
1979-11-16,1979,11,16,3.7970514
1979-11-17,1979,11,17,0.050851067
1979-11-18,1979,11,18,-0.53681106
1979-11-19,1979,11,19,2.2807395
1979-11-20,1979,11,20,2.0309459
1979-11-21,1979,11,21,1.2853872
1979-11-22,1979,11,22,-0.25181437
1979-11-23,1979,11,23,0.28407143
1979-11-24,1979,11,24,1.0637886
1979-11-25,1979,11,25,3.3855818
1979-11-26,1979,11,26,5.8484076
1979-11-27,1979,11,27,5.9526265
1979-11-28,1979,11,28,4.3199149
1979-11-29,1979,11,29,3.7305707
1979-11-30,1979,11,30,1.3253794
1979-12-01,1979,12,1,3.0978681
1979-12-02,1979,12,2,3.7976657
1979-12-03,1979,12,3,3.1716624
1979-12-04,1979,12,4,3.3683921
1979-12-05,1979,12,5,2.7554559
1979-12-06,1979,12,6,2.9395013
1979-12-07,1979,12,7,4.7174242
1979-12-08,1979,12,8,6.1093917
1979-12-09,1979,12,9,6.5349809
1979-12-10,1979,12,10,6.397186
1979-12-11,1979,12,11,5.7348189
1979-12-12,1979,12,12,6.1801087
1979-12-13,1979,12,13,5.3383031
1979-12-14,1979,12,14,3.516649
1979-12-15,1979,12,15,5.0908267
1979-12-16,1979,12,16,5.4303589
1979-12-17,1979,12,17,5.1095811
1979-12-18,1979,12,18,4.5637629
1979-12-19,1979,12,19,3.6241883
1979-12-20,1979,12,20,2.4722415
1979-12-21,1979,12,21,2.3427069
1979-12-22,1979,12,22,3.9811465
1979-12-23,1979,12,23,4.7764667
1979-12-24,1979,12,24,5.8921385
1979-12-25,1979,12,25,6.6824406
1979-12-26,1979,12,26,5.8499001
1979-12-27,1979,12,27,4.4851312
1979-12-28,1979,12,28,6.0918582
1979-12-29,1979,12,29,5.3992717
1979-12-30,1979,12,30,6.1324685
1979-12-31,1979,12,31,5.7283129
1980-01-01,1980,1,1,6.9511973
1980-01-02,1980,1,2,5.5894212
1980-01-03,1980,1,3,5.42916
1980-01-04,1980,1,4,4.3838261
1980-01-05,1980,1,5,3.1515804
1980-01-06,1980,1,6,5.5875642
1980-01-07,1980,1,7,4.8426988
1980-01-08,1980,1,8,6.270804
1980-01-09,1980,1,9,4.9362456
1980-01-10,1980,1,10,7.01239
1980-01-11,1980,1,11,5.9578392
1980-01-12,1980,1,12,6.2542336
1980-01-13,1980,1,13,7.6548897
1980-01-14,1980,1,14,7.0602613
1980-01-15,1980,1,15,5.0667108
1980-01-16,1980,1,16,6.1812166
1980-01-17,1980,1,17,6.0503591
1980-01-18,1980,1,18,6.3900522
1980-01-19,1980,1,19,8.006459
1980-01-20,1980,1,20,9.3963184
1980-01-21,1980,1,21,9.3536238
1980-01-22,1980,1,22,8.1785602
1980-01-23,1980,1,23,6.8053212
1980-01-24,1980,1,24,6.5933742
1980-01-25,1980,1,25,7.6170798
1980-01-26,1980,1,26,6.4433944
1980-01-27,1980,1,27,6.7769029
1980-01-28,1980,1,28,7.6608882
1980-01-29,1980,1,29,7.0054558
1980-01-30,1980,1,30,6.2953264
1980-01-31,1980,1,31,6.4244877
1980-02-01,1980,2,1,5.5629598
1980-02-02,1980,2,2,3.8245765
1980-02-03,1980,2,3,3.9182144
1980-02-04,1980,2,4,4.4703173
1980-02-05,1980,2,5,3.4006634
1980-02-06,1980,2,6,3.9326461
1980-02-07,1980,2,7,4.5063049
1980-02-08,1980,2,8,5.3898271
1980-02-09,1980,2,9,2.6795663
1980-02-10,1980,2,10,-1.8594849
1980-02-11,1980,2,11,3.7510106
1980-02-12,1980,2,12,6.5060359
1980-02-13,1980,2,13,7.456261
1980-02-14,1980,2,14,8.1117158
1980-02-15,1980,2,15,6.6518701
1980-02-16,1980,2,16,10.202652
1980-02-17,1980,2,17,9.51778
1980-02-18,1980,2,18,7.7252851
1980-02-19,1980,2,19,7.1480355
1980-02-20,1980,2,20,6.4599052
1980-02-21,1980,2,21,7.1982249
1980-02-22,1980,2,22,5.6031095
1980-02-23,1980,2,23,4.418102
1980-02-24,1980,2,24,3.6323266
1980-02-25,1980,2,25,6.1019699
1980-02-26,1980,2,26,5.2388376
1980-02-27,1980,2,27,5.2590584
1980-02-28,1980,2,28,5.5403403
1980-02-29,1980,2,29,3.3857783
1980-03-01,1980,3,1,3.7074073
1980-03-02,1980,3,2,5.646156
1980-03-03,1980,3,3,6.8740589
1980-03-04,1980,3,4,5.8447143
1980-03-05,1980,3,5,4.6132206
1980-03-06,1980,3,6,4.9324113
1980-03-07,1980,3,7,6.409058
1980-03-08,1980,3,8,7.4330614
1980-03-09,1980,3,9,8.389242
1980-03-10,1980,3,10,8.1951671
1980-03-11,1980,3,11,7.6937137
1980-03-12,1980,3,12,7.0791247
1980-03-13,1980,3,13,7.9798721
1980-03-14,1980,3,14,6.6530147
1980-03-15,1980,3,15,7.2685144
1980-03-16,1980,3,16,8.2857093
1980-03-17,1980,3,17,9.8463851
1980-03-18,1980,3,18,9.9041566
1980-03-19,1980,3,19,10.426147
1980-03-20,1980,3,20,9.9647419
1980-03-21,1980,3,21,9.343723
1980-03-22,1980,3,22,7.689244
1980-03-23,1980,3,23,6.4128509
1980-03-24,1980,3,24,5.9100461
1980-03-25,1980,3,25,4.7835441
1980-03-26,1980,3,26,7.189641
1980-03-27,1980,3,27,9.3600953
1980-03-28,1980,3,28,8.2598841
1980-03-29,1980,3,29,8.7626129
1980-03-30,1980,3,30,6.9402575
1980-03-31,1980,3,31,6.8797758
1980-04-01,1980,4,1,5.6611224
1980-04-02,1980,4,2,4.3881304
1980-04-03,1980,4,3,4.4569849
1980-04-04,1980,4,4,4.4475257
1980-04-05,1980,4,5,4.0741794
1980-04-06,1980,4,6,4.4769797
1980-04-07,1980,4,7,3.7726596
1980-04-08,1980,4,8,1.471442
1980-04-09,1980,4,9,0.18647355
1980-04-10,1980,4,10,-0.037216658
1980-04-11,1980,4,11,-2.1187264
1980-04-12,1980,4,12,-3.8005307
1980-04-13,1980,4,13,-7.8671316
1980-04-14,1980,4,14,-8.3169555
1980-04-15,1980,4,15,-4.881594
1980-04-16,1980,4,16,-0.94074501
1980-04-17,1980,4,17,-0.39960213
1980-04-18,1980,4,18,-0.0015805005
1980-04-19,1980,4,19,1.8088692
1980-04-20,1980,4,20,3.557464
1980-04-21,1980,4,21,2.9297569
1980-04-22,1980,4,22,0.73170258
1980-04-23,1980,4,23,0.045257918
1980-04-24,1980,4,24,1.4723735
1980-04-25,1980,4,25,-0.16375657
1980-04-26,1980,4,26,0.36577093
1980-04-27,1980,4,27,0.50942183
1980-04-28,1980,4,28,0.030345723
1980-04-29,1980,4,29,-1.6640432
1980-04-30,1980,4,30,-4.4303333
1980-05-01,1980,5,1,-1.9633071
1980-05-02,1980,5,2,-1.5235841
1980-05-03,1980,5,3,-0.45580434
1980-05-04,1980,5,4,-2.2954642
1980-05-05,1980,5,5,-3.1266584
1980-05-06,1980,5,6,-0.87288288
1980-05-07,1980,5,7,-3.5253321
1980-05-08,1980,5,8,-1.6248352
1980-05-09,1980,5,9,-3.1457799
1980-05-10,1980,5,10,-1.606163
1980-05-11,1980,5,11,1.2556974
1980-05-12,1980,5,12,1.320545
1980-05-13,1980,5,13,0.45836949
1980-05-14,1980,5,14,-0.40072059
1980-05-15,1980,5,15,-1.1372316
1980-05-16,1980,5,16,-1.4989385
1980-05-17,1980,5,17,0.36792116
1980-05-18,1980,5,18,-0.60749327
1980-05-19,1980,5,19,-1.9062768
1980-05-20,1980,5,20,-0.99853084
1980-05-21,1980,5,21,-0.49748808
1980-05-22,1980,5,22,2.3347477
1980-05-23,1980,5,23,-0.77795531
1980-05-24,1980,5,24,-3.3005541
1980-05-25,1980,5,25,0.53135723
1980-05-26,1980,5,26,-0.25899851
1980-05-27,1980,5,27,-1.8746212
1980-05-28,1980,5,28,-1.6441324
1980-05-29,1980,5,29,-0.18254225
1980-05-30,1980,5,30,0.15724036
1980-05-31,1980,5,31,0.20886046
1980-06-01,1980,6,1,1.5289223
1980-06-02,1980,6,2,1.2864463
1980-06-03,1980,6,3,1.5802758
1980-06-04,1980,6,4,1.2435506
1980-06-05,1980,6,5,-0.072331735
1980-06-06,1980,6,6,-1.2879777
1980-06-07,1980,6,7,-2.0225066
1980-06-08,1980,6,8,-4.8919945
1980-06-09,1980,6,9,-5.7038781
1980-06-10,1980,6,10,-5.2094323
1980-06-11,1980,6,11,-5.5676196
1980-06-12,1980,6,12,-7.3568972
1980-06-13,1980,6,13,-6.7817577
1980-06-14,1980,6,14,-2.5330669
1980-06-15,1980,6,15,-1.6369067
1980-06-16,1980,6,16,-1.9045821
1980-06-17,1980,6,17,-0.53073277
1980-06-18,1980,6,18,-0.98991866
1980-06-19,1980,6,19,-0.2629736
1980-06-20,1980,6,20,1.1900194
1980-06-21,1980,6,21,-0.017351517
1980-06-22,1980,6,22,-0.33042816
1980-06-23,1980,6,23,-3.8803483
1980-06-24,1980,6,24,-8.2362816
1980-06-25,1980,6,25,-10.183806
1980-06-26,1980,6,26,-7.7083316
1980-06-27,1980,6,27,-3.6946298
1980-06-28,1980,6,28,-3.507548
1980-06-29,1980,6,29,-5.4186871
1980-06-30,1980,6,30,-8.9494203
1980-07-01,1980,7,1,-7.7979559
1980-07-02,1980,7,2,-4.2202517
1980-07-03,1980,7,3,-3.5622749
1980-07-04,1980,7,4,-3.6724903
1980-07-05,1980,7,5,-4.2512849
1980-07-06,1980,7,6,-6.2625333
1980-07-07,1980,7,7,-8.8344446
1980-07-08,1980,7,8,-7.7023425
1980-07-09,1980,7,9,-7.0259994
1980-07-10,1980,7,10,-5.3629732
1980-07-11,1980,7,11,-5.8807925
1980-07-12,1980,7,12,-5.4955241
1980-07-13,1980,7,13,-5.3219202
1980-07-14,1980,7,14,-3.3860678
1980-07-15,1980,7,15,-1.0665821
1980-07-16,1980,7,16,-3.0106551
1980-07-17,1980,7,17,-4.2526401
1980-07-18,1980,7,18,-5.372795
1980-07-19,1980,7,19,-6.9702047
1980-07-20,1980,7,20,-6.890328
1980-07-21,1980,7,21,-3.5472914
1980-07-22,1980,7,22,-2.0429782
1980-07-23,1980,7,23,-2.3768446
1980-07-24,1980,7,24,-5.136996
1980-07-25,1980,7,25,-8.1755418
1980-07-26,1980,7,26,-8.5442933
1980-07-27,1980,7,27,-6.8588555
1980-07-28,1980,7,28,-7.4697815
1980-07-29,1980,7,29,-8.5180355
1980-07-30,1980,7,30,-9.194725
1980-07-31,1980,7,31,-1.4695766
1980-08-01,1980,8,1,-1.0300287
1980-08-02,1980,8,2,-4.2667582
1980-08-03,1980,8,3,-8.4556306
1980-08-04,1980,8,4,-9.0187747
1980-08-05,1980,8,5,-6.1867231
1980-08-06,1980,8,6,-5.9698998
1980-08-07,1980,8,7,-8.1931537
1980-08-08,1980,8,8,-6.3415187
1980-08-09,1980,8,9,-3.8273027
1980-08-10,1980,8,10,-2.9456267
1980-08-11,1980,8,11,-1.6893457
1980-08-12,1980,8,12,-2.6042605
1980-08-13,1980,8,13,-2.0046003
1980-08-14,1980,8,14,1.5618575
1980-08-15,1980,8,15,0.24931696
1980-08-16,1980,8,16,-3.674403
1980-08-17,1980,8,17,-3.7607393
1980-08-18,1980,8,18,-5.1952844
1980-08-19,1980,8,19,-9.0589332
1980-08-20,1980,8,20,-6.1834666
1980-08-21,1980,8,21,-8.3592811
1980-08-22,1980,8,22,-6.7613483
1980-08-23,1980,8,23,-5.6556307
1980-08-24,1980,8,24,-6.2644961
1980-08-25,1980,8,25,-6.3397267
1980-08-26,1980,8,26,-3.5724251
1980-08-27,1980,8,27,-1.0578719
1980-08-28,1980,8,28,-2.3081905
1980-08-29,1980,8,29,-1.8685052
1980-08-30,1980,8,30,-4.9673893
1980-08-31,1980,8,31,-6.5016886
1980-09-01,1980,9,1,-4.7383207
1980-09-02,1980,9,2,-4.0717683
1980-09-03,1980,9,3,-0.33393496
1980-09-04,1980,9,4,1.2952774
1980-09-05,1980,9,5,1.6464898
1980-09-06,1980,9,6,0.97991157
1980-09-07,1980,9,7,-2.806389
1980-09-08,1980,9,8,-6.1319188
1980-09-09,1980,9,9,-0.51623615
1980-09-10,1980,9,10,1.2245905
1980-09-11,1980,9,11,1.1679432
1980-09-12,1980,9,12,1.4216588
1980-09-13,1980,9,13,-1.637386
1980-09-14,1980,9,14,-4.9809136
1980-09-15,1980,9,15,-5.4381725
1980-09-16,1980,9,16,-2.6180015
1980-09-17,1980,9,17,-4.6821754
1980-09-18,1980,9,18,-5.3586065
1980-09-19,1980,9,19,-5.506835
1980-09-20,1980,9,20,-7.0431127
1980-09-21,1980,9,21,-4.1420675
1980-09-22,1980,9,22,-3.4356077
1980-09-23,1980,9,23,-0.74250583
1980-09-24,1980,9,24,-1.8463562
1980-09-25,1980,9,25,-1.0921049
1980-09-26,1980,9,26,-4.1937524
1980-09-27,1980,9,27,-5.4340791
1980-09-28,1980,9,28,-1.1277873
1980-09-29,1980,9,29,-2.7844452
1980-09-30,1980,9,30,-4.1940364
1980-10-01,1980,10,1,-4.2496241
1980-10-02,1980,10,2,-5.8722155
1980-10-03,1980,10,3,-5.3077492
1980-10-04,1980,10,4,-4.1210077
1980-10-05,1980,10,5,-0.74118012
1980-10-06,1980,10,6,-1.6097649
1980-10-07,1980,10,7,-6.2367003
1980-10-08,1980,10,8,-2.0404873
1980-10-09,1980,10,9,-0.050195149
1980-10-10,1980,10,10,-2.77744
1980-10-11,1980,10,11,-2.8792176
1980-10-12,1980,10,12,-1.4814229
1980-10-13,1980,10,13,0.87312418
1980-10-14,1980,10,14,-0.65624846
1980-10-15,1980,10,15,1.9230731
1980-10-16,1980,10,16,0.056173511
1980-10-17,1980,10,17,-0.81790703
1980-10-18,1980,10,18,-1.0253138
1980-10-19,1980,10,19,-0.64687126
1980-10-20,1980,10,20,-1.2541592
1980-10-21,1980,10,21,-2.4760411
1980-10-22,1980,10,22,-3.5270189
1980-10-23,1980,10,23,-2.1753587
1980-10-24,1980,10,24,-2.3555951
1980-10-25,1980,10,25,-1.086068
1980-10-26,1980,10,26,-0.58331351
1980-10-27,1980,10,27,0.41038292
1980-10-28,1980,10,28,2.4985999
1980-10-29,1980,10,29,0.32426486
1980-10-30,1980,10,30,-1.0962499
1980-10-31,1980,10,31,3.2483748
1980-11-01,1980,11,1,3.1918938
1980-11-02,1980,11,2,2.2233351
1980-11-03,1980,11,3,1.831565
1980-11-04,1980,11,4,3.2470913
1980-11-05,1980,11,5,0.6944837
1980-11-06,1980,11,6,0.25009778
1980-11-07,1980,11,7,-1.1972202
1980-11-08,1980,11,8,-3.9199205
1980-11-09,1980,11,9,-3.2530992
1980-11-10,1980,11,10,-3.0770669
1980-11-11,1980,11,11,-1.3925894
1980-11-12,1980,11,12,2.2319786
1980-11-13,1980,11,13,3.3286954
1980-11-14,1980,11,14,2.3761148
1980-11-15,1980,11,15,1.7762433
1980-11-16,1980,11,16,2.92942
1980-11-17,1980,11,17,3.1163261
1980-11-18,1980,11,18,0.39255102
1980-11-19,1980,11,19,0.66125553
1980-11-20,1980,11,20,-0.87766326
1980-11-21,1980,11,21,-0.27007043
1980-11-22,1980,11,22,0.31478295
1980-11-23,1980,11,23,1.3755556
1980-11-24,1980,11,24,3.6066934
1980-11-25,1980,11,25,3.5668105
1980-11-26,1980,11,26,3.2223348
1980-11-27,1980,11,27,3.6431044
1980-11-28,1980,11,28,2.1612713
1980-11-29,1980,11,29,4.8615865
1980-11-30,1980,11,30,4.8954009
1980-12-01,1980,12,1,7.0124567
1980-12-02,1980,12,2,6.3869594
1980-12-03,1980,12,3,6.6950253
1980-12-04,1980,12,4,5.5053544
1980-12-05,1980,12,5,4.7690347
1980-12-06,1980,12,6,5.8790008
1980-12-07,1980,12,7,7.6440579
1980-12-08,1980,12,8,6.8205727
1980-12-09,1980,12,9,5.2006435
1980-12-10,1980,12,10,4.5054248
1980-12-11,1980,12,11,5.1090067
1980-12-12,1980,12,12,4.6194775
1980-12-13,1980,12,13,5.0314757
1980-12-14,1980,12,14,7.4237589
1980-12-15,1980,12,15,7.8125153
1980-12-16,1980,12,16,6.1349498
1980-12-17,1980,12,17,5.0821842
1980-12-18,1980,12,18,1.2978464
1980-12-19,1980,12,19,0.38777255
1980-12-20,1980,12,20,0.83827188
1980-12-21,1980,12,21,2.9081824
1980-12-22,1980,12,22,5.0661573
1980-12-23,1980,12,23,5.7101737
1980-12-24,1980,12,24,5.1788397
1980-12-25,1980,12,25,3.9407354
1980-12-26,1980,12,26,4.922629
1980-12-27,1980,12,27,4.007417
1980-12-28,1980,12,28,4.7585434
1980-12-29,1980,12,29,3.7468117
1980-12-30,1980,12,30,4.0883732
1980-12-31,1980,12,31,3.3663936
1981-01-01,1981,1,1,3.8150009
1981-01-02,1981,1,2,3.513047
1981-01-03,1981,1,3,3.95696
1981-01-04,1981,1,4,5.3388356
1981-01-05,1981,1,5,5.4003411
1981-01-06,1981,1,6,4.0049505
1981-01-07,1981,1,7,6.1646359
1981-01-08,1981,1,8,5.4284393
1981-01-09,1981,1,9,5.0406512
1981-01-10,1981,1,10,4.9758387
1981-01-11,1981,1,11,4.8428575
1981-01-12,1981,1,12,5.2110622
1981-01-13,1981,1,13,4.9858351
1981-01-14,1981,1,14,6.5454459
1981-01-15,1981,1,15,4.212798
1981-01-16,1981,1,16,2.9712513
1981-01-17,1981,1,17,3.3659365
1981-01-18,1981,1,18,3.0740734
1981-01-19,1981,1,19,3.9037606
1981-01-20,1981,1,20,4.079862
1981-01-21,1981,1,21,6.5142902
1981-01-22,1981,1,22,5.3754986
1981-01-23,1981,1,23,4.1280818
1981-01-24,1981,1,24,4.9211003
1981-01-25,1981,1,25,4.9148167
1981-01-26,1981,1,26,4.6734887
1981-01-27,1981,1,27,4.725164
1981-01-28,1981,1,28,6.8245394
1981-01-29,1981,1,29,7.8286597
1981-01-30,1981,1,30,7.7871656
1981-01-31,1981,1,31,6.3185077
1981-02-01,1981,2,1,5.0029493
1981-02-02,1981,2,2,5.2598453
1981-02-03,1981,2,3,5.8920615
1981-02-04,1981,2,4,7.9789575
1981-02-05,1981,2,5,7.4320932
1981-02-06,1981,2,6,6.1813891
1981-02-07,1981,2,7,5.133932
1981-02-08,1981,2,8,6.1664599
1981-02-09,1981,2,9,6.6804147
1981-02-10,1981,2,10,4.7398413
1981-02-11,1981,2,11,5.6736631
1981-02-12,1981,2,12,1.7970047
1981-02-13,1981,2,13,2.5411178
1981-02-14,1981,2,14,3.0346603
1981-02-15,1981,2,15,3.6236187
1981-02-16,1981,2,16,6.9777926
1981-02-17,1981,2,17,6.5748012
1981-02-18,1981,2,18,7.7726172
1981-02-19,1981,2,19,8.3577984
1981-02-20,1981,2,20,8.915594
1981-02-21,1981,2,21,9.497294
1981-02-22,1981,2,22,9.7576793
1981-02-23,1981,2,23,10.470475
1981-02-24,1981,2,24,9.8562626
1981-02-25,1981,2,25,8.5702128
1981-02-26,1981,2,26,8.9809612
1981-02-27,1981,2,27,9.6097111
1981-02-28,1981,2,28,10.540149
1981-03-01,1981,3,1,9.3095295
1981-03-02,1981,3,2,8.2952944
1981-03-03,1981,3,3,8.7569605
1981-03-04,1981,3,4,7.8564163
1981-03-05,1981,3,5,6.9320584
1981-03-06,1981,3,6,5.8198406
1981-03-07,1981,3,7,5.1407069
1981-03-08,1981,3,8,5.4557286
1981-03-09,1981,3,9,6.5808532
1981-03-10,1981,3,10,5.7345922
1981-03-11,1981,3,11,4.006314
1981-03-12,1981,3,12,3.6246096
1981-03-13,1981,3,13,2.6254026
1981-03-14,1981,3,14,1.6135658
1981-03-15,1981,3,15,2.2301161
1981-03-16,1981,3,16,4.7073924
1981-03-17,1981,3,17,6.7302037
1981-03-18,1981,3,18,5.9802342
1981-03-19,1981,3,19,5.3027991
1981-03-20,1981,3,20,5.9266482
1981-03-21,1981,3,21,6.677493
1981-03-22,1981,3,22,4.4859665
1981-03-23,1981,3,23,2.2093904
1981-03-24,1981,3,24,5.4306893
1981-03-25,1981,3,25,7.0646314
1981-03-26,1981,3,26,6.9177243
1981-03-27,1981,3,27,4.4132409
1981-03-28,1981,3,28,4.6104305
1981-03-29,1981,3,29,5.1720639
1981-03-30,1981,3,30,3.4033259
1981-03-31,1981,3,31,3.8365321
1981-04-01,1981,4,1,2.8737912
1981-04-02,1981,4,2,3.5877825
1981-04-03,1981,4,3,3.7072831
1981-04-04,1981,4,4,5.2872051
1981-04-05,1981,4,5,4.996705
1981-04-06,1981,4,6,4.2229665
1981-04-07,1981,4,7,5.2922903
1981-04-08,1981,4,8,6.0186054
1981-04-09,1981,4,9,5.197001
1981-04-10,1981,4,10,4.4060196
1981-04-11,1981,4,11,4.7147723
1981-04-12,1981,4,12,4.8513491
1981-04-13,1981,4,13,5.222244
1981-04-14,1981,4,14,4.158227
1981-04-15,1981,4,15,3.9292107
1981-04-16,1981,4,16,3.9196374
1981-04-17,1981,4,17,4.5763658
1981-04-18,1981,4,18,4.4913141
1981-04-19,1981,4,19,2.2785928
1981-04-20,1981,4,20,2.6575789
1981-04-21,1981,4,21,1.599202
1981-04-22,1981,4,22,0.66066499
1981-04-23,1981,4,23,0.99753008
1981-04-24,1981,4,24,1.688384
1981-04-25,1981,4,25,-1.5318936
1981-04-26,1981,4,26,-2.2140781
1981-04-27,1981,4,27,-2.7732502
1981-04-28,1981,4,28,-3.5618421
1981-04-29,1981,4,29,1.0421781
1981-04-30,1981,4,30,-0.25885014
1981-05-01,1981,5,1,0.95470988
1981-05-02,1981,5,2,0.41727976
1981-05-03,1981,5,3,-0.42733977
1981-05-04,1981,5,4,0.72510736
1981-05-05,1981,5,5,1.9927233
1981-05-06,1981,5,6,2.4692999
1981-05-07,1981,5,7,1.2256002
1981-05-08,1981,5,8,-1.1496276
1981-05-09,1981,5,9,-2.8790337
1981-05-10,1981,5,10,-0.72291878
1981-05-11,1981,5,11,-0.22464928
1981-05-12,1981,5,12,-1.2006112
1981-05-13,1981,5,13,-4.2919533
1981-05-14,1981,5,14,-1.1519614
1981-05-15,1981,5,15,-1.1265274
1981-05-16,1981,5,16,-2.057117
1981-05-17,1981,5,17,-1.0767589
1981-05-18,1981,5,18,-1.4259468
1981-05-19,1981,5,19,-1.7904019
1981-05-20,1981,5,20,0.48331184
1981-05-21,1981,5,21,1.2481692
1981-05-22,1981,5,22,0.35937899
1981-05-23,1981,5,23,0.10389652
1981-05-24,1981,5,24,-2.1550963
1981-05-25,1981,5,25,-1.3334826
1981-05-26,1981,5,26,-0.20082203
1981-05-27,1981,5,27,0.069659444
1981-05-28,1981,5,28,0.13178965
1981-05-29,1981,5,29,-0.48412197
1981-05-30,1981,5,30,-2.3969003
1981-05-31,1981,5,31,-3.2589688
1981-06-01,1981,6,1,-6.3963964
1981-06-02,1981,6,2,-6.9577303
1981-06-03,1981,6,3,-1.6992603
1981-06-04,1981,6,4,-1.3235566
1981-06-05,1981,6,5,-2.607609
1981-06-06,1981,6,6,-4.6581865
1981-06-07,1981,6,7,-0.95527667
1981-06-08,1981,6,8,-2.4892174
1981-06-09,1981,6,9,-5.6746233
1981-06-10,1981,6,10,-6.6808394
1981-06-11,1981,6,11,-4.3094246
1981-06-12,1981,6,12,-4.1019897
1981-06-13,1981,6,13,-2.477244
1981-06-14,1981,6,14,-1.410634
1981-06-15,1981,6,15,-2.1946504
1981-06-16,1981,6,16,-1.5587527
1981-06-17,1981,6,17,-1.9988442
1981-06-18,1981,6,18,-1.4713229
1981-06-19,1981,6,19,-2.4329156
1981-06-20,1981,6,20,-3.4619787
1981-06-21,1981,6,21,-10.13468
1981-06-22,1981,6,22,-8.8514582
1981-06-23,1981,6,23,-4.1668509
1981-06-24,1981,6,24,-2.8428886
1981-06-25,1981,6,25,-4.4058311
1981-06-26,1981,6,26,-4.1107473
1981-06-27,1981,6,27,-7.6935435
1981-06-28,1981,6,28,-6.5759952
1981-06-29,1981,6,29,-3.8637202
1981-06-30,1981,6,30,-3.474203
1981-07-01,1981,7,1,-6.2133111
1981-07-02,1981,7,2,-4.8004679
1981-07-03,1981,7,3,-1.8617818
1981-07-04,1981,7,4,-2.0627453
1981-07-05,1981,7,5,-0.66821318
1981-07-06,1981,7,6,-3.7059613
1981-07-07,1981,7,7,-2.3367792
1981-07-08,1981,7,8,-4.2526312
1981-07-09,1981,7,9,-8.807353
1981-07-10,1981,7,10,-6.7268893
1981-07-11,1981,7,11,-5.2227455
1981-07-12,1981,7,12,-5.2010798
1981-07-13,1981,7,13,-5.6382847
1981-07-14,1981,7,14,-7.1282453
1981-07-15,1981,7,15,-8.6806462
1981-07-16,1981,7,16,-11.269506
1981-07-17,1981,7,17,-9.1674086
1981-07-18,1981,7,18,-8.0853425
1981-07-19,1981,7,19,-3.5136794
1981-07-20,1981,7,20,-4.7461462
1981-07-21,1981,7,21,-9.6316299
1981-07-22,1981,7,22,-12.613422
1981-07-23,1981,7,23,-6.3010494
1981-07-24,1981,7,24,-2.7872164
1981-07-25,1981,7,25,-1.9700776
1981-07-26,1981,7,26,-2.91142
1981-07-27,1981,7,27,-2.8139604
1981-07-28,1981,7,28,-4.5227575
1981-07-29,1981,7,29,-6.1633345
1981-07-30,1981,7,30,-5.1678175
1981-07-31,1981,7,31,-3.9366606
1981-08-01,1981,8,1,-2.6090569
1981-08-02,1981,8,2,-3.6024058
1981-08-03,1981,8,3,-4.1088765
1981-08-04,1981,8,4,-4.3232311
1981-08-05,1981,8,5,-4.7388075
1981-08-06,1981,8,6,-5.5548429
1981-08-07,1981,8,7,-7.3122529
1981-08-08,1981,8,8,-8.9338745
1981-08-09,1981,8,9,-3.253546
1981-08-10,1981,8,10,-2.6860857
1981-08-11,1981,8,11,-3.8606198
1981-08-12,1981,8,12,-4.648441
1981-08-13,1981,8,13,-3.2406729
1981-08-14,1981,8,14,-2.648665
1981-08-15,1981,8,15,-3.1449279
1981-08-16,1981,8,16,-3.7556788
1981-08-17,1981,8,17,-2.2238124
1981-08-18,1981,8,18,-1.9044345
1981-08-19,1981,8,19,-1.4637322
1981-08-20,1981,8,20,-0.94415257
1981-08-21,1981,8,21,-1.4401587
1981-08-22,1981,8,22,-1.9411901
1981-08-23,1981,8,23,-3.0216989
1981-08-24,1981,8,24,-3.6880143
1981-08-25,1981,8,25,-2.5531587
1981-08-26,1981,8,26,-3.1192442
1981-08-27,1981,8,27,-4.4917597
1981-08-28,1981,8,28,-4.6383898
1981-08-29,1981,8,29,-4.4120878
1981-08-30,1981,8,30,-3.6804155
1981-08-31,1981,8,31,-7.9785364
1981-09-01,1981,9,1,-5.6003216
1981-09-02,1981,9,2,-4.4803136
1981-09-03,1981,9,3,-6.121642
1981-09-04,1981,9,4,-1.4646195
1981-09-05,1981,9,5,-0.52737129
1981-09-06,1981,9,6,-0.77055234
1981-09-07,1981,9,7,-2.363564
1981-09-08,1981,9,8,-4.2984074
1981-09-09,1981,9,9,-6.2692868
1981-09-10,1981,9,10,-6.8877915
1981-09-11,1981,9,11,-5.2398273
1981-09-12,1981,9,12,-6.0506704
1981-09-13,1981,9,13,-10.022781
1981-09-14,1981,9,14,-8.3455249
1981-09-15,1981,9,15,-2.3078732
1981-09-16,1981,9,16,-1.6976021
1981-09-17,1981,9,17,-2.2069394
1981-09-18,1981,9,18,-2.8361952
1981-09-19,1981,9,19,-3.6485165
1981-09-20,1981,9,20,-4.2471083
1981-09-21,1981,9,21,-3.8526942
1981-09-22,1981,9,22,-2.2599955
1981-09-23,1981,9,23,-1.381794
1981-09-24,1981,9,24,1.1416259
1981-09-25,1981,9,25,1.4939618
1981-09-26,1981,9,26,0.74578791
1981-09-27,1981,9,27,-0.39048418
1981-09-28,1981,9,28,-3.434026
1981-09-29,1981,9,29,-2.6297639
1981-09-30,1981,9,30,-0.041542273
1981-10-01,1981,10,1,-0.48617159
1981-10-02,1981,10,2,-3.1270979
1981-10-03,1981,10,3,-6.2237975
1981-10-04,1981,10,4,-5.599131
1981-10-05,1981,10,5,-7.8586093
1981-10-06,1981,10,6,-7.6878367
1981-10-07,1981,10,7,-5.038168
1981-10-08,1981,10,8,-4.6523755
1981-10-09,1981,10,9,-4.9744756
1981-10-10,1981,10,10,-5.9600218
1981-10-11,1981,10,11,-4.3826361
1981-10-12,1981,10,12,-5.3977174
1981-10-13,1981,10,13,-1.7132621
1981-10-14,1981,10,14,-2.3289559
1981-10-15,1981,10,15,-5.2483352
1981-10-16,1981,10,16,-0.94487461
1981-10-17,1981,10,17,-1.4588359
1981-10-18,1981,10,18,-3.635323
1981-10-19,1981,10,19,-0.12646489
1981-10-20,1981,10,20,-0.063068632
1981-10-21,1981,10,21,0.8111429
1981-10-22,1981,10,22,2.285889
1981-10-23,1981,10,23,2.1443248
1981-10-24,1981,10,24,3.3535868
1981-10-25,1981,10,25,1.3894648
1981-10-26,1981,10,26,1.0070636
1981-10-27,1981,10,27,2.3400249
1981-10-28,1981,10,28,2.0953071
1981-10-29,1981,10,29,1.6964285
1981-10-30,1981,10,30,2.4624789
1981-10-31,1981,10,31,1.4518354
1981-11-01,1981,11,1,1.5834885
1981-11-02,1981,11,2,1.4270041
1981-11-03,1981,11,3,0.71690774
1981-11-04,1981,11,4,0.54122888
1981-11-05,1981,11,5,-0.76854498
1981-11-06,1981,11,6,0.71496486
1981-11-07,1981,11,7,1.9985644
1981-11-08,1981,11,8,0.58875823
1981-11-09,1981,11,9,2.7360643
1981-11-10,1981,11,10,3.597811
1981-11-11,1981,11,11,2.3810776
1981-11-12,1981,11,12,3.9454156
1981-11-13,1981,11,13,5.2158572
1981-11-14,1981,11,14,4.7709318
1981-11-15,1981,11,15,3.3115567
1981-11-16,1981,11,16,4.3411606
1981-11-17,1981,11,17,2.0398834
1981-11-18,1981,11,18,1.4339769
1981-11-19,1981,11,19,2.9319562
1981-11-20,1981,11,20,4.2471747
1981-11-21,1981,11,21,2.1601549
1981-11-22,1981,11,22,1.6685097
1981-11-23,1981,11,23,2.6948554
1981-11-24,1981,11,24,1.829506
1981-11-25,1981,11,25,3.7691313
1981-11-26,1981,11,26,5.6665694
1981-11-27,1981,11,27,3.5783853
1981-11-28,1981,11,28,3.4943737
1981-11-29,1981,11,29,1.4666145
1981-11-30,1981,11,30,-1.0206923
1981-12-01,1981,12,1,0.0013887959
1981-12-02,1981,12,2,2.286244
1981-12-03,1981,12,3,3.3628509
1981-12-04,1981,12,4,1.8159403
1981-12-05,1981,12,5,1.0858631
1981-12-06,1981,12,6,2.6143655
1981-12-07,1981,12,7,3.89303
1981-12-08,1981,12,8,6.3243793
1981-12-09,1981,12,9,6.769071
1981-12-10,1981,12,10,5.3430157
1981-12-11,1981,12,11,5.2864306
1981-12-12,1981,12,12,6.4467308
1981-12-13,1981,12,13,5.4140731
1981-12-14,1981,12,14,3.8804754
1981-12-15,1981,12,15,3.7521598
1981-12-16,1981,12,16,4.8751957
1981-12-17,1981,12,17,2.9608777
1981-12-18,1981,12,18,4.2323227
1981-12-19,1981,12,19,3.8192202
1981-12-20,1981,12,20,3.5909042
1981-12-21,1981,12,21,2.9195064
1981-12-22,1981,12,22,3.2022943
1981-12-23,1981,12,23,7.6627371
1981-12-24,1981,12,24,8.5986954
1981-12-25,1981,12,25,7.7022586
1981-12-26,1981,12,26,7.1563006
1981-12-27,1981,12,27,8.2306021
1981-12-28,1981,12,28,8.4870741
1981-12-29,1981,12,29,7.8095486
1981-12-30,1981,12,30,7.8052972
1981-12-31,1981,12,31,8.6803072
1982-01-01,1982,1,1,7.6682093
1982-01-02,1982,1,2,7.7467078
1982-01-03,1982,1,3,8.2697105
1982-01-04,1982,1,4,7.6581761
1982-01-05,1982,1,5,6.3797215
1982-01-06,1982,1,6,5.7314839
1982-01-07,1982,1,7,4.9368751
1982-01-08,1982,1,8,4.2474431
1982-01-09,1982,1,9,4.3560861
1982-01-10,1982,1,10,5.8894166
1982-01-11,1982,1,11,6.6025401
1982-01-12,1982,1,12,4.9604291
1982-01-13,1982,1,13,5.1976304
1982-01-14,1982,1,14,6.7638407
1982-01-15,1982,1,15,6.0564169
1982-01-16,1982,1,16,4.2712383
1982-01-17,1982,1,17,6.1574518
1982-01-18,1982,1,18,7.8062216
1982-01-19,1982,1,19,7.350219
1982-01-20,1982,1,20,6.6258854
1982-01-21,1982,1,21,7.6157026
1982-01-22,1982,1,22,9.2738746
1982-01-23,1982,1,23,9.6966192
1982-01-24,1982,1,24,7.5486145
1982-01-25,1982,1,25,8.2170865
1982-01-26,1982,1,26,7.9402574
1982-01-27,1982,1,27,6.1915267
1982-01-28,1982,1,28,6.4387333
1982-01-29,1982,1,29,6.3140906
1982-01-30,1982,1,30,7.3330894
1982-01-31,1982,1,31,9.3955551
1982-02-01,1982,2,1,7.7174679
1982-02-02,1982,2,2,5.9995104
1982-02-03,1982,2,3,7.2339901
1982-02-04,1982,2,4,7.3815618
1982-02-05,1982,2,5,6.9799104
1982-02-06,1982,2,6,5.7627548
1982-02-07,1982,2,7,5.9012672
1982-02-08,1982,2,8,7.5026728
1982-02-09,1982,2,9,6.6485373
1982-02-10,1982,2,10,5.5065727
1982-02-11,1982,2,11,4.17011
1982-02-12,1982,2,12,5.4407359
1982-02-13,1982,2,13,5.6931886
1982-02-14,1982,2,14,8.3624244
1982-02-15,1982,2,15,7.0575253
1982-02-16,1982,2,16,5.8908248
1982-02-17,1982,2,17,6.2405015
1982-02-18,1982,2,18,5.5302549
1982-02-19,1982,2,19,6.4835424
1982-02-20,1982,2,20,4.1025613
1982-02-21,1982,2,21,4.7511931
1982-02-22,1982,2,22,6.3276353
1982-02-23,1982,2,23,5.4034849
1982-02-24,1982,2,24,4.7616823
1982-02-25,1982,2,25,2.8108788
1982-02-26,1982,2,26,3.3197065
1982-02-27,1982,2,27,5.3752384
1982-02-28,1982,2,28,5.9908097
1982-03-01,1982,3,1,5.7006635
1982-03-02,1982,3,2,6.3741441
1982-03-03,1982,3,3,6.877372
1982-03-04,1982,3,4,6.5816589
1982-03-05,1982,3,5,7.1085237
1982-03-06,1982,3,6,7.1741564
1982-03-07,1982,3,7,7.4765323
1982-03-08,1982,3,8,4.3212819
1982-03-09,1982,3,9,4.2888155
1982-03-10,1982,3,10,4.6773046
1982-03-11,1982,3,11,6.125691
1982-03-12,1982,3,12,6.9227624
1982-03-13,1982,3,13,5.5499297
1982-03-14,1982,3,14,4.3846376
1982-03-15,1982,3,15,4.6827098
1982-03-16,1982,3,16,3.3229711
1982-03-17,1982,3,17,2.3020832
1982-03-18,1982,3,18,4.463737
1982-03-19,1982,3,19,4.2734166
1982-03-20,1982,3,20,3.945473
1982-03-21,1982,3,21,5.0587924
1982-03-22,1982,3,22,5.9176332
1982-03-23,1982,3,23,6.0941515
1982-03-24,1982,3,24,4.5116815
1982-03-25,1982,3,25,0.31997502
1982-03-26,1982,3,26,-6.1908268
1982-03-27,1982,3,27,-2.3377577
1982-03-28,1982,3,28,1.1907796
1982-03-29,1982,3,29,3.7769141
1982-03-30,1982,3,30,4.2626022
1982-03-31,1982,3,31,4.6600689
1982-04-01,1982,4,1,5.2731663
1982-04-02,1982,4,2,4.9308128
1982-04-03,1982,4,3,3.5848726
1982-04-04,1982,4,4,5.8241482
1982-04-05,1982,4,5,6.4757816
1982-04-06,1982,4,6,4.6244351
1982-04-07,1982,4,7,4.9478525
1982-04-08,1982,4,8,6.479346
1982-04-09,1982,4,9,6.771671
1982-04-10,1982,4,10,6.8193931
1982-04-11,1982,4,11,5.758317
1982-04-12,1982,4,12,3.3130338
1982-04-13,1982,4,13,1.5450033
1982-04-14,1982,4,14,2.399036
1982-04-15,1982,4,15,1.6917627
1982-04-16,1982,4,16,2.6267648
1982-04-17,1982,4,17,1.3237355
1982-04-18,1982,4,18,-1.2343496
1982-04-19,1982,4,19,-3.3028111
1982-04-20,1982,4,20,-1.6462739
1982-04-21,1982,4,21,0.73273484
1982-04-22,1982,4,22,1.5198345
1982-04-23,1982,4,23,-0.15520372
1982-04-24,1982,4,24,1.9540566
1982-04-25,1982,4,25,3.6932018
1982-04-26,1982,4,26,4.6724267
1982-04-27,1982,4,27,4.1590379
1982-04-28,1982,4,28,5.3526966
1982-04-29,1982,4,29,7.6947427
1982-04-30,1982,4,30,8.3280937
1982-05-01,1982,5,1,7.5594
1982-05-02,1982,5,2,6.7137017
1982-05-03,1982,5,3,5.9224323
1982-05-04,1982,5,4,5.1650501
1982-05-05,1982,5,5,4.7102193
1982-05-06,1982,5,6,2.3631164
1982-05-07,1982,5,7,2.422053
1982-05-08,1982,5,8,0.65822275
1982-05-09,1982,5,9,-3.179313
1982-05-10,1982,5,10,-1.4511449
1982-05-11,1982,5,11,0.15105775
1982-05-12,1982,5,12,-0.69785795
1982-05-13,1982,5,13,-3.463383
1982-05-14,1982,5,14,-0.88330067
1982-05-15,1982,5,15,0.76142462
1982-05-16,1982,5,16,-1.1105743
1982-05-17,1982,5,17,-3.8489191
1982-05-18,1982,5,18,-2.6776548
1982-05-19,1982,5,19,-1.1999501
1982-05-20,1982,5,20,-3.9278423
1982-05-21,1982,5,21,-1.3351389
1982-05-22,1982,5,22,-1.7390709
1982-05-23,1982,5,23,-1.4587098
1982-05-24,1982,5,24,-0.66950085
1982-05-25,1982,5,25,-2.361893
1982-05-26,1982,5,26,-2.7526417
1982-05-27,1982,5,27,-1.8795949
1982-05-28,1982,5,28,-1.0384282
1982-05-29,1982,5,29,0.55390351
1982-05-30,1982,5,30,1.394552
1982-05-31,1982,5,31,1.1405716
1982-06-01,1982,6,1,-2.5908547
1982-06-02,1982,6,2,-2.0810005
1982-06-03,1982,6,3,-0.41944311
1982-06-04,1982,6,4,-0.50081805
1982-06-05,1982,6,5,1.1910463
1982-06-06,1982,6,6,-1.5768338
1982-06-07,1982,6,7,-1.9150075
1982-06-08,1982,6,8,-2.3155993
1982-06-09,1982,6,9,-1.7836943
1982-06-10,1982,6,10,-3.1853964
1982-06-11,1982,6,11,-4.2565425
1982-06-12,1982,6,12,-3.603081
1982-06-13,1982,6,13,-2.6707325
1982-06-14,1982,6,14,-3.4773687
1982-06-15,1982,6,15,-3.1297755
1982-06-16,1982,6,16,0.59588398
1982-06-17,1982,6,17,-1.8405623
1982-06-18,1982,6,18,-3.9459687
1982-06-19,1982,6,19,-5.8047838
1982-06-20,1982,6,20,-5.5483025
1982-06-21,1982,6,21,-4.5385549
1982-06-22,1982,6,22,-3.7110315
1982-06-23,1982,6,23,-5.2719825
1982-06-24,1982,6,24,-5.654385
1982-06-25,1982,6,25,-3.6380159
1982-06-26,1982,6,26,-2.646667
1982-06-27,1982,6,27,-3.8308351
1982-06-28,1982,6,28,-6.639891
1982-06-29,1982,6,29,-3.7620694
1982-06-30,1982,6,30,-2.422824
1982-07-01,1982,7,1,-0.048270382
1982-07-02,1982,7,2,-2.3772051
1982-07-03,1982,7,3,-2.5350499
1982-07-04,1982,7,4,-1.4761236
1982-07-05,1982,7,5,-5.0336683
1982-07-06,1982,7,6,-7.2858945
1982-07-07,1982,7,7,-5.6293302
1982-07-08,1982,7,8,-4.7824433
1982-07-09,1982,7,9,-3.0907852
1982-07-10,1982,7,10,-2.7811789
1982-07-11,1982,7,11,-3.4550933
1982-07-12,1982,7,12,-4.3862262
1982-07-13,1982,7,13,-2.3722687
1982-07-14,1982,7,14,-2.3261243
1982-07-15,1982,7,15,-4.1167999
1982-07-16,1982,7,16,-5.0769076
1982-07-17,1982,7,17,-4.5771886
1982-07-18,1982,7,18,-3.45649
1982-07-19,1982,7,19,-3.1451796
1982-07-20,1982,7,20,-4.9077221
1982-07-21,1982,7,21,-8.1084468
1982-07-22,1982,7,22,-7.7636282
1982-07-23,1982,7,23,-6.0611592
1982-07-24,1982,7,24,-2.0264146
1982-07-25,1982,7,25,-2.3071797
1982-07-26,1982,7,26,-2.9043272
1982-07-27,1982,7,27,-6.1158391
1982-07-28,1982,7,28,-7.5699229
1982-07-29,1982,7,29,-2.7968385
1982-07-30,1982,7,30,-3.0272347
1982-07-31,1982,7,31,-3.4553305
1982-08-01,1982,8,1,-4.2832982
1982-08-02,1982,8,2,-2.8277357
1982-08-03,1982,8,3,-3.6226772
1982-08-04,1982,8,4,-4.1781519
1982-08-05,1982,8,5,-5.0700607
1982-08-06,1982,8,6,-5.3413691
1982-08-07,1982,8,7,-7.3507126
1982-08-08,1982,8,8,-3.883559
1982-08-09,1982,8,9,-1.4731563
1982-08-10,1982,8,10,-0.44659117
1982-08-11,1982,8,11,-1.1001553
1982-08-12,1982,8,12,-4.7546926
1982-08-13,1982,8,13,-7.2855601
1982-08-14,1982,8,14,-5.8364168
1982-08-15,1982,8,15,-1.8173438
1982-08-16,1982,8,16,-0.243293
1982-08-17,1982,8,17,-0.84579699
1982-08-18,1982,8,18,0.23598987
1982-08-19,1982,8,19,1.5235653
1982-08-20,1982,8,20,0.83410583
1982-08-21,1982,8,21,0.35711916
1982-08-22,1982,8,22,0.14848886
1982-08-23,1982,8,23,-0.015378055
1982-08-24,1982,8,24,-0.63386117
1982-08-25,1982,8,25,-1.7768558
1982-08-26,1982,8,26,-1.6809872
1982-08-27,1982,8,27,-1.2896983
1982-08-28,1982,8,28,-3.7439304
1982-08-29,1982,8,29,-3.7951779
1982-08-30,1982,8,30,-0.060878718
1982-08-31,1982,8,31,0.53571344
1982-09-01,1982,9,1,2.752912
1982-09-02,1982,9,2,3.061664
1982-09-03,1982,9,3,0.90413789
1982-09-04,1982,9,4,0.26234902
1982-09-05,1982,9,5,3.1516217
1982-09-06,1982,9,6,4.3072471
1982-09-07,1982,9,7,1.7585157
1982-09-08,1982,9,8,0.97723671
1982-09-09,1982,9,9,-1.2650234
1982-09-10,1982,9,10,-3.3959727
1982-09-11,1982,9,11,-3.4715256
1982-09-12,1982,9,12,-1.6303811
1982-09-13,1982,9,13,0.41789955
1982-09-14,1982,9,14,0.6396435
1982-09-15,1982,9,15,-1.6981374
1982-09-16,1982,9,16,-2.7230211
1982-09-17,1982,9,17,-4.8472648
1982-09-18,1982,9,18,-2.5920307
1982-09-19,1982,9,19,-2.9895033
1982-09-20,1982,9,20,-3.5837012
1982-09-21,1982,9,21,-2.1175013
1982-09-22,1982,9,22,-1.2013316
1982-09-23,1982,9,23,-3.0457264
1982-09-24,1982,9,24,-2.6581651
1982-09-25,1982,9,25,0.38383441
1982-09-26,1982,9,26,-1.0624046
1982-09-27,1982,9,27,-2.4365863
1982-09-28,1982,9,28,-0.71971263
1982-09-29,1982,9,29,-2.0540958
1982-09-30,1982,9,30,-2.9100398
1982-10-01,1982,10,1,-5.3041772
1982-10-02,1982,10,2,-1.6855375
1982-10-03,1982,10,3,-1.7236732
1982-10-04,1982,10,4,-3.3525101
1982-10-05,1982,10,5,-2.3700741
1982-10-06,1982,10,6,-3.0849795
1982-10-07,1982,10,7,-3.9448577
1982-10-08,1982,10,8,-2.9346056
1982-10-09,1982,10,9,-2.794733
1982-10-10,1982,10,10,-2.7889938
1982-10-11,1982,10,11,-0.32625377
1982-10-12,1982,10,12,-3.405062
1982-10-13,1982,10,13,-0.25594194
1982-10-14,1982,10,14,0.35994909
1982-10-15,1982,10,15,-1.4869076
1982-10-16,1982,10,16,-2.9511451
1982-10-17,1982,10,17,-4.7459574
1982-10-18,1982,10,18,0.65261332
1982-10-19,1982,10,19,1.6015324
1982-10-20,1982,10,20,0.95007602
1982-10-21,1982,10,21,-0.58095238
1982-10-22,1982,10,22,-2.9669795
1982-10-23,1982,10,23,-6.1398659
1982-10-24,1982,10,24,-3.516368
1982-10-25,1982,10,25,-2.6974203
1982-10-26,1982,10,26,-2.0901089
1982-10-27,1982,10,27,-0.83840739
1982-10-28,1982,10,28,-1.6729783
1982-10-29,1982,10,29,0.47301963
1982-10-30,1982,10,30,3.9883251
1982-10-31,1982,10,31,1.253444
1982-11-01,1982,11,1,-0.29877038
1982-11-02,1982,11,2,-3.7260781
1982-11-03,1982,11,3,-3.414121
1982-11-04,1982,11,4,-1.6038157
1982-11-05,1982,11,5,-3.5534614
1982-11-06,1982,11,6,-0.90811979
1982-11-07,1982,11,7,-2.8136772
1982-11-08,1982,11,8,0.6354629
1982-11-09,1982,11,9,-0.24646614
1982-11-10,1982,11,10,-1.1957234
1982-11-11,1982,11,11,-3.7249258
1982-11-12,1982,11,12,-2.8973991
1982-11-13,1982,11,13,-0.24195259
1982-11-14,1982,11,14,-0.78306101
1982-11-15,1982,11,15,2.9374503
1982-11-16,1982,11,16,4.6599563
1982-11-17,1982,11,17,4.0047382
1982-11-18,1982,11,18,2.8367728
1982-11-19,1982,11,19,2.1364313
1982-11-20,1982,11,20,2.058157
1982-11-21,1982,11,21,2.3757815
1982-11-22,1982,11,22,1.7253883
1982-11-23,1982,11,23,3.0840309
1982-11-24,1982,11,24,2.9413734
1982-11-25,1982,11,25,2.5717233
1982-11-26,1982,11,26,2.8122632
1982-11-27,1982,11,27,2.433288
1982-11-28,1982,11,28,2.1703879
1982-11-29,1982,11,29,4.9911614
1982-11-30,1982,11,30,4.7873132
1982-12-01,1982,12,1,6.3024813
1982-12-02,1982,12,2,8.0592297
1982-12-03,1982,12,3,7.6366898
1982-12-04,1982,12,4,6.9156587
1982-12-05,1982,12,5,4.193537
1982-12-06,1982,12,6,5.488659
1982-12-07,1982,12,7,7.1112003
1982-12-08,1982,12,8,8.2806922
1982-12-09,1982,12,9,8.7769032
1982-12-10,1982,12,10,7.2594318
1982-12-11,1982,12,11,6.2392757
1982-12-12,1982,12,12,4.8436265
1982-12-13,1982,12,13,2.9200233
1982-12-14,1982,12,14,0.95660147
1982-12-15,1982,12,15,3.3430902
1982-12-16,1982,12,16,3.3670871
1982-12-17,1982,12,17,2.4282031
1982-12-18,1982,12,18,3.0964755
1982-12-19,1982,12,19,3.3287858
1982-12-20,1982,12,20,5.1381129
1982-12-21,1982,12,21,3.9932871
1982-12-22,1982,12,22,4.0708286
1982-12-23,1982,12,23,7.8099807
1982-12-24,1982,12,24,8.8106745
1982-12-25,1982,12,25,8.8747163
1982-12-26,1982,12,26,8.6633678
1982-12-27,1982,12,27,8.5802587
1982-12-28,1982,12,28,7.9432061
1982-12-29,1982,12,29,6.4623746
1982-12-30,1982,12,30,5.5620191
1982-12-31,1982,12,31,7.235219
1983-01-01,1983,1,1,7.8164482
1983-01-02,1983,1,2,6.2200079
1983-01-03,1983,1,3,4.4988814
1983-01-04,1983,1,4,6.6811451
1983-01-05,1983,1,5,8.3934478
1983-01-06,1983,1,6,8.2804541
1983-01-07,1983,1,7,6.7720203
1983-01-08,1983,1,8,6.7224356
1983-01-09,1983,1,9,5.8044796
1983-01-10,1983,1,10,6.4945869
1983-01-11,1983,1,11,8.0638892
1983-01-12,1983,1,12,5.9332262
1983-01-13,1983,1,13,4.1356871
1983-01-14,1983,1,14,5.054454
1983-01-15,1983,1,15,6.9682947
1983-01-16,1983,1,16,7.3424403
1983-01-17,1983,1,17,6.4855141
1983-01-18,1983,1,18,5.2774905
1983-01-19,1983,1,19,7.6001516
1983-01-20,1983,1,20,8.0291299
1983-01-21,1983,1,21,6.8180099
1983-01-22,1983,1,22,5.911457
1983-01-23,1983,1,23,5.3574962
1983-01-24,1983,1,24,4.732171
1983-01-25,1983,1,25,4.219688
1983-01-26,1983,1,26,3.525175
1983-01-27,1983,1,27,6.4106044
1983-01-28,1983,1,28,6.2408717
1983-01-29,1983,1,29,5.2223516
1983-01-30,1983,1,30,3.132873
1983-01-31,1983,1,31,4.6323415
1983-02-01,1983,2,1,5.2708354
1983-02-02,1983,2,2,5.5926812
1983-02-03,1983,2,3,5.7604932
1983-02-04,1983,2,4,6.3083085
1983-02-05,1983,2,5,6.0949761
1983-02-06,1983,2,6,6.0264105
1983-02-07,1983,2,7,7.2953849
1983-02-08,1983,2,8,7.4238914
1983-02-09,1983,2,9,6.3545556
1983-02-10,1983,2,10,5.1489103
1983-02-11,1983,2,11,4.3718409
1983-02-12,1983,2,12,5.8213677
1983-02-13,1983,2,13,3.5657622
1983-02-14,1983,2,14,3.1318795
1983-02-15,1983,2,15,2.5110683
1983-02-16,1983,2,16,3.9179984
1983-02-17,1983,2,17,6.6629003
1983-02-18,1983,2,18,6.1733635
1983-02-19,1983,2,19,6.2479689
1983-02-20,1983,2,20,4.5327768
1983-02-21,1983,2,21,5.8495473
1983-02-22,1983,2,22,6.103355
1983-02-23,1983,2,23,6.1489016
1983-02-24,1983,2,24,4.8677238
1983-02-25,1983,2,25,3.4157845
1983-02-26,1983,2,26,3.8372714
1983-02-27,1983,2,27,4.0505645
1983-02-28,1983,2,28,4.8234248
1983-03-01,1983,3,1,3.8622199
1983-03-02,1983,3,2,1.3976382
1983-03-03,1983,3,3,0.49818363
1983-03-04,1983,3,4,3.427908
1983-03-05,1983,3,5,3.8704123
1983-03-06,1983,3,6,4.5224588
1983-03-07,1983,3,7,4.0639185
1983-03-08,1983,3,8,4.5204587
1983-03-09,1983,3,9,5.4509765
1983-03-10,1983,3,10,5.3744017
1983-03-11,1983,3,11,5.1162898
1983-03-12,1983,3,12,4.8195248
1983-03-13,1983,3,13,6.2368884
1983-03-14,1983,3,14,8.7700597
1983-03-15,1983,3,15,5.7690826
1983-03-16,1983,3,16,1.1116296
1983-03-17,1983,3,17,1.5637492
1983-03-18,1983,3,18,4.2619014
1983-03-19,1983,3,19,6.5756446
1983-03-20,1983,3,20,6.9726809
1983-03-21,1983,3,21,6.7989064
1983-03-22,1983,3,22,7.2617175
1983-03-23,1983,3,23,8.3013515
1983-03-24,1983,3,24,8.3417514
1983-03-25,1983,3,25,7.282195
1983-03-26,1983,3,26,6.3013308
1983-03-27,1983,3,27,3.1272242
1983-03-28,1983,3,28,5.0107535
1983-03-29,1983,3,29,5.6072093
1983-03-30,1983,3,30,3.2536551
1983-03-31,1983,3,31,3.0188814
1983-04-01,1983,4,1,2.8926965
1983-04-02,1983,4,2,0.5591611
1983-04-03,1983,4,3,-1.0057523
1983-04-04,1983,4,4,-0.7446583
1983-04-05,1983,4,5,0.43109277
1983-04-06,1983,4,6,3.5705189
1983-04-07,1983,4,7,5.6399328
1983-04-08,1983,4,8,5.4209738
1983-04-09,1983,4,9,2.9076849
1983-04-10,1983,4,10,4.3747969
1983-04-11,1983,4,11,3.8257023
1983-04-12,1983,4,12,2.568698
1983-04-13,1983,4,13,2.2812758
1983-04-14,1983,4,14,2.9403886
1983-04-15,1983,4,15,3.4537002
1983-04-16,1983,4,16,2.9926052
1983-04-17,1983,4,17,1.3478124
1983-04-18,1983,4,18,2.2267701
1983-04-19,1983,4,19,2.6219954
1983-04-20,1983,4,20,2.4329002
1983-04-21,1983,4,21,3.0687314
1983-04-22,1983,4,22,2.921638
1983-04-23,1983,4,23,1.0745636
1983-04-24,1983,4,24,0.93411857
1983-04-25,1983,4,25,-2.2241017
1983-04-26,1983,4,26,2.4299463
1983-04-27,1983,4,27,-0.013382478
1983-04-28,1983,4,28,-2.9748789
1983-04-29,1983,4,29,-6.2527264
1983-04-30,1983,4,30,-1.7972768
1983-05-01,1983,5,1,-1.9413667
1983-05-02,1983,5,2,-2.3696742
1983-05-03,1983,5,3,-1.9178809
1983-05-04,1983,5,4,-3.4896758
1983-05-05,1983,5,5,-3.2192587
1983-05-06,1983,5,6,1.4751152
1983-05-07,1983,5,7,-2.2532559
1983-05-08,1983,5,8,-2.1839056
1983-05-09,1983,5,9,-2.9748061
1983-05-10,1983,5,10,-3.3469542
1983-05-11,1983,5,11,-0.95411856
1983-05-12,1983,5,12,-3.1624853
1983-05-13,1983,5,13,0.80656196
1983-05-14,1983,5,14,0.13711654
1983-05-15,1983,5,15,-1.5823327
1983-05-16,1983,5,16,-4.636154
1983-05-17,1983,5,17,-4.8558716
1983-05-18,1983,5,18,-2.6410442
1983-05-19,1983,5,19,-1.8210952
1983-05-20,1983,5,20,-0.26898311
1983-05-21,1983,5,21,-2.886168
1983-05-22,1983,5,22,-5.313026
1983-05-23,1983,5,23,-6.0397549
1983-05-24,1983,5,24,-0.021742236
1983-05-25,1983,5,25,-0.44748268
1983-05-26,1983,5,26,-4.5413189
1983-05-27,1983,5,27,-5.978406
1983-05-28,1983,5,28,-5.9621765
1983-05-29,1983,5,29,-4.8922741
1983-05-30,1983,5,30,-7.8357967
1983-05-31,1983,5,31,-9.4174084
1983-06-01,1983,6,1,-10.635536
1983-06-02,1983,6,2,-8.9941853
1983-06-03,1983,6,3,-8.0977487
1983-06-04,1983,6,4,-5.047588
1983-06-05,1983,6,5,-5.5235342
1983-06-06,1983,6,6,-5.8326307
1983-06-07,1983,6,7,-4.1396696
1983-06-08,1983,6,8,-4.920978
1983-06-09,1983,6,9,-6.4527626
1983-06-10,1983,6,10,-4.531463
1983-06-11,1983,6,11,-5.5916753
1983-06-12,1983,6,12,-6.982967
1983-06-13,1983,6,13,-8.5399707
1983-06-14,1983,6,14,-3.796143
1983-06-15,1983,6,15,-1.156473
1983-06-16,1983,6,16,0.91517034
1983-06-17,1983,6,17,0.47739612
1983-06-18,1983,6,18,-2.9807667
1983-06-19,1983,6,19,-6.0143351
1983-06-20,1983,6,20,-7.8139329
1983-06-21,1983,6,21,-7.3686983
1983-06-22,1983,6,22,-9.5999929
1983-06-23,1983,6,23,-10.599652
1983-06-24,1983,6,24,-7.2207323
1983-06-25,1983,6,25,-5.3665279
1983-06-26,1983,6,26,-4.9200876
1983-06-27,1983,6,27,-4.7224158
1983-06-28,1983,6,28,-4.4471873
1983-06-29,1983,6,29,-5.0700443
1983-06-30,1983,6,30,-8.1478971
1983-07-01,1983,7,1,-3.1640295
1983-07-02,1983,7,2,-5.0418559
1983-07-03,1983,7,3,-3.4142355
1983-07-04,1983,7,4,-3.3051861
1983-07-05,1983,7,5,-4.7796878
1983-07-06,1983,7,6,-4.2941684
1983-07-07,1983,7,7,-6.1882941
1983-07-08,1983,7,8,-7.6558923
1983-07-09,1983,7,9,-10.223801
1983-07-10,1983,7,10,-10.692042
1983-07-11,1983,7,11,-10.2865
1983-07-12,1983,7,12,-7.2502751
1983-07-13,1983,7,13,-4.5139321
1983-07-14,1983,7,14,-8.2249392
1983-07-15,1983,7,15,-10.059244
1983-07-16,1983,7,16,-2.8235596
1983-07-17,1983,7,17,-3.4414992
1983-07-18,1983,7,18,-4.5511844
1983-07-19,1983,7,19,-3.3812412
1983-07-20,1983,7,20,-4.4897348
1983-07-21,1983,7,21,-4.9628553
1983-07-22,1983,7,22,-4.3386038
1983-07-23,1983,7,23,-5.0752692
1983-07-24,1983,7,24,-7.5247157
1983-07-25,1983,7,25,-7.7356896
1983-07-26,1983,7,26,-3.231847
1983-07-27,1983,7,27,-2.7062318
1983-07-28,1983,7,28,-7.5073189
1983-07-29,1983,7,29,-9.9780148
1983-07-30,1983,7,30,-7.8983924
1983-07-31,1983,7,31,-9.2609168
1983-08-01,1983,8,1,-6.9199672
1983-08-02,1983,8,2,-3.1071537
1983-08-03,1983,8,3,-3.5493664
1983-08-04,1983,8,4,-2.4655058
1983-08-05,1983,8,5,-5.0097361
1983-08-06,1983,8,6,-5.408302
1983-08-07,1983,8,7,-4.6317698
1983-08-08,1983,8,8,-6.3809661
1983-08-09,1983,8,9,-5.6327974
1983-08-10,1983,8,10,-6.781962
1983-08-11,1983,8,11,-7.0768969
1983-08-12,1983,8,12,-9.5329678
1983-08-13,1983,8,13,-7.4156874
1983-08-14,1983,8,14,-6.5173067
1983-08-15,1983,8,15,-7.9971744
1983-08-16,1983,8,16,-3.9524537
1983-08-17,1983,8,17,-2.8733624
1983-08-18,1983,8,18,-1.9714338
1983-08-19,1983,8,19,-0.23033181
1983-08-20,1983,8,20,0.0045559162
1983-08-21,1983,8,21,-2.3049092
1983-08-22,1983,8,22,-3.2798582
1983-08-23,1983,8,23,-4.3160452
1983-08-24,1983,8,24,-5.1737095
1983-08-25,1983,8,25,-5.4141287
1983-08-26,1983,8,26,-6.8139093
1983-08-27,1983,8,27,-5.6789813
1983-08-28,1983,8,28,-5.4881882
1983-08-29,1983,8,29,-6.3911853
1983-08-30,1983,8,30,-9.2478069
1983-08-31,1983,8,31,-9.8335007
1983-09-01,1983,9,1,-5.9904574
1983-09-02,1983,9,2,-5.321909
1983-09-03,1983,9,3,-5.0603262
1983-09-04,1983,9,4,-4.3468488
1983-09-05,1983,9,5,-6.4508131
1983-09-06,1983,9,6,-9.9767976
1983-09-07,1983,9,7,-9.6757581
1983-09-08,1983,9,8,-7.2430501
1983-09-09,1983,9,9,-4.4341473
1983-09-10,1983,9,10,-3.7258465
1983-09-11,1983,9,11,-3.6274428
1983-09-12,1983,9,12,-2.4662901
1983-09-13,1983,9,13,-1.9702933
1983-09-14,1983,9,14,-4.5274644
1983-09-15,1983,9,15,-6.9022768
1983-09-16,1983,9,16,-5.8958694
1983-09-17,1983,9,17,-7.2282001
1983-09-18,1983,9,18,-9.3141576
1983-09-19,1983,9,19,-5.6248497
1983-09-20,1983,9,20,-4.2556613
1983-09-21,1983,9,21,-6.3783783
1983-09-22,1983,9,22,-5.3669969
1983-09-23,1983,9,23,-2.2572258
1983-09-24,1983,9,24,-0.8226831
1983-09-25,1983,9,25,-1.7034796
1983-09-26,1983,9,26,-4.8164408
1983-09-27,1983,9,27,-6.7603858
1983-09-28,1983,9,28,-7.7992823
1983-09-29,1983,9,29,-7.3593653
1983-09-30,1983,9,30,-3.2848463
1983-10-01,1983,10,1,0.89144542
1983-10-02,1983,10,2,2.6636743
1983-10-03,1983,10,3,2.08221
1983-10-04,1983,10,4,1.8940178
1983-10-05,1983,10,5,2.1179386
1983-10-06,1983,10,6,1.4234413
1983-10-07,1983,10,7,0.03481509
1983-10-08,1983,10,8,-0.12212858
1983-10-09,1983,10,9,0.44125068
1983-10-10,1983,10,10,0.70195416
1983-10-11,1983,10,11,0.56475276
1983-10-12,1983,10,12,2.3752711
1983-10-13,1983,10,13,0.48583172
1983-10-14,1983,10,14,0.68482032
1983-10-15,1983,10,15,-1.1893273
1983-10-16,1983,10,16,-4.2566426
1983-10-17,1983,10,17,-2.2871182
1983-10-18,1983,10,18,-1.3754562
1983-10-19,1983,10,19,-3.5003552
1983-10-20,1983,10,20,-3.257293
1983-10-21,1983,10,21,-1.1077905
1983-10-22,1983,10,22,0.76100558
1983-10-23,1983,10,23,3.986032
1983-10-24,1983,10,24,2.6279487
1983-10-25,1983,10,25,-1.3604633
1983-10-26,1983,10,26,0.021334142
1983-10-27,1983,10,27,0.76452872
1983-10-28,1983,10,28,-0.51776056
1983-10-29,1983,10,29,0.15439666
1983-10-30,1983,10,30,1.1892563
1983-10-31,1983,10,31,2.0814571
1983-11-01,1983,11,1,2.6833807
1983-11-02,1983,11,2,1.7093284
1983-11-03,1983,11,3,4.619072
1983-11-04,1983,11,4,3.8810762
1983-11-05,1983,11,5,3.8186506
1983-11-06,1983,11,6,2.0611085
1983-11-07,1983,11,7,1.3529727
1983-11-08,1983,11,8,3.175985
1983-11-09,1983,11,9,1.8194639
1983-11-10,1983,11,10,1.2769284
1983-11-11,1983,11,11,0.77236415
1983-11-12,1983,11,12,-0.61022846
1983-11-13,1983,11,13,2.4077213
1983-11-14,1983,11,14,2.148207
1983-11-15,1983,11,15,3.8040953
1983-11-16,1983,11,16,1.301406
1983-11-17,1983,11,17,-0.67575197
1983-11-18,1983,11,18,1.0669136
1983-11-19,1983,11,19,2.7289913
1983-11-20,1983,11,20,2.3921252
1983-11-21,1983,11,21,2.7616497
1983-11-22,1983,11,22,6.3619228
1983-11-23,1983,11,23,6.3966091
1983-11-24,1983,11,24,6.4205989
1983-11-25,1983,11,25,7.1903933
1983-11-26,1983,11,26,7.7873911
1983-11-27,1983,11,27,7.3775179
1983-11-28,1983,11,28,6.9583249
1983-11-29,1983,11,29,6.6742031
1983-11-30,1983,11,30,6.4604355
1983-12-01,1983,12,1,6.3842559
1983-12-02,1983,12,2,5.6075723
1983-12-03,1983,12,3,4.6689864
1983-12-04,1983,12,4,4.7369837
1983-12-05,1983,12,5,5.7448755
1983-12-06,1983,12,6,8.0171275
1983-12-07,1983,12,7,7.2510437
1983-12-08,1983,12,8,6.5538465
1983-12-09,1983,12,9,6.1704805
1983-12-10,1983,12,10,5.6062636
1983-12-11,1983,12,11,5.3157387
1983-12-12,1983,12,12,8.5063586
1983-12-13,1983,12,13,9.2720302
1983-12-14,1983,12,14,8.988281
1983-12-15,1983,12,15,7.1721512
1983-12-16,1983,12,16,6.174132
1983-12-17,1983,12,17,5.1247562
1983-12-18,1983,12,18,5.5765942
1983-12-19,1983,12,19,4.8114121
1983-12-20,1983,12,20,5.049984
1983-12-21,1983,12,21,6.5328431
1983-12-22,1983,12,22,7.0206092
1983-12-23,1983,12,23,6.3934463
1983-12-24,1983,12,24,8.2406011
1983-12-25,1983,12,25,8.637638
1983-12-26,1983,12,26,7.8591049
1983-12-27,1983,12,27,8.0393915
1983-12-28,1983,12,28,6.5841343
1983-12-29,1983,12,29,5.6247357
1983-12-30,1983,12,30,5.271464
1983-12-31,1983,12,31,6.9465047
1984-01-01,1984,1,1,7.4179658
1984-01-02,1984,1,2,6.6610562
1984-01-03,1984,1,3,9.3984776
1984-01-04,1984,1,4,9.990787
1984-01-05,1984,1,5,8.8290011
1984-01-06,1984,1,6,7.123488
1984-01-07,1984,1,7,5.3245612
1984-01-08,1984,1,8,5.7684517
1984-01-09,1984,1,9,6.5548776
1984-01-10,1984,1,10,8.4421724
1984-01-11,1984,1,11,7.8034975
1984-01-12,1984,1,12,6.6288356
1984-01-13,1984,1,13,4.6985777
1984-01-14,1984,1,14,5.6635202
1984-01-15,1984,1,15,5.2545175
1984-01-16,1984,1,16,6.1549688
1984-01-17,1984,1,17,8.6966717
1984-01-18,1984,1,18,9.1838908
1984-01-19,1984,1,19,9.5447132
1984-01-20,1984,1,20,9.3615844
1984-01-21,1984,1,21,7.1761617
1984-01-22,1984,1,22,7.2184053
1984-01-23,1984,1,23,8.4607124
1984-01-24,1984,1,24,7.0997524
1984-01-25,1984,1,25,8.0675774
1984-01-26,1984,1,26,7.0322284
1984-01-27,1984,1,27,5.5497554
1984-01-28,1984,1,28,6.2591181
1984-01-29,1984,1,29,5.5532765
1984-01-30,1984,1,30,5.537119
1984-01-31,1984,1,31,5.5497301
1984-02-01,1984,2,1,6.1596108
1984-02-02,1984,2,2,5.7395065
1984-02-03,1984,2,3,5.6054448
1984-02-04,1984,2,4,2.7631128
1984-02-05,1984,2,5,2.9848185
1984-02-06,1984,2,6,8.066362
1984-02-07,1984,2,7,8.7741977
1984-02-08,1984,2,8,7.0613223
1984-02-09,1984,2,9,8.0267979
1984-02-10,1984,2,10,6.3694515
1984-02-11,1984,2,11,4.5424093
1984-02-12,1984,2,12,4.5742928
1984-02-13,1984,2,13,6.6498996
1984-02-14,1984,2,14,8.3232353
1984-02-15,1984,2,15,9.6610171
1984-02-16,1984,2,16,10.628208
1984-02-17,1984,2,17,9.861659
1984-02-18,1984,2,18,10.165844
1984-02-19,1984,2,19,7.4028047
1984-02-20,1984,2,20,8.4495797
1984-02-21,1984,2,21,6.8524669
1984-02-22,1984,2,22,7.2498356
1984-02-23,1984,2,23,7.46046
1984-02-24,1984,2,24,5.0485932
1984-02-25,1984,2,25,4.0637353
1984-02-26,1984,2,26,4.3994241
1984-02-27,1984,2,27,4.5695644
1984-02-28,1984,2,28,3.2580378
1984-02-29,1984,2,29,4.2085396
1984-03-01,1984,3,1,6.2363259
1984-03-02,1984,3,2,5.52158
1984-03-03,1984,3,3,6.5803993
1984-03-04,1984,3,4,8.1698639
1984-03-05,1984,3,5,8.2057195
1984-03-06,1984,3,6,8.0770398
1984-03-07,1984,3,7,7.5255111
1984-03-08,1984,3,8,4.865219
1984-03-09,1984,3,9,6.5697908
1984-03-10,1984,3,10,7.0417156
1984-03-11,1984,3,11,7.703523
1984-03-12,1984,3,12,7.3793985
1984-03-13,1984,3,13,5.087079
1984-03-14,1984,3,14,2.6119678
1984-03-15,1984,3,15,0.99689133
1984-03-16,1984,3,16,3.7306413
1984-03-17,1984,3,17,5.6273599
1984-03-18,1984,3,18,6.0120247
1984-03-19,1984,3,19,5.9769481
1984-03-20,1984,3,20,7.1419901
1984-03-21,1984,3,21,6.5990866
1984-03-22,1984,3,22,4.6534916
1984-03-23,1984,3,23,3.8846329
1984-03-24,1984,3,24,1.0905771
1984-03-25,1984,3,25,2.7597515
1984-03-26,1984,3,26,5.2455085
1984-03-27,1984,3,27,5.2761207
1984-03-28,1984,3,28,4.2334269
1984-03-29,1984,3,29,4.5262028
1984-03-30,1984,3,30,3.1658318
1984-03-31,1984,3,31,-0.96229433
1984-04-01,1984,4,1,0.96459862
1984-04-02,1984,4,2,1.469178
1984-04-03,1984,4,3,0.42423611
1984-04-04,1984,4,4,3.8345618
1984-04-05,1984,4,5,2.148402
1984-04-06,1984,4,6,2.6190006
1984-04-07,1984,4,7,3.7121453
1984-04-08,1984,4,8,4.6663986
1984-04-09,1984,4,9,5.33866
1984-04-10,1984,4,10,6.4547765
1984-04-11,1984,4,11,8.2031863
1984-04-12,1984,4,12,7.2247103
1984-04-13,1984,4,13,6.6472588
1984-04-14,1984,4,14,3.8982206
1984-04-15,1984,4,15,1.826804
1984-04-16,1984,4,16,-0.78440142
1984-04-17,1984,4,17,-3.3868422
1984-04-18,1984,4,18,-1.7750021
1984-04-19,1984,4,19,-3.1431354
1984-04-20,1984,4,20,-3.7931819
1984-04-21,1984,4,21,-4.5117562
1984-04-22,1984,4,22,-2.8995895
1984-04-23,1984,4,23,-0.2859551
1984-04-24,1984,4,24,-1.0585975
1984-04-25,1984,4,25,2.329062
1984-04-26,1984,4,26,1.4241477
1984-04-27,1984,4,27,0.84654714
1984-04-28,1984,4,28,0.56035313
1984-04-29,1984,4,29,-3.4551493
1984-04-30,1984,4,30,0.040221737
1984-05-01,1984,5,1,1.628101
1984-05-02,1984,5,2,1.0850375
1984-05-03,1984,5,3,-1.042365
1984-05-04,1984,5,4,-1.0741105
1984-05-05,1984,5,5,-2.5985965
1984-05-06,1984,5,6,-3.9051169
1984-05-07,1984,5,7,-4.2456154
1984-05-08,1984,5,8,-3.6228437
1984-05-09,1984,5,9,-5.6282259
1984-05-10,1984,5,10,-3.7628508
1984-05-11,1984,5,11,-4.0266957
1984-05-12,1984,5,12,-4.432576
1984-05-13,1984,5,13,-3.9187299
1984-05-14,1984,5,14,-3.1661448
1984-05-15,1984,5,15,-1.6274339
1984-05-16,1984,5,16,-1.7212216
1984-05-17,1984,5,17,-2.235402
1984-05-18,1984,5,18,-1.7457756
1984-05-19,1984,5,19,-1.5292738
1984-05-20,1984,5,20,-1.449628
1984-05-21,1984,5,21,-2.216408
1984-05-22,1984,5,22,-3.2196273
1984-05-23,1984,5,23,-3.1515154
1984-05-24,1984,5,24,-5.2994251
1984-05-25,1984,5,25,-3.1362068
1984-05-26,1984,5,26,-3.8238095
1984-05-27,1984,5,27,-4.4406358
1984-05-28,1984,5,28,-7.9641653
1984-05-29,1984,5,29,-6.1241016
1984-05-30,1984,5,30,-0.013711454
1984-05-31,1984,5,31,-0.13682358
1984-06-01,1984,6,1,-5.1338618
1984-06-02,1984,6,2,-9.0773683
1984-06-03,1984,6,3,-9.3671272
1984-06-04,1984,6,4,-7.9838377
1984-06-05,1984,6,5,-9.4092502
1984-06-06,1984,6,6,-8.4898203
1984-06-07,1984,6,7,-4.674505
1984-06-08,1984,6,8,-6.360063
1984-06-09,1984,6,9,-5.0287552
1984-06-10,1984,6,10,-2.058023
1984-06-11,1984,6,11,-3.8139033
1984-06-12,1984,6,12,-4.1199776
1984-06-13,1984,6,13,-2.1571694
1984-06-14,1984,6,14,-3.5046758
1984-06-15,1984,6,15,-4.95523
1984-06-16,1984,6,16,-4.1597306
1984-06-17,1984,6,17,-2.8450237
1984-06-18,1984,6,18,-3.1533723
1984-06-19,1984,6,19,-4.6246247
1984-06-20,1984,6,20,-3.711634
1984-06-21,1984,6,21,-5.8636841
1984-06-22,1984,6,22,-6.9766905
1984-06-23,1984,6,23,-5.4157254
1984-06-24,1984,6,24,-5.414513
1984-06-25,1984,6,25,-8.1999175
1984-06-26,1984,6,26,-10.173367
1984-06-27,1984,6,27,-4.7133656
1984-06-28,1984,6,28,-4.244839
1984-06-29,1984,6,29,-0.99652887
1984-06-30,1984,6,30,-4.4115322
1984-07-01,1984,7,1,-5.0738524
1984-07-02,1984,7,2,-6.865457
1984-07-03,1984,7,3,-7.2562526
1984-07-04,1984,7,4,-5.1630151
1984-07-05,1984,7,5,-7.4830844
1984-07-06,1984,7,6,-7.2562336
1984-07-07,1984,7,7,-5.2036867
1984-07-08,1984,7,8,-5.4164681
1984-07-09,1984,7,9,-7.8476616
1984-07-10,1984,7,10,-6.2637811
1984-07-11,1984,7,11,-8.9485853
1984-07-12,1984,7,12,-8.8409102
1984-07-13,1984,7,13,-7.2583745
1984-07-14,1984,7,14,-6.2133195
1984-07-15,1984,7,15,-6.0788701
1984-07-16,1984,7,16,-3.1138339
1984-07-17,1984,7,17,-1.2889608
1984-07-18,1984,7,18,-0.50557964
1984-07-19,1984,7,19,-0.44918463
1984-07-20,1984,7,20,-0.57075724
1984-07-21,1984,7,21,-1.4837
1984-07-22,1984,7,22,-1.6429728
1984-07-23,1984,7,23,-1.2699401
1984-07-24,1984,7,24,-2.3046449
1984-07-25,1984,7,25,-1.6360914
1984-07-26,1984,7,26,-1.2605041
1984-07-27,1984,7,27,-1.350269
1984-07-28,1984,7,28,0.31298657
1984-07-29,1984,7,29,1.7359647
1984-07-30,1984,7,30,-2.8039932
1984-07-31,1984,7,31,-6.5151853
1984-08-01,1984,8,1,-6.5392314
1984-08-02,1984,8,2,-3.6680767
1984-08-03,1984,8,3,-4.8350766
1984-08-04,1984,8,4,-7.4930555
1984-08-05,1984,8,5,-7.9012058
1984-08-06,1984,8,6,-9.6488139
1984-08-07,1984,8,7,-6.4980155
1984-08-08,1984,8,8,-9.9990259
1984-08-09,1984,8,9,-11.807538
1984-08-10,1984,8,10,-8.7923173
1984-08-11,1984,8,11,-10.234863
1984-08-12,1984,8,12,-10.091572
1984-08-13,1984,8,13,-7.4055053
1984-08-14,1984,8,14,-4.5191957
1984-08-15,1984,8,15,-4.1429796
1984-08-16,1984,8,16,-2.6310999
1984-08-17,1984,8,17,-3.5472714
1984-08-18,1984,8,18,-7.3953234
1984-08-19,1984,8,19,-5.2404172
1984-08-20,1984,8,20,-7.4014779
1984-08-21,1984,8,21,-5.0405821
1984-08-22,1984,8,22,-6.1933627
1984-08-23,1984,8,23,-9.356696
1984-08-24,1984,8,24,-10.909997
1984-08-25,1984,8,25,-6.5433514
1984-08-26,1984,8,26,-3.8141005
1984-08-27,1984,8,27,-2.3688959
1984-08-28,1984,8,28,-2.4101507
1984-08-29,1984,8,29,-1.9374004
1984-08-30,1984,8,30,-1.3553877
1984-08-31,1984,8,31,-5.0083738
1984-09-01,1984,9,1,-2.7466701
1984-09-02,1984,9,2,-1.0587459
1984-09-03,1984,9,3,-1.8613748
1984-09-04,1984,9,4,-2.2455634
1984-09-05,1984,9,5,-5.248691
1984-09-06,1984,9,6,-3.5096197
1984-09-07,1984,9,7,-1.0740657
1984-09-08,1984,9,8,0.58289134
1984-09-09,1984,9,9,-0.16360531
1984-09-10,1984,9,10,-0.68890399
1984-09-11,1984,9,11,-0.50137489
1984-09-12,1984,9,12,-1.6151607
1984-09-13,1984,9,13,-2.1286038
1984-09-14,1984,9,14,-5.2069063
1984-09-15,1984,9,15,-4.1425938
1984-09-16,1984,9,16,-1.5946513
1984-09-17,1984,9,17,0.43483712
1984-09-18,1984,9,18,-3.0014265
1984-09-19,1984,9,19,-5.6295645
1984-09-20,1984,9,20,-6.8656549
1984-09-21,1984,9,21,-7.2798586
1984-09-22,1984,9,22,-3.78123
1984-09-23,1984,9,23,-5.5827193
1984-09-24,1984,9,24,-7.2479406
1984-09-25,1984,9,25,-5.777485
1984-09-26,1984,9,26,-8.1812412
1984-09-27,1984,9,27,-5.3856569
1984-09-28,1984,9,28,0.38148262
1984-09-29,1984,9,29,0.66758441
1984-09-30,1984,9,30,-2.7524305
1984-10-01,1984,10,1,-2.7449222
1984-10-02,1984,10,2,-5.8946174
1984-10-03,1984,10,3,-6.7403454
1984-10-04,1984,10,4,-3.7489475
1984-10-05,1984,10,5,-5.3718567
1984-10-06,1984,10,6,-4.3234232
1984-10-07,1984,10,7,-2.137075
1984-10-08,1984,10,8,-4.9554415
1984-10-09,1984,10,9,-2.6039018
1984-10-10,1984,10,10,0.67945142
1984-10-11,1984,10,11,1.3027883
1984-10-12,1984,10,12,-1.0285353
1984-10-13,1984,10,13,1.8668823
1984-10-14,1984,10,14,0.60474105
1984-10-15,1984,10,15,2.1359175
1984-10-16,1984,10,16,0.9373443
1984-10-17,1984,10,17,-1.4158626
1984-10-18,1984,10,18,1.733099
1984-10-19,1984,10,19,2.5327842
1984-10-20,1984,10,20,2.2169316
1984-10-21,1984,10,21,3.4706986
1984-10-22,1984,10,22,2.9953563
1984-10-23,1984,10,23,2.0236465
1984-10-24,1984,10,24,3.1385989
1984-10-25,1984,10,25,1.6296307
1984-10-26,1984,10,26,1.2551766
1984-10-27,1984,10,27,1.1251906
1984-10-28,1984,10,28,1.8561395
1984-10-29,1984,10,29,-0.38586016
1984-10-30,1984,10,30,0.26185734
1984-10-31,1984,10,31,3.8572918
1984-11-01,1984,11,1,2.09201
1984-11-02,1984,11,2,2.0591926
1984-11-03,1984,11,3,1.6092987
1984-11-04,1984,11,4,0.83588625
1984-11-05,1984,11,5,-0.30127353
1984-11-06,1984,11,6,0.55225124
1984-11-07,1984,11,7,0.46728333
1984-11-08,1984,11,8,-3.0079566
1984-11-09,1984,11,9,0.75103859
1984-11-10,1984,11,10,-0.51338703
1984-11-11,1984,11,11,-2.9643317
1984-11-12,1984,11,12,-3.2617637
1984-11-13,1984,11,13,0.35573961
1984-11-14,1984,11,14,0.83442566
1984-11-15,1984,11,15,0.90699104
1984-11-16,1984,11,16,2.4857087
1984-11-17,1984,11,17,3.6370257
1984-11-18,1984,11,18,3.7770357
1984-11-19,1984,11,19,3.1080791
1984-11-20,1984,11,20,4.5395019
1984-11-21,1984,11,21,2.6088692
1984-11-22,1984,11,22,4.3759734
1984-11-23,1984,11,23,1.8289475
1984-11-24,1984,11,24,1.847838
1984-11-25,1984,11,25,3.92823
1984-11-26,1984,11,26,5.8261439
1984-11-27,1984,11,27,5.9164699
1984-11-28,1984,11,28,2.7980036
1984-11-29,1984,11,29,4.7262015
1984-11-30,1984,11,30,2.4797439
1984-12-01,1984,12,1,3.7810404
1984-12-02,1984,12,2,4.8810353
1984-12-03,1984,12,3,6.5221765
1984-12-04,1984,12,4,5.9060188
1984-12-05,1984,12,5,4.1150263
1984-12-06,1984,12,6,4.3384158
1984-12-07,1984,12,7,3.6491509
1984-12-08,1984,12,8,2.1903985
1984-12-09,1984,12,9,3.5791094
1984-12-10,1984,12,10,3.4266536
1984-12-11,1984,12,11,3.2774345
1984-12-12,1984,12,12,2.2928764
1984-12-13,1984,12,13,3.1914298
1984-12-14,1984,12,14,2.9817173
1984-12-15,1984,12,15,2.9913578
1984-12-16,1984,12,16,2.7319323
1984-12-17,1984,12,17,3.9187491
1984-12-18,1984,12,18,4.1702406
1984-12-19,1984,12,19,3.4023487
1984-12-20,1984,12,20,2.710632
1984-12-21,1984,12,21,5.3605622
1984-12-22,1984,12,22,6.394256
1984-12-23,1984,12,23,4.9056726
1984-12-24,1984,12,24,3.150856
1984-12-25,1984,12,25,3.7180898
1984-12-26,1984,12,26,5.0780069
1984-12-27,1984,12,27,7.5874856
1984-12-28,1984,12,28,5.4204461
1984-12-29,1984,12,29,4.475403
1984-12-30,1984,12,30,4.6802221
1984-12-31,1984,12,31,5.6661605
1985-01-01,1985,1,1,6.574683
1985-01-02,1985,1,2,7.1877408
1985-01-03,1985,1,3,7.0225429
1985-01-04,1985,1,4,5.9774111
1985-01-05,1985,1,5,5.9648931
1985-01-06,1985,1,6,6.2295824
1985-01-07,1985,1,7,8.2904086
1985-01-08,1985,1,8,9.2352292
1985-01-09,1985,1,9,8.56046
1985-01-10,1985,1,10,8.6212589
1985-01-11,1985,1,11,8.1877363
1985-01-12,1985,1,12,7.4838687
1985-01-13,1985,1,13,5.5956328
1985-01-14,1985,1,14,2.8422827
1985-01-15,1985,1,15,5.7814575
1985-01-16,1985,1,16,8.0432223
1985-01-17,1985,1,17,7.7288726
1985-01-18,1985,1,18,7.0066001
1985-01-19,1985,1,19,6.6205369
1985-01-20,1985,1,20,4.7434359
1985-01-21,1985,1,21,3.3911099
1985-01-22,1985,1,22,5.1237269
1985-01-23,1985,1,23,5.1334187
1985-01-24,1985,1,24,4.3678327
1985-01-25,1985,1,25,5.0161804
1985-01-26,1985,1,26,4.8770822
1985-01-27,1985,1,27,6.6358796
1985-01-28,1985,1,28,5.9833523
1985-01-29,1985,1,29,5.4176284
1985-01-30,1985,1,30,3.3058751
1985-01-31,1985,1,31,2.695128
1985-02-01,1985,2,1,3.1788852
1985-02-02,1985,2,2,3.0798093
1985-02-03,1985,2,3,2.9856346
1985-02-04,1985,2,4,5.9594636
1985-02-05,1985,2,5,6.6555256
1985-02-06,1985,2,6,6.3949305
1985-02-07,1985,2,7,5.4313485
1985-02-08,1985,2,8,5.8548093
1985-02-09,1985,2,9,4.9422906
1985-02-10,1985,2,10,5.0872396
1985-02-11,1985,2,11,5.8200202
1985-02-12,1985,2,12,6.3669062
1985-02-13,1985,2,13,6.5685492
1985-02-14,1985,2,14,5.7653285
1985-02-15,1985,2,15,4.5221158
1985-02-16,1985,2,16,6.0239954
1985-02-17,1985,2,17,7.7609144
1985-02-18,1985,2,18,6.192178
1985-02-19,1985,2,19,6.3821069
1985-02-20,1985,2,20,6.6362122
1985-02-21,1985,2,21,8.6417815
1985-02-22,1985,2,22,9.8429819
1985-02-23,1985,2,23,8.8901167
1985-02-24,1985,2,24,6.9219389
1985-02-25,1985,2,25,5.8173916
1985-02-26,1985,2,26,8.0517652
1985-02-27,1985,2,27,9.4607716
1985-02-28,1985,2,28,10.144146
1985-03-01,1985,3,1,10.104888
1985-03-02,1985,3,2,11.046269
1985-03-03,1985,3,3,11.954638
1985-03-04,1985,3,4,11.163499
1985-03-05,1985,3,5,10.122277
1985-03-06,1985,3,6,8.3355277
1985-03-07,1985,3,7,6.9071539
1985-03-08,1985,3,8,4.8981285
1985-03-09,1985,3,9,5.460624
1985-03-10,1985,3,10,6.4027423
1985-03-11,1985,3,11,6.0963581
1985-03-12,1985,3,12,4.895231
1985-03-13,1985,3,13,4.2902706
1985-03-14,1985,3,14,5.2193294
1985-03-15,1985,3,15,4.4356189
1985-03-16,1985,3,16,2.693444
1985-03-17,1985,3,17,4.2829756
1985-03-18,1985,3,18,4.7893008
1985-03-19,1985,3,19,3.3150723
1985-03-20,1985,3,20,1.2700051
1985-03-21,1985,3,21,2.9003144
1985-03-22,1985,3,22,0.67971041
1985-03-23,1985,3,23,1.8159391
1985-03-24,1985,3,24,1.5805485
1985-03-25,1985,3,25,2.8760484
1985-03-26,1985,3,26,3.4193643
1985-03-27,1985,3,27,4.1018675
1985-03-28,1985,3,28,3.0267634
1985-03-29,1985,3,29,3.3316004
1985-03-30,1985,3,30,5.3177952
1985-03-31,1985,3,31,6.3253148
1985-04-01,1985,4,1,2.8640673
1985-04-02,1985,4,2,0.53124218
1985-04-03,1985,4,3,-4.0787395
1985-04-04,1985,4,4,-1.3358967
1985-04-05,1985,4,5,0.76999978
1985-04-06,1985,4,6,-1.7909779
1985-04-07,1985,4,7,0.47457808
1985-04-08,1985,4,8,1.507308
1985-04-09,1985,4,9,0.88531605
1985-04-10,1985,4,10,-0.94451262
1985-04-11,1985,4,11,0.8703046
1985-04-12,1985,4,12,1.5904407
1985-04-13,1985,4,13,1.1231063
1985-04-14,1985,4,14,0.22885104
1985-04-15,1985,4,15,2.9450976
1985-04-16,1985,4,16,3.0920146
1985-04-17,1985,4,17,2.5785562
1985-04-18,1985,4,18,6.3730895
1985-04-19,1985,4,19,5.6976631
1985-04-20,1985,4,20,5.404115
1985-04-21,1985,4,21,5.5809248
1985-04-22,1985,4,22,4.7981953
1985-04-23,1985,4,23,5.5475043
1985-04-24,1985,4,24,5.7961203
1985-04-25,1985,4,25,6.1646404
1985-04-26,1985,4,26,3.0242173
1985-04-27,1985,4,27,0.65247309
1985-04-28,1985,4,28,-5.3557898
1985-04-29,1985,4,29,-7.7134469
1985-04-30,1985,4,30,-3.7948016
1985-05-01,1985,5,1,-2.021334
1985-05-02,1985,5,2,-0.72718661
1985-05-03,1985,5,3,-0.16760797
1985-05-04,1985,5,4,0.82672857
1985-05-05,1985,5,5,0.90481528
1985-05-06,1985,5,6,-1.1376855
1985-05-07,1985,5,7,-2.0687567
1985-05-08,1985,5,8,-0.16264283
1985-05-09,1985,5,9,0.86927545
1985-05-10,1985,5,10,1.5481711
1985-05-11,1985,5,11,1.1298784
1985-05-12,1985,5,12,0.46542848
1985-05-13,1985,5,13,1.1168213
1985-05-14,1985,5,14,3.6764015
1985-05-15,1985,5,15,4.3849851
1985-05-16,1985,5,16,3.512601
1985-05-17,1985,5,17,1.5911692
1985-05-18,1985,5,18,-2.2418247
1985-05-19,1985,5,19,-4.0567111
1985-05-20,1985,5,20,-2.6826317
1985-05-21,1985,5,21,-1.8963533
1985-05-22,1985,5,22,-1.3389045
1985-05-23,1985,5,23,-1.5335269
1985-05-24,1985,5,24,0.78151998
1985-05-25,1985,5,25,-0.16338427
1985-05-26,1985,5,26,0.25054355
1985-05-27,1985,5,27,1.6316773
1985-05-28,1985,5,28,1.877286
1985-05-29,1985,5,29,2.0933539
1985-05-30,1985,5,30,-0.1121496
1985-05-31,1985,5,31,-3.3221141
1985-06-01,1985,6,1,-3.4660855
1985-06-02,1985,6,2,0.55831931
1985-06-03,1985,6,3,1.9824289
1985-06-04,1985,6,4,2.7357609
1985-06-05,1985,6,5,2.1731219
1985-06-06,1985,6,6,1.0152809
1985-06-07,1985,6,7,1.2964798
1985-06-08,1985,6,8,1.489543
1985-06-09,1985,6,9,1.7253189
1985-06-10,1985,6,10,1.2168188
1985-06-11,1985,6,11,0.28616992
1985-06-12,1985,6,12,-0.91218098
1985-06-13,1985,6,13,-4.4286344
1985-06-14,1985,6,14,-3.7807444
1985-06-15,1985,6,15,-3.794913
1985-06-16,1985,6,16,-4.8105548
1985-06-17,1985,6,17,-2.3934708
1985-06-18,1985,6,18,-1.4576924
1985-06-19,1985,6,19,-2.8734947
1985-06-20,1985,6,20,-3.7783851
1985-06-21,1985,6,21,0.84979257
1985-06-22,1985,6,22,2.0525512
1985-06-23,1985,6,23,1.0639912
1985-06-24,1985,6,24,0.67239805
1985-06-25,1985,6,25,0.44388787
1985-06-26,1985,6,26,0.33065588
1985-06-27,1985,6,27,-0.69199757
1985-06-28,1985,6,28,-3.4122968
1985-06-29,1985,6,29,-4.4776184
1985-06-30,1985,6,30,-6.9746057
1985-07-01,1985,7,1,-7.1398994
1985-07-02,1985,7,2,-2.7716071
1985-07-03,1985,7,3,-2.8738285
1985-07-04,1985,7,4,-9.0127961
1985-07-05,1985,7,5,-7.1257804
1985-07-06,1985,7,6,-0.63438397
1985-07-07,1985,7,7,-3.5369029
1985-07-08,1985,7,8,-8.2470976
1985-07-09,1985,7,9,-7.816867
1985-07-10,1985,7,10,-2.0478473
1985-07-11,1985,7,11,-0.42951013
1985-07-12,1985,7,12,-0.21464526
1985-07-13,1985,7,13,-0.68032183
1985-07-14,1985,7,14,-1.2046916
1985-07-15,1985,7,15,-1.1439609
1985-07-16,1985,7,16,-3.569919
1985-07-17,1985,7,17,-7.7595456
1985-07-18,1985,7,18,-8.0881275
1985-07-19,1985,7,19,-4.9331254
1985-07-20,1985,7,20,-1.6828674
1985-07-21,1985,7,21,-1.7015793
1985-07-22,1985,7,22,-6.1038826
1985-07-23,1985,7,23,-10.004118
1985-07-24,1985,7,24,-8.6906836
1985-07-25,1985,7,25,-7.4359433
1985-07-26,1985,7,26,-7.7062193
1985-07-27,1985,7,27,-8.8935112
1985-07-28,1985,7,28,-6.9284575
1985-07-29,1985,7,29,-10.48416
1985-07-30,1985,7,30,-13.143932
1985-07-31,1985,7,31,-10.398937
1985-08-01,1985,8,1,-5.9292599
1985-08-02,1985,8,2,-2.357741
1985-08-03,1985,8,3,-2.3054164
1985-08-04,1985,8,4,-5.1953237
1985-08-05,1985,8,5,-7.8649526
1985-08-06,1985,8,6,-10.155237
1985-08-07,1985,8,7,-12.732858
1985-08-08,1985,8,8,-11.21832
1985-08-09,1985,8,9,-12.24045
1985-08-10,1985,8,10,-7.8567724
1985-08-11,1985,8,11,-2.1746493
1985-08-12,1985,8,12,-0.69787981
1985-08-13,1985,8,13,-4.241979
1985-08-14,1985,8,14,-6.2369668
1985-08-15,1985,8,15,-8.1479004
1985-08-16,1985,8,16,-5.7593532
1985-08-17,1985,8,17,-2.083432
1985-08-18,1985,8,18,-2.6044562
1985-08-19,1985,8,19,-3.815317
1985-08-20,1985,8,20,-2.4304555
1985-08-21,1985,8,21,-3.4225208
1985-08-22,1985,8,22,-2.7742102
1985-08-23,1985,8,23,-3.8277461
1985-08-24,1985,8,24,-7.403449
1985-08-25,1985,8,25,-6.3838947
1985-08-26,1985,8,26,-8.0826248
1985-08-27,1985,8,27,-6.5032983
1985-08-28,1985,8,28,-4.0273094
1985-08-29,1985,8,29,-7.3320411
1985-08-30,1985,8,30,-6.6835737
1985-08-31,1985,8,31,-5.6649524
1985-09-01,1985,9,1,-7.7775772
1985-09-02,1985,9,2,-4.3776919
1985-09-03,1985,9,3,-4.3589231
1985-09-04,1985,9,4,-4.0385651
1985-09-05,1985,9,5,-2.1853577
1985-09-06,1985,9,6,-1.7477952
1985-09-07,1985,9,7,-4.311843
1985-09-08,1985,9,8,-2.3563263
1985-09-09,1985,9,9,-5.4347636
1985-09-10,1985,9,10,-3.678256
1985-09-11,1985,9,11,-4.2580276
1985-09-12,1985,9,12,-5.2756729
1985-09-13,1985,9,13,-3.7882646
1985-09-14,1985,9,14,-1.6964572
1985-09-15,1985,9,15,-4.3447986
1985-09-16,1985,9,16,-5.8238747
1985-09-17,1985,9,17,-3.2853041
1985-09-18,1985,9,18,-5.4979704
1985-09-19,1985,9,19,-5.6747099
1985-09-20,1985,9,20,-0.82246852
1985-09-21,1985,9,21,-1.2840782
1985-09-22,1985,9,22,-0.099754149
1985-09-23,1985,9,23,0.44723377
1985-09-24,1985,9,24,1.9461616
1985-09-25,1985,9,25,-0.22869114
1985-09-26,1985,9,26,-2.4001424
1985-09-27,1985,9,27,-4.3108048
1985-09-28,1985,9,28,0.53897174
1985-09-29,1985,9,29,2.4443048
1985-09-30,1985,9,30,-2.0141548
1985-10-01,1985,10,1,-1.1715064
1985-10-02,1985,10,2,-2.2473778
1985-10-03,1985,10,3,-0.70026128
1985-10-04,1985,10,4,-2.5448723
1985-10-05,1985,10,5,-3.2618988
1985-10-06,1985,10,6,-2.929397
1985-10-07,1985,10,7,-0.84065866
1985-10-08,1985,10,8,-2.8342647
1985-10-09,1985,10,9,-5.4024386
1985-10-10,1985,10,10,1.1571881
1985-10-11,1985,10,11,2.2883773
1985-10-12,1985,10,12,0.7663773
1985-10-13,1985,10,13,-1.5722088
1985-10-14,1985,10,14,-1.1408043
1985-10-15,1985,10,15,0.71657883
1985-10-16,1985,10,16,1.42342
1985-10-17,1985,10,17,1.7014192
1985-10-18,1985,10,18,0.15067706
1985-10-19,1985,10,19,-1.6195557
1985-10-20,1985,10,20,1.1815386
1985-10-21,1985,10,21,-0.45406228
1985-10-22,1985,10,22,-2.1016863
1985-10-23,1985,10,23,-0.56162529
1985-10-24,1985,10,24,-3.0531943
1985-10-25,1985,10,25,0.10391601
1985-10-26,1985,10,26,0.24619583
1985-10-27,1985,10,27,-1.045353
1985-10-28,1985,10,28,-2.2052572
1985-10-29,1985,10,29,-2.0516198
1985-10-30,1985,10,30,-2.7830171
1985-10-31,1985,10,31,-4.7214266
1985-11-01,1985,11,1,-3.6182103
1985-11-02,1985,11,2,-1.9690458
1985-11-03,1985,11,3,-3.678201
1985-11-04,1985,11,4,-3.0458022
1985-11-05,1985,11,5,-0.30402553
1985-11-06,1985,11,6,2.9069906
1985-11-07,1985,11,7,2.6454928
1985-11-08,1985,11,8,1.591267
1985-11-09,1985,11,9,0.99145639
1985-11-10,1985,11,10,-0.15478508
1985-11-11,1985,11,11,-0.14438464
1985-11-12,1985,11,12,1.0664444
1985-11-13,1985,11,13,0.94658984
1985-11-14,1985,11,14,2.3839607
1985-11-15,1985,11,15,3.1893791
1985-11-16,1985,11,16,5.6149973
1985-11-17,1985,11,17,6.3810166
1985-11-18,1985,11,18,6.0752333
1985-11-19,1985,11,19,4.8084641
1985-11-20,1985,11,20,5.0958683
1985-11-21,1985,11,21,4.0592414
1985-11-22,1985,11,22,6.1659875
1985-11-23,1985,11,23,2.4664061
1985-11-24,1985,11,24,4.7894849
1985-11-25,1985,11,25,4.4260514
1985-11-26,1985,11,26,5.0039715
1985-11-27,1985,11,27,5.9041102
1985-11-28,1985,11,28,4.4159858
1985-11-29,1985,11,29,7.0833642
1985-11-30,1985,11,30,5.2552143
1985-12-01,1985,12,1,4.180002
1985-12-02,1985,12,2,5.7555324
1985-12-03,1985,12,3,6.2437785
1985-12-04,1985,12,4,4.9325978
1985-12-05,1985,12,5,4.4165452
1985-12-06,1985,12,6,4.632034
1985-12-07,1985,12,7,3.6264675
1985-12-08,1985,12,8,3.1005925
1985-12-09,1985,12,9,3.0817605
1985-12-10,1985,12,10,4.7871537
1985-12-11,1985,12,11,4.5053413
1985-12-12,1985,12,12,3.7341
1985-12-13,1985,12,13,4.4584758
1985-12-14,1985,12,14,3.6195543
1985-12-15,1985,12,15,3.9114033
1985-12-16,1985,12,16,5.1398424
1985-12-17,1985,12,17,3.8765517
1985-12-18,1985,12,18,6.0821222
1985-12-19,1985,12,19,8.2173429
1985-12-20,1985,12,20,7.6279072
1985-12-21,1985,12,21,9.0518991
1985-12-22,1985,12,22,8.7544726
1985-12-23,1985,12,23,8.3175096
1985-12-24,1985,12,24,7.8263241
1985-12-25,1985,12,25,8.0600269
1985-12-26,1985,12,26,8.0188883
1985-12-27,1985,12,27,6.4161232
1985-12-28,1985,12,28,7.0375276
1985-12-29,1985,12,29,4.8443379
1985-12-30,1985,12,30,5.0068336
1985-12-31,1985,12,31,6.107358
1986-01-01,1986,1,1,8.7136363
1986-01-02,1986,1,2,6.7936876
1986-01-03,1986,1,3,5.7430317
1986-01-04,1986,1,4,7.1293489
1986-01-05,1986,1,5,9.7073447
1986-01-06,1986,1,6,9.148253
1986-01-07,1986,1,7,6.8943078
1986-01-08,1986,1,8,7.3171091
1986-01-09,1986,1,9,6.8338528
1986-01-10,1986,1,10,7.7877169
1986-01-11,1986,1,11,5.8484579
1986-01-12,1986,1,12,5.2532772
1986-01-13,1986,1,13,7.5630169
1986-01-14,1986,1,14,6.321321
1986-01-15,1986,1,15,5.4945067
1986-01-16,1986,1,16,4.7594746
1986-01-17,1986,1,17,2.0472344
1986-01-18,1986,1,18,4.1856095
1986-01-19,1986,1,19,6.3179288
1986-01-20,1986,1,20,6.0271092
1986-01-21,1986,1,21,6.9968068
1986-01-22,1986,1,22,7.7838321
1986-01-23,1986,1,23,8.335713
1986-01-24,1986,1,24,8.1849014
1986-01-25,1986,1,25,9.1640605
1986-01-26,1986,1,26,9.104823
1986-01-27,1986,1,27,8.3923538
1986-01-28,1986,1,28,7.9330741
1986-01-29,1986,1,29,6.2757255
1986-01-30,1986,1,30,5.7552612
1986-01-31,1986,1,31,5.7746086
1986-02-01,1986,2,1,8.1720548
1986-02-02,1986,2,2,8.892187
1986-02-03,1986,2,3,9.2099072
1986-02-04,1986,2,4,10.143628
1986-02-05,1986,2,5,10.552909
1986-02-06,1986,2,6,8.0887894
1986-02-07,1986,2,7,9.2038498
1986-02-08,1986,2,8,8.2339931
1986-02-09,1986,2,9,6.114181
1986-02-10,1986,2,10,5.269834
1986-02-11,1986,2,11,5.5245756
1986-02-12,1986,2,12,6.3394069
1986-02-13,1986,2,13,8.1863742
1986-02-14,1986,2,14,6.8496105
1986-02-15,1986,2,15,4.07265
1986-02-16,1986,2,16,3.1997992
1986-02-17,1986,2,17,3.3866453
1986-02-18,1986,2,18,5.6063865
1986-02-19,1986,2,19,5.841732
1986-02-20,1986,2,20,5.389494
1986-02-21,1986,2,21,7.2991477
1986-02-22,1986,2,22,8.2945738
1986-02-23,1986,2,23,8.873384
1986-02-24,1986,2,24,5.5446706
1986-02-25,1986,2,25,3.9793373
1986-02-26,1986,2,26,2.288984
1986-02-27,1986,2,27,2.2896428
1986-02-28,1986,2,28,5.7387556
1986-03-01,1986,3,1,6.6657692
1986-03-02,1986,3,2,5.6479228
1986-03-03,1986,3,3,5.9924139
1986-03-04,1986,3,4,4.3593677
1986-03-05,1986,3,5,5.9457194
1986-03-06,1986,3,6,7.2081461
1986-03-07,1986,3,7,4.9784462
1986-03-08,1986,3,8,4.5214039
1986-03-09,1986,3,9,4.1032092
1986-03-10,1986,3,10,3.5603382
1986-03-11,1986,3,11,2.6613401
1986-03-12,1986,3,12,3.5848812
1986-03-13,1986,3,13,3.345377
1986-03-14,1986,3,14,3.0400828
1986-03-15,1986,3,15,4.6244377
1986-03-16,1986,3,16,3.4189743
1986-03-17,1986,3,17,4.1105147
1986-03-18,1986,3,18,5.4380636
1986-03-19,1986,3,19,8.3384033
1986-03-20,1986,3,20,6.8269655
1986-03-21,1986,3,21,6.8945993
1986-03-22,1986,3,22,6.8126818
1986-03-23,1986,3,23,5.1495292
1986-03-24,1986,3,24,7.2250365
1986-03-25,1986,3,25,5.967735
1986-03-26,1986,3,26,6.6402996
1986-03-27,1986,3,27,7.1625642
1986-03-28,1986,3,28,5.3186511
1986-03-29,1986,3,29,4.5539735
1986-03-30,1986,3,30,4.362408
1986-03-31,1986,3,31,4.4279942
1986-04-01,1986,4,1,2.2612527
1986-04-02,1986,4,2,2.5918513
1986-04-03,1986,4,3,2.0860109
1986-04-04,1986,4,4,0.30883887
1986-04-05,1986,4,5,-1.6424747
1986-04-06,1986,4,6,0.012563426
1986-04-07,1986,4,7,1.3861589
1986-04-08,1986,4,8,2.8665607
1986-04-09,1986,4,9,3.1385961
1986-04-10,1986,4,10,2.4187533
1986-04-11,1986,4,11,3.2839484
1986-04-12,1986,4,12,1.6742884
1986-04-13,1986,4,13,-0.99568548
1986-04-14,1986,4,14,1.1264526
1986-04-15,1986,4,15,6.0494306
1986-04-16,1986,4,16,5.0425546
1986-04-17,1986,4,17,2.7900436
1986-04-18,1986,4,18,2.3972009
1986-04-19,1986,4,19,2.6541648
1986-04-20,1986,4,20,0.81720637
1986-04-21,1986,4,21,1.517082
1986-04-22,1986,4,22,1.4308377
1986-04-23,1986,4,23,0.54651922
1986-04-24,1986,4,24,-2.8701266
1986-04-25,1986,4,25,-4.6689246
1986-04-26,1986,4,26,1.8460385
1986-04-27,1986,4,27,3.078083
1986-04-28,1986,4,28,2.6626728
1986-04-29,1986,4,29,1.3884042
1986-04-30,1986,4,30,4.4810378
1986-05-01,1986,5,1,4.5001526
1986-05-02,1986,5,2,4.0396658
1986-05-03,1986,5,3,4.1285885
1986-05-04,1986,5,4,3.5515919
1986-05-05,1986,5,5,2.8704656
1986-05-06,1986,5,6,2.1565987
1986-05-07,1986,5,7,1.5984983
1986-05-08,1986,5,8,1.3090974
1986-05-09,1986,5,9,-2.1040226
1986-05-10,1986,5,10,-3.4840809
1986-05-11,1986,5,11,-1.5135246
1986-05-12,1986,5,12,-0.92352919
1986-05-13,1986,5,13,-0.049247964
1986-05-14,1986,5,14,1.2667774
1986-05-15,1986,5,15,0.63383695
1986-05-16,1986,5,16,0.29725606
1986-05-17,1986,5,17,-0.87265073
1986-05-18,1986,5,18,-1.3015808
1986-05-19,1986,5,19,-4.3631696
1986-05-20,1986,5,20,-2.8812364
1986-05-21,1986,5,21,-2.8534027
1986-05-22,1986,5,22,-1.4843015
1986-05-23,1986,5,23,-3.6571504
1986-05-24,1986,5,24,-4.6379766
1986-05-25,1986,5,25,-1.2270091
1986-05-26,1986,5,26,-1.4577057
1986-05-27,1986,5,27,-2.5143783
1986-05-28,1986,5,28,-3.0127213
1986-05-29,1986,5,29,-5.8450948
1986-05-30,1986,5,30,-3.748428
1986-05-31,1986,5,31,-0.6639002
1986-06-01,1986,6,1,0.26929673
1986-06-02,1986,6,2,-0.39935738
1986-06-03,1986,6,3,-4.2243865
1986-06-04,1986,6,4,-6.1640155
1986-06-05,1986,6,5,-8.5180911
1986-06-06,1986,6,6,-5.3421248
1986-06-07,1986,6,7,-2.9847186
1986-06-08,1986,6,8,-3.1178996
1986-06-09,1986,6,9,-3.0782136
1986-06-10,1986,6,10,-3.1279189
1986-06-11,1986,6,11,-1.6287641
1986-06-12,1986,6,12,-0.81429527
1986-06-13,1986,6,13,-2.3554982
1986-06-14,1986,6,14,-3.8063723
1986-06-15,1986,6,15,-1.8183798
1986-06-16,1986,6,16,0.61124225
1986-06-17,1986,6,17,0.15310056
1986-06-18,1986,6,18,-0.45147325
1986-06-19,1986,6,19,0.73888115
1986-06-20,1986,6,20,-0.31778575
1986-06-21,1986,6,21,-3.6648633
1986-06-22,1986,6,22,-5.9987056
1986-06-23,1986,6,23,-6.2529636
1986-06-24,1986,6,24,-1.5959576
1986-06-25,1986,6,25,-0.86639043
1986-06-26,1986,6,26,-1.1799925
1986-06-27,1986,6,27,-2.7577353
1986-06-28,1986,6,28,-3.0111731
1986-06-29,1986,6,29,-4.8991139
1986-06-30,1986,6,30,-4.636935
1986-07-01,1986,7,1,0.20943307
1986-07-02,1986,7,2,0.66892308
1986-07-03,1986,7,3,0.3306556
1986-07-04,1986,7,4,-0.37148612
1986-07-05,1986,7,5,-0.40186572
1986-07-06,1986,7,6,0.89374292
1986-07-07,1986,7,7,1.4322992
1986-07-08,1986,7,8,-0.54792543
1986-07-09,1986,7,9,-1.2933357
1986-07-10,1986,7,10,-0.94288149
1986-07-11,1986,7,11,-2.8591903
1986-07-12,1986,7,12,-5.7898688
1986-07-13,1986,7,13,-5.0240728
1986-07-14,1986,7,14,-4.7379941
1986-07-15,1986,7,15,-6.6484706
1986-07-16,1986,7,16,-5.0354315
1986-07-17,1986,7,17,-6.8992444
1986-07-18,1986,7,18,-7.2120389
1986-07-19,1986,7,19,-7.1312806
1986-07-20,1986,7,20,-6.1165523
1986-07-21,1986,7,21,-1.1708315
1986-07-22,1986,7,22,0.07433088
1986-07-23,1986,7,23,0.9816625
1986-07-24,1986,7,24,0.29131514
1986-07-25,1986,7,25,0.93769464
1986-07-26,1986,7,26,0.5409913
1986-07-27,1986,7,27,0.20609161
1986-07-28,1986,7,28,-1.0559296
1986-07-29,1986,7,29,-4.9164316
1986-07-30,1986,7,30,-5.4887169
1986-07-31,1986,7,31,-2.674134
1986-08-01,1986,8,1,-1.3470282
1986-08-02,1986,8,2,-4.4613521
1986-08-03,1986,8,3,-4.8353152
1986-08-04,1986,8,4,-4.5603741
1986-08-05,1986,8,5,-3.203796
1986-08-06,1986,8,6,-0.22642781
1986-08-07,1986,8,7,-0.67030567
1986-08-08,1986,8,8,-0.62842026
1986-08-09,1986,8,9,-1.3961082
1986-08-10,1986,8,10,-4.1071576
1986-08-11,1986,8,11,-6.4756571
1986-08-12,1986,8,12,-4.7504835
1986-08-13,1986,8,13,-5.0584585
1986-08-14,1986,8,14,-5.2790028
1986-08-15,1986,8,15,-7.460486
1986-08-16,1986,8,16,-8.6829795
1986-08-17,1986,8,17,-8.9622668
1986-08-18,1986,8,18,-8.0251166
1986-08-19,1986,8,19,-5.6526301
1986-08-20,1986,8,20,-5.008785
1986-08-21,1986,8,21,-4.8448596
1986-08-22,1986,8,22,-5.5902683
1986-08-23,1986,8,23,-4.136486
1986-08-24,1986,8,24,-3.769232
1986-08-25,1986,8,25,-2.9133621
1986-08-26,1986,8,26,-0.26408289
1986-08-27,1986,8,27,-0.23201495
1986-08-28,1986,8,28,-0.037608749
1986-08-29,1986,8,29,0.42370275
1986-08-30,1986,8,30,-2.7164235
1986-08-31,1986,8,31,-5.5707703
1986-09-01,1986,9,1,-2.3725075
1986-09-02,1986,9,2,-4.831428
1986-09-03,1986,9,3,-8.7581351
1986-09-04,1986,9,4,-1.5343145
1986-09-05,1986,9,5,-1.8630934
1986-09-06,1986,9,6,-3.1362948
1986-09-07,1986,9,7,1.9152482
1986-09-08,1986,9,8,2.5192254
1986-09-09,1986,9,9,2.6780607
1986-09-10,1986,9,10,2.9826595
1986-09-11,1986,9,11,1.3099942
1986-09-12,1986,9,12,-1.3112944
1986-09-13,1986,9,13,-3.9514597
1986-09-14,1986,9,14,-5.6295742
1986-09-15,1986,9,15,-4.5633537
1986-09-16,1986,9,16,-7.0703354
1986-09-17,1986,9,17,-8.4041519
1986-09-18,1986,9,18,-4.8752453
1986-09-19,1986,9,19,-2.4993405
1986-09-20,1986,9,20,-1.7174039
1986-09-21,1986,9,21,-2.9956955
1986-09-22,1986,9,22,-2.145336
1986-09-23,1986,9,23,-4.627385
1986-09-24,1986,9,24,-3.7417431
1986-09-25,1986,9,25,-4.3980866
1986-09-26,1986,9,26,-4.3078052
1986-09-27,1986,9,27,-4.7490974
1986-09-28,1986,9,28,-5.0280302
1986-09-29,1986,9,29,1.118785
1986-09-30,1986,9,30,-0.71278728
1986-10-01,1986,10,1,-1.4554822
1986-10-02,1986,10,2,1.7289331
1986-10-03,1986,10,3,1.6271015
1986-10-04,1986,10,4,0.79846661
1986-10-05,1986,10,5,1.15505
1986-10-06,1986,10,6,0.43929023
1986-10-07,1986,10,7,-1.0713799
1986-10-08,1986,10,8,-1.107807
1986-10-09,1986,10,9,-3.2685701
1986-10-10,1986,10,10,-0.74567742
1986-10-11,1986,10,11,-1.5429768
1986-10-12,1986,10,12,1.9378826
1986-10-13,1986,10,13,0.9850768
1986-10-14,1986,10,14,-0.047431324
1986-10-15,1986,10,15,0.45152462
1986-10-16,1986,10,16,-2.3653941
1986-10-17,1986,10,17,-0.72471908
1986-10-18,1986,10,18,0.12587973
1986-10-19,1986,10,19,-1.5608748
1986-10-20,1986,10,20,-1.8207874
1986-10-21,1986,10,21,-1.8308095
1986-10-22,1986,10,22,1.5124998
1986-10-23,1986,10,23,1.4571182
1986-10-24,1986,10,24,2.9715241
1986-10-25,1986,10,25,2.522298
1986-10-26,1986,10,26,2.8281342
1986-10-27,1986,10,27,1.927969
1986-10-28,1986,10,28,0.40736869
1986-10-29,1986,10,29,1.6374421
1986-10-30,1986,10,30,-1.130762
1986-10-31,1986,10,31,-2.0829166
1986-11-01,1986,11,1,-0.93689493
1986-11-02,1986,11,2,0.17663353
1986-11-03,1986,11,3,-1.2017873
1986-11-04,1986,11,4,-1.561815
1986-11-05,1986,11,5,-3.0263036
1986-11-06,1986,11,6,0.27187051
1986-11-07,1986,11,7,3.3642117
1986-11-08,1986,11,8,1.0714357
1986-11-09,1986,11,9,0.25860087
1986-11-10,1986,11,10,2.9139577
1986-11-11,1986,11,11,5.2434543
1986-11-12,1986,11,12,6.281424
1986-11-13,1986,11,13,5.3895527
1986-11-14,1986,11,14,3.8678207
1986-11-15,1986,11,15,3.051055
1986-11-16,1986,11,16,4.1283882
1986-11-17,1986,11,17,4.3534334
1986-11-18,1986,11,18,1.4325126
1986-11-19,1986,11,19,1.4540768
1986-11-20,1986,11,20,4.0449155
1986-11-21,1986,11,21,3.688485
1986-11-22,1986,11,22,3.1550586
1986-11-23,1986,11,23,4.0912976
1986-11-24,1986,11,24,2.5421287
1986-11-25,1986,11,25,1.5950471
1986-11-26,1986,11,26,2.8108182
1986-11-27,1986,11,27,1.7982495
1986-11-28,1986,11,28,0.018664296
1986-11-29,1986,11,29,1.8154338
1986-11-30,1986,11,30,1.4104493
1986-12-01,1986,12,1,2.0470379
1986-12-02,1986,12,2,2.6704928
1986-12-03,1986,12,3,5.5080469
1986-12-04,1986,12,4,5.7148788
1986-12-05,1986,12,5,6.6363357
1986-12-06,1986,12,6,5.3144374
1986-12-07,1986,12,7,7.0995459
1986-12-08,1986,12,8,7.5312137
1986-12-09,1986,12,9,5.3471047
1986-12-10,1986,12,10,5.8314
1986-12-11,1986,12,11,5.9179958
1986-12-12,1986,12,12,4.8420768
1986-12-13,1986,12,13,3.6711368
1986-12-14,1986,12,14,3.8434907
1986-12-15,1986,12,15,3.8330306
1986-12-16,1986,12,16,5.3734116
1986-12-17,1986,12,17,6.311744
1986-12-18,1986,12,18,7.0605764
1986-12-19,1986,12,19,6.2679019
1986-12-20,1986,12,20,5.7888171
1986-12-21,1986,12,21,7.8515864
1986-12-22,1986,12,22,10.019498
1986-12-23,1986,12,23,9.69574
1986-12-24,1986,12,24,6.726726
1986-12-25,1986,12,25,7.8489449
1986-12-26,1986,12,26,7.1704369
1986-12-27,1986,12,27,7.5647932
1986-12-28,1986,12,28,7.8647048
1986-12-29,1986,12,29,7.4806974
1986-12-30,1986,12,30,6.7783567
1986-12-31,1986,12,31,5.2873381
1987-01-01,1987,1,1,5.6498786
1987-01-02,1987,1,2,6.3081564
1987-01-03,1987,1,3,5.1894273
1987-01-04,1987,1,4,5.5130977
1987-01-05,1987,1,5,4.4760654
1987-01-06,1987,1,6,5.8655685
1987-01-07,1987,1,7,4.5242578
1987-01-08,1987,1,8,5.9563616
1987-01-09,1987,1,9,6.0415169
1987-01-10,1987,1,10,5.8891015
1987-01-11,1987,1,11,4.5486271
1987-01-12,1987,1,12,3.8322866
1987-01-13,1987,1,13,4.7788066
1987-01-14,1987,1,14,5.6185478
1987-01-15,1987,1,15,7.5773078
1987-01-16,1987,1,16,7.8303465
1987-01-17,1987,1,17,8.5385614
1987-01-18,1987,1,18,9.9488393
1987-01-19,1987,1,19,9.1904652
1987-01-20,1987,1,20,8.3380291
1987-01-21,1987,1,21,8.1272072
1987-01-22,1987,1,22,6.5568391
1987-01-23,1987,1,23,6.8271858
1987-01-24,1987,1,24,6.1207928
1987-01-25,1987,1,25,6.9584814
1987-01-26,1987,1,26,8.1570757
1987-01-27,1987,1,27,9.8437969
1987-01-28,1987,1,28,7.9378225
1987-01-29,1987,1,29,8.662845
1987-01-30,1987,1,30,7.7162795
1987-01-31,1987,1,31,7.3761002
1987-02-01,1987,2,1,9.5100144
1987-02-02,1987,2,2,8.3959255
1987-02-03,1987,2,3,7.5997548
1987-02-04,1987,2,4,6.0712935
1987-02-05,1987,2,5,5.8544888
1987-02-06,1987,2,6,4.3815979
1987-02-07,1987,2,7,2.534575
1987-02-08,1987,2,8,3.760191
1987-02-09,1987,2,9,7.964786
1987-02-10,1987,2,10,9.4842485
1987-02-11,1987,2,11,9.9001625
1987-02-12,1987,2,12,9.931463
1987-02-13,1987,2,13,9.4834737
1987-02-14,1987,2,14,8.9359994
1987-02-15,1987,2,15,8.9538547
1987-02-16,1987,2,16,10.314229
1987-02-17,1987,2,17,9.3877095
1987-02-18,1987,2,18,9.7723141
1987-02-19,1987,2,19,8.6758715
1987-02-20,1987,2,20,7.2437173
1987-02-21,1987,2,21,4.9571331
1987-02-22,1987,2,22,4.3054801
1987-02-23,1987,2,23,6.7588534
1987-02-24,1987,2,24,6.4141602
1987-02-25,1987,2,25,6.2638703
1987-02-26,1987,2,26,8.0467694
1987-02-27,1987,2,27,8.7619127
1987-02-28,1987,2,28,9.514658
1987-03-01,1987,3,1,10.290285
1987-03-02,1987,3,2,10.387603
1987-03-03,1987,3,3,8.705743
1987-03-04,1987,3,4,6.3698476
1987-03-05,1987,3,5,8.8199114
1987-03-06,1987,3,6,9.8137618
1987-03-07,1987,3,7,10.448509
1987-03-08,1987,3,8,9.436568
1987-03-09,1987,3,9,9.154422
1987-03-10,1987,3,10,8.4173603
1987-03-11,1987,3,11,8.9414832
1987-03-12,1987,3,12,8.7139458
1987-03-13,1987,3,13,7.5043403
1987-03-14,1987,3,14,7.0980369
1987-03-15,1987,3,15,7.7054839
1987-03-16,1987,3,16,8.5159667
1987-03-17,1987,3,17,8.2646582
1987-03-18,1987,3,18,6.7161804
1987-03-19,1987,3,19,6.8371321
1987-03-20,1987,3,20,6.3624726
1987-03-21,1987,3,21,6.3169145
1987-03-22,1987,3,22,4.9340213
1987-03-23,1987,3,23,4.0259236
1987-03-24,1987,3,24,2.1263226
1987-03-25,1987,3,25,-1.2859698
1987-03-26,1987,3,26,-1.1455814
1987-03-27,1987,3,27,2.256475
1987-03-28,1987,3,28,1.9500729
1987-03-29,1987,3,29,2.945889
1987-03-30,1987,3,30,1.1955409
1987-03-31,1987,3,31,-0.58138063
1987-04-01,1987,4,1,1.0721582
1987-04-02,1987,4,2,3.8304315
1987-04-03,1987,4,3,5.3201389
1987-04-04,1987,4,4,5.0214509
1987-04-05,1987,4,5,5.5985641
1987-04-06,1987,4,6,3.9335617
1987-04-07,1987,4,7,3.8737098
1987-04-08,1987,4,8,1.9871003
1987-04-09,1987,4,9,3.3062597
1987-04-10,1987,4,10,2.3933792
1987-04-11,1987,4,11,1.1390783
1987-04-12,1987,4,12,1.6900613
1987-04-13,1987,4,13,1.6681064
1987-04-14,1987,4,14,3.2016008
1987-04-15,1987,4,15,0.68839349
1987-04-16,1987,4,16,-2.3068675
1987-04-17,1987,4,17,-2.3351192
1987-04-18,1987,4,18,1.1298724
1987-04-19,1987,4,19,2.2324026
1987-04-20,1987,4,20,0.12830859
1987-04-21,1987,4,21,1.5439574
1987-04-22,1987,4,22,2.0980227
1987-04-23,1987,4,23,3.5120386
1987-04-24,1987,4,24,3.7285315
1987-04-25,1987,4,25,5.0992623
1987-04-26,1987,4,26,4.436986
1987-04-27,1987,4,27,3.5575606
1987-04-28,1987,4,28,4.2737548
1987-04-29,1987,4,29,3.4939955
1987-04-30,1987,4,30,2.5468847
1987-05-01,1987,5,1,-1.9010565
1987-05-02,1987,5,2,-1.626264
1987-05-03,1987,5,3,-2.4548319
1987-05-04,1987,5,4,-2.6024444
1987-05-05,1987,5,5,-2.819624
1987-05-06,1987,5,6,-3.3390255
1987-05-07,1987,5,7,-3.171926
1987-05-08,1987,5,8,-4.1138199
1987-05-09,1987,5,9,-1.6310242
1987-05-10,1987,5,10,0.11903022
1987-05-11,1987,5,11,-0.84243094
1987-05-12,1987,5,12,-2.5549355
1987-05-13,1987,5,13,-6.3890698
1987-05-14,1987,5,14,-4.9921288
1987-05-15,1987,5,15,-4.3732247
1987-05-16,1987,5,16,-2.2002299
1987-05-17,1987,5,17,-1.954471
1987-05-18,1987,5,18,-1.7988535
1987-05-19,1987,5,19,-2.8597521
1987-05-20,1987,5,20,-5.1414465
1987-05-21,1987,5,21,-4.1371844
1987-05-22,1987,5,22,-3.9952557
1987-05-23,1987,5,23,-5.0024325
1987-05-24,1987,5,24,-5.2117161
1987-05-25,1987,5,25,-3.165696
1987-05-26,1987,5,26,-4.9597807
1987-05-27,1987,5,27,-4.4584199
1987-05-28,1987,5,28,-3.0147531
1987-05-29,1987,5,29,-0.77064788
1987-05-30,1987,5,30,-0.46168595
1987-05-31,1987,5,31,2.5791416
1987-06-01,1987,6,1,0.60377555
1987-06-02,1987,6,2,-0.84593178
1987-06-03,1987,6,3,-0.17818214
1987-06-04,1987,6,4,-2.2963893
1987-06-05,1987,6,5,-3.7140225
1987-06-06,1987,6,6,-1.749983
1987-06-07,1987,6,7,-2.8699532
1987-06-08,1987,6,8,2.8978212
1987-06-09,1987,6,9,3.7506482
1987-06-10,1987,6,10,3.068389
1987-06-11,1987,6,11,-1.8544451
1987-06-12,1987,6,12,-7.0371839
1987-06-13,1987,6,13,-9.8031888
1987-06-14,1987,6,14,-9.1534912
1987-06-15,1987,6,15,-7.926741
1987-06-16,1987,6,16,-4.3408701
1987-06-17,1987,6,17,-1.7248748
1987-06-18,1987,6,18,-1.1447383
1987-06-19,1987,6,19,0.78249924
1987-06-20,1987,6,20,1.8577924
1987-06-21,1987,6,21,0.45347796
1987-06-22,1987,6,22,0.12251019
1987-06-23,1987,6,23,0.38309044
1987-06-24,1987,6,24,2.0787908
1987-06-25,1987,6,25,2.7349907
1987-06-26,1987,6,26,2.8286638
1987-06-27,1987,6,27,0.050891044
1987-06-28,1987,6,28,-5.0987048
1987-06-29,1987,6,29,-4.0414054
1987-06-30,1987,6,30,-4.9623258
1987-07-01,1987,7,1,-5.6736444
1987-07-02,1987,7,2,-8.8302229
1987-07-03,1987,7,3,-8.781169
1987-07-04,1987,7,4,-3.644562
1987-07-05,1987,7,5,-2.6225625
1987-07-06,1987,7,6,-2.7384093
1987-07-07,1987,7,7,-3.3114147
1987-07-08,1987,7,8,-3.3270662
1987-07-09,1987,7,9,-3.4003894
1987-07-10,1987,7,10,-3.5468902
1987-07-11,1987,7,11,-3.4703512
1987-07-12,1987,7,12,-3.5595208
1987-07-13,1987,7,13,-2.7836537
1987-07-14,1987,7,14,-2.4311362
1987-07-15,1987,7,15,-4.0023519
1987-07-16,1987,7,16,-6.2612329
1987-07-17,1987,7,17,-10.491265
1987-07-18,1987,7,18,-11.16885
1987-07-19,1987,7,19,-7.7347224
1987-07-20,1987,7,20,-5.4941193
1987-07-21,1987,7,21,-2.2474668
1987-07-22,1987,7,22,-6.0805301
1987-07-23,1987,7,23,-8.5388186
1987-07-24,1987,7,24,-6.0416256
1987-07-25,1987,7,25,-7.3786973
1987-07-26,1987,7,26,-7.0631893
1987-07-27,1987,7,27,-7.1639014
1987-07-28,1987,7,28,-6.7218946
1987-07-29,1987,7,29,-8.1215129
1987-07-30,1987,7,30,-5.4665795
1987-07-31,1987,7,31,-3.8240233
1987-08-01,1987,8,1,-7.9713681
1987-08-02,1987,8,2,-7.8797278
1987-08-03,1987,8,3,-6.5491737
1987-08-04,1987,8,4,-10.656658
1987-08-05,1987,8,5,-10.130336
1987-08-06,1987,8,6,-3.8844813
1987-08-07,1987,8,7,-2.3418081
1987-08-08,1987,8,8,-6.0550109
1987-08-09,1987,8,9,-6.0097317
1987-08-10,1987,8,10,-6.4352156
1987-08-11,1987,8,11,-4.5099722
1987-08-12,1987,8,12,-4.5349168
1987-08-13,1987,8,13,-3.7977492
1987-08-14,1987,8,14,-4.4601501
1987-08-15,1987,8,15,-7.1720512
1987-08-16,1987,8,16,-7.5767653
1987-08-17,1987,8,17,-5.2947722
1987-08-18,1987,8,18,-5.9841116
1987-08-19,1987,8,19,-4.4689301
1987-08-20,1987,8,20,0.92408482
1987-08-21,1987,8,21,1.5434258
1987-08-22,1987,8,22,1.0738995
1987-08-23,1987,8,23,-0.37958142
1987-08-24,1987,8,24,-3.8360601
1987-08-25,1987,8,25,0.10577754
1987-08-26,1987,8,26,0.18810812
1987-08-27,1987,8,27,-3.515521
1987-08-28,1987,8,28,-5.9917521
1987-08-29,1987,8,29,-9.9700228
1987-08-30,1987,8,30,-5.9265708
1987-08-31,1987,8,31,-6.1599032
1987-09-01,1987,9,1,-5.6331777
1987-09-02,1987,9,2,-8.074028
1987-09-03,1987,9,3,-2.0319776
1987-09-04,1987,9,4,-3.8881625
1987-09-05,1987,9,5,-6.9780417
1987-09-06,1987,9,6,-3.7195475
1987-09-07,1987,9,7,-2.658476
1987-09-08,1987,9,8,-5.7195959
1987-09-09,1987,9,9,-9.071777
1987-09-10,1987,9,10,-10.625124
1987-09-11,1987,9,11,-6.3296042
1987-09-12,1987,9,12,-2.1565442
1987-09-13,1987,9,13,-3.4730299
1987-09-14,1987,9,14,-6.0302305
1987-09-15,1987,9,15,-7.3495516
1987-09-16,1987,9,16,-2.2041623
1987-09-17,1987,9,17,-0.82768545
1987-09-18,1987,9,18,-1.9788027
1987-09-19,1987,9,19,-1.556187
1987-09-20,1987,9,20,-1.2179865
1987-09-21,1987,9,21,-3.4147649
1987-09-22,1987,9,22,-2.7934399
1987-09-23,1987,9,23,-0.71580048
1987-09-24,1987,9,24,1.376754
1987-09-25,1987,9,25,-0.24162626
1987-09-26,1987,9,26,-2.4045191
1987-09-27,1987,9,27,-1.8580544
1987-09-28,1987,9,28,-0.043179377
1987-09-29,1987,9,29,-1.3235666
1987-09-30,1987,9,30,-5.214763
1987-10-01,1987,10,1,-5.0074818
1987-10-02,1987,10,2,0.56416798
1987-10-03,1987,10,3,-2.5138034
1987-10-04,1987,10,4,-3.353923
1987-10-05,1987,10,5,-1.7664357
1987-10-06,1987,10,6,-0.87079642
1987-10-07,1987,10,7,-0.036161997
1987-10-08,1987,10,8,0.014002889
1987-10-09,1987,10,9,1.6081384
1987-10-10,1987,10,10,-1.0514015
1987-10-11,1987,10,11,-4.0792113
1987-10-12,1987,10,12,-5.6212074
1987-10-13,1987,10,13,-3.347985
1987-10-14,1987,10,14,-1.390731
1987-10-15,1987,10,15,-4.9269422
1987-10-16,1987,10,16,-5.0274519
1987-10-17,1987,10,17,-1.3778292
1987-10-18,1987,10,18,-2.8023177
1987-10-19,1987,10,19,-1.9211326
1987-10-20,1987,10,20,-0.95331185
1987-10-21,1987,10,21,-1.7480484
1987-10-22,1987,10,22,1.803676
1987-10-23,1987,10,23,0.77447126
1987-10-24,1987,10,24,-0.029162839
1987-10-25,1987,10,25,-0.2830214
1987-10-26,1987,10,26,-1.2189132
1987-10-27,1987,10,27,-0.034594987
1987-10-28,1987,10,28,2.6931551
1987-10-29,1987,10,29,3.5694844
1987-10-30,1987,10,30,2.5102768
1987-10-31,1987,10,31,0.33760402
1987-11-01,1987,11,1,0.36689386
1987-11-02,1987,11,2,1.2734843
1987-11-03,1987,11,3,1.9960062
1987-11-04,1987,11,4,0.18165209
1987-11-05,1987,11,5,-3.003287
1987-11-06,1987,11,6,-2.8328332
1987-11-07,1987,11,7,0.39034001
1987-11-08,1987,11,8,1.3857616
1987-11-09,1987,11,9,2.220001
1987-11-10,1987,11,10,3.988109
1987-11-11,1987,11,11,1.4905593
1987-11-12,1987,11,12,1.7321399
1987-11-13,1987,11,13,3.3801275
1987-11-14,1987,11,14,2.314763
1987-11-15,1987,11,15,4.6967313
1987-11-16,1987,11,16,5.7391586
1987-11-17,1987,11,17,3.5021583
1987-11-18,1987,11,18,4.0825509
1987-11-19,1987,11,19,4.8121732
1987-11-20,1987,11,20,5.7912535
1987-11-21,1987,11,21,5.5957531
1987-11-22,1987,11,22,4.7063986
1987-11-23,1987,11,23,1.5964344
1987-11-24,1987,11,24,2.4662799
1987-11-25,1987,11,25,5.0106529
1987-11-26,1987,11,26,4.5535789
1987-11-27,1987,11,27,5.1117966
1987-11-28,1987,11,28,8.1970387
1987-11-29,1987,11,29,7.6924495
1987-11-30,1987,11,30,6.545524
1987-12-01,1987,12,1,5.9973065
1987-12-02,1987,12,2,5.9169432
1987-12-03,1987,12,3,4.9348323
1987-12-04,1987,12,4,4.6188058
1987-12-05,1987,12,5,4.4616274
1987-12-06,1987,12,6,3.1976228
1987-12-07,1987,12,7,1.1574722
1987-12-08,1987,12,8,2.7821671
1987-12-09,1987,12,9,5.3346872
1987-12-10,1987,12,10,4.6761071
1987-12-11,1987,12,11,2.3211614
1987-12-12,1987,12,12,5.7558544
1987-12-13,1987,12,13,5.679255
1987-12-14,1987,12,14,4.3611389
1987-12-15,1987,12,15,3.5332589
1987-12-16,1987,12,16,2.2562291
1987-12-17,1987,12,17,2.7478651
1987-12-18,1987,12,18,3.0368012
1987-12-19,1987,12,19,3.8820679
1987-12-20,1987,12,20,5.3697189
1987-12-21,1987,12,21,7.9665186
1987-12-22,1987,12,22,6.590153
1987-12-23,1987,12,23,6.7940582
1987-12-24,1987,12,24,5.7440377
1987-12-25,1987,12,25,4.3860889
1987-12-26,1987,12,26,5.1137539
1987-12-27,1987,12,27,5.0462585
1987-12-28,1987,12,28,3.7935545
1987-12-29,1987,12,29,3.982373
1987-12-30,1987,12,30,5.8913456
1987-12-31,1987,12,31,7.7991262
1988-01-01,1988,1,1,7.3003549
1988-01-02,1988,1,2,6.3700377
1988-01-03,1988,1,3,5.5714473
1988-01-04,1988,1,4,5.7569201
1988-01-05,1988,1,5,4.8393843
1988-01-06,1988,1,6,6.7491964
1988-01-07,1988,1,7,7.3326447
1988-01-08,1988,1,8,6.0513549
1988-01-09,1988,1,9,7.5038403
1988-01-10,1988,1,10,5.9109867
1988-01-11,1988,1,11,4.6591509
1988-01-12,1988,1,12,4.0050641
1988-01-13,1988,1,13,2.5664248
1988-01-14,1988,1,14,2.5680806
1988-01-15,1988,1,15,4.5394344
1988-01-16,1988,1,16,4.3214758
1988-01-17,1988,1,17,3.2844398
1988-01-18,1988,1,18,2.6207193
1988-01-19,1988,1,19,3.7292598
1988-01-20,1988,1,20,4.1909557
1988-01-21,1988,1,21,3.2385327
1988-01-22,1988,1,22,5.8011244
1988-01-23,1988,1,23,6.8987197
1988-01-24,1988,1,24,5.6072863
1988-01-25,1988,1,25,6.3981944
1988-01-26,1988,1,26,6.0622231
1988-01-27,1988,1,27,6.6479327
1988-01-28,1988,1,28,5.7272385
1988-01-29,1988,1,29,6.5531387
1988-01-30,1988,1,30,5.7426338
1988-01-31,1988,1,31,6.1376742
1988-02-01,1988,2,1,5.0827815
1988-02-02,1988,2,2,4.23136
1988-02-03,1988,2,3,5.5180997
1988-02-04,1988,2,4,7.1440031
1988-02-05,1988,2,5,5.9528311
1988-02-06,1988,2,6,6.7299436
1988-02-07,1988,2,7,7.2561788
1988-02-08,1988,2,8,7.0646639
1988-02-09,1988,2,9,8.9253581
1988-02-10,1988,2,10,8.1886189
1988-02-11,1988,2,11,5.0674926
1988-02-12,1988,2,12,5.3297605
1988-02-13,1988,2,13,5.7208102
1988-02-14,1988,2,14,5.9319798
1988-02-15,1988,2,15,6.0872696
1988-02-16,1988,2,16,7.0636753
1988-02-17,1988,2,17,7.5252679
1988-02-18,1988,2,18,7.4996775
1988-02-19,1988,2,19,6.9207828
1988-02-20,1988,2,20,7.8704238
1988-02-21,1988,2,21,8.2075885
1988-02-22,1988,2,22,6.7055593
1988-02-23,1988,2,23,7.1108799
1988-02-24,1988,2,24,7.0581988
1988-02-25,1988,2,25,6.193403
1988-02-26,1988,2,26,5.6245431
1988-02-27,1988,2,27,5.8085657
1988-02-28,1988,2,28,6.4008113
1988-02-29,1988,2,29,6.2745101
1988-03-01,1988,3,1,6.0262675
1988-03-02,1988,3,2,6.7067013
1988-03-03,1988,3,3,7.7634862
1988-03-04,1988,3,4,6.9859118
1988-03-05,1988,3,5,6.8639734
1988-03-06,1988,3,6,7.8992576
1988-03-07,1988,3,7,7.628327
1988-03-08,1988,3,8,6.3510981
1988-03-09,1988,3,9,6.5802378
1988-03-10,1988,3,10,4.8452871
1988-03-11,1988,3,11,2.5449354
1988-03-12,1988,3,12,3.0133913
1988-03-13,1988,3,13,5.0784692
1988-03-14,1988,3,14,6.1283662
1988-03-15,1988,3,15,6.0062808
1988-03-16,1988,3,16,6.3503596
1988-03-17,1988,3,17,8.3467225
1988-03-18,1988,3,18,8.4308969
1988-03-19,1988,3,19,9.2877902
1988-03-20,1988,3,20,8.6467455
1988-03-21,1988,3,21,6.5547154
1988-03-22,1988,3,22,5.5879387
1988-03-23,1988,3,23,4.6086729
1988-03-24,1988,3,24,6.0976495
1988-03-25,1988,3,25,6.4070648
1988-03-26,1988,3,26,5.6980749
1988-03-27,1988,3,27,6.0115412
1988-03-28,1988,3,28,6.5740192
1988-03-29,1988,3,29,6.9747765
1988-03-30,1988,3,30,5.8488326
1988-03-31,1988,3,31,5.2292172
1988-04-01,1988,4,1,6.7311545
1988-04-02,1988,4,2,6.6776911
1988-04-03,1988,4,3,5.6501891
1988-04-04,1988,4,4,6.5153025
1988-04-05,1988,4,5,6.9978048
1988-04-06,1988,4,6,5.8936519
1988-04-07,1988,4,7,6.3112191
1988-04-08,1988,4,8,8.2418571
1988-04-09,1988,4,9,7.6556277
1988-04-10,1988,4,10,4.8901795
1988-04-11,1988,4,11,4.9838482
1988-04-12,1988,4,12,3.2871474
1988-04-13,1988,4,13,5.3844549
1988-04-14,1988,4,14,4.5494793
1988-04-15,1988,4,15,0.14614113
1988-04-16,1988,4,16,-2.4178709
1988-04-17,1988,4,17,0.75413218
1988-04-18,1988,4,18,0.48695565
1988-04-19,1988,4,19,-1.6712056
1988-04-20,1988,4,20,-0.16007511
1988-04-21,1988,4,21,-1.2825604
1988-04-22,1988,4,22,-2.0848389
1988-04-23,1988,4,23,-0.46077016
1988-04-24,1988,4,24,-1.2145901
1988-04-25,1988,4,25,-1.0735622
1988-04-26,1988,4,26,-2.8761023
1988-04-27,1988,4,27,-0.96938866
1988-04-28,1988,4,28,-0.72727213
1988-04-29,1988,4,29,0.032136009
1988-04-30,1988,4,30,0.9411917
1988-05-01,1988,5,1,2.2667182
1988-05-02,1988,5,2,1.4430471
1988-05-03,1988,5,3,-1.2958208
1988-05-04,1988,5,4,-2.5813089
1988-05-05,1988,5,5,-0.94360058
1988-05-06,1988,5,6,-3.6776892
1988-05-07,1988,5,7,-1.0031934
1988-05-08,1988,5,8,0.81268162
1988-05-09,1988,5,9,0.58678711
1988-05-10,1988,5,10,0.16508322
1988-05-11,1988,5,11,0.39039295
1988-05-12,1988,5,12,-2.9837275
1988-05-13,1988,5,13,1.0195613
1988-05-14,1988,5,14,0.4127081
1988-05-15,1988,5,15,-1.1101974
1988-05-16,1988,5,16,1.4985251
1988-05-17,1988,5,17,1.2490667
1988-05-18,1988,5,18,1.3450663
1988-05-19,1988,5,19,-4.0878179
1988-05-20,1988,5,20,-2.3868209
1988-05-21,1988,5,21,-3.6000271
1988-05-22,1988,5,22,-6.1909918
1988-05-23,1988,5,23,-5.6849943
1988-05-24,1988,5,24,-1.3799542
1988-05-25,1988,5,25,-0.93483504
1988-05-26,1988,5,26,-1.1504596
1988-05-27,1988,5,27,-0.67233868
1988-05-28,1988,5,28,-1.8602802
1988-05-29,1988,5,29,-2.7871324
1988-05-30,1988,5,30,-6.2989766
1988-05-31,1988,5,31,-3.9035503
1988-06-01,1988,6,1,-4.431035
1988-06-02,1988,6,2,-4.2630355
1988-06-03,1988,6,3,-5.6229766
1988-06-04,1988,6,4,-0.44719129
1988-06-05,1988,6,5,0.16179665
1988-06-06,1988,6,6,-0.9694634
1988-06-07,1988,6,7,-4.3481666
1988-06-08,1988,6,8,-6.5352904
1988-06-09,1988,6,9,-5.566585
1988-06-10,1988,6,10,0.47450531
1988-06-11,1988,6,11,-0.49529267
1988-06-12,1988,6,12,-5.7210105
1988-06-13,1988,6,13,-5.1716115
1988-06-14,1988,6,14,-2.4453509
1988-06-15,1988,6,15,-3.2101317
1988-06-16,1988,6,16,-6.5920497
1988-06-17,1988,6,17,-9.322789
1988-06-18,1988,6,18,-9.9484586
1988-06-19,1988,6,19,-8.1810983
1988-06-20,1988,6,20,-4.9794615
1988-06-21,1988,6,21,-2.9253796
1988-06-22,1988,6,22,-2.8521749
1988-06-23,1988,6,23,-5.0644563
1988-06-24,1988,6,24,-3.4302902
1988-06-25,1988,6,25,-2.5297206
1988-06-26,1988,6,26,-4.2545051
1988-06-27,1988,6,27,-7.2165546
1988-06-28,1988,6,28,-3.0590802
1988-06-29,1988,6,29,-2.6473637
1988-06-30,1988,6,30,-3.8147006
1988-07-01,1988,7,1,-4.3370095
1988-07-02,1988,7,2,-7.2153402
1988-07-03,1988,7,3,-8.9871568
1988-07-04,1988,7,4,-11.479383
1988-07-05,1988,7,5,-11.611597
1988-07-06,1988,7,6,-13.255107
1988-07-07,1988,7,7,-9.1499333
1988-07-08,1988,7,8,-5.3108999
1988-07-09,1988,7,9,-6.5627681
1988-07-10,1988,7,10,-3.6408953
1988-07-11,1988,7,11,-1.2163041
1988-07-12,1988,7,12,0.79102646
1988-07-13,1988,7,13,-2.3147427
1988-07-14,1988,7,14,-0.7460541
1988-07-15,1988,7,15,0.34827271
1988-07-16,1988,7,16,-3.9666498
1988-07-17,1988,7,17,-7.7064246
1988-07-18,1988,7,18,-7.7707366
1988-07-19,1988,7,19,-8.3259076
1988-07-20,1988,7,20,-8.6195858
1988-07-21,1988,7,21,-6.6841674
1988-07-22,1988,7,22,-7.9796906
1988-07-23,1988,7,23,-5.3340649
1988-07-24,1988,7,24,-4.0359449
1988-07-25,1988,7,25,-2.9473362
1988-07-26,1988,7,26,-4.1000097
1988-07-27,1988,7,27,-7.3552113
1988-07-28,1988,7,28,-5.803086
1988-07-29,1988,7,29,-6.6544042
1988-07-30,1988,7,30,-8.0126646
1988-07-31,1988,7,31,-8.9123911
1988-08-01,1988,8,1,-8.4659205
1988-08-02,1988,8,2,-11.250986
1988-08-03,1988,8,3,-6.925782
1988-08-04,1988,8,4,-6.1868337
1988-08-05,1988,8,5,-2.7990591
1988-08-06,1988,8,6,-2.8072537
1988-08-07,1988,8,7,-6.5527692
1988-08-08,1988,8,8,-6.4662506
1988-08-09,1988,8,9,-1.3289106
1988-08-10,1988,8,10,-2.1689907
1988-08-11,1988,8,11,-5.8324635
1988-08-12,1988,8,12,-4.0499339
1988-08-13,1988,8,13,-7.3884541
1988-08-14,1988,8,14,-8.2701799
1988-08-15,1988,8,15,-9.0819123
1988-08-16,1988,8,16,-5.0725476
1988-08-17,1988,8,17,-4.3619754
1988-08-18,1988,8,18,-3.7241177
1988-08-19,1988,8,19,-4.3386026
1988-08-20,1988,8,20,-5.4937571
1988-08-21,1988,8,21,-3.9397918
1988-08-22,1988,8,22,-3.5301767
1988-08-23,1988,8,23,-4.3242685
1988-08-24,1988,8,24,-6.48467
1988-08-25,1988,8,25,-7.1263989
1988-08-26,1988,8,26,-9.2152629
1988-08-27,1988,8,27,-11.14685
1988-08-28,1988,8,28,-7.5253738
1988-08-29,1988,8,29,-7.3493081
1988-08-30,1988,8,30,-5.0840466
1988-08-31,1988,8,31,-6.3946612
1988-09-01,1988,9,1,-5.8467564
1988-09-02,1988,9,2,-1.9286781
1988-09-03,1988,9,3,-1.6254622
1988-09-04,1988,9,4,-1.6356236
1988-09-05,1988,9,5,-4.1428917
1988-09-06,1988,9,6,-2.2103414
1988-09-07,1988,9,7,-2.6716729
1988-09-08,1988,9,8,-5.9993629
1988-09-09,1988,9,9,-7.8445769
1988-09-10,1988,9,10,-9.1758869
1988-09-11,1988,9,11,-9.341747
1988-09-12,1988,9,12,-8.3998869
1988-09-13,1988,9,13,-6.2136684
1988-09-14,1988,9,14,-4.9895579
1988-09-15,1988,9,15,-5.0616061
1988-09-16,1988,9,16,-5.4105073
1988-09-17,1988,9,17,-6.2214919
1988-09-18,1988,9,18,-6.1126653
1988-09-19,1988,9,19,-7.0646614
1988-09-20,1988,9,20,-4.4422861
1988-09-21,1988,9,21,-5.9218892
1988-09-22,1988,9,22,-5.9019377
1988-09-23,1988,9,23,-7.5981211
1988-09-24,1988,9,24,-5.0389012
1988-09-25,1988,9,25,-4.3898673
1988-09-26,1988,9,26,-5.6046673
1988-09-27,1988,9,27,-5.8366947
1988-09-28,1988,9,28,0.77726721
1988-09-29,1988,9,29,0.30980443
1988-09-30,1988,9,30,-3.1802509
1988-10-01,1988,10,1,-3.4911316
1988-10-02,1988,10,2,-6.454223
1988-10-03,1988,10,3,-6.1878159
1988-10-04,1988,10,4,-3.435934
1988-10-05,1988,10,5,-0.58988613
1988-10-06,1988,10,6,-1.6882777
1988-10-07,1988,10,7,-2.6458392
1988-10-08,1988,10,8,-1.6449916
1988-10-09,1988,10,9,-1.0556454
1988-10-10,1988,10,10,-1.9664302
1988-10-11,1988,10,11,0.30352939
1988-10-12,1988,10,12,0.92104279
1988-10-13,1988,10,13,1.943521
1988-10-14,1988,10,14,-0.083387518
1988-10-15,1988,10,15,-1.8070056
1988-10-16,1988,10,16,-0.49143856
1988-10-17,1988,10,17,-1.6127853
1988-10-18,1988,10,18,-2.7866496
1988-10-19,1988,10,19,-2.3948275
1988-10-20,1988,10,20,-2.91599
1988-10-21,1988,10,21,-2.291339
1988-10-22,1988,10,22,-1.9523662
1988-10-23,1988,10,23,-2.1388956
1988-10-24,1988,10,24,-0.42385188
1988-10-25,1988,10,25,-2.5677263
1988-10-26,1988,10,26,-0.86578328
1988-10-27,1988,10,27,2.1298635
1988-10-28,1988,10,28,1.7254862
1988-10-29,1988,10,29,1.4335712
1988-10-30,1988,10,30,-1.6548035
1988-10-31,1988,10,31,-0.6154813
1988-11-01,1988,11,1,1.469082
1988-11-02,1988,11,2,1.8561792
1988-11-03,1988,11,3,2.6137652
1988-11-04,1988,11,4,3.8694108
1988-11-05,1988,11,5,4.7961212
1988-11-06,1988,11,6,5.5113529
1988-11-07,1988,11,7,5.6501736
1988-11-08,1988,11,8,5.2854253
1988-11-09,1988,11,9,4.8397005
1988-11-10,1988,11,10,3.5650411
1988-11-11,1988,11,11,1.7397483
1988-11-12,1988,11,12,1.4432676
1988-11-13,1988,11,13,5.1900409
1988-11-14,1988,11,14,5.5456101
1988-11-15,1988,11,15,4.476571
1988-11-16,1988,11,16,3.422704
1988-11-17,1988,11,17,2.9601347
1988-11-18,1988,11,18,3.7087582
1988-11-19,1988,11,19,2.5183147
1988-11-20,1988,11,20,-2.7304298
1988-11-21,1988,11,21,-1.6227388
1988-11-22,1988,11,22,3.1232984
1988-11-23,1988,11,23,4.2657247
1988-11-24,1988,11,24,4.6036059
1988-11-25,1988,11,25,2.7035473
1988-11-26,1988,11,26,2.3711357
1988-11-27,1988,11,27,4.3237295
1988-11-28,1988,11,28,4.6181741
1988-11-29,1988,11,29,2.994533
1988-11-30,1988,11,30,4.2960017
1988-12-01,1988,12,1,4.2766318
1988-12-02,1988,12,2,5.2281605
1988-12-03,1988,12,3,5.9029322
1988-12-04,1988,12,4,5.4852988
1988-12-05,1988,12,5,5.2831209
1988-12-06,1988,12,6,4.5930345
1988-12-07,1988,12,7,2.2166766
1988-12-08,1988,12,8,3.223386
1988-12-09,1988,12,9,3.8505934
1988-12-10,1988,12,10,4.3220808
1988-12-11,1988,12,11,4.1217382
1988-12-12,1988,12,12,2.5972705
1988-12-13,1988,12,13,2.8251484
1988-12-14,1988,12,14,5.6435374
1988-12-15,1988,12,15,7.1716488
1988-12-16,1988,12,16,5.7143318
1988-12-17,1988,12,17,3.9530429
1988-12-18,1988,12,18,4.1555476
1988-12-19,1988,12,19,5.0969628
1988-12-20,1988,12,20,8.012768
1988-12-21,1988,12,21,7.7342889
1988-12-22,1988,12,22,7.3526784
1988-12-23,1988,12,23,9.1412127
1988-12-24,1988,12,24,7.7387912
1988-12-25,1988,12,25,7.836709
1988-12-26,1988,12,26,8.1485617
1988-12-27,1988,12,27,7.6189455
1988-12-28,1988,12,28,7.0246675
1988-12-29,1988,12,29,8.4173991
1988-12-30,1988,12,30,8.2642993
1988-12-31,1988,12,31,7.594366
1989-01-01,1989,1,1,8.6716402
1989-01-02,1989,1,2,10.910656
1989-01-03,1989,1,3,11.035578
1989-01-04,1989,1,4,11.021842
1989-01-05,1989,1,5,8.4588602
1989-01-06,1989,1,6,6.3424074
1989-01-07,1989,1,7,5.1503769
1989-01-08,1989,1,8,5.1785217
1989-01-09,1989,1,9,7.093003
1989-01-10,1989,1,10,6.5726732
1989-01-11,1989,1,11,6.8069091
1989-01-12,1989,1,12,8.0941621
1989-01-13,1989,1,13,7.3250657
1989-01-14,1989,1,14,7.356961
1989-01-15,1989,1,15,6.7849202
1989-01-16,1989,1,16,7.4083475
1989-01-17,1989,1,17,6.6926774
1989-01-18,1989,1,18,5.3318557
1989-01-19,1989,1,19,3.7578322
1989-01-20,1989,1,20,4.2547515
1989-01-21,1989,1,21,7.1088104
1989-01-22,1989,1,22,9.6362421
1989-01-23,1989,1,23,8.0570336
1989-01-24,1989,1,24,8.1343129
1989-01-25,1989,1,25,8.8803
1989-01-26,1989,1,26,10.153375
1989-01-27,1989,1,27,9.9349562
1989-01-28,1989,1,28,7.3664283
1989-01-29,1989,1,29,6.9014029
1989-01-30,1989,1,30,7.20037
1989-01-31,1989,1,31,8.1687201
1989-02-01,1989,2,1,8.9663974
1989-02-02,1989,2,2,8.3278275
1989-02-03,1989,2,3,10.360523
1989-02-04,1989,2,4,9.2390795
1989-02-05,1989,2,5,7.1378261
1989-02-06,1989,2,6,7.7996879
1989-02-07,1989,2,7,8.317875
1989-02-08,1989,2,8,8.7953969
1989-02-09,1989,2,9,9.5594584
1989-02-10,1989,2,10,10.248612
1989-02-11,1989,2,11,9.434969
1989-02-12,1989,2,12,7.460498
1989-02-13,1989,2,13,8.5900249
1989-02-14,1989,2,14,8.1411581
1989-02-15,1989,2,15,6.5455863
1989-02-16,1989,2,16,7.1970064
1989-02-17,1989,2,17,7.4837709
1989-02-18,1989,2,18,8.3761465
1989-02-19,1989,2,19,7.9235264
1989-02-20,1989,2,20,6.8048848
1989-02-21,1989,2,21,5.6586337
1989-02-22,1989,2,22,5.9235624
1989-02-23,1989,2,23,5.7704317
1989-02-24,1989,2,24,7.8259844
1989-02-25,1989,2,25,8.9568009
1989-02-26,1989,2,26,7.5087094
1989-02-27,1989,2,27,7.3583753
1989-02-28,1989,2,28,7.532174
1989-03-01,1989,3,1,6.4224746
1989-03-02,1989,3,2,5.7291557
1989-03-03,1989,3,3,5.2123694
1989-03-04,1989,3,4,4.4462691
1989-03-05,1989,3,5,5.6126218
1989-03-06,1989,3,6,5.3944804
1989-03-07,1989,3,7,5.5820194
1989-03-08,1989,3,8,6.0189005
1989-03-09,1989,3,9,6.113082
1989-03-10,1989,3,10,4.1009791
1989-03-11,1989,3,11,6.2073639
1989-03-12,1989,3,12,6.7602728
1989-03-13,1989,3,13,7.8654659
1989-03-14,1989,3,14,7.5554302
1989-03-15,1989,3,15,5.2344721
1989-03-16,1989,3,16,1.9499734
1989-03-17,1989,3,17,3.8799364
1989-03-18,1989,3,18,5.5989799
1989-03-19,1989,3,19,7.0351337
1989-03-20,1989,3,20,7.4839343
1989-03-21,1989,3,21,6.4438193
1989-03-22,1989,3,22,4.5378594
1989-03-23,1989,3,23,4.4899717
1989-03-24,1989,3,24,2.635293
1989-03-25,1989,3,25,2.2137984
1989-03-26,1989,3,26,4.7331214
1989-03-27,1989,3,27,5.7118858
1989-03-28,1989,3,28,3.479847
1989-03-29,1989,3,29,1.7598156
1989-03-30,1989,3,30,3.5338046
1989-03-31,1989,3,31,3.8232423
1989-04-01,1989,4,1,5.3055811
1989-04-02,1989,4,2,3.6258124
1989-04-03,1989,4,3,1.8378253
1989-04-04,1989,4,4,2.6378175
1989-04-05,1989,4,5,3.5626495
1989-04-06,1989,4,6,4.4523467
1989-04-07,1989,4,7,4.9828593
1989-04-08,1989,4,8,5.1061688
1989-04-09,1989,4,9,2.955328
1989-04-10,1989,4,10,1.9522273
1989-04-11,1989,4,11,3.6689923
1989-04-12,1989,4,12,2.7339203
1989-04-13,1989,4,13,3.6602047
1989-04-14,1989,4,14,3.8016324
1989-04-15,1989,4,15,3.2740865
1989-04-16,1989,4,16,2.3716603
1989-04-17,1989,4,17,4.9728647
1989-04-18,1989,4,18,6.6956845
1989-04-19,1989,4,19,8.6148681
1989-04-20,1989,4,20,7.1694061
1989-04-21,1989,4,21,7.2032452
1989-04-22,1989,4,22,5.6948278
1989-04-23,1989,4,23,3.680052
1989-04-24,1989,4,24,2.7120636
1989-04-25,1989,4,25,3.082072
1989-04-26,1989,4,26,6.3184991
1989-04-27,1989,4,27,4.223959
1989-04-28,1989,4,28,1.5878316
1989-04-29,1989,4,29,-1.9825404
1989-04-30,1989,4,30,-4.3906966
1989-05-01,1989,5,1,-7.0541663
1989-05-02,1989,5,2,-4.6130805
1989-05-03,1989,5,3,-3.1017245
1989-05-04,1989,5,4,-3.7987344
1989-05-05,1989,5,5,-5.5991076
1989-05-06,1989,5,6,-1.9241835
1989-05-07,1989,5,7,-1.0778224
1989-05-08,1989,5,8,-0.93778106
1989-05-09,1989,5,9,-0.31508747
1989-05-10,1989,5,10,1.7851356
1989-05-11,1989,5,11,1.3788149
1989-05-12,1989,5,12,2.0347731
1989-05-13,1989,5,13,0.85905932
1989-05-14,1989,5,14,-3.6055213
1989-05-15,1989,5,15,-4.7751575
1989-05-16,1989,5,16,1.6190569
1989-05-17,1989,5,17,0.89174475
1989-05-18,1989,5,18,1.1975162
1989-05-19,1989,5,19,1.1780461
1989-05-20,1989,5,20,2.2956782
1989-05-21,1989,5,21,2.7486001
1989-05-22,1989,5,22,0.14267081
1989-05-23,1989,5,23,0.34848578
1989-05-24,1989,5,24,0.68408821
1989-05-25,1989,5,25,1.7230895
1989-05-26,1989,5,26,0.9619903
1989-05-27,1989,5,27,-0.13740519
1989-05-28,1989,5,28,-1.0632561
1989-05-29,1989,5,29,-3.8263031
1989-05-30,1989,5,30,-0.088720888
1989-05-31,1989,5,31,0.31010121
1989-06-01,1989,6,1,-2.486131
1989-06-02,1989,6,2,-3.2372743
1989-06-03,1989,6,3,0.42391571
1989-06-04,1989,6,4,1.2443024
1989-06-05,1989,6,5,0.69309959
1989-06-06,1989,6,6,-0.47519747
1989-06-07,1989,6,7,-1.9799707
1989-06-08,1989,6,8,-2.0212122
1989-06-09,1989,6,9,-0.19540383
1989-06-10,1989,6,10,-1.5042586
1989-06-11,1989,6,11,-0.86448619
1989-06-12,1989,6,12,-0.62896902
1989-06-13,1989,6,13,-1.0060307
1989-06-14,1989,6,14,-1.8926513
1989-06-15,1989,6,15,-1.9698684
1989-06-16,1989,6,16,-3.4447362
1989-06-17,1989,6,17,-0.5288782
1989-06-18,1989,6,18,-0.13576762
1989-06-19,1989,6,19,-1.9168951
1989-06-20,1989,6,20,-3.15487
1989-06-21,1989,6,21,-4.8613796
1989-06-22,1989,6,22,-2.3337973
1989-06-23,1989,6,23,-3.0250606
1989-06-24,1989,6,24,-3.1385706
1989-06-25,1989,6,25,-3.7683375
1989-06-26,1989,6,26,-6.0585436
1989-06-27,1989,6,27,-7.3635516
1989-06-28,1989,6,28,-3.2659808
1989-06-29,1989,6,29,-3.9272702
1989-06-30,1989,6,30,-6.5497224
1989-07-01,1989,7,1,-11.161621
1989-07-02,1989,7,2,-6.6240175
1989-07-03,1989,7,3,-2.3485497
1989-07-04,1989,7,4,-5.5564388
1989-07-05,1989,7,5,-5.4586098
1989-07-06,1989,7,6,-3.6076276
1989-07-07,1989,7,7,-4.2652399
1989-07-08,1989,7,8,-2.2004534
1989-07-09,1989,7,9,-3.7690021
1989-07-10,1989,7,10,-5.4807311
1989-07-11,1989,7,11,-4.8766934
1989-07-12,1989,7,12,-2.405225
1989-07-13,1989,7,13,-1.917573
1989-07-14,1989,7,14,-0.33754741
1989-07-15,1989,7,15,0.20363727
1989-07-16,1989,7,16,-0.80707583
1989-07-17,1989,7,17,-4.5414162
1989-07-18,1989,7,18,-4.6648992
1989-07-19,1989,7,19,-6.146476
1989-07-20,1989,7,20,-7.3435817
1989-07-21,1989,7,21,-2.6026854
1989-07-22,1989,7,22,-5.130441
1989-07-23,1989,7,23,-8.2684124
1989-07-24,1989,7,24,-7.7785857
1989-07-25,1989,7,25,-6.6256572
1989-07-26,1989,7,26,-6.7771444
1989-07-27,1989,7,27,-8.5385667
1989-07-28,1989,7,28,-5.567684
1989-07-29,1989,7,29,-7.7044538
1989-07-30,1989,7,30,-7.3861498
1989-07-31,1989,7,31,-5.9634083
1989-08-01,1989,8,1,-5.9749765
1989-08-02,1989,8,2,-5.2238509
1989-08-03,1989,8,3,-10.577756
1989-08-04,1989,8,4,-9.4020285
1989-08-05,1989,8,5,-2.5499388
1989-08-06,1989,8,6,-3.6311131
1989-08-07,1989,8,7,-10.153007
1989-08-08,1989,8,8,-10.512733
1989-08-09,1989,8,9,-2.6855781
1989-08-10,1989,8,10,-1.5729977
1989-08-11,1989,8,11,-1.010421
1989-08-12,1989,8,12,-4.7594178
1989-08-13,1989,8,13,-3.2211978
1989-08-14,1989,8,14,-0.54117656
1989-08-15,1989,8,15,-2.1462889
1989-08-16,1989,8,16,-4.8296897
1989-08-17,1989,8,17,-2.7555368
1989-08-18,1989,8,18,-1.8097234
1989-08-19,1989,8,19,-4.3676054
1989-08-20,1989,8,20,-5.1238671
1989-08-21,1989,8,21,-7.2239288
1989-08-22,1989,8,22,-6.0065514
1989-08-23,1989,8,23,-3.6606058
1989-08-24,1989,8,24,-4.8793126
1989-08-25,1989,8,25,-3.4215403
1989-08-26,1989,8,26,-4.714548
1989-08-27,1989,8,27,-2.6973427
1989-08-28,1989,8,28,-0.61519502
1989-08-29,1989,8,29,-4.6799313
1989-08-30,1989,8,30,-7.398614
1989-08-31,1989,8,31,-8.3825574
1989-09-01,1989,9,1,-1.1522045
1989-09-02,1989,9,2,-0.81462506
1989-09-03,1989,9,3,-2.5335179
1989-09-04,1989,9,4,-2.8480803
1989-09-05,1989,9,5,-5.6783567
1989-09-06,1989,9,6,-8.6096874
1989-09-07,1989,9,7,-6.6547855
1989-09-08,1989,9,8,-7.9194628
1989-09-09,1989,9,9,-10.842258
1989-09-10,1989,9,10,-9.7255713
1989-09-11,1989,9,11,-10.031873
1989-09-12,1989,9,12,-8.447271
1989-09-13,1989,9,13,-4.2979051
1989-09-14,1989,9,14,-1.2151244
1989-09-15,1989,9,15,0.24244674
1989-09-16,1989,9,16,1.0556311
1989-09-17,1989,9,17,-0.048460746
1989-09-18,1989,9,18,-1.4200767
1989-09-19,1989,9,19,-1.1349553
1989-09-20,1989,9,20,-1.2893433
1989-09-21,1989,9,21,-3.777715
1989-09-22,1989,9,22,-6.0516753
1989-09-23,1989,9,23,-6.9126119
1989-09-24,1989,9,24,-4.9792279
1989-09-25,1989,9,25,-1.7968484
1989-09-26,1989,9,26,-4.0996651
1989-09-27,1989,9,27,-2.5358949
1989-09-28,1989,9,28,-4.7580515
1989-09-29,1989,9,29,-0.3382091
1989-09-30,1989,9,30,-1.0258476
1989-10-01,1989,10,1,-0.24834686
1989-10-02,1989,10,2,-2.9405218
1989-10-03,1989,10,3,-0.14121433
1989-10-04,1989,10,4,-0.6195592
1989-10-05,1989,10,5,0.15187979
1989-10-06,1989,10,6,-0.28187658
1989-10-07,1989,10,7,0.2133969
1989-10-08,1989,10,8,-0.44013861
1989-10-09,1989,10,9,-0.46736915
1989-10-10,1989,10,10,-2.6660864
1989-10-11,1989,10,11,-0.83931909
1989-10-12,1989,10,12,0.93961653
1989-10-13,1989,10,13,0.97837051
1989-10-14,1989,10,14,-0.24331957
1989-10-15,1989,10,15,-1.3420723
1989-10-16,1989,10,16,0.31223838
1989-10-17,1989,10,17,2.1922402
1989-10-18,1989,10,18,3.9748429
1989-10-19,1989,10,19,2.6484875
1989-10-20,1989,10,20,-1.7185007
1989-10-21,1989,10,21,2.7680495
1989-10-22,1989,10,22,4.3496446
1989-10-23,1989,10,23,2.6761152
1989-10-24,1989,10,24,0.7765449
1989-10-25,1989,10,25,-3.3296371
1989-10-26,1989,10,26,-3.5293311
1989-10-27,1989,10,27,3.8240493
1989-10-28,1989,10,28,1.9424125
1989-10-29,1989,10,29,0.56034541
1989-10-30,1989,10,30,0.69749225
1989-10-31,1989,10,31,2.0032732
1989-11-01,1989,11,1,1.4162947
1989-11-02,1989,11,2,-1.877306
1989-11-03,1989,11,3,1.8312009
1989-11-04,1989,11,4,3.7860513
1989-11-05,1989,11,5,4.8705456
1989-11-06,1989,11,6,3.146638
1989-11-07,1989,11,7,1.6664323
1989-11-08,1989,11,8,0.32282216
1989-11-09,1989,11,9,1.9353486
1989-11-10,1989,11,10,1.5851616
1989-11-11,1989,11,11,-0.51709171
1989-11-12,1989,11,12,2.403025
1989-11-13,1989,11,13,5.2425248
1989-11-14,1989,11,14,4.7697841
1989-11-15,1989,11,15,3.1303645
1989-11-16,1989,11,16,4.3658908
1989-11-17,1989,11,17,5.6581054
1989-11-18,1989,11,18,4.2882588
1989-11-19,1989,11,19,4.4453688
1989-11-20,1989,11,20,4.1419503
1989-11-21,1989,11,21,4.1596499
1989-11-22,1989,11,22,3.6050419
1989-11-23,1989,11,23,4.3387374
1989-11-24,1989,11,24,7.4194341
1989-11-25,1989,11,25,6.6792978
1989-11-26,1989,11,26,5.703238
1989-11-27,1989,11,27,6.8762478
1989-11-28,1989,11,28,5.6964482
1989-11-29,1989,11,29,4.889242
1989-11-30,1989,11,30,3.6320638
1989-12-01,1989,12,1,4.3828797
1989-12-02,1989,12,2,4.0890203
1989-12-03,1989,12,3,2.2522272
1989-12-04,1989,12,4,2.8194562
1989-12-05,1989,12,5,1.7575814
1989-12-06,1989,12,6,2.9993335
1989-12-07,1989,12,7,3.7858658
1989-12-08,1989,12,8,4.7585605
1989-12-09,1989,12,9,5.6278135
1989-12-10,1989,12,10,5.5154489
1989-12-11,1989,12,11,4.4274271
1989-12-12,1989,12,12,4.1694002
1989-12-13,1989,12,13,6.372552
1989-12-14,1989,12,14,6.9710621
1989-12-15,1989,12,15,5.5611181
1989-12-16,1989,12,16,3.3473573
1989-12-17,1989,12,17,1.502887
1989-12-18,1989,12,18,5.6249932
1989-12-19,1989,12,19,8.195847
1989-12-20,1989,12,20,8.715521
1989-12-21,1989,12,21,7.3031133
1989-12-22,1989,12,22,5.3592405
1989-12-23,1989,12,23,6.8963766
1989-12-24,1989,12,24,6.088574
1989-12-25,1989,12,25,7.2102028
1989-12-26,1989,12,26,8.0609759
1989-12-27,1989,12,27,8.1076037
1989-12-28,1989,12,28,8.0947768
1989-12-29,1989,12,29,9.1111027
1989-12-30,1989,12,30,8.2335542
1989-12-31,1989,12,31,7.5231471
1990-01-01,1990,1,1,5.973234
1990-01-02,1990,1,2,6.6366323
1990-01-03,1990,1,3,6.6876554
1990-01-04,1990,1,4,7.9629804
1990-01-05,1990,1,5,8.4453497
1990-01-06,1990,1,6,8.353654
1990-01-07,1990,1,7,7.6524611
1990-01-08,1990,1,8,8.5439351
1990-01-09,1990,1,9,7.62635
1990-01-10,1990,1,10,7.6226244
1990-01-11,1990,1,11,7.1118467
1990-01-12,1990,1,12,6.2140937
1990-01-13,1990,1,13,4.7687214
1990-01-14,1990,1,14,5.7699737
1990-01-15,1990,1,15,7.2080901
1990-01-16,1990,1,16,4.9550189
1990-01-17,1990,1,17,2.3182465
1990-01-18,1990,1,18,5.4241531
1990-01-19,1990,1,19,5.9184967
1990-01-20,1990,1,20,6.4705644
1990-01-21,1990,1,21,6.4266509
1990-01-22,1990,1,22,7.4029977
1990-01-23,1990,1,23,6.2548626
1990-01-24,1990,1,24,6.0806369
1990-01-25,1990,1,25,7.9536862
1990-01-26,1990,1,26,7.3621927
1990-01-27,1990,1,27,8.0456973
1990-01-28,1990,1,28,8.1456815
1990-01-29,1990,1,29,7.5225008
1990-01-30,1990,1,30,8.3163144
1990-01-31,1990,1,31,9.2638632
1990-02-01,1990,2,1,8.3648595
1990-02-02,1990,2,2,7.3226577
1990-02-03,1990,2,3,6.8995937
1990-02-04,1990,2,4,7.9237517
1990-02-05,1990,2,5,9.4284945
1990-02-06,1990,2,6,10.658075
1990-02-07,1990,2,7,9.234301
1990-02-08,1990,2,8,7.3835183
1990-02-09,1990,2,9,6.8857908
1990-02-10,1990,2,10,6.8877322
1990-02-11,1990,2,11,6.8598457
1990-02-12,1990,2,12,6.8373525
1990-02-13,1990,2,13,6.3327634
1990-02-14,1990,2,14,5.7900003
1990-02-15,1990,2,15,5.0241204
1990-02-16,1990,2,16,5.7323178
1990-02-17,1990,2,17,4.7268541
1990-02-18,1990,2,18,7.3690474
1990-02-19,1990,2,19,6.2044711
1990-02-20,1990,2,20,6.2585981
1990-02-21,1990,2,21,5.2610159
1990-02-22,1990,2,22,5.5038591
1990-02-23,1990,2,23,5.1596101
1990-02-24,1990,2,24,4.4496859
1990-02-25,1990,2,25,4.3887854
1990-02-26,1990,2,26,5.9970145
1990-02-27,1990,2,27,7.02169
1990-02-28,1990,2,28,4.3254639
1990-03-01,1990,3,1,2.7797134
1990-03-02,1990,3,2,5.3144911
1990-03-03,1990,3,3,5.7365205
1990-03-04,1990,3,4,5.4278928
1990-03-05,1990,3,5,4.0236525
1990-03-06,1990,3,6,4.7593315
1990-03-07,1990,3,7,5.4896421
1990-03-08,1990,3,8,5.4595719
1990-03-09,1990,3,9,6.2837966
1990-03-10,1990,3,10,8.0926736
1990-03-11,1990,3,11,7.6555746
1990-03-12,1990,3,12,7.2409058
1990-03-13,1990,3,13,6.8490835
1990-03-14,1990,3,14,5.8655095
1990-03-15,1990,3,15,5.6432794
1990-03-16,1990,3,16,4.6387885
1990-03-17,1990,3,17,4.5481859
1990-03-18,1990,3,18,4.3711873
1990-03-19,1990,3,19,4.8973825
1990-03-20,1990,3,20,6.3354281
1990-03-21,1990,3,21,7.0037684
1990-03-22,1990,3,22,5.5124416
1990-03-23,1990,3,23,2.6788951
1990-03-24,1990,3,24,3.1053951
1990-03-25,1990,3,25,1.9258811
1990-03-26,1990,3,26,1.3648131
1990-03-27,1990,3,27,2.9827363
1990-03-28,1990,3,28,2.3031883
1990-03-29,1990,3,29,0.92603867
1990-03-30,1990,3,30,-2.8250633
1990-03-31,1990,3,31,1.0695925
1990-04-01,1990,4,1,2.4347792
1990-04-02,1990,4,2,2.5798098
1990-04-03,1990,4,3,1.1352221
1990-04-04,1990,4,4,-0.52761843
1990-04-05,1990,4,5,-0.84352492
1990-04-06,1990,4,6,-2.5918142
1990-04-07,1990,4,7,0.47647582
1990-04-08,1990,4,8,1.4384699
1990-04-09,1990,4,9,2.8373309
1990-04-10,1990,4,10,2.872225
1990-04-11,1990,4,11,4.3934965
1990-04-12,1990,4,12,3.104814
1990-04-13,1990,4,13,2.5402357
1990-04-14,1990,4,14,2.4782771
1990-04-15,1990,4,15,1.1608997
1990-04-16,1990,4,16,2.3469264
1990-04-17,1990,4,17,1.73945
1990-04-18,1990,4,18,2.1748333
1990-04-19,1990,4,19,0.15257166
1990-04-20,1990,4,20,0.052363307
1990-04-21,1990,4,21,-1.801631
1990-04-22,1990,4,22,-1.6859044
1990-04-23,1990,4,23,-2.7270961
1990-04-24,1990,4,24,-0.49945353
1990-04-25,1990,4,25,-3.4627654
1990-04-26,1990,4,26,-6.5274693
1990-04-27,1990,4,27,-4.9032865
1990-04-28,1990,4,28,-4.8118881
1990-04-29,1990,4,29,-3.5630641
1990-04-30,1990,4,30,-1.7568048
1990-05-01,1990,5,1,-2.7840633
1990-05-02,1990,5,2,-1.3898179
1990-05-03,1990,5,3,-1.7223921
1990-05-04,1990,5,4,-0.19037917
1990-05-05,1990,5,5,0.099673469
1990-05-06,1990,5,6,0.40774694
1990-05-07,1990,5,7,-1.3534772
1990-05-08,1990,5,8,1.4902751
1990-05-09,1990,5,9,-0.61269698
1990-05-10,1990,5,10,-0.82900146
1990-05-11,1990,5,11,-0.67946977
1990-05-12,1990,5,12,-0.98436166
1990-05-13,1990,5,13,-3.0316158
1990-05-14,1990,5,14,-5.1887678
1990-05-15,1990,5,15,-4.4109085
1990-05-16,1990,5,16,-3.5461129
1990-05-17,1990,5,17,-2.37912
1990-05-18,1990,5,18,1.142849
1990-05-19,1990,5,19,2.0380824
1990-05-20,1990,5,20,-3.3039918
1990-05-21,1990,5,21,-1.2095292
1990-05-22,1990,5,22,3.3769363
1990-05-23,1990,5,23,2.9932365
1990-05-24,1990,5,24,1.3292549
1990-05-25,1990,5,25,1.480254
1990-05-26,1990,5,26,-2.4002341
1990-05-27,1990,5,27,-5.3823478
1990-05-28,1990,5,28,-3.4000688
1990-05-29,1990,5,29,-7.0344955
1990-05-30,1990,5,30,-6.3000024
1990-05-31,1990,5,31,-4.6057899
1990-06-01,1990,6,1,-2.4276708
1990-06-02,1990,6,2,-2.1903466
1990-06-03,1990,6,3,-2.3300179
1990-06-04,1990,6,4,-3.3115567
1990-06-05,1990,6,5,-5.8533451
1990-06-06,1990,6,6,-1.6053088
1990-06-07,1990,6,7,0.0017213399
1990-06-08,1990,6,8,-0.084180625
1990-06-09,1990,6,9,0.69477098
1990-06-10,1990,6,10,0.39561302
1990-06-11,1990,6,11,-2.5923435
1990-06-12,1990,6,12,-3.587013
1990-06-13,1990,6,13,-3.2330867
1990-06-14,1990,6,14,-0.94378195
1990-06-15,1990,6,15,2.1124571
1990-06-16,1990,6,16,2.8933165
1990-06-17,1990,6,17,1.1822012
1990-06-18,1990,6,18,-1.2193781
1990-06-19,1990,6,19,-1.7143137
1990-06-20,1990,6,20,0.53668363
1990-06-21,1990,6,21,1.9196468
1990-06-22,1990,6,22,-1.7404202
1990-06-23,1990,6,23,-4.4045846
1990-06-24,1990,6,24,-3.110777
1990-06-25,1990,6,25,-1.0219895
1990-06-26,1990,6,26,-0.54990965
1990-06-27,1990,6,27,-1.3218709
1990-06-28,1990,6,28,-1.0509796
1990-06-29,1990,6,29,-0.26074856
1990-06-30,1990,6,30,-1.1301332
1990-07-01,1990,7,1,-2.5355423
1990-07-02,1990,7,2,-4.8866055
1990-07-03,1990,7,3,0.20644477
1990-07-04,1990,7,4,1.2223314
1990-07-05,1990,7,5,0.99946547
1990-07-06,1990,7,6,-2.1642876
1990-07-07,1990,7,7,-4.84349
1990-07-08,1990,7,8,-7.3634561
1990-07-09,1990,7,9,-7.9398063
1990-07-10,1990,7,10,-3.2334649
1990-07-11,1990,7,11,-1.1351229
1990-07-12,1990,7,12,-1.9809859
1990-07-13,1990,7,13,-3.6612173
1990-07-14,1990,7,14,-7.4183575
1990-07-15,1990,7,15,-8.9755299
1990-07-16,1990,7,16,-8.641735
1990-07-17,1990,7,17,-11.223824
1990-07-18,1990,7,18,-12.487258
1990-07-19,1990,7,19,-9.8211693
1990-07-20,1990,7,20,-12.882298
1990-07-21,1990,7,21,-11.513183
1990-07-22,1990,7,22,-8.0036379
1990-07-23,1990,7,23,-10.427634
1990-07-24,1990,7,24,-5.3361955
1990-07-25,1990,7,25,-4.8723114
1990-07-26,1990,7,26,-8.4873436
1990-07-27,1990,7,27,-6.497859
1990-07-28,1990,7,28,-2.4539358
1990-07-29,1990,7,29,-3.2164918
1990-07-30,1990,7,30,-1.1079896
1990-07-31,1990,7,31,-5.3626604
1990-08-01,1990,8,1,-2.0370386
1990-08-02,1990,8,2,-1.7853556
1990-08-03,1990,8,3,-1.6645185
1990-08-04,1990,8,4,-0.73999715
1990-08-05,1990,8,5,-0.16878491
1990-08-06,1990,8,6,-2.5129617
1990-08-07,1990,8,7,-4.5676602
1990-08-08,1990,8,8,0.24141929
1990-08-09,1990,8,9,1.4041936
1990-08-10,1990,8,10,0.37908526
1990-08-11,1990,8,11,-0.34843593
1990-08-12,1990,8,12,-0.9062215
1990-08-13,1990,8,13,-3.855515
1990-08-14,1990,8,14,-7.800268
1990-08-15,1990,8,15,-6.1956292
1990-08-16,1990,8,16,-3.721224
1990-08-17,1990,8,17,-3.6871756
1990-08-18,1990,8,18,-7.7562224
1990-08-19,1990,8,19,-7.594032
1990-08-20,1990,8,20,-3.3566916
1990-08-21,1990,8,21,-3.0089654
1990-08-22,1990,8,22,-3.9173823
1990-08-23,1990,8,23,-4.4037216
1990-08-24,1990,8,24,-6.6568891
1990-08-25,1990,8,25,-2.3368521
1990-08-26,1990,8,26,-4.0561059
1990-08-27,1990,8,27,-5.0480984
1990-08-28,1990,8,28,-1.2922698
1990-08-29,1990,8,29,-1.0803405
1990-08-30,1990,8,30,-1.091839
1990-08-31,1990,8,31,-3.0034924
1990-09-01,1990,9,1,-4.4060724
1990-09-02,1990,9,2,-2.6914969
1990-09-03,1990,9,3,-3.0994078
1990-09-04,1990,9,4,-2.9644599
1990-09-05,1990,9,5,-2.3550332
1990-09-06,1990,9,6,-6.3782821
1990-09-07,1990,9,7,-5.2832437
1990-09-08,1990,9,8,-1.9567714
1990-09-09,1990,9,9,0.46150372
1990-09-10,1990,9,10,-0.72883971
1990-09-11,1990,9,11,-4.9517242
1990-09-12,1990,9,12,-7.3852857
1990-09-13,1990,9,13,-3.1485285
1990-09-14,1990,9,14,0.7555628
1990-09-15,1990,9,15,-0.3837521
1990-09-16,1990,9,16,-2.6569484
1990-09-17,1990,9,17,-4.4639058
1990-09-18,1990,9,18,-5.1980032
1990-09-19,1990,9,19,-3.3010627
1990-09-20,1990,9,20,-5.8808701
1990-09-21,1990,9,21,-6.3679592
1990-09-22,1990,9,22,-7.2878053
1990-09-23,1990,9,23,-5.329377
1990-09-24,1990,9,24,-0.44039154
1990-09-25,1990,9,25,-0.6971185
1990-09-26,1990,9,26,-1.6490522
1990-09-27,1990,9,27,-3.6466403
1990-09-28,1990,9,28,-5.0273835
1990-09-29,1990,9,29,1.8968931
1990-09-30,1990,9,30,1.8281001
1990-10-01,1990,10,1,0.54400453
1990-10-02,1990,10,2,-0.24735308
1990-10-03,1990,10,3,0.090315217
1990-10-04,1990,10,4,-0.83421165
1990-10-05,1990,10,5,-2.6473763
1990-10-06,1990,10,6,-1.2212669
1990-10-07,1990,10,7,-3.107591
1990-10-08,1990,10,8,-1.4472936
1990-10-09,1990,10,9,1.7642908
1990-10-10,1990,10,10,-0.10968795
1990-10-11,1990,10,11,-4.6757959
1990-10-12,1990,10,12,-3.1470043
1990-10-13,1990,10,13,-3.3984079
1990-10-14,1990,10,14,-3.609176
1990-10-15,1990,10,15,-2.2866957
1990-10-16,1990,10,16,-1.9002301
1990-10-17,1990,10,17,-1.5187621
1990-10-18,1990,10,18,-1.7425368
1990-10-19,1990,10,19,0.26331071
1990-10-20,1990,10,20,2.0203178
1990-10-21,1990,10,21,0.98243692
1990-10-22,1990,10,22,1.8103675
1990-10-23,1990,10,23,3.1773188
1990-10-24,1990,10,24,2.9425636
1990-10-25,1990,10,25,0.58334665
1990-10-26,1990,10,26,1.0877166
1990-10-27,1990,10,27,0.85779858
1990-10-28,1990,10,28,2.2829882
1990-10-29,1990,10,29,1.5711126
1990-10-30,1990,10,30,0.99508729
1990-10-31,1990,10,31,-1.0653469
1990-11-01,1990,11,1,-0.061655271
1990-11-02,1990,11,2,1.8041035
1990-11-03,1990,11,3,-0.84513536
1990-11-04,1990,11,4,-2.3534628
1990-11-05,1990,11,5,-0.00090986755
1990-11-06,1990,11,6,-1.3397731
1990-11-07,1990,11,7,0.95349101
1990-11-08,1990,11,8,0.59662675
1990-11-09,1990,11,9,3.3739696
1990-11-10,1990,11,10,1.7514822
1990-11-11,1990,11,11,1.7388377
1990-11-12,1990,11,12,1.2127205
1990-11-13,1990,11,13,1.0453733
1990-11-14,1990,11,14,0.84670316
1990-11-15,1990,11,15,1.9018213
1990-11-16,1990,11,16,5.9656166
1990-11-17,1990,11,17,4.6700065
1990-11-18,1990,11,18,5.2173753
1990-11-19,1990,11,19,4.6666992
1990-11-20,1990,11,20,1.4826565
1990-11-21,1990,11,21,4.8059376
1990-11-22,1990,11,22,6.5698772
1990-11-23,1990,11,23,7.1407443
1990-11-24,1990,11,24,6.9988524
1990-11-25,1990,11,25,7.3871997
1990-11-26,1990,11,26,6.0079798
1990-11-27,1990,11,27,7.2334592
1990-11-28,1990,11,28,7.5736537
1990-11-29,1990,11,29,6.8594081
1990-11-30,1990,11,30,3.6714609
1990-12-01,1990,12,1,4.1989063
1990-12-02,1990,12,2,2.6438198
1990-12-03,1990,12,3,5.8420855
1990-12-04,1990,12,4,6.3967853
1990-12-05,1990,12,5,5.3520628
1990-12-06,1990,12,6,3.3696911
1990-12-07,1990,12,7,4.8168306
1990-12-08,1990,12,8,6.001878
1990-12-09,1990,12,9,5.2259542
1990-12-10,1990,12,10,4.5096251
1990-12-11,1990,12,11,3.4221094
1990-12-12,1990,12,12,-0.9044918
1990-12-13,1990,12,13,-0.017795289
1990-12-14,1990,12,14,2.9646494
1990-12-15,1990,12,15,5.9293625
1990-12-16,1990,12,16,8.1833152
1990-12-17,1990,12,17,4.8419468
1990-12-18,1990,12,18,8.3841018
1990-12-19,1990,12,19,9.7112256
1990-12-20,1990,12,20,8.5216102
1990-12-21,1990,12,21,7.4776045
1990-12-22,1990,12,22,6.6976671
1990-12-23,1990,12,23,7.7495254
1990-12-24,1990,12,24,10.060276
1990-12-25,1990,12,25,10.50463
1990-12-26,1990,12,26,9.7299979
1990-12-27,1990,12,27,9.9346643
1990-12-28,1990,12,28,10.254488
1990-12-29,1990,12,29,10.463734
1990-12-30,1990,12,30,10.442975
1990-12-31,1990,12,31,7.2531816
1991-01-01,1991,1,1,6.3656043
1991-01-02,1991,1,2,5.9563338
1991-01-03,1991,1,3,7.0631834
1991-01-04,1991,1,4,7.8267973
1991-01-05,1991,1,5,7.5928173
1991-01-06,1991,1,6,7.8442839
1991-01-07,1991,1,7,7.0601654
1991-01-08,1991,1,8,6.896081
1991-01-09,1991,1,9,7.0877347
1991-01-10,1991,1,10,9.0003057
1991-01-11,1991,1,11,8.7286986
1991-01-12,1991,1,12,8.1814564
1991-01-13,1991,1,13,7.1961554
1991-01-14,1991,1,14,6.1830058
1991-01-15,1991,1,15,4.9800427
1991-01-16,1991,1,16,5.3375705
1991-01-17,1991,1,17,6.3812239
1991-01-18,1991,1,18,4.7781066
1991-01-19,1991,1,19,5.2198034
1991-01-20,1991,1,20,3.8678142
1991-01-21,1991,1,21,2.3137144
1991-01-22,1991,1,22,5.6036896
1991-01-23,1991,1,23,6.6328178
1991-01-24,1991,1,24,6.8166599
1991-01-25,1991,1,25,9.5199262
1991-01-26,1991,1,26,9.4573243
1991-01-27,1991,1,27,7.2657442
1991-01-28,1991,1,28,3.2591768
1991-01-29,1991,1,29,-0.40694805
1991-01-30,1991,1,30,4.4634953
1991-01-31,1991,1,31,5.2852192
1991-02-01,1991,2,1,4.3825143
1991-02-02,1991,2,2,3.8671934
1991-02-03,1991,2,3,4.9889764
1991-02-04,1991,2,4,5.3210215
1991-02-05,1991,2,5,7.1219866
1991-02-06,1991,2,6,8.3480709
1991-02-07,1991,2,7,8.4167808
1991-02-08,1991,2,8,6.8746453
1991-02-09,1991,2,9,6.8046834
1991-02-10,1991,2,10,6.3237945
1991-02-11,1991,2,11,6.1846865
1991-02-12,1991,2,12,6.3426039
1991-02-13,1991,2,13,6.7868832
1991-02-14,1991,2,14,6.2402897
1991-02-15,1991,2,15,6.7276095
1991-02-16,1991,2,16,5.2883974
1991-02-17,1991,2,17,5.8162679
1991-02-18,1991,2,18,4.4527277
1991-02-19,1991,2,19,4.1639319
1991-02-20,1991,2,20,4.8903135
1991-02-21,1991,2,21,5.2130156
1991-02-22,1991,2,22,8.7896601
1991-02-23,1991,2,23,9.6362879
1991-02-24,1991,2,24,10.32915
1991-02-25,1991,2,25,10.702186
1991-02-26,1991,2,26,8.8975433
1991-02-27,1991,2,27,7.4332897
1991-02-28,1991,2,28,7.2246489
1991-03-01,1991,3,1,4.9831468
1991-03-02,1991,3,2,4.4109411
1991-03-03,1991,3,3,5.643981
1991-03-04,1991,3,4,8.2488845
1991-03-05,1991,3,5,7.7288949
1991-03-06,1991,3,6,6.085038
1991-03-07,1991,3,7,5.192168
1991-03-08,1991,3,8,5.2615672
1991-03-09,1991,3,9,6.2780257
1991-03-10,1991,3,10,7.348718
1991-03-11,1991,3,11,6.4811956
1991-03-12,1991,3,12,5.7463179
1991-03-13,1991,3,13,5.9202819
1991-03-14,1991,3,14,6.2842983
1991-03-15,1991,3,15,6.5440106
1991-03-16,1991,3,16,5.4878922
1991-03-17,1991,3,17,6.1056465
1991-03-18,1991,3,18,5.8174284
1991-03-19,1991,3,19,4.2093479
1991-03-20,1991,3,20,4.6661108
1991-03-21,1991,3,21,6.3888089
1991-03-22,1991,3,22,6.4877158
1991-03-23,1991,3,23,6.8561493
1991-03-24,1991,3,24,8.4003711
1991-03-25,1991,3,25,9.4629365
1991-03-26,1991,3,26,9.4812749
1991-03-27,1991,3,27,9.4199705
1991-03-28,1991,3,28,8.8123608
1991-03-29,1991,3,29,6.279582
1991-03-30,1991,3,30,3.7517658
1991-03-31,1991,3,31,2.6873557
1991-04-01,1991,4,1,3.6722998
1991-04-02,1991,4,2,2.6842471
1991-04-03,1991,4,3,5.472534
1991-04-04,1991,4,4,6.1012517
1991-04-05,1991,4,5,5.8431631
1991-04-06,1991,4,6,2.6071183
1991-04-07,1991,4,7,3.6545475
1991-04-08,1991,4,8,3.9226145
1991-04-09,1991,4,9,3.9855975
1991-04-10,1991,4,10,3.7029851
1991-04-11,1991,4,11,4.3603513
1991-04-12,1991,4,12,4.1193246
1991-04-13,1991,4,13,3.1364091
1991-04-14,1991,4,14,0.58452681
1991-04-15,1991,4,15,-0.91544733
1991-04-16,1991,4,16,-2.0036607
1991-04-17,1991,4,17,-3.8782127
1991-04-18,1991,4,18,-1.7712804
1991-04-19,1991,4,19,1.0778858
1991-04-20,1991,4,20,1.3969589
1991-04-21,1991,4,21,0.99377832
1991-04-22,1991,4,22,0.51874444
1991-04-23,1991,4,23,-1.5937293
1991-04-24,1991,4,24,4.1035763
1991-04-25,1991,4,25,4.0054094
1991-04-26,1991,4,26,2.4019702
1991-04-27,1991,4,27,1.7664449
1991-04-28,1991,4,28,-0.95471801
1991-04-29,1991,4,29,1.237437
1991-04-30,1991,4,30,-0.32166998
1991-05-01,1991,5,1,-2.6768095
1991-05-02,1991,5,2,0.40661093
1991-05-03,1991,5,3,0.0008153793
1991-05-04,1991,5,4,-1.2504967
1991-05-05,1991,5,5,-0.79246608
1991-05-06,1991,5,6,-0.25712103
1991-05-07,1991,5,7,0.16172232
1991-05-08,1991,5,8,0.85424995
1991-05-09,1991,5,9,0.89037582
1991-05-10,1991,5,10,0.74658417
1991-05-11,1991,5,11,-0.35082801
1991-05-12,1991,5,12,-3.7752966
1991-05-13,1991,5,13,-2.1284157
1991-05-14,1991,5,14,1.5390712
1991-05-15,1991,5,15,1.5458722
1991-05-16,1991,5,16,2.5660746
1991-05-17,1991,5,17,1.9779848
1991-05-18,1991,5,18,1.1631999
1991-05-19,1991,5,19,0.058559344
1991-05-20,1991,5,20,-1.0123061
1991-05-21,1991,5,21,-3.3956889
1991-05-22,1991,5,22,-0.99829711
1991-05-23,1991,5,23,-1.5907249
1991-05-24,1991,5,24,-1.4193791
1991-05-25,1991,5,25,0.28764605
1991-05-26,1991,5,26,-0.10615915
1991-05-27,1991,5,27,0.9716245
1991-05-28,1991,5,28,2.3625121
1991-05-29,1991,5,29,3.5472151
1991-05-30,1991,5,30,3.0011241
1991-05-31,1991,5,31,2.7898477
1991-06-01,1991,6,1,1.1036815
1991-06-02,1991,6,2,-2.4756352
1991-06-03,1991,6,3,-3.8143852
1991-06-04,1991,6,4,-5.6609193
1991-06-05,1991,6,5,-7.2091018
1991-06-06,1991,6,6,-8.1617017
1991-06-07,1991,6,7,-3.880534
1991-06-08,1991,6,8,0.34733859
1991-06-09,1991,6,9,-0.18758968
1991-06-10,1991,6,10,0.67895559
1991-06-11,1991,6,11,0.17347903
1991-06-12,1991,6,12,1.3664895
1991-06-13,1991,6,13,1.9207145
1991-06-14,1991,6,14,1.1552145
1991-06-15,1991,6,15,-0.26620027
1991-06-16,1991,6,16,-3.1080059
1991-06-17,1991,6,17,-3.783479
1991-06-18,1991,6,18,-4.7024732
1991-06-19,1991,6,19,-6.2227288
1991-06-20,1991,6,20,-8.3955428
1991-06-21,1991,6,21,-7.5135288
1991-06-22,1991,6,22,-9.2808852
1991-06-23,1991,6,23,-4.783297
1991-06-24,1991,6,24,-2.5454731
1991-06-25,1991,6,25,-3.3804653
1991-06-26,1991,6,26,-5.1168089
1991-06-27,1991,6,27,-6.893053
1991-06-28,1991,6,28,-1.4412858
1991-06-29,1991,6,29,-0.074115009
1991-06-30,1991,6,30,-0.22157503
1991-07-01,1991,7,1,-0.19619471
1991-07-02,1991,7,2,-0.53847154
1991-07-03,1991,7,3,-0.80879297
1991-07-04,1991,7,4,-4.6509678
1991-07-05,1991,7,5,-8.9667452
1991-07-06,1991,7,6,-5.0477651
1991-07-07,1991,7,7,-3.9968728
1991-07-08,1991,7,8,-3.4312298
1991-07-09,1991,7,9,-4.0882853
1991-07-10,1991,7,10,-5.8331006
1991-07-11,1991,7,11,-4.7844998
1991-07-12,1991,7,12,-3.7576999
1991-07-13,1991,7,13,-2.7174137
1991-07-14,1991,7,14,-3.278962
1991-07-15,1991,7,15,-2.9359393
1991-07-16,1991,7,16,-3.7735968
1991-07-17,1991,7,17,-7.0716525
1991-07-18,1991,7,18,-7.3102909
1991-07-19,1991,7,19,-4.4927536
1991-07-20,1991,7,20,-8.5038786
1991-07-21,1991,7,21,-11.919738
1991-07-22,1991,7,22,-6.5619705
1991-07-23,1991,7,23,-1.7371352
1991-07-24,1991,7,24,-4.7147823
1991-07-25,1991,7,25,-4.6045099
1991-07-26,1991,7,26,-5.5508508
1991-07-27,1991,7,27,-5.769536
1991-07-28,1991,7,28,-6.9662367
1991-07-29,1991,7,29,-8.7216954
1991-07-30,1991,7,30,-10.541992
1991-07-31,1991,7,31,-11.103908
1991-08-01,1991,8,1,-7.3429498
1991-08-02,1991,8,2,-5.4389487
1991-08-03,1991,8,3,-4.9566858
1991-08-04,1991,8,4,-10.348404
1991-08-05,1991,8,5,-11.14475
1991-08-06,1991,8,6,-11.841789
1991-08-07,1991,8,7,-10.078705
1991-08-08,1991,8,8,-10.744053
1991-08-09,1991,8,9,-11.678699
1991-08-10,1991,8,10,-8.0487821
1991-08-11,1991,8,11,-6.6013748
1991-08-12,1991,8,12,-7.1467483
1991-08-13,1991,8,13,-3.5811238
1991-08-14,1991,8,14,-0.38433381
1991-08-15,1991,8,15,-0.73854567
1991-08-16,1991,8,16,-1.8408237
1991-08-17,1991,8,17,-4.9040096
1991-08-18,1991,8,18,-3.8710085
1991-08-19,1991,8,19,-3.2955034
1991-08-20,1991,8,20,-3.6180313
1991-08-21,1991,8,21,-2.9296756
1991-08-22,1991,8,22,-4.3721657
1991-08-23,1991,8,23,-0.67233766
1991-08-24,1991,8,24,-0.70471323
1991-08-25,1991,8,25,-2.5317002
1991-08-26,1991,8,26,-2.5483666
1991-08-27,1991,8,27,-0.70814173
1991-08-28,1991,8,28,-1.007983
1991-08-29,1991,8,29,-1.1795331
1991-08-30,1991,8,30,-1.0229379
1991-08-31,1991,8,31,-1.9038154
1991-09-01,1991,9,1,-2.3581212
1991-09-02,1991,9,2,-3.7545627
1991-09-03,1991,9,3,0.71755274
1991-09-04,1991,9,4,-0.79717894
1991-09-05,1991,9,5,-3.8044655
1991-09-06,1991,9,6,-4.4644995
1991-09-07,1991,9,7,-0.44000516
1991-09-08,1991,9,8,0.80983515
1991-09-09,1991,9,9,0.83483297
1991-09-10,1991,9,10,0.58698393
1991-09-11,1991,9,11,3.1993677
1991-09-12,1991,9,12,4.5184407
1991-09-13,1991,9,13,1.6416009
1991-09-14,1991,9,14,2.174607
1991-09-15,1991,9,15,1.4618254
1991-09-16,1991,9,16,-1.2628601
1991-09-17,1991,9,17,-4.7882778
1991-09-18,1991,9,18,-2.3496348
1991-09-19,1991,9,19,1.0760933
1991-09-20,1991,9,20,0.46209789
1991-09-21,1991,9,21,-1.6926258
1991-09-22,1991,9,22,-4.4276964
1991-09-23,1991,9,23,-0.24438301
1991-09-24,1991,9,24,-2.2352504
1991-09-25,1991,9,25,-3.64751
1991-09-26,1991,9,26,-1.1591077
1991-09-27,1991,9,27,-2.5527558
1991-09-28,1991,9,28,-1.9760089
1991-09-29,1991,9,29,-3.4957012
1991-09-30,1991,9,30,-5.1868606
1991-10-01,1991,10,1,-4.8624274
1991-10-02,1991,10,2,-5.1338957
1991-10-03,1991,10,3,-4.2498746
1991-10-04,1991,10,4,-5.277896
1991-10-05,1991,10,5,-5.6181919
1991-10-06,1991,10,6,-7.4623548
1991-10-07,1991,10,7,-6.6980531
1991-10-08,1991,10,8,-4.9394984
1991-10-09,1991,10,9,-1.1706293
1991-10-10,1991,10,10,-2.018888
1991-10-11,1991,10,11,0.67287205
1991-10-12,1991,10,12,-0.84156431
1991-10-13,1991,10,13,-2.7599795
1991-10-14,1991,10,14,-6.0459349
1991-10-15,1991,10,15,-7.6667478
1991-10-16,1991,10,16,-7.7078466
1991-10-17,1991,10,17,-1.3637865
1991-10-18,1991,10,18,1.4916159
1991-10-19,1991,10,19,2.2616577
1991-10-20,1991,10,20,2.6977624
1991-10-21,1991,10,21,2.2881018
1991-10-22,1991,10,22,1.3452086
1991-10-23,1991,10,23,-1.0244401
1991-10-24,1991,10,24,0.094795148
1991-10-25,1991,10,25,-0.75393152
1991-10-26,1991,10,26,-0.0037249938
1991-10-27,1991,10,27,0.069992962
1991-10-28,1991,10,28,1.4125329
1991-10-29,1991,10,29,1.9831086
1991-10-30,1991,10,30,3.1004911
1991-10-31,1991,10,31,-0.32761249
1991-11-01,1991,11,1,3.1556432
1991-11-02,1991,11,2,4.9346895
1991-11-03,1991,11,3,3.5020133
1991-11-04,1991,11,4,2.28117
1991-11-05,1991,11,5,1.0149688
1991-11-06,1991,11,6,0.050339237
1991-11-07,1991,11,7,3.0269471
1991-11-08,1991,11,8,2.2412166
1991-11-09,1991,11,9,1.8760119
1991-11-10,1991,11,10,0.66756666
1991-11-11,1991,11,11,1.2901432
1991-11-12,1991,11,12,0.79234044
1991-11-13,1991,11,13,1.1251171
1991-11-14,1991,11,14,1.2841432
1991-11-15,1991,11,15,1.0714002
1991-11-16,1991,11,16,2.48682
1991-11-17,1991,11,17,0.90033129
1991-11-18,1991,11,18,1.4746114
1991-11-19,1991,11,19,4.0355742
1991-11-20,1991,11,20,4.7359013
1991-11-21,1991,11,21,5.3851052
1991-11-22,1991,11,22,4.6728291
1991-11-23,1991,11,23,5.5556053
1991-11-24,1991,11,24,3.0582085
1991-11-25,1991,11,25,2.5844427
1991-11-26,1991,11,26,4.1354153
1991-11-27,1991,11,27,6.4384162
1991-11-28,1991,11,28,5.1645191
1991-11-29,1991,11,29,4.3927529
1991-11-30,1991,11,30,5.8772975
1991-12-01,1991,12,1,5.9163699
1991-12-02,1991,12,2,6.4468481
1991-12-03,1991,12,3,5.8583205
1991-12-04,1991,12,4,4.6560652
1991-12-05,1991,12,5,5.4116455
1991-12-06,1991,12,6,6.2389537
1991-12-07,1991,12,7,5.3427944
1991-12-08,1991,12,8,4.4983911
1991-12-09,1991,12,9,2.8858671
1991-12-10,1991,12,10,-0.70479937
1991-12-11,1991,12,11,-2.6339274
1991-12-12,1991,12,12,-1.6222932
1991-12-13,1991,12,13,-0.31955308
1991-12-14,1991,12,14,1.3842427
1991-12-15,1991,12,15,2.271018
1991-12-16,1991,12,16,2.3128452
1991-12-17,1991,12,17,3.8725574
1991-12-18,1991,12,18,5.7435392
1991-12-19,1991,12,19,5.900778
1991-12-20,1991,12,20,6.0217137
1991-12-21,1991,12,21,6.4427411
1991-12-22,1991,12,22,4.0343317
1991-12-23,1991,12,23,5.5557733
1991-12-24,1991,12,24,6.331875
1991-12-25,1991,12,25,5.0537618
1991-12-26,1991,12,26,2.9789217
1991-12-27,1991,12,27,6.5769444
1991-12-28,1991,12,28,6.3945186
1991-12-29,1991,12,29,5.6623911
1991-12-30,1991,12,30,7.0399404
1991-12-31,1991,12,31,7.5504822
1992-01-01,1992,1,1,4.6104043
1992-01-02,1992,1,2,3.1265617
1992-01-03,1992,1,3,6.5452761
1992-01-04,1992,1,4,9.2308087
1992-01-05,1992,1,5,9.5577477
1992-01-06,1992,1,6,7.9998743
1992-01-07,1992,1,7,6.3542704
1992-01-08,1992,1,8,6.1768664
1992-01-09,1992,1,9,6.9257415
1992-01-10,1992,1,10,8.5005081
1992-01-11,1992,1,11,8.6993604
1992-01-12,1992,1,12,8.7769387
1992-01-13,1992,1,13,7.961251
1992-01-14,1992,1,14,6.5663249
1992-01-15,1992,1,15,7.0028646
1992-01-16,1992,1,16,7.6506467
1992-01-17,1992,1,17,8.5240535
1992-01-18,1992,1,18,8.7119803
1992-01-19,1992,1,19,8.802706
1992-01-20,1992,1,20,7.4295092
1992-01-21,1992,1,21,8.2618566
1992-01-22,1992,1,22,8.7745557
1992-01-23,1992,1,23,8.444561
1992-01-24,1992,1,24,9.3070884
1992-01-25,1992,1,25,7.9865641
1992-01-26,1992,1,26,9.0296342
1992-01-27,1992,1,27,8.4707617
1992-01-28,1992,1,28,9.6839287
1992-01-29,1992,1,29,9.6234479
1992-01-30,1992,1,30,9.4193185
1992-01-31,1992,1,31,7.0776649
1992-02-01,1992,2,1,5.3861869
1992-02-02,1992,2,2,3.905258
1992-02-03,1992,2,3,4.8387028
1992-02-04,1992,2,4,5.4029
1992-02-05,1992,2,5,6.6640896
1992-02-06,1992,2,6,7.6910452
1992-02-07,1992,2,7,8.8095359
1992-02-08,1992,2,8,6.0562298
1992-02-09,1992,2,9,4.0450359
1992-02-10,1992,2,10,4.2086583
1992-02-11,1992,2,11,2.5695965
1992-02-12,1992,2,12,5.1441221
1992-02-13,1992,2,13,3.1525955
1992-02-14,1992,2,14,6.0741937
1992-02-15,1992,2,15,8.9359306
1992-02-16,1992,2,16,8.3382523
1992-02-17,1992,2,17,7.3950028
1992-02-18,1992,2,18,8.4805076
1992-02-19,1992,2,19,7.6594781
1992-02-20,1992,2,20,6.0428957
1992-02-21,1992,2,21,5.5607125
1992-02-22,1992,2,22,5.0528756
1992-02-23,1992,2,23,6.1040563
1992-02-24,1992,2,24,7.9097239
1992-02-25,1992,2,25,7.4458861
1992-02-26,1992,2,26,4.8880672
1992-02-27,1992,2,27,6.7109678
1992-02-28,1992,2,28,7.2296428
1992-02-29,1992,2,29,7.8718745
1992-03-01,1992,3,1,8.134451
1992-03-02,1992,3,2,8.3365449
1992-03-03,1992,3,3,7.9440147
1992-03-04,1992,3,4,8.9013059
1992-03-05,1992,3,5,9.6593983
1992-03-06,1992,3,6,8.8920689
1992-03-07,1992,3,7,7.6265654
1992-03-08,1992,3,8,6.7477863
1992-03-09,1992,3,9,4.8651826
1992-03-10,1992,3,10,6.8178676
1992-03-11,1992,3,11,10.207797
1992-03-12,1992,3,12,10.140548
1992-03-13,1992,3,13,8.9133386
1992-03-14,1992,3,14,5.782002
1992-03-15,1992,3,15,7.2021098
1992-03-16,1992,3,16,6.3408298
1992-03-17,1992,3,17,6.0710056
1992-03-18,1992,3,18,7.8209489
1992-03-19,1992,3,19,7.7035174
1992-03-20,1992,3,20,4.0024131
1992-03-21,1992,3,21,3.1414638
1992-03-22,1992,3,22,6.4668758
1992-03-23,1992,3,23,5.9139106
1992-03-24,1992,3,24,6.245375
1992-03-25,1992,3,25,3.4635881
1992-03-26,1992,3,26,1.9711858
1992-03-27,1992,3,27,2.1890532
1992-03-28,1992,3,28,0.73600185
1992-03-29,1992,3,29,3.2429926
1992-03-30,1992,3,30,4.6871885
1992-03-31,1992,3,31,5.2358423
1992-04-01,1992,4,1,5.9832557
1992-04-02,1992,4,2,0.37765176
1992-04-03,1992,4,3,-2.385158
1992-04-04,1992,4,4,0.45301526
1992-04-05,1992,4,5,2.0571275
1992-04-06,1992,4,6,-4.1878135
1992-04-07,1992,4,7,-1.1183898
1992-04-08,1992,4,8,-0.17470639
1992-04-09,1992,4,9,1.5391723
1992-04-10,1992,4,10,1.1338785
1992-04-11,1992,4,11,-0.69428751
1992-04-12,1992,4,12,0.81943219
1992-04-13,1992,4,13,3.6427969
1992-04-14,1992,4,14,5.4418557
1992-04-15,1992,4,15,5.3253922
1992-04-16,1992,4,16,3.897834
1992-04-17,1992,4,17,2.7536441
1992-04-18,1992,4,18,1.3095368
1992-04-19,1992,4,19,-1.9059151
1992-04-20,1992,4,20,1.5158855
1992-04-21,1992,4,21,0.1833108
1992-04-22,1992,4,22,-2.8970175
1992-04-23,1992,4,23,-2.6130721
1992-04-24,1992,4,24,-2.8176935
1992-04-25,1992,4,25,-0.85343427
1992-04-26,1992,4,26,0.56795822
1992-04-27,1992,4,27,1.62949
1992-04-28,1992,4,28,0.60509932
1992-04-29,1992,4,29,-1.3521173
1992-04-30,1992,4,30,-5.7781708
1992-05-01,1992,5,1,-8.170095
1992-05-02,1992,5,2,-4.0773445
1992-05-03,1992,5,3,-2.163446
1992-05-04,1992,5,4,-2.2603547
1992-05-05,1992,5,5,-1.9916611
1992-05-06,1992,5,6,-0.86097892
1992-05-07,1992,5,7,-0.53139951
1992-05-08,1992,5,8,0.31297905
1992-05-09,1992,5,9,-0.85701875
1992-05-10,1992,5,10,-3.0317951
1992-05-11,1992,5,11,-3.4160342
1992-05-12,1992,5,12,-3.1182461
1992-05-13,1992,5,13,1.359928
1992-05-14,1992,5,14,1.8447585
1992-05-15,1992,5,15,1.2507034
1992-05-16,1992,5,16,0.71700862
1992-05-17,1992,5,17,-0.18989799
1992-05-18,1992,5,18,-0.19558449
1992-05-19,1992,5,19,-0.41495648
1992-05-20,1992,5,20,-0.033314214
1992-05-21,1992,5,21,-0.95334875
1992-05-22,1992,5,22,-2.8917742
1992-05-23,1992,5,23,-1.43056
1992-05-24,1992,5,24,-1.0464911
1992-05-25,1992,5,25,-0.78927177
1992-05-26,1992,5,26,-1.3684308
1992-05-27,1992,5,27,-4.8951421
1992-05-28,1992,5,28,-9.7179064
1992-05-29,1992,5,29,-8.8443592
1992-05-30,1992,5,30,-7.2490184
1992-05-31,1992,5,31,-4.5597247
1992-06-01,1992,6,1,-2.5090384
1992-06-02,1992,6,2,-3.0448647
1992-06-03,1992,6,3,-3.7429061
1992-06-04,1992,6,4,-2.5614115
1992-06-05,1992,6,5,-4.1896811
1992-06-06,1992,6,6,-4.9864134
1992-06-07,1992,6,7,-6.7142727
1992-06-08,1992,6,8,-8.3494143
1992-06-09,1992,6,9,-6.5490444
1992-06-10,1992,6,10,-1.0947746
1992-06-11,1992,6,11,0.59786754
1992-06-12,1992,6,12,-0.18551888
1992-06-13,1992,6,13,-1.7798374
1992-06-14,1992,6,14,-2.2244605
1992-06-15,1992,6,15,-4.7255947
1992-06-16,1992,6,16,-0.48895379
1992-06-17,1992,6,17,-0.90230398
1992-06-18,1992,6,18,0.46843015
1992-06-19,1992,6,19,-3.809094
1992-06-20,1992,6,20,-4.6087849
1992-06-21,1992,6,21,-2.6701498
1992-06-22,1992,6,22,-1.9891008
1992-06-23,1992,6,23,-2.2599935
1992-06-24,1992,6,24,-3.0592435
1992-06-25,1992,6,25,-4.859767
1992-06-26,1992,6,26,-7.0092043
1992-06-27,1992,6,27,-7.8058017
1992-06-28,1992,6,28,-6.1255494
1992-06-29,1992,6,29,-9.311856
1992-06-30,1992,6,30,-5.8460234
1992-07-01,1992,7,1,-5.8730794
1992-07-02,1992,7,2,-5.068827
1992-07-03,1992,7,3,-3.498921
1992-07-04,1992,7,4,-8.4472917
1992-07-05,1992,7,5,-8.2870014
1992-07-06,1992,7,6,-3.2278755
1992-07-07,1992,7,7,-0.98811658
1992-07-08,1992,7,8,-3.3718464
1992-07-09,1992,7,9,-1.2248754
1992-07-10,1992,7,10,-3.8719637
1992-07-11,1992,7,11,-5.3816748
1992-07-12,1992,7,12,-6.9540233
1992-07-13,1992,7,13,-8.4955001
1992-07-14,1992,7,14,-11.791633
1992-07-15,1992,7,15,-6.3281411
1992-07-16,1992,7,16,-7.8383063
1992-07-17,1992,7,17,-9.1133404
1992-07-18,1992,7,18,-8.593749
1992-07-19,1992,7,19,-4.5046941
1992-07-20,1992,7,20,-3.5857198
1992-07-21,1992,7,21,-2.7833944
1992-07-22,1992,7,22,-2.7053438
1992-07-23,1992,7,23,-3.2409303
1992-07-24,1992,7,24,-3.627124
1992-07-25,1992,7,25,-7.1365117
1992-07-26,1992,7,26,-5.9387011
1992-07-27,1992,7,27,-4.7863727
1992-07-28,1992,7,28,-6.8179982
1992-07-29,1992,7,29,-7.4304387
1992-07-30,1992,7,30,-9.3314289
1992-07-31,1992,7,31,-14.603893
1992-08-01,1992,8,1,-10.346857
1992-08-02,1992,8,2,-8.3106293
1992-08-03,1992,8,3,-8.5452996
1992-08-04,1992,8,4,-2.043495
1992-08-05,1992,8,5,-1.1869755
1992-08-06,1992,8,6,-5.5507595
1992-08-07,1992,8,7,-11.709422
1992-08-08,1992,8,8,-6.2143988
1992-08-09,1992,8,9,-9.3413428
1992-08-10,1992,8,10,-9.5171906
1992-08-11,1992,8,11,-4.0385965
1992-08-12,1992,8,12,-2.7653627
1992-08-13,1992,8,13,-2.3805038
1992-08-14,1992,8,14,-2.5763481
1992-08-15,1992,8,15,-4.4860935
1992-08-16,1992,8,16,-5.7924214
1992-08-17,1992,8,17,-4.4635008
1992-08-18,1992,8,18,-7.1170923
1992-08-19,1992,8,19,-2.5871322
1992-08-20,1992,8,20,-3.0299883
1992-08-21,1992,8,21,-5.2912251
1992-08-22,1992,8,22,-5.8183998
1992-08-23,1992,8,23,-1.9544205
1992-08-24,1992,8,24,-0.38556273
1992-08-25,1992,8,25,-1.8178579
1992-08-26,1992,8,26,-2.0992176
1992-08-27,1992,8,27,-2.1621385
1992-08-28,1992,8,28,-3.0907588
1992-08-29,1992,8,29,-4.6525152
1992-08-30,1992,8,30,-4.781194
1992-08-31,1992,8,31,-6.5922723
1992-09-01,1992,9,1,-7.3056291
1992-09-02,1992,9,2,-5.1078293
1992-09-03,1992,9,3,-3.5677614
1992-09-04,1992,9,4,-1.8136129
1992-09-05,1992,9,5,-1.6319545
1992-09-06,1992,9,6,-1.2029838
1992-09-07,1992,9,7,-1.565557
1992-09-08,1992,9,8,-3.2790893
1992-09-09,1992,9,9,-5.4838289
1992-09-10,1992,9,10,-4.2409296
1992-09-11,1992,9,11,-1.6885015
1992-09-12,1992,9,12,-1.9640442
1992-09-13,1992,9,13,-2.7840995
1992-09-14,1992,9,14,-1.9433643
1992-09-15,1992,9,15,-1.8600171
1992-09-16,1992,9,16,-1.4360248
1992-09-17,1992,9,17,-5.1790745
1992-09-18,1992,9,18,-3.2516871
1992-09-19,1992,9,19,-0.02833823
1992-09-20,1992,9,20,-0.28021041
1992-09-21,1992,9,21,-1.9320027
1992-09-22,1992,9,22,-4.3876855
1992-09-23,1992,9,23,-1.3621942
1992-09-24,1992,9,24,-3.2877639
1992-09-25,1992,9,25,-3.9767109
1992-09-26,1992,9,26,-0.31361417
1992-09-27,1992,9,27,1.3739562
1992-09-28,1992,9,28,1.7616611
1992-09-29,1992,9,29,0.8605476
1992-09-30,1992,9,30,-2.4146283
1992-10-01,1992,10,1,-2.2034238
1992-10-02,1992,10,2,-4.2656798
1992-10-03,1992,10,3,-1.6893145
1992-10-04,1992,10,4,-1.9504383
1992-10-05,1992,10,5,-2.4390939
1992-10-06,1992,10,6,-3.8357826
1992-10-07,1992,10,7,-2.3591311
1992-10-08,1992,10,8,-2.605759
1992-10-09,1992,10,9,0.13252707
1992-10-10,1992,10,10,-2.2842938
1992-10-11,1992,10,11,-3.3240256
1992-10-12,1992,10,12,-0.069326379
1992-10-13,1992,10,13,2.5947702
1992-10-14,1992,10,14,0.71192755
1992-10-15,1992,10,15,0.6798471
1992-10-16,1992,10,16,-2.7610127
1992-10-17,1992,10,17,-0.34571588
1992-10-18,1992,10,18,0.7909348
1992-10-19,1992,10,19,-0.53918891
1992-10-20,1992,10,20,0.94125624
1992-10-21,1992,10,21,1.0975179
1992-10-22,1992,10,22,1.475483
1992-10-23,1992,10,23,1.7833042
1992-10-24,1992,10,24,1.2624856
1992-10-25,1992,10,25,1.2985727
1992-10-26,1992,10,26,1.3332382
1992-10-27,1992,10,27,1.6177413
1992-10-28,1992,10,28,0.13733778
1992-10-29,1992,10,29,0.32493235
1992-10-30,1992,10,30,-1.4005199
1992-10-31,1992,10,31,2.1837839
1992-11-01,1992,11,1,0.92892596
1992-11-02,1992,11,2,-2.0129126
1992-11-03,1992,11,3,-3.2849832
1992-11-04,1992,11,4,1.4835184
1992-11-05,1992,11,5,1.6531684
1992-11-06,1992,11,6,3.3521224
1992-11-07,1992,11,7,3.0501987
1992-11-08,1992,11,8,2.9377406
1992-11-09,1992,11,9,3.5263007
1992-11-10,1992,11,10,2.2272493
1992-11-11,1992,11,11,1.5423283
1992-11-12,1992,11,12,3.4297814
1992-11-13,1992,11,13,4.3252258
1992-11-14,1992,11,14,3.5849721
1992-11-15,1992,11,15,4.4096303
1992-11-16,1992,11,16,7.0148479
1992-11-17,1992,11,17,8.0469353
1992-11-18,1992,11,18,6.4352512
1992-11-19,1992,11,19,5.8929166
1992-11-20,1992,11,20,3.778737
1992-11-21,1992,11,21,2.7566157
1992-11-22,1992,11,22,4.1024266
1992-11-23,1992,11,23,2.4575696
1992-11-24,1992,11,24,1.420647
1992-11-25,1992,11,25,1.7238495
1992-11-26,1992,11,26,3.3166662
1992-11-27,1992,11,27,1.2936424
1992-11-28,1992,11,28,3.363211
1992-11-29,1992,11,29,3.3042247
1992-11-30,1992,11,30,3.5352441
1992-12-01,1992,12,1,3.3036144
1992-12-02,1992,12,2,3.9756435
1992-12-03,1992,12,3,3.5317504
1992-12-04,1992,12,4,3.8022934
1992-12-05,1992,12,5,2.8298009
1992-12-06,1992,12,6,3.2450913
1992-12-07,1992,12,7,4.9116286
1992-12-08,1992,12,8,4.1490733
1992-12-09,1992,12,9,3.6555266
1992-12-10,1992,12,10,4.4160012
1992-12-11,1992,12,11,4.5926885
1992-12-12,1992,12,12,4.1533179
1992-12-13,1992,12,13,3.6678341
1992-12-14,1992,12,14,5.0682457
1992-12-15,1992,12,15,5.9999126
1992-12-16,1992,12,16,3.5519146
1992-12-17,1992,12,17,5.0067108
1992-12-18,1992,12,18,4.8523026
1992-12-19,1992,12,19,3.2674116
1992-12-20,1992,12,20,3.960241
1992-12-21,1992,12,21,4.4618187
1992-12-22,1992,12,22,4.7781366
1992-12-23,1992,12,23,5.3709779
1992-12-24,1992,12,24,8.1727133
1992-12-25,1992,12,25,8.1488518
1992-12-26,1992,12,26,8.6061152
1992-12-27,1992,12,27,7.8363087
1992-12-28,1992,12,28,7.8986643
1992-12-29,1992,12,29,7.2855793
1992-12-30,1992,12,30,7.0529298
1992-12-31,1992,12,31,7.6963144
1993-01-01,1993,1,1,9.4250884
1993-01-02,1993,1,2,9.6898056
1993-01-03,1993,1,3,8.8972028
1993-01-04,1993,1,4,8.7820235
1993-01-05,1993,1,5,8.5055725
1993-01-06,1993,1,6,8.736759
1993-01-07,1993,1,7,6.6577769
1993-01-08,1993,1,8,3.8484089
1993-01-09,1993,1,9,7.0648507
1993-01-10,1993,1,10,7.6686873
1993-01-11,1993,1,11,8.2184934
1993-01-12,1993,1,12,7.7677778
1993-01-13,1993,1,13,8.8443787
1993-01-14,1993,1,14,8.8864248
1993-01-15,1993,1,15,7.7216314
1993-01-16,1993,1,16,6.8545926
1993-01-17,1993,1,17,7.5887881
1993-01-18,1993,1,18,8.5900998
1993-01-19,1993,1,19,8.2608817
1993-01-20,1993,1,20,8.3725944
1993-01-21,1993,1,21,8.5078671
1993-01-22,1993,1,22,7.8284449
1993-01-23,1993,1,23,8.113899
1993-01-24,1993,1,24,7.6288678
1993-01-25,1993,1,25,6.2627688
1993-01-26,1993,1,26,5.4334477
1993-01-27,1993,1,27,6.5636175
1993-01-28,1993,1,28,6.0343547
1993-01-29,1993,1,29,7.0668643
1993-01-30,1993,1,30,5.4318894
1993-01-31,1993,1,31,5.5817511
1993-02-01,1993,2,1,8.206852
1993-02-02,1993,2,2,9.9973305
1993-02-03,1993,2,3,9.9930458
1993-02-04,1993,2,4,9.2635359
1993-02-05,1993,2,5,6.4459206
1993-02-06,1993,2,6,3.6633389
1993-02-07,1993,2,7,3.9965432
1993-02-08,1993,2,8,3.124657
1993-02-09,1993,2,9,6.6674509
1993-02-10,1993,2,10,6.6240677
1993-02-11,1993,2,11,6.5188957
1993-02-12,1993,2,12,5.4466312
1993-02-13,1993,2,13,6.0892388
1993-02-14,1993,2,14,8.3219538
1993-02-15,1993,2,15,9.3818482
1993-02-16,1993,2,16,9.0419113
1993-02-17,1993,2,17,8.5490836
1993-02-18,1993,2,18,8.1732683
1993-02-19,1993,2,19,7.9779042
1993-02-20,1993,2,20,9.3877475
1993-02-21,1993,2,21,9.5035488
1993-02-22,1993,2,22,9.8539723
1993-02-23,1993,2,23,8.6052252
1993-02-24,1993,2,24,7.9145254
1993-02-25,1993,2,25,6.3795979
1993-02-26,1993,2,26,6.4526587
1993-02-27,1993,2,27,6.0878863
1993-02-28,1993,2,28,5.5000703
1993-03-01,1993,3,1,5.1634946
1993-03-02,1993,3,2,4.6525161
1993-03-03,1993,3,3,6.6116865
1993-03-04,1993,3,4,6.0590049
1993-03-05,1993,3,5,4.8097589
1993-03-06,1993,3,6,2.9494724
1993-03-07,1993,3,7,3.3526325
1993-03-08,1993,3,8,5.9110738
1993-03-09,1993,3,9,6.409194
1993-03-10,1993,3,10,7.1902161
1993-03-11,1993,3,11,7.0164843
1993-03-12,1993,3,12,7.4342586
1993-03-13,1993,3,13,8.2587694
1993-03-14,1993,3,14,8.2695728
1993-03-15,1993,3,15,7.2450076
1993-03-16,1993,3,16,6.8313797
1993-03-17,1993,3,17,6.7849406
1993-03-18,1993,3,18,6.5615926
1993-03-19,1993,3,19,8.463961
1993-03-20,1993,3,20,7.6185976
1993-03-21,1993,3,21,6.1825028
1993-03-22,1993,3,22,7.401636
1993-03-23,1993,3,23,8.4927682
1993-03-24,1993,3,24,8.1016337
1993-03-25,1993,3,25,7.8025813
1993-03-26,1993,3,26,8.3926375
1993-03-27,1993,3,27,7.3808952
1993-03-28,1993,3,28,5.7801519
1993-03-29,1993,3,29,5.7833347
1993-03-30,1993,3,30,5.1669343
1993-03-31,1993,3,31,5.129634
1993-04-01,1993,4,1,5.1028795
1993-04-02,1993,4,2,4.3037125
1993-04-03,1993,4,3,2.0176609
1993-04-04,1993,4,4,1.5142164
1993-04-05,1993,4,5,1.4953171
1993-04-06,1993,4,6,3.1887118
1993-04-07,1993,4,7,2.2798035
1993-04-08,1993,4,8,3.5528868
1993-04-09,1993,4,9,6.1419654
1993-04-10,1993,4,10,5.6167037
1993-04-11,1993,4,11,2.6026809
1993-04-12,1993,4,12,3.6829748
1993-04-13,1993,4,13,1.4837848
1993-04-14,1993,4,14,-0.92099891
1993-04-15,1993,4,15,2.2904483
1993-04-16,1993,4,16,2.7858295
1993-04-17,1993,4,17,1.8602224
1993-04-18,1993,4,18,0.83384599
1993-04-19,1993,4,19,0.6303503
1993-04-20,1993,4,20,-3.412273
1993-04-21,1993,4,21,-1.5755265
1993-04-22,1993,4,22,0.19781651
1993-04-23,1993,4,23,1.9185457
1993-04-24,1993,4,24,3.2205203
1993-04-25,1993,4,25,2.0027445
1993-04-26,1993,4,26,1.3165096
1993-04-27,1993,4,27,3.4621464
1993-04-28,1993,4,28,2.9075254
1993-04-29,1993,4,29,2.2468579
1993-04-30,1993,4,30,3.5023154
1993-05-01,1993,5,1,2.5261953
1993-05-02,1993,5,2,1.8185119
1993-05-03,1993,5,3,1.9873419
1993-05-04,1993,5,4,-3.9031662
1993-05-05,1993,5,5,-4.072414
1993-05-06,1993,5,6,-1.9512161
1993-05-07,1993,5,7,-3.9458239
1993-05-08,1993,5,8,-2.7886595
1993-05-09,1993,5,9,-2.6455943
1993-05-10,1993,5,10,-4.8434924
1993-05-11,1993,5,11,-5.9610128
1993-05-12,1993,5,12,-6.1257855
1993-05-13,1993,5,13,-8.5211082
1993-05-14,1993,5,14,-3.2083326
1993-05-15,1993,5,15,0.10879859
1993-05-16,1993,5,16,0.56878083
1993-05-17,1993,5,17,1.3529282
1993-05-18,1993,5,18,2.399969
1993-05-19,1993,5,19,-0.3515988
1993-05-20,1993,5,20,-1.6729754
1993-05-21,1993,5,21,-1.5910382
1993-05-22,1993,5,22,-3.5617847
1993-05-23,1993,5,23,-4.2955538
1993-05-24,1993,5,24,-7.0951484
1993-05-25,1993,5,25,-6.0267851
1993-05-26,1993,5,26,-4.6316712
1993-05-27,1993,5,27,-1.4335875
1993-05-28,1993,5,28,-2.1513296
1993-05-29,1993,5,29,-4.8549171
1993-05-30,1993,5,30,-7.8034635
1993-05-31,1993,5,31,-8.1714804
1993-06-01,1993,6,1,-2.3679138
1993-06-02,1993,6,2,-2.9981307
1993-06-03,1993,6,3,-3.4412957
1993-06-04,1993,6,4,-1.9692196
1993-06-05,1993,6,5,-1.6672863
1993-06-06,1993,6,6,-2.9060496
1993-06-07,1993,6,7,-5.7736918
1993-06-08,1993,6,8,-3.1103955
1993-06-09,1993,6,9,0.30497661
1993-06-10,1993,6,10,-1.8051035
1993-06-11,1993,6,11,-1.4698509
1993-06-12,1993,6,12,-2.9900026
1993-06-13,1993,6,13,-3.9604451
1993-06-14,1993,6,14,-6.1787884
1993-06-15,1993,6,15,-5.7133625
1993-06-16,1993,6,16,-4.859928
1993-06-17,1993,6,17,-2.4001684
1993-06-18,1993,6,18,0.6371361
1993-06-19,1993,6,19,1.1993808
1993-06-20,1993,6,20,-0.48098919
1993-06-21,1993,6,21,-2.9296876
1993-06-22,1993,6,22,-4.8498741
1993-06-23,1993,6,23,-5.2067554
1993-06-24,1993,6,24,-1.9522602
1993-06-25,1993,6,25,-0.010928031
1993-06-26,1993,6,26,-1.6267388
1993-06-27,1993,6,27,-0.75353265
1993-06-28,1993,6,28,-2.2424459
1993-06-29,1993,6,29,-1.9321602
1993-06-30,1993,6,30,-2.5647582
1993-07-01,1993,7,1,-4.0675307
1993-07-02,1993,7,2,-6.4603125
1993-07-03,1993,7,3,-8.3692909
1993-07-04,1993,7,4,-8.4041611
1993-07-05,1993,7,5,-10.246431
1993-07-06,1993,7,6,-9.5490985
1993-07-07,1993,7,7,-4.1535042
1993-07-08,1993,7,8,-5.1165455
1993-07-09,1993,7,9,-7.4755727
1993-07-10,1993,7,10,-11.782384
1993-07-11,1993,7,11,-10.485287
1993-07-12,1993,7,12,-9.8444021
1993-07-13,1993,7,13,-6.0799484
1993-07-14,1993,7,14,-3.8867173
1993-07-15,1993,7,15,-4.1261184
1993-07-16,1993,7,16,-4.4729246
1993-07-17,1993,7,17,-3.7365977
1993-07-18,1993,7,18,-1.9576092
1993-07-19,1993,7,19,-2.5945907
1993-07-20,1993,7,20,-3.1547466
1993-07-21,1993,7,21,-1.5904831
1993-07-22,1993,7,22,-0.96989178
1993-07-23,1993,7,23,-1.7633558
1993-07-24,1993,7,24,-1.2491859
1993-07-25,1993,7,25,-4.0811791
1993-07-26,1993,7,26,-4.9439828
1993-07-27,1993,7,27,-8.1214691
1993-07-28,1993,7,28,-11.356636
1993-07-29,1993,7,29,-11.4277
1993-07-30,1993,7,30,-7.7828017
1993-07-31,1993,7,31,-3.4660474
1993-08-01,1993,8,1,-4.3516809
1993-08-02,1993,8,2,-6.4185022
1993-08-03,1993,8,3,-0.77758405
1993-08-04,1993,8,4,-1.7789005
1993-08-05,1993,8,5,-2.9118329
1993-08-06,1993,8,6,-2.5494933
1993-08-07,1993,8,7,-5.9600021
1993-08-08,1993,8,8,-9.1845589
1993-08-09,1993,8,9,-8.4531456
1993-08-10,1993,8,10,-4.2024085
1993-08-11,1993,8,11,-1.7195922
1993-08-12,1993,8,12,-1.3738869
1993-08-13,1993,8,13,-1.9679163
1993-08-14,1993,8,14,-1.9582085
1993-08-15,1993,8,15,-5.3712888
1993-08-16,1993,8,16,-7.2955526
1993-08-17,1993,8,17,-3.8405134
1993-08-18,1993,8,18,-1.3135326
1993-08-19,1993,8,19,-0.14022142
1993-08-20,1993,8,20,-0.22181628
1993-08-21,1993,8,21,-1.4518042
1993-08-22,1993,8,22,-1.5882536
1993-08-23,1993,8,23,-0.65265246
1993-08-24,1993,8,24,-1.2972503
1993-08-25,1993,8,25,-3.4825043
1993-08-26,1993,8,26,-3.0294207
1993-08-27,1993,8,27,-3.1105836
1993-08-28,1993,8,28,-2.7370137
1993-08-29,1993,8,29,-3.9041831
1993-08-30,1993,8,30,-7.043082
1993-08-31,1993,8,31,-8.9164925
1993-09-01,1993,9,1,-6.1938367
1993-09-02,1993,9,2,-2.2055889
1993-09-03,1993,9,3,0.19464697
1993-09-04,1993,9,4,0.65266997
1993-09-05,1993,9,5,-0.44264406
1993-09-06,1993,9,6,-4.6551432
1993-09-07,1993,9,7,-8.3399931
1993-09-08,1993,9,8,-5.6307277
1993-09-09,1993,9,9,-4.7606748
1993-09-10,1993,9,10,-3.7610612
1993-09-11,1993,9,11,-3.4471786
1993-09-12,1993,9,12,-2.2772254
1993-09-13,1993,9,13,-1.7090855
1993-09-14,1993,9,14,-0.30373553
1993-09-15,1993,9,15,-0.13161783
1993-09-16,1993,9,16,-2.6592621
1993-09-17,1993,9,17,-4.1142131
1993-09-18,1993,9,18,-5.2748448
1993-09-19,1993,9,19,-5.1938066
1993-09-20,1993,9,20,-6.9243236
1993-09-21,1993,9,21,-5.9573884
1993-09-22,1993,9,22,-5.9609655
1993-09-23,1993,9,23,-9.2670648
1993-09-24,1993,9,24,-8.3857239
1993-09-25,1993,9,25,-6.8964734
1993-09-26,1993,9,26,-4.0466104
1993-09-27,1993,9,27,-0.45980305
1993-09-28,1993,9,28,-2.6029849
1993-09-29,1993,9,29,-4.4863713
1993-09-30,1993,9,30,-6.6963517
1993-10-01,1993,10,1,-4.1677836
1993-10-02,1993,10,2,-6.6605288
1993-10-03,1993,10,3,-5.0111664
1993-10-04,1993,10,4,-3.5132447
1993-10-05,1993,10,5,0.78488713
1993-10-06,1993,10,6,3.1924279
1993-10-07,1993,10,7,2.6041526
1993-10-08,1993,10,8,2.3037633
1993-10-09,1993,10,9,3.22933
1993-10-10,1993,10,10,1.6207474
1993-10-11,1993,10,11,1.6308532
1993-10-12,1993,10,12,1.5226906
1993-10-13,1993,10,13,1.4371216
1993-10-14,1993,10,14,1.5269214
1993-10-15,1993,10,15,2.3554866
1993-10-16,1993,10,16,-0.061073713
1993-10-17,1993,10,17,-3.5424609
1993-10-18,1993,10,18,-1.4571042
1993-10-19,1993,10,19,-1.3991205
1993-10-20,1993,10,20,-0.45255409
1993-10-21,1993,10,21,-1.63669
1993-10-22,1993,10,22,-2.5131225
1993-10-23,1993,10,23,-3.4458561
1993-10-24,1993,10,24,-2.5502033
1993-10-25,1993,10,25,1.5197181
1993-10-26,1993,10,26,3.7708906
1993-10-27,1993,10,27,2.4842992
1993-10-28,1993,10,28,1.7971893
1993-10-29,1993,10,29,2.6984256
1993-10-30,1993,10,30,4.8064176e-05
1993-10-31,1993,10,31,-4.0463546
1993-11-01,1993,11,1,-0.13539786
1993-11-02,1993,11,2,2.3122171
1993-11-03,1993,11,3,4.2063686
1993-11-04,1993,11,4,1.5235848
1993-11-05,1993,11,5,-2.1258608
1993-11-06,1993,11,6,-0.70105963
1993-11-07,1993,11,7,2.098942
1993-11-08,1993,11,8,4.1869886
1993-11-09,1993,11,9,3.851964
1993-11-10,1993,11,10,3.6457196
1993-11-11,1993,11,11,1.513732
1993-11-12,1993,11,12,1.5702902
1993-11-13,1993,11,13,1.6324432
1993-11-14,1993,11,14,0.94745885
1993-11-15,1993,11,15,0.23292875
1993-11-16,1993,11,16,-1.3807901
1993-11-17,1993,11,17,0.33251214
1993-11-18,1993,11,18,2.748769
1993-11-19,1993,11,19,2.504419
1993-11-20,1993,11,20,2.7390476
1993-11-21,1993,11,21,3.0978013
1993-11-22,1993,11,22,4.0020543
1993-11-23,1993,11,23,2.2628378
1993-11-24,1993,11,24,1.8697934
1993-11-25,1993,11,25,1.6941405
1993-11-26,1993,11,26,4.0591171
1993-11-27,1993,11,27,3.0376348
1993-11-28,1993,11,28,2.3319403
1993-11-29,1993,11,29,0.57119392
1993-11-30,1993,11,30,-2.520151
1993-12-01,1993,12,1,1.9877539
1993-12-02,1993,12,2,3.9618889
1993-12-03,1993,12,3,3.5339087
1993-12-04,1993,12,4,1.9566867
1993-12-05,1993,12,5,2.9129384
1993-12-06,1993,12,6,2.9659778
1993-12-07,1993,12,7,4.2575379
1993-12-08,1993,12,8,6.7446469
1993-12-09,1993,12,9,6.3434544
1993-12-10,1993,12,10,8.3873514
1993-12-11,1993,12,11,7.7262522
1993-12-12,1993,12,12,5.6578316
1993-12-13,1993,12,13,4.320702
1993-12-14,1993,12,14,4.577774
1993-12-15,1993,12,15,1.955275
1993-12-16,1993,12,16,3.0282285
1993-12-17,1993,12,17,6.1329087
1993-12-18,1993,12,18,4.7099042
1993-12-19,1993,12,19,5.1498524
1993-12-20,1993,12,20,7.4687476
1993-12-21,1993,12,21,7.7017441
1993-12-22,1993,12,22,5.194468
1993-12-23,1993,12,23,8.1157007
1993-12-24,1993,12,24,7.2396914
1993-12-25,1993,12,25,7.4572839
1993-12-26,1993,12,26,6.6987274
1993-12-27,1993,12,27,5.7460602
1993-12-28,1993,12,28,6.145915
1993-12-29,1993,12,29,8.3812843
1993-12-30,1993,12,30,8.0596708
1993-12-31,1993,12,31,7.3132344
1994-01-01,1994,1,1,8.2148391
1994-01-02,1994,1,2,7.6809615
1994-01-03,1994,1,3,7.4420071
1994-01-04,1994,1,4,6.623574
1994-01-05,1994,1,5,7.1141925
1994-01-06,1994,1,6,7.9316064
1994-01-07,1994,1,7,7.1847531
1994-01-08,1994,1,8,7.0996273
1994-01-09,1994,1,9,8.3422726
1994-01-10,1994,1,10,8.1932361
1994-01-11,1994,1,11,8.1768376
1994-01-12,1994,1,12,8.3753843
1994-01-13,1994,1,13,9.3662939
1994-01-14,1994,1,14,10.921884
1994-01-15,1994,1,15,8.5773317
1994-01-16,1994,1,16,6.7283751
1994-01-17,1994,1,17,5.9596791
1994-01-18,1994,1,18,6.9782141
1994-01-19,1994,1,19,7.5190878
1994-01-20,1994,1,20,7.5279047
1994-01-21,1994,1,21,9.725206
1994-01-22,1994,1,22,7.3380002
1994-01-23,1994,1,23,6.5275811
1994-01-24,1994,1,24,4.8880437
1994-01-25,1994,1,25,3.8744676
1994-01-26,1994,1,26,6.2319702
1994-01-27,1994,1,27,8.4872094
1994-01-28,1994,1,28,7.6154586
1994-01-29,1994,1,29,6.9965691
1994-01-30,1994,1,30,6.2905337
1994-01-31,1994,1,31,6.1979158
1994-02-01,1994,2,1,4.6518575
1994-02-02,1994,2,2,4.5329853
1994-02-03,1994,2,3,5.353526
1994-02-04,1994,2,4,6.0509693
1994-02-05,1994,2,5,7.1789244
1994-02-06,1994,2,6,7.1335266
1994-02-07,1994,2,7,6.9292545
1994-02-08,1994,2,8,6.1669266
1994-02-09,1994,2,9,6.1441964
1994-02-10,1994,2,10,4.7368938
1994-02-11,1994,2,11,5.4161944
1994-02-12,1994,2,12,6.1354641
1994-02-13,1994,2,13,5.4325272
1994-02-14,1994,2,14,6.5038956
1994-02-15,1994,2,15,4.4628401
1994-02-16,1994,2,16,2.8833934
1994-02-17,1994,2,17,3.8817211
1994-02-18,1994,2,18,7.2770365
1994-02-19,1994,2,19,7.797056
1994-02-20,1994,2,20,7.9817587
1994-02-21,1994,2,21,7.0169706
1994-02-22,1994,2,22,7.7903133
1994-02-23,1994,2,23,5.9831318
1994-02-24,1994,2,24,5.63527
1994-02-25,1994,2,25,6.2470579
1994-02-26,1994,2,26,6.743763
1994-02-27,1994,2,27,5.1924332
1994-02-28,1994,2,28,5.5920413
1994-03-01,1994,3,1,6.1327824
1994-03-02,1994,3,2,7.7676347
1994-03-03,1994,3,3,8.3432399
1994-03-04,1994,3,4,9.4524794
1994-03-05,1994,3,5,10.269445
1994-03-06,1994,3,6,10.722195
1994-03-07,1994,3,7,10.319586
1994-03-08,1994,3,8,9.8393462
1994-03-09,1994,3,9,9.5374824
1994-03-10,1994,3,10,8.5737356
1994-03-11,1994,3,11,8.6059999
1994-03-12,1994,3,12,7.7621578
1994-03-13,1994,3,13,5.7248314
1994-03-14,1994,3,14,2.2395514
1994-03-15,1994,3,15,1.5533354
1994-03-16,1994,3,16,2.0809057
1994-03-17,1994,3,17,4.4712843
1994-03-18,1994,3,18,6.4824913
1994-03-19,1994,3,19,5.8918587
1994-03-20,1994,3,20,5.6275719
1994-03-21,1994,3,21,7.2182803
1994-03-22,1994,3,22,7.3740888
1994-03-23,1994,3,23,5.7818559
1994-03-24,1994,3,24,2.2578851
1994-03-25,1994,3,25,2.5450117
1994-03-26,1994,3,26,6.0438826
1994-03-27,1994,3,27,5.8100665
1994-03-28,1994,3,28,4.9937732
1994-03-29,1994,3,29,5.0235967
1994-03-30,1994,3,30,4.5019581
1994-03-31,1994,3,31,5.7742168
1994-04-01,1994,4,1,5.5063317
1994-04-02,1994,4,2,5.0882563
1994-04-03,1994,4,3,5.2358696
1994-04-04,1994,4,4,4.6826805
1994-04-05,1994,4,5,-0.53240469
1994-04-06,1994,4,6,0.0091679547
1994-04-07,1994,4,7,2.5181664
1994-04-08,1994,4,8,0.95225702
1994-04-09,1994,4,9,-3.0536005
1994-04-10,1994,4,10,-0.18018054
1994-04-11,1994,4,11,1.202754
1994-04-12,1994,4,12,1.9187011
1994-04-13,1994,4,13,2.6954909
1994-04-14,1994,4,14,3.9537281
1994-04-15,1994,4,15,4.6404011
1994-04-16,1994,4,16,4.6859371
1994-04-17,1994,4,17,2.4919716
1994-04-18,1994,4,18,2.3719768
1994-04-19,1994,4,19,2.3250981
1994-04-20,1994,4,20,0.9081922
1994-04-21,1994,4,21,-0.77309833
1994-04-22,1994,4,22,1.4490518
1994-04-23,1994,4,23,2.3354134
1994-04-24,1994,4,24,1.6791217
1994-04-25,1994,4,25,2.2392953
1994-04-26,1994,4,26,3.7718254
1994-04-27,1994,4,27,3.4415961
1994-04-28,1994,4,28,4.0120435
1994-04-29,1994,4,29,3.323029
1994-04-30,1994,4,30,1.9420309
1994-05-01,1994,5,1,0.86971272
1994-05-02,1994,5,2,1.7218895
1994-05-03,1994,5,3,1.6606676
1994-05-04,1994,5,4,4.3941482
1994-05-05,1994,5,5,4.4205857
1994-05-06,1994,5,6,1.1909857
1994-05-07,1994,5,7,1.0492068
1994-05-08,1994,5,8,-0.43146216
1994-05-09,1994,5,9,-3.6608424
1994-05-10,1994,5,10,-0.91896604
1994-05-11,1994,5,11,-0.76298636
1994-05-12,1994,5,12,1.5014922
1994-05-13,1994,5,13,4.095325
1994-05-14,1994,5,14,3.9723551
1994-05-15,1994,5,15,3.6198809
1994-05-16,1994,5,16,2.1341121
1994-05-17,1994,5,17,0.51679
1994-05-18,1994,5,18,-1.2874559
1994-05-19,1994,5,19,0.33457548
1994-05-20,1994,5,20,0.83296217
1994-05-21,1994,5,21,0.68310343
1994-05-22,1994,5,22,0.54393555
1994-05-23,1994,5,23,-1.5754796
1994-05-24,1994,5,24,-2.254453
1994-05-25,1994,5,25,-3.3243472
1994-05-26,1994,5,26,-3.0059207
1994-05-27,1994,5,27,-4.7226845
1994-05-28,1994,5,28,-4.1057442
1994-05-29,1994,5,29,-0.64269372
1994-05-30,1994,5,30,-3.7880224
1994-05-31,1994,5,31,-3.0849518
1994-06-01,1994,6,1,-0.18727289
1994-06-02,1994,6,2,-1.2746051
1994-06-03,1994,6,3,-2.6557953
1994-06-04,1994,6,4,0.64510627
1994-06-05,1994,6,5,-1.8379632
1994-06-06,1994,6,6,-2.0846514
1994-06-07,1994,6,7,-0.41854467
1994-06-08,1994,6,8,1.2034931
1994-06-09,1994,6,9,3.7208838
1994-06-10,1994,6,10,0.76339605
1994-06-11,1994,6,11,-0.31207771
1994-06-12,1994,6,12,-1.2404822
1994-06-13,1994,6,13,-0.53072514
1994-06-14,1994,6,14,-1.3174244
1994-06-15,1994,6,15,-4.4311017
1994-06-16,1994,6,16,-5.7528123
1994-06-17,1994,6,17,-4.349431
1994-06-18,1994,6,18,-3.8518957
1994-06-19,1994,6,19,-2.6825497
1994-06-20,1994,6,20,-4.305101
1994-06-21,1994,6,21,-3.8251798
1994-06-22,1994,6,22,-5.582571
1994-06-23,1994,6,23,-6.5963471
1994-06-24,1994,6,24,-11.337466
1994-06-25,1994,6,25,-6.5228307
1994-06-26,1994,6,26,-3.1410147
1994-06-27,1994,6,27,-1.4528723
1994-06-28,1994,6,28,-3.0158418
1994-06-29,1994,6,29,-6.4939724
1994-06-30,1994,6,30,-9.1458093
1994-07-01,1994,7,1,-9.2163646
1994-07-02,1994,7,2,-6.9950138
1994-07-03,1994,7,3,-7.3116832
1994-07-04,1994,7,4,-6.4205991
1994-07-05,1994,7,5,-9.1112985
1994-07-06,1994,7,6,-8.609784
1994-07-07,1994,7,7,-8.660063
1994-07-08,1994,7,8,-5.3381096
1994-07-09,1994,7,9,-4.5469733
1994-07-10,1994,7,10,-3.1951083
1994-07-11,1994,7,11,-2.3856886
1994-07-12,1994,7,12,-3.5332794
1994-07-13,1994,7,13,-3.2262323
1994-07-14,1994,7,14,-0.86782916
1994-07-15,1994,7,15,1.0191101
1994-07-16,1994,7,16,-1.9959046
1994-07-17,1994,7,17,-1.798188
1994-07-18,1994,7,18,-1.6576678
1994-07-19,1994,7,19,-3.3459198
1994-07-20,1994,7,20,-4.4784418
1994-07-21,1994,7,21,-8.2811233
1994-07-22,1994,7,22,-10.845645
1994-07-23,1994,7,23,-5.658672
1994-07-24,1994,7,24,-3.911362
1994-07-25,1994,7,25,-3.6079297
1994-07-26,1994,7,26,-5.6179872
1994-07-27,1994,7,27,-7.9228785
1994-07-28,1994,7,28,-8.9181771
1994-07-29,1994,7,29,-7.2755951
1994-07-30,1994,7,30,-8.9553028
1994-07-31,1994,7,31,-10.703028
1994-08-01,1994,8,1,-9.8903962
1994-08-02,1994,8,2,-6.3112365
1994-08-03,1994,8,3,-2.8214955
1994-08-04,1994,8,4,-2.2656737
1994-08-05,1994,8,5,-3.1720918
1994-08-06,1994,8,6,-3.7663116
1994-08-07,1994,8,7,-4.9315727
1994-08-08,1994,8,8,-7.7536535
1994-08-09,1994,8,9,-8.5640705
1994-08-10,1994,8,10,-3.1977131
1994-08-11,1994,8,11,0.011154276
1994-08-12,1994,8,12,-5.3679669
1994-08-13,1994,8,13,-6.9473265
1994-08-14,1994,8,14,-4.348115
1994-08-15,1994,8,15,-6.0968214
1994-08-16,1994,8,16,-2.4543796
1994-08-17,1994,8,17,-2.9344574
1994-08-18,1994,8,18,-4.7867381
1994-08-19,1994,8,19,-5.9134381
1994-08-20,1994,8,20,-4.7784419
1994-08-21,1994,8,21,-3.0491266
1994-08-22,1994,8,22,-4.7992598
1994-08-23,1994,8,23,-0.38166552
1994-08-24,1994,8,24,-1.4603583
1994-08-25,1994,8,25,-4.9692693
1994-08-26,1994,8,26,-3.2075791
1994-08-27,1994,8,27,-0.17919065
1994-08-28,1994,8,28,-1.7206582
1994-08-29,1994,8,29,-4.1246063
1994-08-30,1994,8,30,-5.508292
1994-08-31,1994,8,31,-8.721441
1994-09-01,1994,9,1,-9.5692526
1994-09-02,1994,9,2,-3.6971686
1994-09-03,1994,9,3,-1.0147483
1994-09-04,1994,9,4,0.28642105
1994-09-05,1994,9,5,-2.7737153
1994-09-06,1994,9,6,-3.2037119
1994-09-07,1994,9,7,0.80017677
1994-09-08,1994,9,8,2.6552456
1994-09-09,1994,9,9,1.342193
1994-09-10,1994,9,10,-0.79811771
1994-09-11,1994,9,11,-1.4771059
1994-09-12,1994,9,12,-0.51159445
1994-09-13,1994,9,13,-2.4884516
1994-09-14,1994,9,14,-2.1381965
1994-09-15,1994,9,15,-3.2519196
1994-09-16,1994,9,16,1.0298937
1994-09-17,1994,9,17,1.2495379
1994-09-18,1994,9,18,0.46671271
1994-09-19,1994,9,19,1.4173279
1994-09-20,1994,9,20,0.82879832
1994-09-21,1994,9,21,0.89571257
1994-09-22,1994,9,22,2.3295503
1994-09-23,1994,9,23,-0.35472405
1994-09-24,1994,9,24,-2.6384897
1994-09-25,1994,9,25,0.31722548
1994-09-26,1994,9,26,0.84943143
1994-09-27,1994,9,27,3.8238697
1994-09-28,1994,9,28,0.53537745
1994-09-29,1994,9,29,-0.21781261
1994-09-30,1994,9,30,-2.9362086
1994-10-01,1994,10,1,-2.8751168
1994-10-02,1994,10,2,-2.6083574
1994-10-03,1994,10,3,-1.3841716
1994-10-04,1994,10,4,-1.111163
1994-10-05,1994,10,5,1.0896235
1994-10-06,1994,10,6,1.7838213
1994-10-07,1994,10,7,0.090202851
1994-10-08,1994,10,8,-0.44110105
1994-10-09,1994,10,9,-1.0948643
1994-10-10,1994,10,10,1.506858
1994-10-11,1994,10,11,-1.2829125
1994-10-12,1994,10,12,-3.4856022
1994-10-13,1994,10,13,0.2607371
1994-10-14,1994,10,14,3.0256413
1994-10-15,1994,10,15,0.97326966
1994-10-16,1994,10,16,-1.2687025
1994-10-17,1994,10,17,-3.6552901
1994-10-18,1994,10,18,-4.151143
1994-10-19,1994,10,19,-4.5116785
1994-10-20,1994,10,20,-5.1238377
1994-10-21,1994,10,21,-3.5530239
1994-10-22,1994,10,22,-3.58507
1994-10-23,1994,10,23,-3.967154
1994-10-24,1994,10,24,-2.9660755
1994-10-25,1994,10,25,-0.23643133
1994-10-26,1994,10,26,-2.5332157
1994-10-27,1994,10,27,-0.33781189
1994-10-28,1994,10,28,-0.94986988
1994-10-29,1994,10,29,1.1651829
1994-10-30,1994,10,30,1.7907705
1994-10-31,1994,10,31,-1.8292005
1994-11-01,1994,11,1,-0.24305514
1994-11-02,1994,11,2,2.0454461
1994-11-03,1994,11,3,1.0060906
1994-11-04,1994,11,4,-0.68388024
1994-11-05,1994,11,5,-1.5532679
1994-11-06,1994,11,6,-0.37618395
1994-11-07,1994,11,7,0.83739706
1994-11-08,1994,11,8,1.4866488
1994-11-09,1994,11,9,4.6898246
1994-11-10,1994,11,10,4.0876954
1994-11-11,1994,11,11,3.536702
1994-11-12,1994,11,12,2.5795916
1994-11-13,1994,11,13,3.4625
1994-11-14,1994,11,14,2.3626258
1994-11-15,1994,11,15,2.8464828
1994-11-16,1994,11,16,3.055177
1994-11-17,1994,11,17,3.628332
1994-11-18,1994,11,18,2.9104195
1994-11-19,1994,11,19,2.1888829
1994-11-20,1994,11,20,3.8974038
1994-11-21,1994,11,21,5.3943688
1994-11-22,1994,11,22,5.5436247
1994-11-23,1994,11,23,6.9556095
1994-11-24,1994,11,24,5.7339876
1994-11-25,1994,11,25,4.7105229
1994-11-26,1994,11,26,5.1204711
1994-11-27,1994,11,27,2.6515528
1994-11-28,1994,11,28,-0.92470779
1994-11-29,1994,11,29,2.8010449
1994-11-30,1994,11,30,4.6309244
1994-12-01,1994,12,1,3.8693436
1994-12-02,1994,12,2,3.2183716
1994-12-03,1994,12,3,0.69705802
1994-12-04,1994,12,4,0.81020439
1994-12-05,1994,12,5,3.1041534
1994-12-06,1994,12,6,4.9339928
1994-12-07,1994,12,7,8.4616498
1994-12-08,1994,12,8,9.0748101
1994-12-09,1994,12,9,6.7453846
1994-12-10,1994,12,10,9.5420419
1994-12-11,1994,12,11,8.7229158
1994-12-12,1994,12,12,8.6197811
1994-12-13,1994,12,13,7.5398863
1994-12-14,1994,12,14,6.2109078
1994-12-15,1994,12,15,7.340368
1994-12-16,1994,12,16,7.2288902
1994-12-17,1994,12,17,9.5736802
1994-12-18,1994,12,18,8.6775378
1994-12-19,1994,12,19,7.8355306
1994-12-20,1994,12,20,6.6067398
1994-12-21,1994,12,21,6.7940788
1994-12-22,1994,12,22,9.0004741
1994-12-23,1994,12,23,9.8465602
1994-12-24,1994,12,24,8.2077043
1994-12-25,1994,12,25,8.9877781
1994-12-26,1994,12,26,8.2071694
1994-12-27,1994,12,27,7.0697251
1994-12-28,1994,12,28,7.4659924
1994-12-29,1994,12,29,7.9862023
1994-12-30,1994,12,30,9.2709109
1994-12-31,1994,12,31,8.8212275
1995-01-01,1995,1,1,7.2761602
1995-01-02,1995,1,2,7.852495
1995-01-03,1995,1,3,6.4764158
1995-01-04,1995,1,4,5.9298143
1995-01-05,1995,1,5,5.6673809
1995-01-06,1995,1,6,5.6466993
1995-01-07,1995,1,7,6.3696546
1995-01-08,1995,1,8,7.1096752
1995-01-09,1995,1,9,6.2197481
1995-01-10,1995,1,10,5.5018462
1995-01-11,1995,1,11,4.8583654
1995-01-12,1995,1,12,5.9679218
1995-01-13,1995,1,13,7.2236288
1995-01-14,1995,1,14,8.9731503
1995-01-15,1995,1,15,7.8999037
1995-01-16,1995,1,16,6.2719331
1995-01-17,1995,1,17,5.7292759
1995-01-18,1995,1,18,5.2067776
1995-01-19,1995,1,19,5.2913265
1995-01-20,1995,1,20,7.02071
1995-01-21,1995,1,21,7.671855
1995-01-22,1995,1,22,8.3569043
1995-01-23,1995,1,23,8.943278
1995-01-24,1995,1,24,7.7280786
1995-01-25,1995,1,25,6.6163702
1995-01-26,1995,1,26,6.9282097
1995-01-27,1995,1,27,7.9151919
1995-01-28,1995,1,28,9.401778
1995-01-29,1995,1,29,8.7500801
1995-01-30,1995,1,30,6.6161465
1995-01-31,1995,1,31,5.7565742
1995-02-01,1995,2,1,4.4169151
1995-02-02,1995,2,2,4.6943237
1995-02-03,1995,2,3,5.2240885
1995-02-04,1995,2,4,4.966844
1995-02-05,1995,2,5,7.4711186
1995-02-06,1995,2,6,8.082673
1995-02-07,1995,2,7,7.9825465
1995-02-08,1995,2,8,7.2358577
1995-02-09,1995,2,9,6.5918838
1995-02-10,1995,2,10,5.2797237
1995-02-11,1995,2,11,5.6595583
1995-02-12,1995,2,12,8.3900437
1995-02-13,1995,2,13,8.2389678
1995-02-14,1995,2,14,7.7649303
1995-02-15,1995,2,15,7.4141462
1995-02-16,1995,2,16,5.9967382
1995-02-17,1995,2,17,5.7223473
1995-02-18,1995,2,18,5.5030998
1995-02-19,1995,2,19,6.5721271
1995-02-20,1995,2,20,4.863659
1995-02-21,1995,2,21,4.1451519
1995-02-22,1995,2,22,4.7737877
1995-02-23,1995,2,23,1.4725144
1995-02-24,1995,2,24,2.498095
1995-02-25,1995,2,25,5.4217607
1995-02-26,1995,2,26,5.0207085
1995-02-27,1995,2,27,4.6281989
1995-02-28,1995,2,28,4.6021165
1995-03-01,1995,3,1,4.8253837
1995-03-02,1995,3,2,5.5782125
1995-03-03,1995,3,3,6.9282825
1995-03-04,1995,3,4,6.9206692
1995-03-05,1995,3,5,6.130056
1995-03-06,1995,3,6,5.5932998
1995-03-07,1995,3,7,1.8484348
1995-03-08,1995,3,8,3.8769432
1995-03-09,1995,3,9,4.3979074
1995-03-10,1995,3,10,6.0211597
1995-03-11,1995,3,11,6.9480125
1995-03-12,1995,3,12,8.2054569
1995-03-13,1995,3,13,7.7878296
1995-03-14,1995,3,14,6.037548
1995-03-15,1995,3,15,3.4868115
1995-03-16,1995,3,16,4.153986
1995-03-17,1995,3,17,5.0158762
1995-03-18,1995,3,18,5.4571449
1995-03-19,1995,3,19,5.7114016
1995-03-20,1995,3,20,6.4304712
1995-03-21,1995,3,21,5.828376
1995-03-22,1995,3,22,4.0237703
1995-03-23,1995,3,23,2.3253014
1995-03-24,1995,3,24,4.7321908
1995-03-25,1995,3,25,5.7900928
1995-03-26,1995,3,26,6.4697222
1995-03-27,1995,3,27,5.8491698
1995-03-28,1995,3,28,4.3598924
1995-03-29,1995,3,29,5.0106844
1995-03-30,1995,3,30,2.6597938
1995-03-31,1995,3,31,1.2287611
1995-04-01,1995,4,1,5.4626735
1995-04-02,1995,4,2,5.8858896
1995-04-03,1995,4,3,6.5242377
1995-04-04,1995,4,4,6.4991008
1995-04-05,1995,4,5,5.9316308
1995-04-06,1995,4,6,5.2705672
1995-04-07,1995,4,7,4.4033235
1995-04-08,1995,4,8,1.7943569
1995-04-09,1995,4,9,-0.90432017
1995-04-10,1995,4,10,-0.80270337
1995-04-11,1995,4,11,3.3842602
1995-04-12,1995,4,12,6.331765
1995-04-13,1995,4,13,4.7961365
1995-04-14,1995,4,14,2.4313441
1995-04-15,1995,4,15,0.95970626
1995-04-16,1995,4,16,0.018400692
1995-04-17,1995,4,17,-0.080104319
1995-04-18,1995,4,18,1.090287
1995-04-19,1995,4,19,0.60351128
1995-04-20,1995,4,20,2.3384239
1995-04-21,1995,4,21,3.2371732
1995-04-22,1995,4,22,3.3871481
1995-04-23,1995,4,23,3.5964023
1995-04-24,1995,4,24,3.9382596
1995-04-25,1995,4,25,3.3832514
1995-04-26,1995,4,26,3.7067038
1995-04-27,1995,4,27,1.7680914
1995-04-28,1995,4,28,0.44037549
1995-04-29,1995,4,29,2.413201
1995-04-30,1995,4,30,2.4481071
1995-05-01,1995,5,1,-1.6593931
1995-05-02,1995,5,2,2.3393107
1995-05-03,1995,5,3,3.3817124
1995-05-04,1995,5,4,2.417911
1995-05-05,1995,5,5,0.2512007
1995-05-06,1995,5,6,-2.5410784
1995-05-07,1995,5,7,1.4471401
1995-05-08,1995,5,8,2.421293
1995-05-09,1995,5,9,1.5866532
1995-05-10,1995,5,10,-0.10815358
1995-05-11,1995,5,11,-3.0237791
1995-05-12,1995,5,12,-3.1236292
1995-05-13,1995,5,13,-3.9932263
1995-05-14,1995,5,14,-4.1259272
1995-05-15,1995,5,15,0.62687616
1995-05-16,1995,5,16,-1.0216666
1995-05-17,1995,5,17,-0.82460956
1995-05-18,1995,5,18,0.9454989
1995-05-19,1995,5,19,0.81195618
1995-05-20,1995,5,20,0.7911278
1995-05-21,1995,5,21,1.485539
1995-05-22,1995,5,22,0.98694366
1995-05-23,1995,5,23,0.66531659
1995-05-24,1995,5,24,1.3583193
1995-05-25,1995,5,25,2.4241178
1995-05-26,1995,5,26,1.0860129
1995-05-27,1995,5,27,-0.29192464
1995-05-28,1995,5,28,-0.86241584
1995-05-29,1995,5,29,1.2646534
1995-05-30,1995,5,30,2.4405878
1995-05-31,1995,5,31,2.8841477
1995-06-01,1995,6,1,2.3929504
1995-06-02,1995,6,2,0.99274144
1995-06-03,1995,6,3,1.8848996
1995-06-04,1995,6,4,1.0565049
1995-06-05,1995,6,5,-2.0858549
1995-06-06,1995,6,6,-5.1889686
1995-06-07,1995,6,7,-5.6870877
1995-06-08,1995,6,8,-4.0998183
1995-06-09,1995,6,9,-3.4586379
1995-06-10,1995,6,10,-2.0870992
1995-06-11,1995,6,11,1.0670598
1995-06-12,1995,6,12,1.9512282
1995-06-13,1995,6,13,2.8148211
1995-06-14,1995,6,14,0.72563898
1995-06-15,1995,6,15,-3.5186362
1995-06-16,1995,6,16,-5.4631259
1995-06-17,1995,6,17,-7.4702485
1995-06-18,1995,6,18,-4.6363338
1995-06-19,1995,6,19,-2.4217796
1995-06-20,1995,6,20,-2.2113708
1995-06-21,1995,6,21,-3.904024
1995-06-22,1995,6,22,-1.6381203
1995-06-23,1995,6,23,-2.6820919
1995-06-24,1995,6,24,-5.2724816
1995-06-25,1995,6,25,-3.3043194
1995-06-26,1995,6,26,-2.0361515
1995-06-27,1995,6,27,-3.7575466
1995-06-28,1995,6,28,-4.332624
1995-06-29,1995,6,29,-1.3045937
1995-06-30,1995,6,30,-3.7558799
1995-07-01,1995,7,1,-4.8818335
1995-07-02,1995,7,2,-7.2877871
1995-07-03,1995,7,3,-6.9385854
1995-07-04,1995,7,4,-5.012822
1995-07-05,1995,7,5,-8.3197851
1995-07-06,1995,7,6,-8.5121959
1995-07-07,1995,7,7,-6.2586107
1995-07-08,1995,7,8,-5.3461081
1995-07-09,1995,7,9,-5.8284601
1995-07-10,1995,7,10,-4.0028303
1995-07-11,1995,7,11,-5.1359282
1995-07-12,1995,7,12,-6.2415336
1995-07-13,1995,7,13,-7.3033797
1995-07-14,1995,7,14,-7.9241971
1995-07-15,1995,7,15,-11.347524
1995-07-16,1995,7,16,-10.08556
1995-07-17,1995,7,17,-7.959459
1995-07-18,1995,7,18,-8.0842825
1995-07-19,1995,7,19,-9.6154372
1995-07-20,1995,7,20,-5.169091
1995-07-21,1995,7,21,-1.2465215
1995-07-22,1995,7,22,-3.3557334
1995-07-23,1995,7,23,-8.1003956
1995-07-24,1995,7,24,-9.2467695
1995-07-25,1995,7,25,-9.3342835
1995-07-26,1995,7,26,-9.7729629
1995-07-27,1995,7,27,-10.138032
1995-07-28,1995,7,28,-9.8851902
1995-07-29,1995,7,29,-9.0566459
1995-07-30,1995,7,30,-8.1823111
1995-07-31,1995,7,31,-9.3783763
1995-08-01,1995,8,1,-10.363353
1995-08-02,1995,8,2,-9.6971915
1995-08-03,1995,8,3,-10.927445
1995-08-04,1995,8,4,-9.8468523
1995-08-05,1995,8,5,-10.206831
1995-08-06,1995,8,6,-10.188387
1995-08-07,1995,8,7,-11.142109
1995-08-08,1995,8,8,-7.2369867
1995-08-09,1995,8,9,-10.855585
1995-08-10,1995,8,10,-10.677965
1995-08-11,1995,8,11,-8.2345325
1995-08-12,1995,8,12,-6.5499801
1995-08-13,1995,8,13,-6.4865939
1995-08-14,1995,8,14,-10.388716
1995-08-15,1995,8,15,-12.946226
1995-08-16,1995,8,16,-9.2371849
1995-08-17,1995,8,17,-8.9201934
1995-08-18,1995,8,18,-5.9261265
1995-08-19,1995,8,19,-3.3241655
1995-08-20,1995,8,20,-4.129138
1995-08-21,1995,8,21,-5.1039424
1995-08-22,1995,8,22,-5.0328771
1995-08-23,1995,8,23,-3.9438098
1995-08-24,1995,8,24,-4.0465945
1995-08-25,1995,8,25,-4.6101116
1995-08-26,1995,8,26,-4.330245
1995-08-27,1995,8,27,-3.3948633
1995-08-28,1995,8,28,-3.1483842
1995-08-29,1995,8,29,-0.79852122
1995-08-30,1995,8,30,1.1501187
1995-08-31,1995,8,31,-1.2347112
1995-09-01,1995,9,1,-0.7846936
1995-09-02,1995,9,2,2.556576
1995-09-03,1995,9,3,3.0943847
1995-09-04,1995,9,4,2.8024527
1995-09-05,1995,9,5,1.6148987
1995-09-06,1995,9,6,0.50997606
1995-09-07,1995,9,7,-1.8416743
1995-09-08,1995,9,8,-3.2568041
1995-09-09,1995,9,9,-2.5485961
1995-09-10,1995,9,10,-3.9485666
1995-09-11,1995,9,11,-6.4455092
1995-09-12,1995,9,12,-2.7930254
1995-09-13,1995,9,13,-4.3212906
1995-09-14,1995,9,14,-2.0240058
1995-09-15,1995,9,15,-0.16750839
1995-09-16,1995,9,16,-0.028214686
1995-09-17,1995,9,17,-1.0621384
1995-09-18,1995,9,18,-5.6049119
1995-09-19,1995,9,19,-8.7804149
1995-09-20,1995,9,20,-3.6879928
1995-09-21,1995,9,21,-2.9563036
1995-09-22,1995,9,22,-5.5594451
1995-09-23,1995,9,23,-6.1560388
1995-09-24,1995,9,24,-3.8556639
1995-09-25,1995,9,25,-3.7749409
1995-09-26,1995,9,26,-5.3686152
1995-09-27,1995,9,27,-3.4275848
1995-09-28,1995,9,28,-3.1471745
1995-09-29,1995,9,29,-5.0867059
1995-09-30,1995,9,30,-1.1017574
1995-10-01,1995,10,1,-0.45971597
1995-10-02,1995,10,2,0.34063905
1995-10-03,1995,10,3,-2.874983
1995-10-04,1995,10,4,-4.2265324
1995-10-05,1995,10,5,-3.2692608
1995-10-06,1995,10,6,-4.3116134
1995-10-07,1995,10,7,-6.9745445
1995-10-08,1995,10,8,-6.1559412
1995-10-09,1995,10,9,-1.3180227
1995-10-10,1995,10,10,-2.1444667
1995-10-11,1995,10,11,-2.9227216
1995-10-12,1995,10,12,-4.2330736
1995-10-13,1995,10,13,-6.0349712
1995-10-14,1995,10,14,-1.7924659
1995-10-15,1995,10,15,-3.6986323
1995-10-16,1995,10,16,-3.7656071
1995-10-17,1995,10,17,-2.0587906
1995-10-18,1995,10,18,-2.2526333
1995-10-19,1995,10,19,-2.4502312
1995-10-20,1995,10,20,-0.55223834
1995-10-21,1995,10,21,2.5475789
1995-10-22,1995,10,22,1.2151235
1995-10-23,1995,10,23,0.43718893
1995-10-24,1995,10,24,1.010853
1995-10-25,1995,10,25,1.7898375
1995-10-26,1995,10,26,1.6138302
1995-10-27,1995,10,27,0.66814168
1995-10-28,1995,10,28,2.8873976
1995-10-29,1995,10,29,1.7830688
1995-10-30,1995,10,30,1.5959119
1995-10-31,1995,10,31,2.7721868
1995-11-01,1995,11,1,4.053209
1995-11-02,1995,11,2,2.4906675
1995-11-03,1995,11,3,1.9711746
1995-11-04,1995,11,4,3.5069243
1995-11-05,1995,11,5,4.6998848
1995-11-06,1995,11,6,4.2004148
1995-11-07,1995,11,7,6.6236397
1995-11-08,1995,11,8,4.0678565
1995-11-09,1995,11,9,0.89132827
1995-11-10,1995,11,10,1.980085
1995-11-11,1995,11,11,3.4072789
1995-11-12,1995,11,12,3.7477925
1995-11-13,1995,11,13,1.3825788
1995-11-14,1995,11,14,2.7332468
1995-11-15,1995,11,15,0.66801212
1995-11-16,1995,11,16,0.12228153
1995-11-17,1995,11,17,1.2222435
1995-11-18,1995,11,18,4.2735269
1995-11-19,1995,11,19,4.4057645
1995-11-20,1995,11,20,4.7772104
1995-11-21,1995,11,21,3.1639775
1995-11-22,1995,11,22,2.6656207
1995-11-23,1995,11,23,3.4817276
1995-11-24,1995,11,24,3.1821919
1995-11-25,1995,11,25,2.3287011
1995-11-26,1995,11,26,2.2820154
1995-11-27,1995,11,27,4.0605815
1995-11-28,1995,11,28,6.791551
1995-11-29,1995,11,29,4.4462913
1995-11-30,1995,11,30,2.0942406
1995-12-01,1995,12,1,2.5016986
1995-12-02,1995,12,2,4.6782552
1995-12-03,1995,12,3,6.2582439
1995-12-04,1995,12,4,7.133077
1995-12-05,1995,12,5,7.4885192
1995-12-06,1995,12,6,6.2393535
1995-12-07,1995,12,7,5.7511575
1995-12-08,1995,12,8,6.8917976
1995-12-09,1995,12,9,4.225227
1995-12-10,1995,12,10,4.6876013
1995-12-11,1995,12,11,4.2999964
1995-12-12,1995,12,12,3.8949831
1995-12-13,1995,12,13,5.9515031
1995-12-14,1995,12,14,4.5214621
1995-12-15,1995,12,15,5.3570886
1995-12-16,1995,12,16,6.8096251
1995-12-17,1995,12,17,8.2220445
1995-12-18,1995,12,18,9.5083924
1995-12-19,1995,12,19,10.864162
1995-12-20,1995,12,20,7.4040132
1995-12-21,1995,12,21,5.7268376
1995-12-22,1995,12,22,9.6703426
1995-12-23,1995,12,23,10.619559
1995-12-24,1995,12,24,10.929109
1995-12-25,1995,12,25,11.108621
1995-12-26,1995,12,26,11.138277
1995-12-27,1995,12,27,11.240811
1995-12-28,1995,12,28,11.193622
1995-12-29,1995,12,29,10.665155
1995-12-30,1995,12,30,9.9251176
1995-12-31,1995,12,31,8.1012042
1996-01-01,1996,1,1,7.9078875
1996-01-02,1996,1,2,7.2437871
1996-01-03,1996,1,3,5.5740163
1996-01-04,1996,1,4,3.9319287
1996-01-05,1996,1,5,6.6115136
1996-01-06,1996,1,6,7.7622443
1996-01-07,1996,1,7,7.0576898
1996-01-08,1996,1,8,5.9740884
1996-01-09,1996,1,9,5.8452096
1996-01-10,1996,1,10,7.2033315
1996-01-11,1996,1,11,5.5368012
1996-01-12,1996,1,12,4.9209393
1996-01-13,1996,1,13,3.6585995
1996-01-14,1996,1,14,6.1470684
1996-01-15,1996,1,15,5.1922871
1996-01-16,1996,1,16,6.0299596
1996-01-17,1996,1,17,6.6540941
1996-01-18,1996,1,18,6.4876038
1996-01-19,1996,1,19,5.560928
1996-01-20,1996,1,20,5.042914
1996-01-21,1996,1,21,4.8335766
1996-01-22,1996,1,22,4.6068346
1996-01-23,1996,1,23,5.2063176
1996-01-24,1996,1,24,3.7621075
1996-01-25,1996,1,25,4.2759618
1996-01-26,1996,1,26,4.8943447
1996-01-27,1996,1,27,5.3083978
1996-01-28,1996,1,28,8.0713187
1996-01-29,1996,1,29,7.7579211
1996-01-30,1996,1,30,6.6755921
1996-01-31,1996,1,31,6.0945083
1996-02-01,1996,2,1,6.1208219
1996-02-02,1996,2,2,5.6594389
1996-02-03,1996,2,3,4.8755014
1996-02-04,1996,2,4,2.7090918
1996-02-05,1996,2,5,1.475177
1996-02-06,1996,2,6,2.9809672
1996-02-07,1996,2,7,4.5516203
1996-02-08,1996,2,8,5.3815616
1996-02-09,1996,2,9,5.4256109
1996-02-10,1996,2,10,4.7772586
1996-02-11,1996,2,11,4.7119002
1996-02-12,1996,2,12,6.4578349
1996-02-13,1996,2,13,6.3183164
1996-02-14,1996,2,14,7.4016269
1996-02-15,1996,2,15,7.4492566
1996-02-16,1996,2,16,9.2615369
1996-02-17,1996,2,17,8.3617708
1996-02-18,1996,2,18,6.3584011
1996-02-19,1996,2,19,5.7693969
1996-02-20,1996,2,20,4.9894183
1996-02-21,1996,2,21,5.6675889
1996-02-22,1996,2,22,6.0211741
1996-02-23,1996,2,23,5.820413
1996-02-24,1996,2,24,6.5943722
1996-02-25,1996,2,25,6.6459475
1996-02-26,1996,2,26,6.4789894
1996-02-27,1996,2,27,6.8232691
1996-02-28,1996,2,28,6.5591391
1996-02-29,1996,2,29,8.2892509
1996-03-01,1996,3,1,7.0369975
1996-03-02,1996,3,2,5.4553941
1996-03-03,1996,3,3,7.9109311
1996-03-04,1996,3,4,7.6028152
1996-03-05,1996,3,5,6.7433694
1996-03-06,1996,3,6,7.7135826
1996-03-07,1996,3,7,6.6566343
1996-03-08,1996,3,8,5.56576
1996-03-09,1996,3,9,7.5428417
1996-03-10,1996,3,10,5.1528046
1996-03-11,1996,3,11,4.0003677
1996-03-12,1996,3,12,2.0029737
1996-03-13,1996,3,13,2.433716
1996-03-14,1996,3,14,4.2902569
1996-03-15,1996,3,15,4.6769573
1996-03-16,1996,3,16,5.3636183
1996-03-17,1996,3,17,8.7995387
1996-03-18,1996,3,18,9.535616
1996-03-19,1996,3,19,9.3818806
1996-03-20,1996,3,20,7.7899228
1996-03-21,1996,3,21,6.5636975
1996-03-22,1996,3,22,7.7330735
1996-03-23,1996,3,23,6.1841762
1996-03-24,1996,3,24,6.4033125
1996-03-25,1996,3,25,3.4806697
1996-03-26,1996,3,26,1.8645347
1996-03-27,1996,3,27,2.6589352
1996-03-28,1996,3,28,4.2323707
1996-03-29,1996,3,29,3.7060042
1996-03-30,1996,3,30,3.8748546
1996-03-31,1996,3,31,5.0008372
1996-04-01,1996,4,1,4.2502348
1996-04-02,1996,4,2,1.0027849
1996-04-03,1996,4,3,-2.3687061
1996-04-04,1996,4,4,-1.0716926
1996-04-05,1996,4,5,-1.1071407
1996-04-06,1996,4,6,-1.8192507
1996-04-07,1996,4,7,2.216612
1996-04-08,1996,4,8,2.7781373
1996-04-09,1996,4,9,0.2652503
1996-04-10,1996,4,10,3.3886062
1996-04-11,1996,4,11,2.9272539
1996-04-12,1996,4,12,1.2473957
1996-04-13,1996,4,13,1.064207
1996-04-14,1996,4,14,-0.073500364
1996-04-15,1996,4,15,-3.4345364
1996-04-16,1996,4,16,-3.5139059
1996-04-17,1996,4,17,2.4350755
1996-04-18,1996,4,18,3.150426
1996-04-19,1996,4,19,2.3897497
1996-04-20,1996,4,20,-0.18998994
1996-04-21,1996,4,21,-0.59231291
1996-04-22,1996,4,22,-1.557166
1996-04-23,1996,4,23,-0.81332189
1996-04-24,1996,4,24,-1.252861
1996-04-25,1996,4,25,-0.70448919
1996-04-26,1996,4,26,0.04521624
1996-04-27,1996,4,27,1.4860371
1996-04-28,1996,4,28,1.5335276
1996-04-29,1996,4,29,2.7017188
1996-04-30,1996,4,30,3.1563552
1996-05-01,1996,5,1,5.8538508
1996-05-02,1996,5,2,6.0122301
1996-05-03,1996,5,3,6.1175846
1996-05-04,1996,5,4,6.819138
1996-05-05,1996,5,5,5.7718521
1996-05-06,1996,5,6,4.2691549
1996-05-07,1996,5,7,2.967379
1996-05-08,1996,5,8,3.4954518
1996-05-09,1996,5,9,3.350564
1996-05-10,1996,5,10,5.9350049
1996-05-11,1996,5,11,5.8659781
1996-05-12,1996,5,12,3.0447823
1996-05-13,1996,5,13,2.8861673
1996-05-14,1996,5,14,2.7056294
1996-05-15,1996,5,15,2.2140602
1996-05-16,1996,5,16,-1.7077995
1996-05-17,1996,5,17,-5.9821011
1996-05-18,1996,5,18,-1.3687003
1996-05-19,1996,5,19,-3.0916861
1996-05-20,1996,5,20,-7.3491929
1996-05-21,1996,5,21,-4.8755017
1996-05-22,1996,5,22,-5.358792
1996-05-23,1996,5,23,-2.2216002
1996-05-24,1996,5,24,-5.7652706
1996-05-25,1996,5,25,-2.8622864
1996-05-26,1996,5,26,0.78969324
1996-05-27,1996,5,27,1.553675
1996-05-28,1996,5,28,0.37105062
1996-05-29,1996,5,29,-0.63559161
1996-05-30,1996,5,30,-5.043992
1996-05-31,1996,5,31,-5.0571357
1996-06-01,1996,6,1,-2.9691884
1996-06-02,1996,6,2,-1.1560622
1996-06-03,1996,6,3,-0.55210067
1996-06-04,1996,6,4,1.2991657
1996-06-05,1996,6,5,2.2111466
1996-06-06,1996,6,6,1.0171742
1996-06-07,1996,6,7,0.79847413
1996-06-08,1996,6,8,2.53477
1996-06-09,1996,6,9,3.0989396
1996-06-10,1996,6,10,2.8418306
1996-06-11,1996,6,11,0.86319731
1996-06-12,1996,6,12,-0.6211832
1996-06-13,1996,6,13,-1.474468
1996-06-14,1996,6,14,-5.5985995
1996-06-15,1996,6,15,-8.9356164
1996-06-16,1996,6,16,-10.871088
1996-06-17,1996,6,17,-12.532193
1996-06-18,1996,6,18,-12.566328
1996-06-19,1996,6,19,-10.232753
1996-06-20,1996,6,20,-11.123333
1996-06-21,1996,6,21,-4.1545349
1996-06-22,1996,6,22,-3.0720933
1996-06-23,1996,6,23,-2.2359361
1996-06-24,1996,6,24,-2.8751921
1996-06-25,1996,6,25,-4.3880499
1996-06-26,1996,6,26,-5.8579559
1996-06-27,1996,6,27,-7.6319725
1996-06-28,1996,6,28,-6.6135962
1996-06-29,1996,6,29,-3.0684171
1996-06-30,1996,6,30,-2.9846473
1996-07-01,1996,7,1,-5.659585
1996-07-02,1996,7,2,-7.3206162
1996-07-03,1996,7,3,-4.5666251
1996-07-04,1996,7,4,-6.321358
1996-07-05,1996,7,5,-5.0970008
1996-07-06,1996,7,6,-4.0716976
1996-07-07,1996,7,7,-7.5315847
1996-07-08,1996,7,8,-9.9651973
1996-07-09,1996,7,9,-8.4669889
1996-07-10,1996,7,10,-3.8232489
1996-07-11,1996,7,11,-2.2801474
1996-07-12,1996,7,12,-1.215969
1996-07-13,1996,7,13,-2.5374802
1996-07-14,1996,7,14,-1.67778
1996-07-15,1996,7,15,-1.465474
1996-07-16,1996,7,16,-2.6280862
1996-07-17,1996,7,17,-3.3482296
1996-07-18,1996,7,18,-2.99918
1996-07-19,1996,7,19,-3.8219086
1996-07-20,1996,7,20,-3.8593052
1996-07-21,1996,7,21,-1.5237327
1996-07-22,1996,7,22,-3.6603825
1996-07-23,1996,7,23,-6.6053358
1996-07-24,1996,7,24,-3.723621
1996-07-25,1996,7,25,-4.0636237
1996-07-26,1996,7,26,-2.8420121
1996-07-27,1996,7,27,-4.6076887
1996-07-28,1996,7,28,-4.5899189
1996-07-29,1996,7,29,-0.27213077
1996-07-30,1996,7,30,-0.94797617
1996-07-31,1996,7,31,-2.765871
1996-08-01,1996,8,1,-2.867336
1996-08-02,1996,8,2,-4.0188141
1996-08-03,1996,8,3,-4.8776014
1996-08-04,1996,8,4,-4.7038444
1996-08-05,1996,8,5,-7.9829932
1996-08-06,1996,8,6,-5.7221374
1996-08-07,1996,8,7,-3.6364587
1996-08-08,1996,8,8,-7.0874928
1996-08-09,1996,8,9,-9.3289085
1996-08-10,1996,8,10,-5.9756926
1996-08-11,1996,8,11,-6.1881189
1996-08-12,1996,8,12,-6.7632503
1996-08-13,1996,8,13,-9.1166414
1996-08-14,1996,8,14,-5.4779102
1996-08-15,1996,8,15,-0.48885352
1996-08-16,1996,8,16,0.60298061
1996-08-17,1996,8,17,0.33013249
1996-08-18,1996,8,18,-1.9354098
1996-08-19,1996,8,19,-7.0523837
1996-08-20,1996,8,20,-6.4879122
1996-08-21,1996,8,21,-2.4418807
1996-08-22,1996,8,22,-3.1753695
1996-08-23,1996,8,23,-3.6140859
1996-08-24,1996,8,24,-5.8135877
1996-08-25,1996,8,25,-7.9201899
1996-08-26,1996,8,26,-9.0876277
1996-08-27,1996,8,27,-11.533289
1996-08-28,1996,8,28,-7.3493734
1996-08-29,1996,8,29,-5.0192429
1996-08-30,1996,8,30,-3.3492362
1996-08-31,1996,8,31,-5.8565816
1996-09-01,1996,9,1,-6.3768783
1996-09-02,1996,9,2,-7.1797557
1996-09-03,1996,9,3,-7.6935894
1996-09-04,1996,9,4,-5.6138246
1996-09-05,1996,9,5,-4.6472998
1996-09-06,1996,9,6,-3.2810783
1996-09-07,1996,9,7,-6.758418
1996-09-08,1996,9,8,-7.8521885
1996-09-09,1996,9,9,-4.1573498
1996-09-10,1996,9,10,-0.52717828
1996-09-11,1996,9,11,-0.15187162
1996-09-12,1996,9,12,-2.6176098
1996-09-13,1996,9,13,-1.2514946
1996-09-14,1996,9,14,-1.0401848
1996-09-15,1996,9,15,0.0072864421
1996-09-16,1996,9,16,1.9109543
1996-09-17,1996,9,17,2.9734161
1996-09-18,1996,9,18,-3.877593
1996-09-19,1996,9,19,-1.9527747
1996-09-20,1996,9,20,-3.5465379
1996-09-21,1996,9,21,-2.3189068
1996-09-22,1996,9,22,-1.2702375
1996-09-23,1996,9,23,-1.1408378
1996-09-24,1996,9,24,-1.5159125
1996-09-25,1996,9,25,-4.1164309
1996-09-26,1996,9,26,-3.7139533
1996-09-27,1996,9,27,-4.2899164
1996-09-28,1996,9,28,0.032402749
1996-09-29,1996,9,29,1.488061
1996-09-30,1996,9,30,1.0425397
1996-10-01,1996,10,1,1.3402545
1996-10-02,1996,10,2,0.26325918
1996-10-03,1996,10,3,0.47157782
1996-10-04,1996,10,4,-2.9998205
1996-10-05,1996,10,5,-3.3351249
1996-10-06,1996,10,6,-1.607932
1996-10-07,1996,10,7,-0.28273772
1996-10-08,1996,10,8,-0.65483775
1996-10-09,1996,10,9,-1.2627247
1996-10-10,1996,10,10,-4.2603151
1996-10-11,1996,10,11,-5.566605
1996-10-12,1996,10,12,-3.7014637
1996-10-13,1996,10,13,-1.801431
1996-10-14,1996,10,14,1.4578632
1996-10-15,1996,10,15,-0.035403269
1996-10-16,1996,10,16,-1.1695294
1996-10-17,1996,10,17,-2.001149
1996-10-18,1996,10,18,-1.4062689
1996-10-19,1996,10,19,-1.4742725
1996-10-20,1996,10,20,-0.86757771
1996-10-21,1996,10,21,-1.8452256
1996-10-22,1996,10,22,0.53285725
1996-10-23,1996,10,23,-0.83713804
1996-10-24,1996,10,24,-2.3435289
1996-10-25,1996,10,25,0.44760264
1996-10-26,1996,10,26,1.4402746
1996-10-27,1996,10,27,1.6195077
1996-10-28,1996,10,28,3.647751
1996-10-29,1996,10,29,3.7986076
1996-10-30,1996,10,30,2.7360433
1996-10-31,1996,10,31,-1.7803372
1996-11-01,1996,11,1,-0.34170449
1996-11-02,1996,11,2,0.57361002
1996-11-03,1996,11,3,3.5732976
1996-11-04,1996,11,4,3.8280654
1996-11-05,1996,11,5,2.7163073
1996-11-06,1996,11,6,2.6915607
1996-11-07,1996,11,7,3.5581986
1996-11-08,1996,11,8,0.94655504
1996-11-09,1996,11,9,0.15598354
1996-11-10,1996,11,10,4.8090971
1996-11-11,1996,11,11,5.761882
1996-11-12,1996,11,12,4.3314536
1996-11-13,1996,11,13,4.2800748
1996-11-14,1996,11,14,3.2168111
1996-11-15,1996,11,15,2.3094221
1996-11-16,1996,11,16,3.406838
1996-11-17,1996,11,17,3.6918325
1996-11-18,1996,11,18,2.1267702
1996-11-19,1996,11,19,2.5003043
1996-11-20,1996,11,20,5.0835509
1996-11-21,1996,11,21,4.7373644
1996-11-22,1996,11,22,3.4877192
1996-11-23,1996,11,23,6.0704882
1996-11-24,1996,11,24,6.190085
1996-11-25,1996,11,25,6.7118005
1996-11-26,1996,11,26,5.5082641
1996-11-27,1996,11,27,6.0331781
1996-11-28,1996,11,28,4.754139
1996-11-29,1996,11,29,4.1626688
1996-11-30,1996,11,30,7.1245895
1996-12-01,1996,12,1,6.8708635
1996-12-02,1996,12,2,5.2911838
1996-12-03,1996,12,3,4.5951991
1996-12-04,1996,12,4,4.4523632
1996-12-05,1996,12,5,3.058766
1996-12-06,1996,12,6,-0.096119088
1996-12-07,1996,12,7,3.3742067
1996-12-08,1996,12,8,1.7709011
1996-12-09,1996,12,9,-0.57160485
1996-12-10,1996,12,10,0.66374408
1996-12-11,1996,12,11,1.5234961
1996-12-12,1996,12,12,3.6535383
1996-12-13,1996,12,13,5.3414608
1996-12-14,1996,12,14,5.5479803
1996-12-15,1996,12,15,5.7967906
1996-12-16,1996,12,16,5.9913288
1996-12-17,1996,12,17,6.4123446
1996-12-18,1996,12,18,6.5452844
1996-12-19,1996,12,19,5.2183205
1996-12-20,1996,12,20,5.0307876
1996-12-21,1996,12,21,4.7586043
1996-12-22,1996,12,22,7.4468707
1996-12-23,1996,12,23,7.0301008
1996-12-24,1996,12,24,6.9039729
1996-12-25,1996,12,25,6.4602072
1996-12-26,1996,12,26,7.065657
1996-12-27,1996,12,27,6.9041823
1996-12-28,1996,12,28,6.9293127
1996-12-29,1996,12,29,6.528865
1996-12-30,1996,12,30,6.3375656
1996-12-31,1996,12,31,7.1134868
1997-01-01,1997,1,1,7.3723267
1997-01-02,1997,1,2,8.8020239
1997-01-03,1997,1,3,8.5818604
1997-01-04,1997,1,4,8.0298364
1997-01-05,1997,1,5,6.5359305
1997-01-06,1997,1,6,6.7689791
1997-01-07,1997,1,7,5.8690755
1997-01-08,1997,1,8,5.816288
1997-01-09,1997,1,9,8.7824936
1997-01-10,1997,1,10,7.9040554
1997-01-11,1997,1,11,7.1506833
1997-01-12,1997,1,12,6.1059599
1997-01-13,1997,1,13,5.675464
1997-01-14,1997,1,14,6.1468643
1997-01-15,1997,1,15,9.4336519
1997-01-16,1997,1,16,9.4621083
1997-01-17,1997,1,17,7.7335306
1997-01-18,1997,1,18,6.1292097
1997-01-19,1997,1,19,6.4940906
1997-01-20,1997,1,20,6.5041894
1997-01-21,1997,1,21,7.7320983
1997-01-22,1997,1,22,6.5431445
1997-01-23,1997,1,23,6.2395721
1997-01-24,1997,1,24,8.4246593
1997-01-25,1997,1,25,8.3363059
1997-01-26,1997,1,26,7.1546479
1997-01-27,1997,1,27,8.4136904
1997-01-28,1997,1,28,5.3936534
1997-01-29,1997,1,29,4.2666405
1997-01-30,1997,1,30,5.591236
1997-01-31,1997,1,31,6.434394
1997-02-01,1997,2,1,4.3387384
1997-02-02,1997,2,2,2.6177797
1997-02-03,1997,2,3,3.9573377
1997-02-04,1997,2,4,2.9024679
1997-02-05,1997,2,5,4.7711784
1997-02-06,1997,2,6,6.2838415
1997-02-07,1997,2,7,6.649216
1997-02-08,1997,2,8,5.5799962
1997-02-09,1997,2,9,6.015098
1997-02-10,1997,2,10,5.5243062
1997-02-11,1997,2,11,7.0547322
1997-02-12,1997,2,12,6.5513721
1997-02-13,1997,2,13,7.986236
1997-02-14,1997,2,14,8.7914454
1997-02-15,1997,2,15,8.7620332
1997-02-16,1997,2,16,7.0537125
1997-02-17,1997,2,17,7.3118697
1997-02-18,1997,2,18,5.6303553
1997-02-19,1997,2,19,6.3730832
1997-02-20,1997,2,20,6.7783464
1997-02-21,1997,2,21,6.3321598
1997-02-22,1997,2,22,6.4234492
1997-02-23,1997,2,23,7.7356725
1997-02-24,1997,2,24,8.1047988
1997-02-25,1997,2,25,7.8263484
1997-02-26,1997,2,26,8.6115388
1997-02-27,1997,2,27,9.9067436
1997-02-28,1997,2,28,10.095883
1997-03-01,1997,3,1,10.419526
1997-03-02,1997,3,2,9.5650514
1997-03-03,1997,3,3,10.384884
1997-03-04,1997,3,4,9.0264773
1997-03-05,1997,3,5,9.2617869
1997-03-06,1997,3,6,7.4321685
1997-03-07,1997,3,7,6.7926
1997-03-08,1997,3,8,7.119046
1997-03-09,1997,3,9,6.5548576
1997-03-10,1997,3,10,6.1090211
1997-03-11,1997,3,11,6.5683975
1997-03-12,1997,3,12,7.1523145
1997-03-13,1997,3,13,7.2754933
1997-03-14,1997,3,14,8.4656953
1997-03-15,1997,3,15,8.4036863
1997-03-16,1997,3,16,6.7593762
1997-03-17,1997,3,17,5.5051767
1997-03-18,1997,3,18,4.9628049
1997-03-19,1997,3,19,3.4232757
1997-03-20,1997,3,20,4.591585
1997-03-21,1997,3,21,4.4603691
1997-03-22,1997,3,22,1.7616943
1997-03-23,1997,3,23,-0.40611059
1997-03-24,1997,3,24,1.7740049
1997-03-25,1997,3,25,2.4472567
1997-03-26,1997,3,26,3.3677675
1997-03-27,1997,3,27,4.9363593
1997-03-28,1997,3,28,6.7529122
1997-03-29,1997,3,29,7.3421998
1997-03-30,1997,3,30,8.6315491
1997-03-31,1997,3,31,7.6551285
1997-04-01,1997,4,1,4.3736157
1997-04-02,1997,4,2,4.5607887
1997-04-03,1997,4,3,4.055205
1997-04-04,1997,4,4,5.6417591
1997-04-05,1997,4,5,6.6437148
1997-04-06,1997,4,6,5.9219811
1997-04-07,1997,4,7,6.3217377
1997-04-08,1997,4,8,6.0494778
1997-04-09,1997,4,9,6.096882
1997-04-10,1997,4,10,6.3054903
1997-04-11,1997,4,11,7.2068157
1997-04-12,1997,4,12,8.3565969
1997-04-13,1997,4,13,6.9842651
1997-04-14,1997,4,14,5.0984779
1997-04-15,1997,4,15,3.9639687
1997-04-16,1997,4,16,4.1174631
1997-04-17,1997,4,17,3.4464692
1997-04-18,1997,4,18,2.911725
1997-04-19,1997,4,19,0.74450621
1997-04-20,1997,4,20,2.4840293
1997-04-21,1997,4,21,3.2008929
1997-04-22,1997,4,22,4.3932266
1997-04-23,1997,4,23,3.814248
1997-04-24,1997,4,24,1.1294384
1997-04-25,1997,4,25,2.9184472
1997-04-26,1997,4,26,2.2668587
1997-04-27,1997,4,27,1.673916
1997-04-28,1997,4,28,3.9892356
1997-04-29,1997,4,29,3.8195542
1997-04-30,1997,4,30,3.2142657
1997-05-01,1997,5,1,3.4887937
1997-05-02,1997,5,2,5.3399727
1997-05-03,1997,5,3,6.2881008
1997-05-04,1997,5,4,6.4919537
1997-05-05,1997,5,5,6.3894626
1997-05-06,1997,5,6,5.7692333
1997-05-07,1997,5,7,6.3293549
1997-05-08,1997,5,8,6.6849408
1997-05-09,1997,5,9,6.5191981
1997-05-10,1997,5,10,5.4341015
1997-05-11,1997,5,11,5.3399965
1997-05-12,1997,5,12,4.0833798
1997-05-13,1997,5,13,4.0642586
1997-05-14,1997,5,14,3.2882043
1997-05-15,1997,5,15,4.6918952
1997-05-16,1997,5,16,1.9508906
1997-05-17,1997,5,17,-0.31524898
1997-05-18,1997,5,18,-1.7693789
1997-05-19,1997,5,19,-4.2135055
1997-05-20,1997,5,20,-3.5195561
1997-05-21,1997,5,21,-6.6469606
1997-05-22,1997,5,22,-4.9398612
1997-05-23,1997,5,23,-1.8141217
1997-05-24,1997,5,24,-2.9604961
1997-05-25,1997,5,25,-0.65678149
1997-05-26,1997,5,26,-0.30564899
1997-05-27,1997,5,27,-2.3121933
1997-05-28,1997,5,28,-1.6101776
1997-05-29,1997,5,29,-1.5143979
1997-05-30,1997,5,30,-1.7183145
1997-05-31,1997,5,31,-0.73022586
1997-06-01,1997,6,1,-3.0698562
1997-06-02,1997,6,2,-2.338886
1997-06-03,1997,6,3,-1.9524399
1997-06-04,1997,6,4,-3.5948679
1997-06-05,1997,6,5,-6.0188586
1997-06-06,1997,6,6,-6.1514773
1997-06-07,1997,6,7,-1.2798959
1997-06-08,1997,6,8,-1.4198539
1997-06-09,1997,6,9,-2.6628925
1997-06-10,1997,6,10,-5.4750805
1997-06-11,1997,6,11,-5.1562207
1997-06-12,1997,6,12,-5.0768161
1997-06-13,1997,6,13,-7.9391621
1997-06-14,1997,6,14,-5.5723623
1997-06-15,1997,6,15,-1.2330885
1997-06-16,1997,6,16,0.077914123
1997-06-17,1997,6,17,-0.93695537
1997-06-18,1997,6,18,-2.9907455
1997-06-19,1997,6,19,-4.4052933
1997-06-20,1997,6,20,-3.2857067
1997-06-21,1997,6,21,-4.2626639
1997-06-22,1997,6,22,-4.8768172
1997-06-23,1997,6,23,-5.7271038
1997-06-24,1997,6,24,-6.802705
1997-06-25,1997,6,25,-7.8358824
1997-06-26,1997,6,26,-9.2074527
1997-06-27,1997,6,27,-7.9048982
1997-06-28,1997,6,28,-9.9649802
1997-06-29,1997,6,29,-8.4001673
1997-06-30,1997,6,30,-6.1860033
1997-07-01,1997,7,1,-6.0709742
1997-07-02,1997,7,2,-10.694339
1997-07-03,1997,7,3,-6.458346
1997-07-04,1997,7,4,-3.9384254
1997-07-05,1997,7,5,-1.8750344
1997-07-06,1997,7,6,-3.1088119
1997-07-07,1997,7,7,-4.6770147
1997-07-08,1997,7,8,-7.4068048
1997-07-09,1997,7,9,-7.6114754
1997-07-10,1997,7,10,-6.6790875
1997-07-11,1997,7,11,-5.168062
1997-07-12,1997,7,12,-5.897436
1997-07-13,1997,7,13,-5.4345962
1997-07-14,1997,7,14,-2.6558042
1997-07-15,1997,7,15,-6.829723
1997-07-16,1997,7,16,-5.2214809
1997-07-17,1997,7,17,-3.8881236
1997-07-18,1997,7,18,-4.5459387
1997-07-19,1997,7,19,-5.0914043
1997-07-20,1997,7,20,-2.5108049
1997-07-21,1997,7,21,-1.6105669
1997-07-22,1997,7,22,-2.278248
1997-07-23,1997,7,23,-0.66426558
1997-07-24,1997,7,24,0.1249355
1997-07-25,1997,7,25,0.65150019
1997-07-26,1997,7,26,-0.010440643
1997-07-27,1997,7,27,1.958374
1997-07-28,1997,7,28,-0.18955655
1997-07-29,1997,7,29,-3.3413677
1997-07-30,1997,7,30,-5.4673306
1997-07-31,1997,7,31,-8.1838776
1997-08-01,1997,8,1,-7.5671467
1997-08-02,1997,8,2,-8.2219602
1997-08-03,1997,8,3,-9.9860986
1997-08-04,1997,8,4,-8.2156822
1997-08-05,1997,8,5,-3.9208189
1997-08-06,1997,8,6,-5.6615328
1997-08-07,1997,8,7,-3.4108739
1997-08-08,1997,8,8,-0.88568039
1997-08-09,1997,8,9,-0.18534853
1997-08-10,1997,8,10,-0.43420035
1997-08-11,1997,8,11,-1.1493865
1997-08-12,1997,8,12,-0.024631615
1997-08-13,1997,8,13,-2.1480453
1997-08-14,1997,8,14,-3.3227188
1997-08-15,1997,8,15,-5.0947583
1997-08-16,1997,8,16,-3.7709068
1997-08-17,1997,8,17,-5.7217108
1997-08-18,1997,8,18,-8.5900909
1997-08-19,1997,8,19,-12.767047
1997-08-20,1997,8,20,-11.198957
1997-08-21,1997,8,21,-11.830368
1997-08-22,1997,8,22,-7.5932226
1997-08-23,1997,8,23,-5.2114137
1997-08-24,1997,8,24,-1.589318
1997-08-25,1997,8,25,0.4218886
1997-08-26,1997,8,26,2.223612
1997-08-27,1997,8,27,2.4643547
1997-08-28,1997,8,28,2.7431813
1997-08-29,1997,8,29,1.7277912
1997-08-30,1997,8,30,-0.063957948
1997-08-31,1997,8,31,-1.9128701
1997-09-01,1997,9,1,-0.28684529
1997-09-02,1997,9,2,-0.66211556
1997-09-03,1997,9,3,-1.4955479
1997-09-04,1997,9,4,-1.2185076
1997-09-05,1997,9,5,-0.38752989
1997-09-06,1997,9,6,-0.62595055
1997-09-07,1997,9,7,-2.6908595
1997-09-08,1997,9,8,-4.5623584
1997-09-09,1997,9,9,-5.1751634
1997-09-10,1997,9,10,-5.5592004
1997-09-11,1997,9,11,-5.3276841
1997-09-12,1997,9,12,-5.7744246
1997-09-13,1997,9,13,-8.8403187
1997-09-14,1997,9,14,-4.9408985
1997-09-15,1997,9,15,-0.61380549
1997-09-16,1997,9,16,0.91420893
1997-09-17,1997,9,17,0.30181488
1997-09-18,1997,9,18,1.4132333
1997-09-19,1997,9,19,-3.1270422
1997-09-20,1997,9,20,-2.995561
1997-09-21,1997,9,21,-1.0143949
1997-09-22,1997,9,22,-1.1390392
1997-09-23,1997,9,23,-5.0004823
1997-09-24,1997,9,24,-4.3670428
1997-09-25,1997,9,25,-2.5237778
1997-09-26,1997,9,26,-1.1546851
1997-09-27,1997,9,27,-2.9578978
1997-09-28,1997,9,28,-2.7628312
1997-09-29,1997,9,29,-2.2117693
1997-09-30,1997,9,30,-3.8900175
1997-10-01,1997,10,1,-3.0554399
1997-10-02,1997,10,2,-1.2902173
1997-10-03,1997,10,3,-5.9243522
1997-10-04,1997,10,4,-6.6872991
1997-10-05,1997,10,5,-8.2539349
1997-10-06,1997,10,6,-7.5321784
1997-10-07,1997,10,7,-4.8671769
1997-10-08,1997,10,8,-3.3985739
1997-10-09,1997,10,9,-4.7576504
1997-10-10,1997,10,10,-3.2321549
1997-10-11,1997,10,11,-3.8333042
1997-10-12,1997,10,12,-1.3301189
1997-10-13,1997,10,13,-1.2901151
1997-10-14,1997,10,14,-4.5692401
1997-10-15,1997,10,15,-5.9356652
1997-10-16,1997,10,16,-4.9197896
1997-10-17,1997,10,17,-2.8288913
1997-10-18,1997,10,18,-4.7955481
1997-10-19,1997,10,19,-4.5398331
1997-10-20,1997,10,20,-1.3719715
1997-10-21,1997,10,21,-1.2189422
1997-10-22,1997,10,22,-2.1980707
1997-10-23,1997,10,23,-2.8626548
1997-10-24,1997,10,24,0.44581438
1997-10-25,1997,10,25,-1.2882159
1997-10-26,1997,10,26,-0.86004576
1997-10-27,1997,10,27,-0.88208709
1997-10-28,1997,10,28,-2.1670199
1997-10-29,1997,10,29,-3.5450601
1997-10-30,1997,10,30,-3.797063
1997-10-31,1997,10,31,-2.3695388
1997-11-01,1997,11,1,0.84395758
1997-11-02,1997,11,2,-1.5252997
1997-11-03,1997,11,3,2.3650231
1997-11-04,1997,11,4,-0.1023731
1997-11-05,1997,11,5,1.174693
1997-11-06,1997,11,6,3.0285007
1997-11-07,1997,11,7,4.2244059
1997-11-08,1997,11,8,3.6244872
1997-11-09,1997,11,9,1.5417305
1997-11-10,1997,11,10,1.860295
1997-11-11,1997,11,11,-0.73126556
1997-11-12,1997,11,12,-4.3941935
1997-11-13,1997,11,13,-3.9331858
1997-11-14,1997,11,14,-1.8807237
1997-11-15,1997,11,15,-0.67901122
1997-11-16,1997,11,16,0.28397625
1997-11-17,1997,11,17,0.36739927
1997-11-18,1997,11,18,2.3278978
1997-11-19,1997,11,19,2.1529717
1997-11-20,1997,11,20,0.18327293
1997-11-21,1997,11,21,1.566259
1997-11-22,1997,11,22,3.1992747
1997-11-23,1997,11,23,2.6438583
1997-11-24,1997,11,24,5.246502
1997-11-25,1997,11,25,2.42662
1997-11-26,1997,11,26,1.0614957
1997-11-27,1997,11,27,1.2592753
1997-11-28,1997,11,28,3.5389564
1997-11-29,1997,11,29,3.6383441
1997-11-30,1997,11,30,2.3697614
1997-12-01,1997,12,1,3.1161574
1997-12-02,1997,12,2,2.3258898
1997-12-03,1997,12,3,2.5734642
1997-12-04,1997,12,4,2.6852036
1997-12-05,1997,12,5,3.3224373
1997-12-06,1997,12,6,5.1969618
1997-12-07,1997,12,7,5.6225518
1997-12-08,1997,12,8,6.5719259
1997-12-09,1997,12,9,5.672024
1997-12-10,1997,12,10,4.7075691
1997-12-11,1997,12,11,5.4397608
1997-12-12,1997,12,12,4.1591421
1997-12-13,1997,12,13,2.9202712
1997-12-14,1997,12,14,4.9623281
1997-12-15,1997,12,15,5.4129384
1997-12-16,1997,12,16,6.3385222
1997-12-17,1997,12,17,5.3305573
1997-12-18,1997,12,18,6.1404433
1997-12-19,1997,12,19,5.6858094
1997-12-20,1997,12,20,5.3906772
1997-12-21,1997,12,21,6.3776286
1997-12-22,1997,12,22,2.7211665
1997-12-23,1997,12,23,5.2478805
1997-12-24,1997,12,24,5.0896059
1997-12-25,1997,12,25,7.2547295
1997-12-26,1997,12,26,5.2565034
1997-12-27,1997,12,27,3.6853995
1997-12-28,1997,12,28,3.9734351
1997-12-29,1997,12,29,5.6035114
1997-12-30,1997,12,30,7.7108713
1997-12-31,1997,12,31,5.5393343
1998-01-01,1998,1,1,6.8359965
1998-01-02,1998,1,2,7.3291426
1998-01-03,1998,1,3,8.6768127
1998-01-04,1998,1,4,9.212225
1998-01-05,1998,1,5,8.10725
1998-01-06,1998,1,6,7.150011
1998-01-07,1998,1,7,8.4052795
1998-01-08,1998,1,8,8.425676
1998-01-09,1998,1,9,7.4220195
1998-01-10,1998,1,10,6.9342443
1998-01-11,1998,1,11,6.5105028
1998-01-12,1998,1,12,7.6993759
1998-01-13,1998,1,13,8.1954529
1998-01-14,1998,1,14,6.1954153
1998-01-15,1998,1,15,8.0013531
1998-01-16,1998,1,16,8.5989143
1998-01-17,1998,1,17,9.271262
1998-01-18,1998,1,18,9.7060402
1998-01-19,1998,1,19,9.2666903
1998-01-20,1998,1,20,8.4762828
1998-01-21,1998,1,21,6.3342389
1998-01-22,1998,1,22,6.8241199
1998-01-23,1998,1,23,6.8411164
1998-01-24,1998,1,24,6.9681699
1998-01-25,1998,1,25,7.463276
1998-01-26,1998,1,26,6.7244218
1998-01-27,1998,1,27,4.3784035
1998-01-28,1998,1,28,5.3395515
1998-01-29,1998,1,29,5.9949573
1998-01-30,1998,1,30,6.926691
1998-01-31,1998,1,31,9.129748
1998-02-01,1998,2,1,8.7943514
1998-02-02,1998,2,2,6.1701796
1998-02-03,1998,2,3,4.5956397
1998-02-04,1998,2,4,5.3103333
1998-02-05,1998,2,5,6.254025
1998-02-06,1998,2,6,6.511948
1998-02-07,1998,2,7,8.9490905
1998-02-08,1998,2,8,6.6816058
1998-02-09,1998,2,9,5.0623752
1998-02-10,1998,2,10,5.0297989
1998-02-11,1998,2,11,6.4317346
1998-02-12,1998,2,12,6.7390334
1998-02-13,1998,2,13,6.4234648
1998-02-14,1998,2,14,6.6519139
1998-02-15,1998,2,15,7.5964
1998-02-16,1998,2,16,8.606083
1998-02-17,1998,2,17,6.5777746
1998-02-18,1998,2,18,5.721284
1998-02-19,1998,2,19,6.9423417
1998-02-20,1998,2,20,5.708863
1998-02-21,1998,2,21,7.0482337
1998-02-22,1998,2,22,7.1540685
1998-02-23,1998,2,23,5.2697527
1998-02-24,1998,2,24,3.0899535
1998-02-25,1998,2,25,3.2668944
1998-02-26,1998,2,26,5.0950113
1998-02-27,1998,2,27,6.1339461
1998-02-28,1998,2,28,7.9802949
1998-03-01,1998,3,1,8.3256547
1998-03-02,1998,3,2,7.472428
1998-03-03,1998,3,3,7.4224362
1998-03-04,1998,3,4,7.2094178
1998-03-05,1998,3,5,7.597194
1998-03-06,1998,3,6,5.2115775
1998-03-07,1998,3,7,2.8924503
1998-03-08,1998,3,8,3.8058441
1998-03-09,1998,3,9,5.6417052
1998-03-10,1998,3,10,7.3330075
1998-03-11,1998,3,11,4.3403476
1998-03-12,1998,3,12,4.0592711
1998-03-13,1998,3,13,3.2219374
1998-03-14,1998,3,14,5.6715378
1998-03-15,1998,3,15,3.2632403
1998-03-16,1998,3,16,5.6711779
1998-03-17,1998,3,17,3.5208997
1998-03-18,1998,3,18,2.5528737
1998-03-19,1998,3,19,6.0051487
1998-03-20,1998,3,20,5.8246697
1998-03-21,1998,3,21,3.7751329
1998-03-22,1998,3,22,4.1865803
1998-03-23,1998,3,23,4.3013123
1998-03-24,1998,3,24,4.9576081
1998-03-25,1998,3,25,6.3936798
1998-03-26,1998,3,26,5.0567466
1998-03-27,1998,3,27,1.8702634
1998-03-28,1998,3,28,3.9812614
1998-03-29,1998,3,29,4.6811797
1998-03-30,1998,3,30,6.1759796
1998-03-31,1998,3,31,5.6162812
1998-04-01,1998,4,1,5.7957361
1998-04-02,1998,4,2,7.3320637
1998-04-03,1998,4,3,8.1588088
1998-04-04,1998,4,4,6.477199
1998-04-05,1998,4,5,4.576395
1998-04-06,1998,4,6,2.0400749
1998-04-07,1998,4,7,1.9506048
1998-04-08,1998,4,8,4.0500248
1998-04-09,1998,4,9,2.8425308
1998-04-10,1998,4,10,1.3557468
1998-04-11,1998,4,11,0.082273208
1998-04-12,1998,4,12,0.2496349
1998-04-13,1998,4,13,-1.2942441
1998-04-14,1998,4,14,-3.2280995
1998-04-15,1998,4,15,-3.4602313
1998-04-16,1998,4,16,-5.2985766
1998-04-17,1998,4,17,-1.74872
1998-04-18,1998,4,18,1.68685
1998-04-19,1998,4,19,1.2953525
1998-04-20,1998,4,20,-0.56284468
1998-04-21,1998,4,21,-2.3019364
1998-04-22,1998,4,22,-4.6976396
1998-04-23,1998,4,23,-5.5746521
1998-04-24,1998,4,24,-3.2639787
1998-04-25,1998,4,25,-5.0369385
1998-04-26,1998,4,26,-2.4610712
1998-04-27,1998,4,27,-4.5619636
1998-04-28,1998,4,28,-5.4367754
1998-04-29,1998,4,29,-0.97033264
1998-04-30,1998,4,30,1.2694498
1998-05-01,1998,5,1,-2.9551339
1998-05-02,1998,5,2,-3.3585496
1998-05-03,1998,5,3,-2.6301639
1998-05-04,1998,5,4,-3.2779448
1998-05-05,1998,5,5,-1.7716231
1998-05-06,1998,5,6,-1.0801305
1998-05-07,1998,5,7,0.66323034
1998-05-08,1998,5,8,-0.43460505
1998-05-09,1998,5,9,0.71708692
1998-05-10,1998,5,10,0.68907981
1998-05-11,1998,5,11,-1.9058692
1998-05-12,1998,5,12,-3.3962587
1998-05-13,1998,5,13,-4.2547314
1998-05-14,1998,5,14,-5.7784885
1998-05-15,1998,5,15,-3.2239718
1998-05-16,1998,5,16,1.2689201
1998-05-17,1998,5,17,2.3978782
1998-05-18,1998,5,18,2.7482476
1998-05-19,1998,5,19,2.2280856
1998-05-20,1998,5,20,2.1151343
1998-05-21,1998,5,21,1.8039543
1998-05-22,1998,5,22,0.86525549
1998-05-23,1998,5,23,-1.7366379
1998-05-24,1998,5,24,-3.5303627
1998-05-25,1998,5,25,-3.7880825
1998-05-26,1998,5,26,-3.8435923
1998-05-27,1998,5,27,-1.6539254
1998-05-28,1998,5,28,-4.1726319
1998-05-29,1998,5,29,-5.2376138
1998-05-30,1998,5,30,-2.0763993
1998-05-31,1998,5,31,-3.3472517
1998-06-01,1998,6,1,-2.2784379
1998-06-02,1998,6,2,0.51911284
1998-06-03,1998,6,3,1.5862556
1998-06-04,1998,6,4,1.0748373
1998-06-05,1998,6,5,-2.5639874
1998-06-06,1998,6,6,-4.1438235
1998-06-07,1998,6,7,-5.2533937
1998-06-08,1998,6,8,-2.2744119
1998-06-09,1998,6,9,-5.0944841
1998-06-10,1998,6,10,-6.0398629
1998-06-11,1998,6,11,-6.0024863
1998-06-12,1998,6,12,-2.7800939
1998-06-13,1998,6,13,-3.629169
1998-06-14,1998,6,14,-2.8693668
1998-06-15,1998,6,15,-5.0717624
1998-06-16,1998,6,16,-6.4383501
1998-06-17,1998,6,17,-3.7341677
1998-06-18,1998,6,18,-4.7068805
1998-06-19,1998,6,19,-4.4567511
1998-06-20,1998,6,20,-7.8356201
1998-06-21,1998,6,21,-5.1827055
1998-06-22,1998,6,22,-4.4266132
1998-06-23,1998,6,23,-6.5312303
1998-06-24,1998,6,24,-2.0931537
1998-06-25,1998,6,25,-0.32474107
1998-06-26,1998,6,26,-1.3261142
1998-06-27,1998,6,27,-1.8859154
1998-06-28,1998,6,28,-5.571783
1998-06-29,1998,6,29,-7.0487961
1998-06-30,1998,6,30,-7.8850509
1998-07-01,1998,7,1,-8.1130175
1998-07-02,1998,7,2,-3.0820458
1998-07-03,1998,7,3,-1.5280975
1998-07-04,1998,7,4,-2.6773362
1998-07-05,1998,7,5,-6.227034
1998-07-06,1998,7,6,-7.232523
1998-07-07,1998,7,7,-7.6375901
1998-07-08,1998,7,8,-7.0901044
1998-07-09,1998,7,9,-1.8661939
1998-07-10,1998,7,10,-2.0662448
1998-07-11,1998,7,11,-2.4436531
1998-07-12,1998,7,12,-2.2459299
1998-07-13,1998,7,13,-0.91607589
1998-07-14,1998,7,14,-3.3409574
1998-07-15,1998,7,15,-3.7450172
1998-07-16,1998,7,16,-5.4129165
1998-07-17,1998,7,17,-7.4502925
1998-07-18,1998,7,18,-3.4033857
1998-07-19,1998,7,19,-3.6293213
1998-07-20,1998,7,20,-7.0189109
1998-07-21,1998,7,21,-6.8556352
1998-07-22,1998,7,22,-7.1785915
1998-07-23,1998,7,23,-7.813037
1998-07-24,1998,7,24,-9.4447591
1998-07-25,1998,7,25,-6.0135726
1998-07-26,1998,7,26,-2.4923033
1998-07-27,1998,7,27,-5.1265473
1998-07-28,1998,7,28,-6.090662
1998-07-29,1998,7,29,-0.71818832
1998-07-30,1998,7,30,-3.6847204
1998-07-31,1998,7,31,-5.5119473
1998-08-01,1998,8,1,-1.6449545
1998-08-02,1998,8,2,-1.6038854
1998-08-03,1998,8,3,-4.0651822
1998-08-04,1998,8,4,-6.7147576
1998-08-05,1998,8,5,-2.2813409
1998-08-06,1998,8,6,-3.0434579
1998-08-07,1998,8,7,-6.2995912
1998-08-08,1998,8,8,-5.4943492
1998-08-09,1998,8,9,-6.5696521
1998-08-10,1998,8,10,-8.8416777
1998-08-11,1998,8,11,-8.5256751
1998-08-12,1998,8,12,-7.4875616
1998-08-13,1998,8,13,-7.2942002
1998-08-14,1998,8,14,-5.0096765
1998-08-15,1998,8,15,-5.4015042
1998-08-16,1998,8,16,-4.0001809
1998-08-17,1998,8,17,-5.2188663
1998-08-18,1998,8,18,-3.9825775
1998-08-19,1998,8,19,-5.5966361
1998-08-20,1998,8,20,-6.0170409
1998-08-21,1998,8,21,-4.3709195
1998-08-22,1998,8,22,-4.6882893
1998-08-23,1998,8,23,-4.8452472
1998-08-24,1998,8,24,-7.8950284
1998-08-25,1998,8,25,-7.6974119
1998-08-26,1998,8,26,-3.2615519
1998-08-27,1998,8,27,-2.3265867
1998-08-28,1998,8,28,-3.3050165
1998-08-29,1998,8,29,-2.2039414
1998-08-30,1998,8,30,-0.48327886
1998-08-31,1998,8,31,-3.8664771
1998-09-01,1998,9,1,-3.2876491
1998-09-02,1998,9,2,-6.0821404
1998-09-03,1998,9,3,-6.0340181
1998-09-04,1998,9,4,-5.5564996
1998-09-05,1998,9,5,-5.8789483
1998-09-06,1998,9,6,-6.5329088
1998-09-07,1998,9,7,-7.1754462
1998-09-08,1998,9,8,-5.7487769
1998-09-09,1998,9,9,-4.6176171
1998-09-10,1998,9,10,-2.124285
1998-09-11,1998,9,11,-3.7581836
1998-09-12,1998,9,12,-4.6917316
1998-09-13,1998,9,13,-4.8167787
1998-09-14,1998,9,14,-4.1874815
1998-09-15,1998,9,15,-2.9050536
1998-09-16,1998,9,16,-2.5369899
1998-09-17,1998,9,17,-3.2744455
1998-09-18,1998,9,18,-6.0810757
1998-09-19,1998,9,19,-4.7664951
1998-09-20,1998,9,20,-4.0734614
1998-09-21,1998,9,21,0.17542655
1998-09-22,1998,9,22,-3.1357251
1998-09-23,1998,9,23,-4.8747507
1998-09-24,1998,9,24,-2.2452007
1998-09-25,1998,9,25,-1.8803791
1998-09-26,1998,9,26,-5.5083613
1998-09-27,1998,9,27,-6.6263158
1998-09-28,1998,9,28,-6.2533662
1998-09-29,1998,9,29,-2.4544211
1998-09-30,1998,9,30,-3.6877892
1998-10-01,1998,10,1,-2.8804937
1998-10-02,1998,10,2,-1.8889346
1998-10-03,1998,10,3,-1.0729274
1998-10-04,1998,10,4,-3.2566401
1998-10-05,1998,10,5,-3.8741636
1998-10-06,1998,10,6,-3.1126841
1998-10-07,1998,10,7,-1.5041918
1998-10-08,1998,10,8,-0.20239673
1998-10-09,1998,10,9,-0.6651959
1998-10-10,1998,10,10,-3.472761
1998-10-11,1998,10,11,-0.24206809
1998-10-12,1998,10,12,-0.44413258
1998-10-13,1998,10,13,-1.5597893
1998-10-14,1998,10,14,1.6739801
1998-10-15,1998,10,15,2.4299556
1998-10-16,1998,10,16,1.4507185
1998-10-17,1998,10,17,1.3779276
1998-10-18,1998,10,18,3.7289686
1998-10-19,1998,10,19,3.169708
1998-10-20,1998,10,20,2.5579734
1998-10-21,1998,10,21,4.2262536
1998-10-22,1998,10,22,2.4488384
1998-10-23,1998,10,23,2.0700116
1998-10-24,1998,10,24,3.2707626
1998-10-25,1998,10,25,2.0306582
1998-10-26,1998,10,26,2.4628595
1998-10-27,1998,10,27,3.5426144
1998-10-28,1998,10,28,5.0241576
1998-10-29,1998,10,29,4.3965952
1998-10-30,1998,10,30,4.6942523
1998-10-31,1998,10,31,3.4318145
1998-11-01,1998,11,1,1.5385083
1998-11-02,1998,11,2,2.8321593
1998-11-03,1998,11,3,1.1816431
1998-11-04,1998,11,4,1.8369981
1998-11-05,1998,11,5,2.8431707
1998-11-06,1998,11,6,0.13159246
1998-11-07,1998,11,7,-0.74868569
1998-11-08,1998,11,8,-0.34258431
1998-11-09,1998,11,9,1.2276276
1998-11-10,1998,11,10,0.92409491
1998-11-11,1998,11,11,1.7899215
1998-11-12,1998,11,12,3.5784954
1998-11-13,1998,11,13,4.3824946
1998-11-14,1998,11,14,3.8262941
1998-11-15,1998,11,15,2.7600578
1998-11-16,1998,11,16,0.44577816
1998-11-17,1998,11,17,4.0576796
1998-11-18,1998,11,18,4.9408283
1998-11-19,1998,11,19,4.6183283
1998-11-20,1998,11,20,4.7539133
1998-11-21,1998,11,21,6.1114474
1998-11-22,1998,11,22,6.6994829
1998-11-23,1998,11,23,4.1494074
1998-11-24,1998,11,24,0.80795744
1998-11-25,1998,11,25,-0.59823
1998-11-26,1998,11,26,2.4416322
1998-11-27,1998,11,27,3.5115753
1998-11-28,1998,11,28,4.007138
1998-11-29,1998,11,29,3.9862906
1998-11-30,1998,11,30,1.4358673
1998-12-01,1998,12,1,2.7985635
1998-12-02,1998,12,2,6.4167555
1998-12-03,1998,12,3,7.2542653
1998-12-04,1998,12,4,6.1431101
1998-12-05,1998,12,5,8.0532265
1998-12-06,1998,12,6,6.5913827
1998-12-07,1998,12,7,4.9804981
1998-12-08,1998,12,8,5.7178463
1998-12-09,1998,12,9,7.1465183
1998-12-10,1998,12,10,9.7278015
1998-12-11,1998,12,11,8.2305836
1998-12-12,1998,12,12,5.8661323
1998-12-13,1998,12,13,4.4470414
1998-12-14,1998,12,14,5.8445531
1998-12-15,1998,12,15,4.9320608
1998-12-16,1998,12,16,4.9326541
1998-12-17,1998,12,17,8.147818
1998-12-18,1998,12,18,7.0020853
1998-12-19,1998,12,19,5.9755633
1998-12-20,1998,12,20,2.575318
1998-12-21,1998,12,21,0.86020445
1998-12-22,1998,12,22,4.5536053
1998-12-23,1998,12,23,7.7458182
1998-12-24,1998,12,24,9.0817565
1998-12-25,1998,12,25,8.6831789
1998-12-26,1998,12,26,8.2267054
1998-12-27,1998,12,27,7.7586674
1998-12-28,1998,12,28,6.2886985
1998-12-29,1998,12,29,7.5770984
1998-12-30,1998,12,30,8.8745607
1998-12-31,1998,12,31,7.3929248
1999-01-01,1999,1,1,8.9676678
1999-01-02,1999,1,2,8.7698172
1999-01-03,1999,1,3,6.972213
1999-01-04,1999,1,4,5.4357255
1999-01-05,1999,1,5,5.2830615
1999-01-06,1999,1,6,5.946844
1999-01-07,1999,1,7,6.5100097
1999-01-08,1999,1,8,4.821275
1999-01-09,1999,1,9,5.9988341
1999-01-10,1999,1,10,5.9236402
1999-01-11,1999,1,11,5.609519
1999-01-12,1999,1,12,5.5916485
1999-01-13,1999,1,13,6.8896819
1999-01-14,1999,1,14,8.0911565
1999-01-15,1999,1,15,7.8775737
1999-01-16,1999,1,16,6.833128
1999-01-17,1999,1,17,5.3719012
1999-01-18,1999,1,18,4.503551
1999-01-19,1999,1,19,6.2080598
1999-01-20,1999,1,20,6.2660598
1999-01-21,1999,1,21,5.7792542
1999-01-22,1999,1,22,8.0148718
1999-01-23,1999,1,23,7.0153397
1999-01-24,1999,1,24,7.4135099
1999-01-25,1999,1,25,7.8881134
1999-01-26,1999,1,26,8.3930763
1999-01-27,1999,1,27,6.8017197
1999-01-28,1999,1,28,7.2373104
1999-01-29,1999,1,29,8.3462859
1999-01-30,1999,1,30,6.5948582
1999-01-31,1999,1,31,5.7789226
1999-02-01,1999,2,1,3.58566
1999-02-02,1999,2,2,4.619405
1999-02-03,1999,2,3,6.3387822
1999-02-04,1999,2,4,7.6939809
1999-02-05,1999,2,5,8.6545764
1999-02-06,1999,2,6,6.5973283
1999-02-07,1999,2,7,6.8131006
1999-02-08,1999,2,8,8.6967224
1999-02-09,1999,2,9,9.5081188
1999-02-10,1999,2,10,8.3566271
1999-02-11,1999,2,11,8.3611223
1999-02-12,1999,2,12,5.3630279
1999-02-13,1999,2,13,4.3068537
1999-02-14,1999,2,14,6.9186465
1999-02-15,1999,2,15,6.7118774
1999-02-16,1999,2,16,7.6127607
1999-02-17,1999,2,17,9.6621362
1999-02-18,1999,2,18,11.188879
1999-02-19,1999,2,19,11.307391
1999-02-20,1999,2,20,9.6576046
1999-02-21,1999,2,21,8.4140453
1999-02-22,1999,2,22,6.9780156
1999-02-23,1999,2,23,7.4419536
1999-02-24,1999,2,24,7.9909033
1999-02-25,1999,2,25,8.7589577
1999-02-26,1999,2,26,7.649133
1999-02-27,1999,2,27,7.8989172
1999-02-28,1999,2,28,7.4154706
1999-03-01,1999,3,1,4.5502873
1999-03-02,1999,3,2,5.4090152
1999-03-03,1999,3,3,6.6882642
1999-03-04,1999,3,4,5.940688
1999-03-05,1999,3,5,5.2634719
1999-03-06,1999,3,6,4.3444189
1999-03-07,1999,3,7,2.7122133
1999-03-08,1999,3,8,3.8782131
1999-03-09,1999,3,9,6.8033737
1999-03-10,1999,3,10,7.935041
1999-03-11,1999,3,11,8.2900915
1999-03-12,1999,3,12,8.8221648
1999-03-13,1999,3,13,7.2258335
1999-03-14,1999,3,14,3.5914091
1999-03-15,1999,3,15,3.9264884
1999-03-16,1999,3,16,3.6927712
1999-03-17,1999,3,17,3.9004479
1999-03-18,1999,3,18,4.6060335
1999-03-19,1999,3,19,4.0933651
1999-03-20,1999,3,20,4.9441923
1999-03-21,1999,3,21,6.2672664
1999-03-22,1999,3,22,6.0517625
1999-03-23,1999,3,23,6.2093562
1999-03-24,1999,3,24,5.2797613
1999-03-25,1999,3,25,6.370399
1999-03-26,1999,3,26,6.6791491
1999-03-27,1999,3,27,4.8042621
1999-03-28,1999,3,28,1.4541125
1999-03-29,1999,3,29,1.3490824
1999-03-30,1999,3,30,1.4803716
1999-03-31,1999,3,31,3.7760978
1999-04-01,1999,4,1,3.055517
1999-04-02,1999,4,2,1.3942729
1999-04-03,1999,4,3,1.7641329
1999-04-04,1999,4,4,0.83349129
1999-04-05,1999,4,5,2.0918003
1999-04-06,1999,4,6,2.8685456
1999-04-07,1999,4,7,2.2298176
1999-04-08,1999,4,8,2.5335071
1999-04-09,1999,4,9,1.7596005
1999-04-10,1999,4,10,0.73930797
1999-04-11,1999,4,11,1.4866295
1999-04-12,1999,4,12,2.6359562
1999-04-13,1999,4,13,2.9751789
1999-04-14,1999,4,14,2.6177533
1999-04-15,1999,4,15,1.4156417
1999-04-16,1999,4,16,2.0890302
1999-04-17,1999,4,17,4.4486351
1999-04-18,1999,4,18,3.9693681
1999-04-19,1999,4,19,3.814764
1999-04-20,1999,4,20,3.5970618
1999-04-21,1999,4,21,3.6671625
1999-04-22,1999,4,22,4.8463559
1999-04-23,1999,4,23,6.4222765
1999-04-24,1999,4,24,6.6470517
1999-04-25,1999,4,25,2.9374984
1999-04-26,1999,4,26,-2.8361272
1999-04-27,1999,4,27,0.60523354
1999-04-28,1999,4,28,2.7628721
1999-04-29,1999,4,29,1.0444422
1999-04-30,1999,4,30,3.7263665
1999-05-01,1999,5,1,4.7680456
1999-05-02,1999,5,2,4.0656682
1999-05-03,1999,5,3,2.0636098
1999-05-04,1999,5,4,0.64342429
1999-05-05,1999,5,5,-1.6183606
1999-05-06,1999,5,6,1.9126693
1999-05-07,1999,5,7,3.746313
1999-05-08,1999,5,8,3.6854273
1999-05-09,1999,5,9,2.941342
1999-05-10,1999,5,10,2.5576639
1999-05-11,1999,5,11,3.6140332
1999-05-12,1999,5,12,4.6483195
1999-05-13,1999,5,13,3.9500211
1999-05-14,1999,5,14,4.0556199
1999-05-15,1999,5,15,4.216799
1999-05-16,1999,5,16,3.1247292
1999-05-17,1999,5,17,3.4499832
1999-05-18,1999,5,18,3.9986997
1999-05-19,1999,5,19,5.5312234
1999-05-20,1999,5,20,4.6398066
1999-05-21,1999,5,21,3.9513445
1999-05-22,1999,5,22,3.0056372
1999-05-23,1999,5,23,0.98234911
1999-05-24,1999,5,24,0.19763098
1999-05-25,1999,5,25,-1.042802
1999-05-26,1999,5,26,-2.5114844
1999-05-27,1999,5,27,-2.5095401
1999-05-28,1999,5,28,-3.8987732
1999-05-29,1999,5,29,-2.4016475
1999-05-30,1999,5,30,1.9602103
1999-05-31,1999,5,31,1.3280159
1999-06-01,1999,6,1,-0.26192642
1999-06-02,1999,6,2,-1.9836337
1999-06-03,1999,6,3,-1.4923032
1999-06-04,1999,6,4,-1.3838121
1999-06-05,1999,6,5,-1.7562494
1999-06-06,1999,6,6,-1.0752644
1999-06-07,1999,6,7,-2.3407687
1999-06-08,1999,6,8,-5.7554666
1999-06-09,1999,6,9,-8.5610583
1999-06-10,1999,6,10,-2.8176788
1999-06-11,1999,6,11,-2.4562848
1999-06-12,1999,6,12,-4.2974504
1999-06-13,1999,6,13,-0.44976744
1999-06-14,1999,6,14,-2.6757776
1999-06-15,1999,6,15,-3.5597965
1999-06-16,1999,6,16,-2.9279921
1999-06-17,1999,6,17,-4.6749508
1999-06-18,1999,6,18,-7.4270813
1999-06-19,1999,6,19,-1.2413258
1999-06-20,1999,6,20,-0.83791162
1999-06-21,1999,6,21,-4.2220686
1999-06-22,1999,6,22,-4.0631057
1999-06-23,1999,6,23,-4.831053
1999-06-24,1999,6,24,-4.9202498
1999-06-25,1999,6,25,-2.0682886
1999-06-26,1999,6,26,-1.5617512
1999-06-27,1999,6,27,-3.9609144
1999-06-28,1999,6,28,-5.2706402
1999-06-29,1999,6,29,-4.8979079
1999-06-30,1999,6,30,-5.9262153
1999-07-01,1999,7,1,-7.6328369
1999-07-02,1999,7,2,-10.345354
1999-07-03,1999,7,3,-9.3786537
1999-07-04,1999,7,4,-6.5084783
1999-07-05,1999,7,5,-2.314573
1999-07-06,1999,7,6,-1.3075614
1999-07-07,1999,7,7,-3.3027985
1999-07-08,1999,7,8,-3.5320988
1999-07-09,1999,7,9,-2.6457757
1999-07-10,1999,7,10,-6.1014691
1999-07-11,1999,7,11,-8.2761766
1999-07-12,1999,7,12,-8.5106854
1999-07-13,1999,7,13,-8.1596727
1999-07-14,1999,7,14,-10.583738
1999-07-15,1999,7,15,-12.151648
1999-07-16,1999,7,16,-11.425304
1999-07-17,1999,7,17,-7.4896345
1999-07-18,1999,7,18,-7.9663268
1999-07-19,1999,7,19,-11.192442
1999-07-20,1999,7,20,-10.336251
1999-07-21,1999,7,21,-10.004133
1999-07-22,1999,7,22,-5.0588424
1999-07-23,1999,7,23,-4.2338104
1999-07-24,1999,7,24,-2.4238511
1999-07-25,1999,7,25,-1.9429227
1999-07-26,1999,7,26,-2.6331751
1999-07-27,1999,7,27,-2.8594737
1999-07-28,1999,7,28,-4.6245504
1999-07-29,1999,7,29,-8.5274054
1999-07-30,1999,7,30,-5.6191729
1999-07-31,1999,7,31,-2.2906616
1999-08-01,1999,8,1,0.61663968
1999-08-02,1999,8,2,0.86894145
1999-08-03,1999,8,3,-1.6129768
1999-08-04,1999,8,4,-1.7930504
1999-08-05,1999,8,5,-3.7247429
1999-08-06,1999,8,6,-7.0811429
1999-08-07,1999,8,7,-5.1159545
1999-08-08,1999,8,8,-3.2176597
1999-08-09,1999,8,9,0.66127748
1999-08-10,1999,8,10,1.1202947
1999-08-11,1999,8,11,-1.8629977
1999-08-12,1999,8,12,-4.7906524
1999-08-13,1999,8,13,-9.1033213
1999-08-14,1999,8,14,-8.5157385
1999-08-15,1999,8,15,-3.9673001
1999-08-16,1999,8,16,-5.5616016
1999-08-17,1999,8,17,-5.9745847
1999-08-18,1999,8,18,-3.0730215
1999-08-19,1999,8,19,-3.8425552
1999-08-20,1999,8,20,-4.3782034
1999-08-21,1999,8,21,-5.7112031
1999-08-22,1999,8,22,-4.5507486
1999-08-23,1999,8,23,-5.3494017
1999-08-24,1999,8,24,-7.7107511
1999-08-25,1999,8,25,-5.373157
1999-08-26,1999,8,26,-1.8977314
1999-08-27,1999,8,27,-4.2188738
1999-08-28,1999,8,28,-5.405587
1999-08-29,1999,8,29,-3.4832288
1999-08-30,1999,8,30,-4.3955742
1999-08-31,1999,8,31,-5.4769513
1999-09-01,1999,9,1,-4.9592298
1999-09-02,1999,9,2,-2.9781168
1999-09-03,1999,9,3,-3.0023001
1999-09-04,1999,9,4,-2.4996323
1999-09-05,1999,9,5,-3.1121513
1999-09-06,1999,9,6,-4.9886196
1999-09-07,1999,9,7,-7.5459569
1999-09-08,1999,9,8,-9.1406472
1999-09-09,1999,9,9,-9.0619255
1999-09-10,1999,9,10,-4.2366444
1999-09-11,1999,9,11,-5.7567209
1999-09-12,1999,9,12,-5.2305459
1999-09-13,1999,9,13,-8.7994666
1999-09-14,1999,9,14,-7.5071892
1999-09-15,1999,9,15,-2.7860692
1999-09-16,1999,9,16,0.49987855
1999-09-17,1999,9,17,1.3766244
1999-09-18,1999,9,18,0.31745465
1999-09-19,1999,9,19,1.0671061
1999-09-20,1999,9,20,0.68028939
1999-09-21,1999,9,21,0.60002671
1999-09-22,1999,9,22,1.2768194
1999-09-23,1999,9,23,-0.46277514
1999-09-24,1999,9,24,-2.0427768
1999-09-25,1999,9,25,-4.029355
1999-09-26,1999,9,26,-3.3282105
1999-09-27,1999,9,27,-2.2641428
1999-09-28,1999,9,28,-3.3329969
1999-09-29,1999,9,29,-2.5494591
1999-09-30,1999,9,30,-0.5267496
1999-10-01,1999,10,1,-2.1686495
1999-10-02,1999,10,2,-3.4021351
1999-10-03,1999,10,3,-1.9173116
1999-10-04,1999,10,4,0.39133035
1999-10-05,1999,10,5,-1.6256026
1999-10-06,1999,10,6,-2.084259
1999-10-07,1999,10,7,-4.128669
1999-10-08,1999,10,8,0.25238089
1999-10-09,1999,10,9,0.52156623
1999-10-10,1999,10,10,-2.8203827
1999-10-11,1999,10,11,-1.8823853
1999-10-12,1999,10,12,-4.7622122
1999-10-13,1999,10,13,-2.1347362
1999-10-14,1999,10,14,-1.5930306
1999-10-15,1999,10,15,-2.7926547
1999-10-16,1999,10,16,-3.693008
1999-10-17,1999,10,17,-3.6975697
1999-10-18,1999,10,18,0.18153175
1999-10-19,1999,10,19,0.73399946
1999-10-20,1999,10,20,0.97817513
1999-10-21,1999,10,21,2.1889568
1999-10-22,1999,10,22,3.4006366
1999-10-23,1999,10,23,4.2231275
1999-10-24,1999,10,24,2.8465832
1999-10-25,1999,10,25,2.8575504
1999-10-26,1999,10,26,1.926185
1999-10-27,1999,10,27,0.99677613
1999-10-28,1999,10,28,1.3379161
1999-10-29,1999,10,29,2.5224002
1999-10-30,1999,10,30,4.7727974
1999-10-31,1999,10,31,2.999517
1999-11-01,1999,11,1,-2.2758887
1999-11-02,1999,11,2,-0.24081837
1999-11-03,1999,11,3,-0.40995096
1999-11-04,1999,11,4,0.0010693516
1999-11-05,1999,11,5,3.3451806
1999-11-06,1999,11,6,1.5049082
1999-11-07,1999,11,7,-0.17262013
1999-11-08,1999,11,8,-0.37332066
1999-11-09,1999,11,9,0.051838538
1999-11-10,1999,11,10,1.3060482
1999-11-11,1999,11,11,2.7610676
1999-11-12,1999,11,12,2.0729172
1999-11-13,1999,11,13,4.1563685
1999-11-14,1999,11,14,5.0650214
1999-11-15,1999,11,15,3.3575862
1999-11-16,1999,11,16,2.9184632
1999-11-17,1999,11,17,3.387606
1999-11-18,1999,11,18,2.0160898
1999-11-19,1999,11,19,2.7589459
1999-11-20,1999,11,20,3.4810829
1999-11-21,1999,11,21,2.5925593
1999-11-22,1999,11,22,2.7586766
1999-11-23,1999,11,23,5.202187
1999-11-24,1999,11,24,3.009699
1999-11-25,1999,11,25,1.5760406
1999-11-26,1999,11,26,3.0947923
1999-11-27,1999,11,27,4.2176782
1999-11-28,1999,11,28,6.3026387
1999-11-29,1999,11,29,5.1649122
1999-11-30,1999,11,30,0.95920164
1999-12-01,1999,12,1,1.275525
1999-12-02,1999,12,2,3.0994332
1999-12-03,1999,12,3,6.403805
1999-12-04,1999,12,4,4.9654597
1999-12-05,1999,12,5,4.0323579
1999-12-06,1999,12,6,2.7080403
1999-12-07,1999,12,7,1.574518
1999-12-08,1999,12,8,3.4036248
1999-12-09,1999,12,9,4.6373802
1999-12-10,1999,12,10,4.4568222
1999-12-11,1999,12,11,2.7943332
1999-12-12,1999,12,12,4.3093733
1999-12-13,1999,12,13,4.6009953
1999-12-14,1999,12,14,4.7428935
1999-12-15,1999,12,15,6.1999244
1999-12-16,1999,12,16,6.9896748
1999-12-17,1999,12,17,5.3784108
1999-12-18,1999,12,18,3.8357299
1999-12-19,1999,12,19,4.9125884
1999-12-20,1999,12,20,5.8386826
1999-12-21,1999,12,21,5.9863046
1999-12-22,1999,12,22,8.3864728
1999-12-23,1999,12,23,8.1960365
1999-12-24,1999,12,24,6.9404435
1999-12-25,1999,12,25,7.3362502
1999-12-26,1999,12,26,7.9553097
1999-12-27,1999,12,27,8.8499826
1999-12-28,1999,12,28,7.6280514
1999-12-29,1999,12,29,5.7332447
1999-12-30,1999,12,30,5.8938628
1999-12-31,1999,12,31,6.6300892
2000-01-01,2000,1,1,6.7375849
2000-01-02,2000,1,2,6.6059195
2000-01-03,2000,1,3,5.9657944
2000-01-04,2000,1,4,5.8961095
2000-01-05,2000,1,5,6.4752808
2000-01-06,2000,1,6,6.0372033
2000-01-07,2000,1,7,5.0738921
2000-01-08,2000,1,8,4.3789702
2000-01-09,2000,1,9,5.0945465
2000-01-10,2000,1,10,5.356707
2000-01-11,2000,1,11,6.0926808
2000-01-12,2000,1,12,5.5619253
2000-01-13,2000,1,13,5.8723279
2000-01-14,2000,1,14,6.0323122
2000-01-15,2000,1,15,5.3628657
2000-01-16,2000,1,16,3.9647385
2000-01-17,2000,1,17,6.2614298
2000-01-18,2000,1,18,7.023559
2000-01-19,2000,1,19,8.4260506
2000-01-20,2000,1,20,8.3295977
2000-01-21,2000,1,21,7.3273728
2000-01-22,2000,1,22,7.4706023
2000-01-23,2000,1,23,5.949536
2000-01-24,2000,1,24,6.1199219
2000-01-25,2000,1,25,7.0829594
2000-01-26,2000,1,26,8.1367185
2000-01-27,2000,1,27,7.804261
2000-01-28,2000,1,28,6.2218257
2000-01-29,2000,1,29,4.9261399
2000-01-30,2000,1,30,5.2168757
2000-01-31,2000,1,31,6.1290637
2000-02-01,2000,2,1,5.6801281
2000-02-02,2000,2,2,4.6191473
2000-02-03,2000,2,3,5.157922
2000-02-04,2000,2,4,5.9072691
2000-02-05,2000,2,5,4.6265502
2000-02-06,2000,2,6,5.1181261
2000-02-07,2000,2,7,6.3470736
2000-02-08,2000,2,8,5.859715
2000-02-09,2000,2,9,5.5849867
2000-02-10,2000,2,10,6.1356525
2000-02-11,2000,2,11,5.5404697
2000-02-12,2000,2,12,4.9811334
2000-02-13,2000,2,13,3.690239
2000-02-14,2000,2,14,5.7087609
2000-02-15,2000,2,15,7.9316368
2000-02-16,2000,2,16,7.8505791
2000-02-17,2000,2,17,8.2258532
2000-02-18,2000,2,18,6.8233639
2000-02-19,2000,2,19,7.1373203
2000-02-20,2000,2,20,6.2547569
2000-02-21,2000,2,21,7.0819753
2000-02-22,2000,2,22,7.3506349
2000-02-23,2000,2,23,6.891537
2000-02-24,2000,2,24,7.5946269
2000-02-25,2000,2,25,6.1497622
2000-02-26,2000,2,26,4.2934429
2000-02-27,2000,2,27,-0.96080109
2000-02-28,2000,2,28,-0.46468156
2000-02-29,2000,2,29,3.2466719
2000-03-01,2000,3,1,3.5621227
2000-03-02,2000,3,2,3.670743
2000-03-03,2000,3,3,4.0262646
2000-03-04,2000,3,4,5.5437835
2000-03-05,2000,3,5,6.0068589
2000-03-06,2000,3,6,7.9077426
2000-03-07,2000,3,7,7.779775
2000-03-08,2000,3,8,6.298917
2000-03-09,2000,3,9,5.417496
2000-03-10,2000,3,10,5.6747412
2000-03-11,2000,3,11,5.6335406
2000-03-12,2000,3,12,5.1786826
2000-03-13,2000,3,13,4.2622463
2000-03-14,2000,3,14,4.6233288
2000-03-15,2000,3,15,4.4096131
2000-03-16,2000,3,16,3.8621028
2000-03-17,2000,3,17,4.2240412
2000-03-18,2000,3,18,4.9401069
2000-03-19,2000,3,19,4.2895949
2000-03-20,2000,3,20,2.7323201
2000-03-21,2000,3,21,1.919023
2000-03-22,2000,3,22,3.7674327
2000-03-23,2000,3,23,2.6686405
2000-03-24,2000,3,24,6.0238612
2000-03-25,2000,3,25,6.7874644
2000-03-26,2000,3,26,4.2125147
2000-03-27,2000,3,27,1.5971481
2000-03-28,2000,3,28,4.7535826
2000-03-29,2000,3,29,4.9404782
2000-03-30,2000,3,30,3.6196488
2000-03-31,2000,3,31,3.5882112
2000-04-01,2000,4,1,5.2542737
2000-04-02,2000,4,2,5.994326
2000-04-03,2000,4,3,3.0778254
2000-04-04,2000,4,4,3.4376743
2000-04-05,2000,4,5,3.9877819
2000-04-06,2000,4,6,3.8825886
2000-04-07,2000,4,7,2.5058331
2000-04-08,2000,4,8,4.1908032
2000-04-09,2000,4,9,5.2953532
2000-04-10,2000,4,10,6.1857368
2000-04-11,2000,4,11,7.4278113
2000-04-12,2000,4,12,7.5063171
2000-04-13,2000,4,13,5.9104944
2000-04-14,2000,4,14,0.98033636
2000-04-15,2000,4,15,-0.36372792
2000-04-16,2000,4,16,1.6653165
2000-04-17,2000,4,17,0.31935719
2000-04-18,2000,4,18,-2.4143091
2000-04-19,2000,4,19,-1.1046657
2000-04-20,2000,4,20,1.2728246
2000-04-21,2000,4,21,1.0627256
2000-04-22,2000,4,22,1.7780443
2000-04-23,2000,4,23,4.5835654
2000-04-24,2000,4,24,3.814106
2000-04-25,2000,4,25,2.8869374
2000-04-26,2000,4,26,2.7432309
2000-04-27,2000,4,27,2.3404287
2000-04-28,2000,4,28,4.4086623
2000-04-29,2000,4,29,4.7283038
2000-04-30,2000,4,30,2.5487716
2000-05-01,2000,5,1,-0.65028717
2000-05-02,2000,5,2,-2.0301786
2000-05-03,2000,5,3,-3.0765119
2000-05-04,2000,5,4,-4.798674
2000-05-05,2000,5,5,-4.4583477
2000-05-06,2000,5,6,-1.6838462
2000-05-07,2000,5,7,-2.5487037
2000-05-08,2000,5,8,-2.0039026
2000-05-09,2000,5,9,-0.26096834
2000-05-10,2000,5,10,-0.50327562
2000-05-11,2000,5,11,-3.1561199
2000-05-12,2000,5,12,-1.916658
2000-05-13,2000,5,13,-0.68714466
2000-05-14,2000,5,14,-0.72601174
2000-05-15,2000,5,15,-3.2700172
2000-05-16,2000,5,16,-4.688799
2000-05-17,2000,5,17,-2.3684418
2000-05-18,2000,5,18,-1.2044747
2000-05-19,2000,5,19,-2.271078
2000-05-20,2000,5,20,-2.7499144
2000-05-21,2000,5,21,0.86206345
2000-05-22,2000,5,22,1.9863241
2000-05-23,2000,5,23,0.88855524
2000-05-24,2000,5,24,-2.3814428
2000-05-25,2000,5,25,-4.4804384
2000-05-26,2000,5,26,-3.308342
2000-05-27,2000,5,27,-1.1722737
2000-05-28,2000,5,28,-2.6016638
2000-05-29,2000,5,29,-5.3794725
2000-05-30,2000,5,30,-2.7415931
2000-05-31,2000,5,31,-0.73869598
2000-06-01,2000,6,1,-0.047317961
2000-06-02,2000,6,2,-0.87457549
2000-06-03,2000,6,3,0.2957785
2000-06-04,2000,6,4,-0.25560411
2000-06-05,2000,6,5,-2.2256245
2000-06-06,2000,6,6,-2.9567933
2000-06-07,2000,6,7,-6.0233412
2000-06-08,2000,6,8,-1.2487176
2000-06-09,2000,6,9,-1.4290011
2000-06-10,2000,6,10,-3.1979459
2000-06-11,2000,6,11,-1.158694
2000-06-12,2000,6,12,-2.2654558
2000-06-13,2000,6,13,-2.0272984
2000-06-14,2000,6,14,-2.7721281
2000-06-15,2000,6,15,-7.2816785
2000-06-16,2000,6,16,-9.476307
2000-06-17,2000,6,17,-10.411901
2000-06-18,2000,6,18,-11.650026
2000-06-19,2000,6,19,-9.0662471
2000-06-20,2000,6,20,-7.291355
2000-06-21,2000,6,21,-4.1867288
2000-06-22,2000,6,22,-3.7869194
2000-06-23,2000,6,23,-4.980301
2000-06-24,2000,6,24,-7.0973197
2000-06-25,2000,6,25,-7.4226398
2000-06-26,2000,6,26,-7.5314675
2000-06-27,2000,6,27,-6.7104232
2000-06-28,2000,6,28,-8.3680956
2000-06-29,2000,6,29,-5.7041088
2000-06-30,2000,6,30,-1.8516657
2000-07-01,2000,7,1,-6.2973308
2000-07-02,2000,7,2,-8.575987
2000-07-03,2000,7,3,-3.667758
2000-07-04,2000,7,4,0.11437128
2000-07-05,2000,7,5,0.41205276
2000-07-06,2000,7,6,-1.8432493
2000-07-07,2000,7,7,-4.6025331
2000-07-08,2000,7,8,-6.062151
2000-07-09,2000,7,9,-8.3291703
2000-07-10,2000,7,10,-12.892945
2000-07-11,2000,7,11,-13.477171
2000-07-12,2000,7,12,-9.0643373
2000-07-13,2000,7,13,-3.8644613
2000-07-14,2000,7,14,-4.1267584
2000-07-15,2000,7,15,-5.4151165
2000-07-16,2000,7,16,-2.2942472
2000-07-17,2000,7,17,-4.062867
2000-07-18,2000,7,18,-7.9987153
2000-07-19,2000,7,19,-4.6668424
2000-07-20,2000,7,20,-4.3203424
2000-07-21,2000,7,21,-9.874229
2000-07-22,2000,7,22,-11.499184
2000-07-23,2000,7,23,-6.5931538
2000-07-24,2000,7,24,-4.2931755
2000-07-25,2000,7,25,-4.9148627
2000-07-26,2000,7,26,-0.31047669
2000-07-27,2000,7,27,-2.3335529
2000-07-28,2000,7,28,-3.0661391
2000-07-29,2000,7,29,-3.4617045
2000-07-30,2000,7,30,-3.3661509
2000-07-31,2000,7,31,-4.7528604
2000-08-01,2000,8,1,-4.3485945
2000-08-02,2000,8,2,-5.4165095
2000-08-03,2000,8,3,-1.6060049
2000-08-04,2000,8,4,-4.8410335
2000-08-05,2000,8,5,-5.2890693
2000-08-06,2000,8,6,-3.2101626
2000-08-07,2000,8,7,-3.5072787
2000-08-08,2000,8,8,-2.9436002
2000-08-09,2000,8,9,-2.6968381
2000-08-10,2000,8,10,-4.7310568
2000-08-11,2000,8,11,-5.5640081
2000-08-12,2000,8,12,-5.6739588
2000-08-13,2000,8,13,-4.835064
2000-08-14,2000,8,14,-6.6879876
2000-08-15,2000,8,15,-7.412224
2000-08-16,2000,8,16,-1.8848539
2000-08-17,2000,8,17,-1.0743563
2000-08-18,2000,8,18,0.073968018
2000-08-19,2000,8,19,-1.0403297
2000-08-20,2000,8,20,-0.92998607
2000-08-21,2000,8,21,-2.8091055
2000-08-22,2000,8,22,-3.4008112
2000-08-23,2000,8,23,-4.3613401
2000-08-24,2000,8,24,-6.7249605
2000-08-25,2000,8,25,-9.9069006
2000-08-26,2000,8,26,-9.3539616
2000-08-27,2000,8,27,-8.9738492
2000-08-28,2000,8,28,-6.6356151
2000-08-29,2000,8,29,-4.5892286
2000-08-30,2000,8,30,-4.6923988
2000-08-31,2000,8,31,-5.233573
2000-09-01,2000,9,1,-3.7302833
2000-09-02,2000,9,2,-4.6994309
2000-09-03,2000,9,3,-3.7471963
2000-09-04,2000,9,4,-3.6344081
2000-09-05,2000,9,5,-4.2117583
2000-09-06,2000,9,6,-3.7336248
2000-09-07,2000,9,7,-3.3041596
2000-09-08,2000,9,8,-2.2789752
2000-09-09,2000,9,9,-3.3914798
2000-09-10,2000,9,10,-6.0952925
2000-09-11,2000,9,11,-6.8598157
2000-09-12,2000,9,12,-3.6352819
2000-09-13,2000,9,13,-5.4440205
2000-09-14,2000,9,14,-7.5107202
2000-09-15,2000,9,15,-6.9099833
2000-09-16,2000,9,16,-4.6893257
2000-09-17,2000,9,17,-4.7893378
2000-09-18,2000,9,18,-4.5540986
2000-09-19,2000,9,19,-3.3855498
2000-09-20,2000,9,20,-6.2494152
2000-09-21,2000,9,21,-5.6286236
2000-09-22,2000,9,22,-0.33493098
2000-09-23,2000,9,23,-2.822399
2000-09-24,2000,9,24,-5.3563656
2000-09-25,2000,9,25,-1.0430373
2000-09-26,2000,9,26,0.83437181
2000-09-27,2000,9,27,1.5266474
2000-09-28,2000,9,28,-0.39245439
2000-09-29,2000,9,29,-0.070991327
2000-09-30,2000,9,30,-0.8279792
2000-10-01,2000,10,1,0.84640424
2000-10-02,2000,10,2,-3.2944606
2000-10-03,2000,10,3,-5.8555647
2000-10-04,2000,10,4,-5.2765691
2000-10-05,2000,10,5,-0.8175473
2000-10-06,2000,10,6,-1.904684
2000-10-07,2000,10,7,0.73040923
2000-10-08,2000,10,8,-2.1641282
2000-10-09,2000,10,9,-3.8961498
2000-10-10,2000,10,10,-2.2914952
2000-10-11,2000,10,11,-2.246316
2000-10-12,2000,10,12,-2.791479
2000-10-13,2000,10,13,-0.81470497
2000-10-14,2000,10,14,-1.1922975
2000-10-15,2000,10,15,-0.77710179
2000-10-16,2000,10,16,-0.586878
2000-10-17,2000,10,17,0.69559682
2000-10-18,2000,10,18,2.0211002
2000-10-19,2000,10,19,0.30288532
2000-10-20,2000,10,20,4.2001531
2000-10-21,2000,10,21,1.6075142
2000-10-22,2000,10,22,1.2038382
2000-10-23,2000,10,23,2.4222973
2000-10-24,2000,10,24,0.79646493
2000-10-25,2000,10,25,-0.7824539
2000-10-26,2000,10,26,-0.83639463
2000-10-27,2000,10,27,2.9460504
2000-10-28,2000,10,28,3.1392974
2000-10-29,2000,10,29,3.6627832
2000-10-30,2000,10,30,3.8461694
2000-10-31,2000,10,31,2.2050997
2000-11-01,2000,11,1,0.9990639
2000-11-02,2000,11,2,0.46340853
2000-11-03,2000,11,3,1.4406583
2000-11-04,2000,11,4,1.3745553
2000-11-05,2000,11,5,1.3192395
2000-11-06,2000,11,6,1.4628123
2000-11-07,2000,11,7,0.43004317
2000-11-08,2000,11,8,-0.04137139
2000-11-09,2000,11,9,-1.1153953
2000-11-10,2000,11,10,-0.40087987
2000-11-11,2000,11,11,-1.8419858
2000-11-12,2000,11,12,-2.761204
2000-11-13,2000,11,13,-3.8907171
2000-11-14,2000,11,14,-4.1463578
2000-11-15,2000,11,15,-0.94687193
2000-11-16,2000,11,16,0.44371369
2000-11-17,2000,11,17,2.5847658
2000-11-18,2000,11,18,1.4398659
2000-11-19,2000,11,19,1.567675
2000-11-20,2000,11,20,3.5564528
2000-11-21,2000,11,21,3.2569053
2000-11-22,2000,11,22,3.1602
2000-11-23,2000,11,23,3.3897509
2000-11-24,2000,11,24,4.1579678
2000-11-25,2000,11,25,4.4345308
2000-11-26,2000,11,26,4.9762497
2000-11-27,2000,11,27,4.7722186
2000-11-28,2000,11,28,5.1575725
2000-11-29,2000,11,29,4.7074451
2000-11-30,2000,11,30,3.6495984
2000-12-01,2000,12,1,4.2053826
2000-12-02,2000,12,2,3.8529923
2000-12-03,2000,12,3,2.8490007
2000-12-04,2000,12,4,2.2727815
2000-12-05,2000,12,5,5.4124784
2000-12-06,2000,12,6,7.8005112
2000-12-07,2000,12,7,6.2872763
2000-12-08,2000,12,8,5.2366119
2000-12-09,2000,12,9,7.4304857
2000-12-10,2000,12,10,7.7669277
2000-12-11,2000,12,11,6.3367552
2000-12-12,2000,12,12,6.6780183
2000-12-13,2000,12,13,5.2113628
2000-12-14,2000,12,14,4.1522646
2000-12-15,2000,12,15,3.6152178
2000-12-16,2000,12,16,6.46982
2000-12-17,2000,12,17,9.6945998
2000-12-18,2000,12,18,10.115486
2000-12-19,2000,12,19,9.2179377
2000-12-20,2000,12,20,7.7860389
2000-12-21,2000,12,21,5.220203
2000-12-22,2000,12,22,5.2603628
2000-12-23,2000,12,23,5.2947866
2000-12-24,2000,12,24,6.1000388
2000-12-25,2000,12,25,5.6550038
2000-12-26,2000,12,26,4.9661269
2000-12-27,2000,12,27,3.2120949
2000-12-28,2000,12,28,5.2221788
2000-12-29,2000,12,29,3.6490662
2000-12-30,2000,12,30,6.3321419
2000-12-31,2000,12,31,7.4998332
2001-01-01,2001,1,1,7.9821417
2001-01-02,2001,1,2,8.3063058
2001-01-03,2001,1,3,7.6442401
2001-01-04,2001,1,4,7.2155207
2001-01-05,2001,1,5,8.928863
2001-01-06,2001,1,6,8.7650235
2001-01-07,2001,1,7,6.6615301
2001-01-08,2001,1,8,5.1823088
2001-01-09,2001,1,9,5.4514751
2001-01-10,2001,1,10,3.5233035
2001-01-11,2001,1,11,6.78627
2001-01-12,2001,1,12,7.3683599
2001-01-13,2001,1,13,6.4439939
2001-01-14,2001,1,14,9.3581872
2001-01-15,2001,1,15,9.501401
2001-01-16,2001,1,16,8.9141046
2001-01-17,2001,1,17,7.591367
2001-01-18,2001,1,18,6.0445359
2001-01-19,2001,1,19,7.4080588
2001-01-20,2001,1,20,7.6124314
2001-01-21,2001,1,21,5.9641628
2001-01-22,2001,1,22,6.2819176
2001-01-23,2001,1,23,7.7613282
2001-01-24,2001,1,24,7.1843708
2001-01-25,2001,1,25,7.1965578
2001-01-26,2001,1,26,7.2231887
2001-01-27,2001,1,27,6.258212
2001-01-28,2001,1,28,5.7285316
2001-01-29,2001,1,29,6.114407
2001-01-30,2001,1,30,5.4472162
2001-01-31,2001,1,31,5.6327092
2001-02-01,2001,2,1,7.8178991
2001-02-02,2001,2,2,7.5054079
2001-02-03,2001,2,3,9.2005416
2001-02-04,2001,2,4,8.5798058
2001-02-05,2001,2,5,8.3039337
2001-02-06,2001,2,6,10.302493
2001-02-07,2001,2,7,9.8484099
2001-02-08,2001,2,8,9.3250407
2001-02-09,2001,2,9,8.4291544
2001-02-10,2001,2,10,8.9780675
2001-02-11,2001,2,11,9.1790383
2001-02-12,2001,2,12,9.2502526
2001-02-13,2001,2,13,9.0847552
2001-02-14,2001,2,14,8.7686054
2001-02-15,2001,2,15,8.7337858
2001-02-16,2001,2,16,10.081597
2001-02-17,2001,2,17,9.7060346
2001-02-18,2001,2,18,10.335696
2001-02-19,2001,2,19,11.261725
2001-02-20,2001,2,20,11.142024
2001-02-21,2001,2,21,9.8047998
2001-02-22,2001,2,22,8.9671197
2001-02-23,2001,2,23,8.0437813
2001-02-24,2001,2,24,7.7458428
2001-02-25,2001,2,25,9.0290309
2001-02-26,2001,2,26,9.1512624
2001-02-27,2001,2,27,9.2284341
2001-02-28,2001,2,28,8.8057711
2001-03-01,2001,3,1,8.8978913
2001-03-02,2001,3,2,8.8213985
2001-03-03,2001,3,3,8.8901762
2001-03-04,2001,3,4,8.785423
2001-03-05,2001,3,5,6.9138765
2001-03-06,2001,3,6,5.9233712
2001-03-07,2001,3,7,6.4531284
2001-03-08,2001,3,8,6.3929656
2001-03-09,2001,3,9,6.7995511
2001-03-10,2001,3,10,5.9774404
2001-03-11,2001,3,11,7.6928544
2001-03-12,2001,3,12,6.8492642
2001-03-13,2001,3,13,8.0324049
2001-03-14,2001,3,14,9.1783966
2001-03-15,2001,3,15,9.951735
2001-03-16,2001,3,16,8.383563
2001-03-17,2001,3,17,9.008409
2001-03-18,2001,3,18,7.8249018
2001-03-19,2001,3,19,7.0948001
2001-03-20,2001,3,20,6.2916228
2001-03-21,2001,3,21,4.0359645
2001-03-22,2001,3,22,2.3766161
2001-03-23,2001,3,23,-1.3873552
2001-03-24,2001,3,24,-0.82991562
2001-03-25,2001,3,25,-1.6288666
2001-03-26,2001,3,26,-0.96217505
2001-03-27,2001,3,27,-0.50497451
2001-03-28,2001,3,28,1.9348064
2001-03-29,2001,3,29,2.3969718
2001-03-30,2001,3,30,4.8123375
2001-03-31,2001,3,31,3.6005684
2001-04-01,2001,4,1,4.0535266
2001-04-02,2001,4,2,5.7253221
2001-04-03,2001,4,3,6.4993225
2001-04-04,2001,4,4,4.5274137
2001-04-05,2001,4,5,3.9144047
2001-04-06,2001,4,6,3.5044581
2001-04-07,2001,4,7,3.2476646
2001-04-08,2001,4,8,2.3087175
2001-04-09,2001,4,9,3.8345231
2001-04-10,2001,4,10,3.3683719
2001-04-11,2001,4,11,4.8885041
2001-04-12,2001,4,12,6.5472687
2001-04-13,2001,4,13,5.3447345
2001-04-14,2001,4,14,2.2899932
2001-04-15,2001,4,15,5.6687136
2001-04-16,2001,4,16,6.7158491
2001-04-17,2001,4,17,6.2734419
2001-04-18,2001,4,18,3.7703614
2001-04-19,2001,4,19,3.9228024
2001-04-20,2001,4,20,2.1825167
2001-04-21,2001,4,21,1.7878303
2001-04-22,2001,4,22,0.5415099
2001-04-23,2001,4,23,-5.1480508
2001-04-24,2001,4,24,-6.9063875
2001-04-25,2001,4,25,-1.9929345
2001-04-26,2001,4,26,-2.2883025
2001-04-27,2001,4,27,-2.967152
2001-04-28,2001,4,28,-5.1934794
2001-04-29,2001,4,29,-6.7225059
2001-04-30,2001,4,30,-9.8752607
2001-05-01,2001,5,1,-4.3621119
2001-05-02,2001,5,2,-1.0584745
2001-05-03,2001,5,3,0.87017373
2001-05-04,2001,5,4,2.4242048
2001-05-05,2001,5,5,1.8555447
2001-05-06,2001,5,6,0.24142211
2001-05-07,2001,5,7,-2.0498095
2001-05-08,2001,5,8,-4.2782105
2001-05-09,2001,5,9,-3.8719143
2001-05-10,2001,5,10,-7.6749413
2001-05-11,2001,5,11,-8.2452782
2001-05-12,2001,5,12,-6.1150091
2001-05-13,2001,5,13,-3.1406545
2001-05-14,2001,5,14,-3.5487548
2001-05-15,2001,5,15,-4.4357149
2001-05-16,2001,5,16,-6.326817
2001-05-17,2001,5,17,-2.0416756
2001-05-18,2001,5,18,-2.6721066
2001-05-19,2001,5,19,-2.5822712
2001-05-20,2001,5,20,-2.2034771
2001-05-21,2001,5,21,-3.0530654
2001-05-22,2001,5,22,-1.5433248
2001-05-23,2001,5,23,-0.6082833
2001-05-24,2001,5,24,-0.046116559
2001-05-25,2001,5,25,-1.2663967
2001-05-26,2001,5,26,0.26866751
2001-05-27,2001,5,27,-0.47630422
2001-05-28,2001,5,28,-0.43163076
2001-05-29,2001,5,29,-0.52738014
2001-05-30,2001,5,30,-1.8672685
2001-05-31,2001,5,31,-2.5584022
2001-06-01,2001,6,1,-6.5512755
2001-06-02,2001,6,2,-5.9045623
2001-06-03,2001,6,3,-5.2232776
2001-06-04,2001,6,4,-4.018854
2001-06-05,2001,6,5,-5.153562
2001-06-06,2001,6,6,-1.5088954
2001-06-07,2001,6,7,1.3919668
2001-06-08,2001,6,8,1.31921
2001-06-09,2001,6,9,-0.11571982
2001-06-10,2001,6,10,1.1673783
2001-06-11,2001,6,11,-1.5783939
2001-06-12,2001,6,12,-1.2941276
2001-06-13,2001,6,13,-0.36770244
2001-06-14,2001,6,14,-1.6814825
2001-06-15,2001,6,15,-5.3705267
2001-06-16,2001,6,16,-8.4080995
2001-06-17,2001,6,17,-10.369165
2001-06-18,2001,6,18,-9.4125826
2001-06-19,2001,6,19,-7.0591062
2001-06-20,2001,6,20,-3.8892846
2001-06-21,2001,6,21,-4.2160898
2001-06-22,2001,6,22,-3.5402396
2001-06-23,2001,6,23,-7.9075806
2001-06-24,2001,6,24,-10.251506
2001-06-25,2001,6,25,-3.2518421
2001-06-26,2001,6,26,-0.7174566
2001-06-27,2001,6,27,0.46378579
2001-06-28,2001,6,28,-0.87499089
2001-06-29,2001,6,29,-4.3779797
2001-06-30,2001,6,30,-2.9031651
2001-07-01,2001,7,1,-3.5021832
2001-07-02,2001,7,2,-2.2106952
2001-07-03,2001,7,3,-0.0093865527
2001-07-04,2001,7,4,-0.34373496
2001-07-05,2001,7,5,0.85566807
2001-07-06,2001,7,6,0.2956305
2001-07-07,2001,7,7,-0.78296862
2001-07-08,2001,7,8,-3.5733064
2001-07-09,2001,7,9,-6.3011071
2001-07-10,2001,7,10,-7.2739156
2001-07-11,2001,7,11,-8.5223831
2001-07-12,2001,7,12,-4.3098999
2001-07-13,2001,7,13,-3.9952485
2001-07-14,2001,7,14,-2.8253854
2001-07-15,2001,7,15,-1.406377
2001-07-16,2001,7,16,-3.7637386
2001-07-17,2001,7,17,-5.6837641
2001-07-18,2001,7,18,-5.7987022
2001-07-19,2001,7,19,-5.4518354
2001-07-20,2001,7,20,-7.4264887
2001-07-21,2001,7,21,-7.8712913
2001-07-22,2001,7,22,-5.3689004
2001-07-23,2001,7,23,-6.1362697
2001-07-24,2001,7,24,-8.7474303
2001-07-25,2001,7,25,-12.892841
2001-07-26,2001,7,26,-11.162423
2001-07-27,2001,7,27,-5.3937602
2001-07-28,2001,7,28,-4.516948
2001-07-29,2001,7,29,-6.1739885
2001-07-30,2001,7,30,-6.4235239
2001-07-31,2001,7,31,-4.8229871
2001-08-01,2001,8,1,-4.4411261
2001-08-02,2001,8,2,-2.1605507
2001-08-03,2001,8,3,-2.2620365
2001-08-04,2001,8,4,-3.8831797
2001-08-05,2001,8,5,-7.7569397
2001-08-06,2001,8,6,-9.1709678
2001-08-07,2001,8,7,-2.0169917
2001-08-08,2001,8,8,-2.2999998
2001-08-09,2001,8,9,-2.5142445
2001-08-10,2001,8,10,-0.2124789
2001-08-11,2001,8,11,-1.783216
2001-08-12,2001,8,12,-6.2494614
2001-08-13,2001,8,13,-5.7755261
2001-08-14,2001,8,14,-4.5981563
2001-08-15,2001,8,15,-6.6744598
2001-08-16,2001,8,16,-4.3558961
2001-08-17,2001,8,17,-5.1606665
2001-08-18,2001,8,18,-8.0546366
2001-08-19,2001,8,19,-7.9338478
2001-08-20,2001,8,20,-0.67327022
2001-08-21,2001,8,21,1.5718937
2001-08-22,2001,8,22,1.5905231
2001-08-23,2001,8,23,0.45958897
2001-08-24,2001,8,24,-1.5706011
2001-08-25,2001,8,25,-3.4298162
2001-08-26,2001,8,26,-8.0818949
2001-08-27,2001,8,27,-9.5354397
2001-08-28,2001,8,28,-5.1745796
2001-08-29,2001,8,29,-1.5676134
2001-08-30,2001,8,30,-2.8771819
2001-08-31,2001,8,31,-4.0919126
2001-09-01,2001,9,1,-4.7987144
2001-09-02,2001,9,2,-7.3995087
2001-09-03,2001,9,3,-9.6046695
2001-09-04,2001,9,4,-8.1889115
2001-09-05,2001,9,5,-4.5991402
2001-09-06,2001,9,6,-4.7353802
2001-09-07,2001,9,7,-5.5796196
2001-09-08,2001,9,8,-2.9188234
2001-09-09,2001,9,9,-3.8947934
2001-09-10,2001,9,10,-4.2569631
2001-09-11,2001,9,11,1.064539
2001-09-12,2001,9,12,-1.775351
2001-09-13,2001,9,13,-5.782085
2001-09-14,2001,9,14,-3.5014454
2001-09-15,2001,9,15,-2.1095262
2001-09-16,2001,9,16,-1.5876994
2001-09-17,2001,9,17,-3.6056189
2001-09-18,2001,9,18,-2.9001184
2001-09-19,2001,9,19,-2.044002
2001-09-20,2001,9,20,-0.085336693
2001-09-21,2001,9,21,0.76238016
2001-09-22,2001,9,22,1.1294292
2001-09-23,2001,9,23,-1.725132
2001-09-24,2001,9,24,-4.2545858
2001-09-25,2001,9,25,-3.3566627
2001-09-26,2001,9,26,-4.3875829
2001-09-27,2001,9,27,-7.1107319
2001-09-28,2001,9,28,-4.8306297
2001-09-29,2001,9,29,-5.4702778
2001-09-30,2001,9,30,-6.561926
2001-10-01,2001,10,1,-2.7065992
2001-10-02,2001,10,2,-0.57879648
2001-10-03,2001,10,3,-0.99207126
2001-10-04,2001,10,4,-3.572424
2001-10-05,2001,10,5,0.62346125
2001-10-06,2001,10,6,-1.0376094
2001-10-07,2001,10,7,-3.3936753
2001-10-08,2001,10,8,-1.9296998
2001-10-09,2001,10,9,1.1820748
2001-10-10,2001,10,10,-0.058945787
2001-10-11,2001,10,11,2.2447196
2001-10-12,2001,10,12,1.0012196
2001-10-13,2001,10,13,3.2246235
2001-10-14,2001,10,14,2.3985328
2001-10-15,2001,10,15,3.138263
2001-10-16,2001,10,16,3.0734568
2001-10-17,2001,10,17,2.8338879
2001-10-18,2001,10,18,1.7627067
2001-10-19,2001,10,19,2.39247
2001-10-20,2001,10,20,0.56559081
2001-10-21,2001,10,21,-0.97277468
2001-10-22,2001,10,22,2.6283265
2001-10-23,2001,10,23,2.7792852
2001-10-24,2001,10,24,2.268696
2001-10-25,2001,10,25,3.0556072
2001-10-26,2001,10,26,1.8364784
2001-10-27,2001,10,27,2.4840944
2001-10-28,2001,10,28,0.43686862
2001-10-29,2001,10,29,-0.91279712
2001-10-30,2001,10,30,1.3727198
2001-10-31,2001,10,31,2.0405973
2001-11-01,2001,11,1,3.4564269
2001-11-02,2001,11,2,3.6610393
2001-11-03,2001,11,3,1.8996627
2001-11-04,2001,11,4,2.1541127
2001-11-05,2001,11,5,0.71359943
2001-11-06,2001,11,6,-1.3161734
2001-11-07,2001,11,7,0.99433178
2001-11-08,2001,11,8,2.699487
2001-11-09,2001,11,9,-0.20217377
2001-11-10,2001,11,10,-2.4135202
2001-11-11,2001,11,11,2.6036563
2001-11-12,2001,11,12,3.4922416
2001-11-13,2001,11,13,1.4320068
2001-11-14,2001,11,14,0.11893623
2001-11-15,2001,11,15,-0.95907249
2001-11-16,2001,11,16,1.6168476
2001-11-17,2001,11,17,2.2493294
2001-11-18,2001,11,18,3.1255334
2001-11-19,2001,11,19,3.462633
2001-11-20,2001,11,20,2.7772666
2001-11-21,2001,11,21,2.0903163
2001-11-22,2001,11,22,4.806226
2001-11-23,2001,11,23,2.5500351
2001-11-24,2001,11,24,1.3642155
2001-11-25,2001,11,25,2.4364046
2001-11-26,2001,11,26,2.8224865
2001-11-27,2001,11,27,4.5265826
2001-11-28,2001,11,28,3.5660122
2001-11-29,2001,11,29,4.7215381
2001-11-30,2001,11,30,5.3499949
2001-12-01,2001,12,1,4.5484229
2001-12-02,2001,12,2,4.0109462
2001-12-03,2001,12,3,1.6540381
2001-12-04,2001,12,4,4.6103207
2001-12-05,2001,12,5,5.4639677
2001-12-06,2001,12,6,6.4156279
2001-12-07,2001,12,7,6.2745128
2001-12-08,2001,12,8,7.5224708
2001-12-09,2001,12,9,7.8271209
2001-12-10,2001,12,10,6.5502167
2001-12-11,2001,12,11,7.2496284
2001-12-12,2001,12,12,7.3457224
2001-12-13,2001,12,13,6.9061689
2001-12-14,2001,12,14,7.7305333
2001-12-15,2001,12,15,10.451651
2001-12-16,2001,12,16,10.940776
2001-12-17,2001,12,17,11.927987
2001-12-18,2001,12,18,10.15292
2001-12-19,2001,12,19,8.2450346
2001-12-20,2001,12,20,7.6876737
2001-12-21,2001,12,21,6.4941785
2001-12-22,2001,12,22,5.4746286
2001-12-23,2001,12,23,9.5409767
2001-12-24,2001,12,24,9.5940739
2001-12-25,2001,12,25,9.7068139
2001-12-26,2001,12,26,9.774431
2001-12-27,2001,12,27,8.031029
2001-12-28,2001,12,28,8.724239
2001-12-29,2001,12,29,7.8863735
2001-12-30,2001,12,30,6.9067634
2001-12-31,2001,12,31,6.1491687
2002-01-01,2002,1,1,6.2999464
2002-01-02,2002,1,2,6.3958812
2002-01-03,2002,1,3,7.1297484
2002-01-04,2002,1,4,6.1793212
2002-01-05,2002,1,5,4.9939351
2002-01-06,2002,1,6,6.3468343
2002-01-07,2002,1,7,6.7306696
2002-01-08,2002,1,8,6.0049855
2002-01-09,2002,1,9,7.0908406
2002-01-10,2002,1,10,8.8053321
2002-01-11,2002,1,11,9.2313473
2002-01-12,2002,1,12,8.4471554
2002-01-13,2002,1,13,6.6119991
2002-01-14,2002,1,14,6.5702398
2002-01-15,2002,1,15,7.3403006
2002-01-16,2002,1,16,7.8207641
2002-01-17,2002,1,17,6.2326678
2002-01-18,2002,1,18,6.5844919
2002-01-19,2002,1,19,5.2686645
2002-01-20,2002,1,20,5.0761692
2002-01-21,2002,1,21,4.4474832
2002-01-22,2002,1,22,6.1801164
2002-01-23,2002,1,23,6.3389593
2002-01-24,2002,1,24,5.741757
2002-01-25,2002,1,25,5.8241858
2002-01-26,2002,1,26,5.2401534
2002-01-27,2002,1,27,6.2976984
2002-01-28,2002,1,28,6.32303
2002-01-29,2002,1,29,6.1316113
2002-01-30,2002,1,30,5.8163425
2002-01-31,2002,1,31,6.3168263
2002-02-01,2002,2,1,9.1698501
2002-02-02,2002,2,2,9.725613
2002-02-03,2002,2,3,9.5707314
2002-02-04,2002,2,4,8.6432153
2002-02-05,2002,2,5,7.0850753
2002-02-06,2002,2,6,6.5973044
2002-02-07,2002,2,7,6.1949345
2002-02-08,2002,2,8,4.8484961
2002-02-09,2002,2,9,4.9208185
2002-02-10,2002,2,10,4.834122
2002-02-11,2002,2,11,5.0258825
2002-02-12,2002,2,12,6.6090636
2002-02-13,2002,2,13,7.5357121
2002-02-14,2002,2,14,5.844026
2002-02-15,2002,2,15,8.5330314
2002-02-16,2002,2,16,7.4246827
2002-02-17,2002,2,17,7.2701241
2002-02-18,2002,2,18,5.8606848
2002-02-19,2002,2,19,6.8634919
2002-02-20,2002,2,20,6.3091891
2002-02-21,2002,2,21,6.4090819
2002-02-22,2002,2,22,7.7663415
2002-02-23,2002,2,23,7.5827406
2002-02-24,2002,2,24,7.0928632
2002-02-25,2002,2,25,6.9403905
2002-02-26,2002,2,26,6.1581148
2002-02-27,2002,2,27,5.5147742
2002-02-28,2002,2,28,4.4619009
2002-03-01,2002,3,1,6.3687097
2002-03-02,2002,3,2,7.9286902
2002-03-03,2002,3,3,7.2391867
2002-03-04,2002,3,4,7.1982028
2002-03-05,2002,3,5,7.852491
2002-03-06,2002,3,6,7.2860096
2002-03-07,2002,3,7,6.5530919
2002-03-08,2002,3,8,6.5557932
2002-03-09,2002,3,9,6.2623979
2002-03-10,2002,3,10,6.2141934
2002-03-11,2002,3,11,5.9666636
2002-03-12,2002,3,12,6.319283
2002-03-13,2002,3,13,6.5105443
2002-03-14,2002,3,14,6.6096236
2002-03-15,2002,3,15,4.9501471
2002-03-16,2002,3,16,4.8320065
2002-03-17,2002,3,17,6.4875796
2002-03-18,2002,3,18,6.044392
2002-03-19,2002,3,19,4.3176651
2002-03-20,2002,3,20,7.7738688
2002-03-21,2002,3,21,9.0848819
2002-03-22,2002,3,22,7.8892261
2002-03-23,2002,3,23,6.5549197
2002-03-24,2002,3,24,5.1459502
2002-03-25,2002,3,25,4.5192655
2002-03-26,2002,3,26,4.4136238
2002-03-27,2002,3,27,3.9102841
2002-03-28,2002,3,28,3.2638841
2002-03-29,2002,3,29,0.048735844
2002-03-30,2002,3,30,-1.9503723
2002-03-31,2002,3,31,2.5578376
2002-04-01,2002,4,1,3.5406867
2002-04-02,2002,4,2,2.1082615
2002-04-03,2002,4,3,2.6871837
2002-04-04,2002,4,4,3.4165034
2002-04-05,2002,4,5,4.1722868
2002-04-06,2002,4,6,2.7934255
2002-04-07,2002,4,7,2.849374
2002-04-08,2002,4,8,2.2090629
2002-04-09,2002,4,9,2.9130928
2002-04-10,2002,4,10,1.0198895
2002-04-11,2002,4,11,-0.90168715
2002-04-12,2002,4,12,1.1481947
2002-04-13,2002,4,13,-0.11101054
2002-04-14,2002,4,14,0.29236508
2002-04-15,2002,4,15,1.2427674
2002-04-16,2002,4,16,-1.1162086
2002-04-17,2002,4,17,0.25918598
2002-04-18,2002,4,18,1.0630976
2002-04-19,2002,4,19,0.8642234
2002-04-20,2002,4,20,0.92499591
2002-04-21,2002,4,21,2.3857834
2002-04-22,2002,4,22,0.98541181
2002-04-23,2002,4,23,-0.099043454
2002-04-24,2002,4,24,-0.21045491
2002-04-25,2002,4,25,-3.8054767
2002-04-26,2002,4,26,-1.6738454
2002-04-27,2002,4,27,1.3426431
2002-04-28,2002,4,28,1.8948215
2002-04-29,2002,4,29,-0.13164388
2002-04-30,2002,4,30,-1.5211452
2002-05-01,2002,5,1,-0.67574686
2002-05-02,2002,5,2,0.33357148
2002-05-03,2002,5,3,0.34903273
2002-05-04,2002,5,4,1.5567398
2002-05-05,2002,5,5,1.3900993
2002-05-06,2002,5,6,2.8977583
2002-05-07,2002,5,7,3.1615869
2002-05-08,2002,5,8,3.4830134
2002-05-09,2002,5,9,4.6417776
2002-05-10,2002,5,10,3.8885271
2002-05-11,2002,5,11,3.9952173
2002-05-12,2002,5,12,4.3109403
2002-05-13,2002,5,13,3.7808908
2002-05-14,2002,5,14,-0.096351597
2002-05-15,2002,5,15,-4.0520188
2002-05-16,2002,5,16,-1.3131964
2002-05-17,2002,5,17,-2.6126946
2002-05-18,2002,5,18,-5.3196009
2002-05-19,2002,5,19,-6.3824776
2002-05-20,2002,5,20,-8.190224
2002-05-21,2002,5,21,-2.6694823
2002-05-22,2002,5,22,-1.4917407
2002-05-23,2002,5,23,1.3421083
2002-05-24,2002,5,24,1.8323343
2002-05-25,2002,5,25,0.41833873
2002-05-26,2002,5,26,-1.3237846
2002-05-27,2002,5,27,-3.3662464
2002-05-28,2002,5,28,-5.0878147
2002-05-29,2002,5,29,-6.4659229
2002-05-30,2002,5,30,-7.6331655
2002-05-31,2002,5,31,-5.0098185
2002-06-01,2002,6,1,-3.1478091
2002-06-02,2002,6,2,-1.8717256
2002-06-03,2002,6,3,-2.331686
2002-06-04,2002,6,4,-3.9201036
2002-06-05,2002,6,5,-7.3645155
2002-06-06,2002,6,6,-8.4269764
2002-06-07,2002,6,7,-8.1713165
2002-06-08,2002,6,8,-4.6761136
2002-06-09,2002,6,9,-3.6260041
2002-06-10,2002,6,10,-1.7457886
2002-06-11,2002,6,11,-2.1468861
2002-06-12,2002,6,12,-3.8227556
2002-06-13,2002,6,13,-5.7516855
2002-06-14,2002,6,14,-5.4730962
2002-06-15,2002,6,15,-3.4987644
2002-06-16,2002,6,16,-2.2759654
2002-06-17,2002,6,17,-3.726814
2002-06-18,2002,6,18,-2.8983223
2002-06-19,2002,6,19,-0.98209366
2002-06-20,2002,6,20,1.0601032
2002-06-21,2002,6,21,1.296175
2002-06-22,2002,6,22,1.1624682
2002-06-23,2002,6,23,1.1042613
2002-06-24,2002,6,24,1.4740971
2002-06-25,2002,6,25,0.58803622
2002-06-26,2002,6,26,-2.5975486
2002-06-27,2002,6,27,-5.0511383
2002-06-28,2002,6,28,-6.3120813
2002-06-29,2002,6,29,-8.174704
2002-06-30,2002,6,30,-8.2746112
2002-07-01,2002,7,1,-6.2382103
2002-07-02,2002,7,2,-8.3513528
2002-07-03,2002,7,3,-9.7398161
2002-07-04,2002,7,4,-8.2785628
2002-07-05,2002,7,5,-5.1370256
2002-07-06,2002,7,6,-4.8403299
2002-07-07,2002,7,7,-3.7223727
2002-07-08,2002,7,8,-4.0554925
2002-07-09,2002,7,9,-7.405225
2002-07-10,2002,7,10,-6.8219845
2002-07-11,2002,7,11,-3.0762789
2002-07-12,2002,7,12,-2.3480108
2002-07-13,2002,7,13,-0.95566487
2002-07-14,2002,7,14,-0.91395625
2002-07-15,2002,7,15,-1.1534789
2002-07-16,2002,7,16,-1.2250233
2002-07-17,2002,7,17,-1.0551245
2002-07-18,2002,7,18,-0.95129329
2002-07-19,2002,7,19,-2.8458907
2002-07-20,2002,7,20,-4.3020092
2002-07-21,2002,7,21,-7.6606074
2002-07-22,2002,7,22,-7.752734
2002-07-23,2002,7,23,-7.2522091
2002-07-24,2002,7,24,-11.244669
2002-07-25,2002,7,25,-8.5290419
2002-07-26,2002,7,26,-9.5343487
2002-07-27,2002,7,27,-6.9744498
2002-07-28,2002,7,28,-1.7946732
2002-07-29,2002,7,29,-5.2508687
2002-07-30,2002,7,30,-9.3637732
2002-07-31,2002,7,31,-11.058951
2002-08-01,2002,8,1,-9.6314283
2002-08-02,2002,8,2,-5.841857
2002-08-03,2002,8,3,-6.2133333
2002-08-04,2002,8,4,-10.184006
2002-08-05,2002,8,5,-6.8882262
2002-08-06,2002,8,6,-3.686697
2002-08-07,2002,8,7,-4.422018
2002-08-08,2002,8,8,-6.285433
2002-08-09,2002,8,9,-3.0609449
2002-08-10,2002,8,10,-0.38315534
2002-08-11,2002,8,11,-1.1206451
2002-08-12,2002,8,12,-0.34639075
2002-08-13,2002,8,13,-0.6695671
2002-08-14,2002,8,14,-0.84884105
2002-08-15,2002,8,15,-0.31078665
2002-08-16,2002,8,16,0.46351972
2002-08-17,2002,8,17,-2.115764
2002-08-18,2002,8,18,-7.1344334
2002-08-19,2002,8,19,-9.6404312
2002-08-20,2002,8,20,-11.700703
2002-08-21,2002,8,21,-4.7586312
2002-08-22,2002,8,22,-4.124806
2002-08-23,2002,8,23,-4.1325674
2002-08-24,2002,8,24,-0.63952056
2002-08-25,2002,8,25,-0.30999444
2002-08-26,2002,8,26,-0.29529763
2002-08-27,2002,8,27,-2.2408914
2002-08-28,2002,8,28,-6.9080501
2002-08-29,2002,8,29,-7.5652474
2002-08-30,2002,8,30,-6.578435
2002-08-31,2002,8,31,-8.0276196
2002-09-01,2002,9,1,-1.7346283
2002-09-02,2002,9,2,-0.69338775
2002-09-03,2002,9,3,-0.65982171
2002-09-04,2002,9,4,-1.2131
2002-09-05,2002,9,5,-4.7096305
2002-09-06,2002,9,6,-9.4593252
2002-09-07,2002,9,7,-4.0801502
2002-09-08,2002,9,8,-1.9136034
2002-09-09,2002,9,9,-2.302614
2002-09-10,2002,9,10,-3.9725745
2002-09-11,2002,9,11,-4.8234924
2002-09-12,2002,9,12,-2.2397617
2002-09-13,2002,9,13,-2.9769735
2002-09-14,2002,9,14,-2.8176098
2002-09-15,2002,9,15,-6.2957386
2002-09-16,2002,9,16,-5.1694184
2002-09-17,2002,9,17,-5.1001889
2002-09-18,2002,9,18,-3.9664897
2002-09-19,2002,9,19,-6.453097
2002-09-20,2002,9,20,-5.3046044
2002-09-21,2002,9,21,-1.0881438
2002-09-22,2002,9,22,-1.6641089
2002-09-23,2002,9,23,-3.0080877
2002-09-24,2002,9,24,0.95609323
2002-09-25,2002,9,25,-2.5829245
2002-09-26,2002,9,26,-0.77894886
2002-09-27,2002,9,27,0.56002577
2002-09-28,2002,9,28,-2.2211477
2002-09-29,2002,9,29,-3.1115612
2002-09-30,2002,9,30,-3.0379943
2002-10-01,2002,10,1,0.45774603
2002-10-02,2002,10,2,-3.2558496
2002-10-03,2002,10,3,-1.6468055
2002-10-04,2002,10,4,-1.850673
2002-10-05,2002,10,5,-1.0554342
2002-10-06,2002,10,6,-2.1588219
2002-10-07,2002,10,7,-3.0497037
2002-10-08,2002,10,8,-3.1279842
2002-10-09,2002,10,9,-2.3290078
2002-10-10,2002,10,10,-0.003679928
2002-10-11,2002,10,11,-0.91537581
2002-10-12,2002,10,12,3.7269434
2002-10-13,2002,10,13,4.3474746
2002-10-14,2002,10,14,3.9104857
2002-10-15,2002,10,15,2.4262051
2002-10-16,2002,10,16,0.78430111
2002-10-17,2002,10,17,1.7637364
2002-10-18,2002,10,18,2.5896601
2002-10-19,2002,10,19,0.90943948
2002-10-20,2002,10,20,-5.3655643
2002-10-21,2002,10,21,-1.9799658
2002-10-22,2002,10,22,1.5714588
2002-10-23,2002,10,23,1.2280543
2002-10-24,2002,10,24,-0.96295275
2002-10-25,2002,10,25,0.34681803
2002-10-26,2002,10,26,2.053079
2002-10-27,2002,10,27,0.27295197
2002-10-28,2002,10,28,1.1917233
2002-10-29,2002,10,29,0.87563301
2002-10-30,2002,10,30,1.483154
2002-10-31,2002,10,31,2.7119034
2002-11-01,2002,11,1,1.7028303
2002-11-02,2002,11,2,1.6168723
2002-11-03,2002,11,3,-0.98368833
2002-11-04,2002,11,4,0.35820851
2002-11-05,2002,11,5,-0.053473798
2002-11-06,2002,11,6,1.8258526
2002-11-07,2002,11,7,-1.620957
2002-11-08,2002,11,8,-1.6287888
2002-11-09,2002,11,9,-4.4168414
2002-11-10,2002,11,10,-2.3180998
2002-11-11,2002,11,11,0.21919838
2002-11-12,2002,11,12,1.2699805
2002-11-13,2002,11,13,1.6624954
2002-11-14,2002,11,14,1.5651613
2002-11-15,2002,11,15,4.4732419
2002-11-16,2002,11,16,4.8514385
2002-11-17,2002,11,17,3.9245458
2002-11-18,2002,11,18,1.4684211
2002-11-19,2002,11,19,1.3948405
2002-11-20,2002,11,20,0.91942911
2002-11-21,2002,11,21,3.1106354
2002-11-22,2002,11,22,6.2230446
2002-11-23,2002,11,23,6.7890059
2002-11-24,2002,11,24,6.0181965
2002-11-25,2002,11,25,3.2017789
2002-11-26,2002,11,26,5.2665719
2002-11-27,2002,11,27,4.5998183
2002-11-28,2002,11,28,4.7550038
2002-11-29,2002,11,29,4.342611
2002-11-30,2002,11,30,3.412038
2002-12-01,2002,12,1,1.6557641
2002-12-02,2002,12,2,3.4313031
2002-12-03,2002,12,3,5.511721
2002-12-04,2002,12,4,4.470475
2002-12-05,2002,12,5,3.8120277
2002-12-06,2002,12,6,4.28213
2002-12-07,2002,12,7,4.7781998
2002-12-08,2002,12,8,4.5241884
2002-12-09,2002,12,9,3.0650519
2002-12-10,2002,12,10,3.2679217
2002-12-11,2002,12,11,5.5043602
2002-12-12,2002,12,12,7.6887191
2002-12-13,2002,12,13,8.0709256
2002-12-14,2002,12,14,6.8504518
2002-12-15,2002,12,15,6.4217836
2002-12-16,2002,12,16,3.965643
2002-12-17,2002,12,17,6.5628233
2002-12-18,2002,12,18,5.1204817
2002-12-19,2002,12,19,2.7678188
2002-12-20,2002,12,20,3.3986536
2002-12-21,2002,12,21,4.8878925
2002-12-22,2002,12,22,3.6902555
2002-12-23,2002,12,23,2.9215313
2002-12-24,2002,12,24,4.3502552
2002-12-25,2002,12,25,6.9380375
2002-12-26,2002,12,26,7.8361606
2002-12-27,2002,12,27,7.0852709
2002-12-28,2002,12,28,6.4359303
2002-12-29,2002,12,29,6.4650871
2002-12-30,2002,12,30,7.9333531
2002-12-31,2002,12,31,6.6931609
2003-01-01,2003,1,1,7.450247
2003-01-02,2003,1,2,6.9252542
2003-01-03,2003,1,3,6.0248995
2003-01-04,2003,1,4,5.6503723
2003-01-05,2003,1,5,5.5505695
2003-01-06,2003,1,6,8.0709177
2003-01-07,2003,1,7,8.425797
2003-01-08,2003,1,8,6.4532227
2003-01-09,2003,1,9,7.1667717
2003-01-10,2003,1,10,7.1482295
2003-01-11,2003,1,11,7.1189671
2003-01-12,2003,1,12,7.2054345
2003-01-13,2003,1,13,9.6632999
2003-01-14,2003,1,14,8.7543415
2003-01-15,2003,1,15,6.6922588
2003-01-16,2003,1,16,7.2879308
2003-01-17,2003,1,17,6.2532131
2003-01-18,2003,1,18,7.2620083
2003-01-19,2003,1,19,4.8289779
2003-01-20,2003,1,20,4.7577996
2003-01-21,2003,1,21,4.2787641
2003-01-22,2003,1,22,3.1712699
2003-01-23,2003,1,23,-0.032618198
2003-01-24,2003,1,24,6.5237302
2003-01-25,2003,1,25,8.4122348
2003-01-26,2003,1,26,8.2943482
2003-01-27,2003,1,27,9.0220573
2003-01-28,2003,1,28,9.8339049
2003-01-29,2003,1,29,10.28784
2003-01-30,2003,1,30,9.87222
2003-01-31,2003,1,31,6.8826133
2003-02-01,2003,2,1,7.1038799
2003-02-02,2003,2,2,7.7118634
2003-02-03,2003,2,3,8.0897684
2003-02-04,2003,2,4,7.8289513
2003-02-05,2003,2,5,8.4415389
2003-02-06,2003,2,6,7.6149
2003-02-07,2003,2,7,8.0843966
2003-02-08,2003,2,8,7.5675959
2003-02-09,2003,2,9,7.3511168
2003-02-10,2003,2,10,6.9646347
2003-02-11,2003,2,11,6.6334948
2003-02-12,2003,2,12,7.0838931
2003-02-13,2003,2,13,9.2311189
2003-02-14,2003,2,14,8.2136946
2003-02-15,2003,2,15,4.6902347
2003-02-16,2003,2,16,4.7922558
2003-02-17,2003,2,17,4.3802492
2003-02-18,2003,2,18,3.9566337
2003-02-19,2003,2,19,2.7475777
2003-02-20,2003,2,20,1.271333
2003-02-21,2003,2,21,3.2214429
2003-02-22,2003,2,22,5.05119
2003-02-23,2003,2,23,7.7695705
2003-02-24,2003,2,24,8.9559962
2003-02-25,2003,2,25,9.0171461
2003-02-26,2003,2,26,7.9488028
2003-02-27,2003,2,27,7.03845
2003-02-28,2003,2,28,6.3798607
2003-03-01,2003,3,1,6.1487856
2003-03-02,2003,3,2,6.822731
2003-03-03,2003,3,3,8.537362
2003-03-04,2003,3,4,9.1239835
2003-03-05,2003,3,5,9.6030295
2003-03-06,2003,3,6,8.7942093
2003-03-07,2003,3,7,8.4743994
2003-03-08,2003,3,8,8.6024036
2003-03-09,2003,3,9,8.2108413
2003-03-10,2003,3,10,6.5110143
2003-03-11,2003,3,11,8.1984722
2003-03-12,2003,3,12,6.4679151
2003-03-13,2003,3,13,5.9102085
2003-03-14,2003,3,14,5.2096047
2003-03-15,2003,3,15,5.5497488
2003-03-16,2003,3,16,7.7295842
2003-03-17,2003,3,17,8.6127695
2003-03-18,2003,3,18,7.3074672
2003-03-19,2003,3,19,6.0176854
2003-03-20,2003,3,20,6.0682567
2003-03-21,2003,3,21,8.735284
2003-03-22,2003,3,22,8.7554718
2003-03-23,2003,3,23,6.7627619
2003-03-24,2003,3,24,5.330218
2003-03-25,2003,3,25,6.635406
2003-03-26,2003,3,26,6.9234234
2003-03-27,2003,3,27,5.830241
2003-03-28,2003,3,28,6.4513357
2003-03-29,2003,3,29,6.3013389
2003-03-30,2003,3,30,5.0587624
2003-03-31,2003,3,31,4.8547766
2003-04-01,2003,4,1,5.5493238
2003-04-02,2003,4,2,5.2724685
2003-04-03,2003,4,3,2.7990726
2003-04-04,2003,4,4,2.7673635
2003-04-05,2003,4,5,3.6617065
2003-04-06,2003,4,6,4.9446441
2003-04-07,2003,4,7,4.0225153
2003-04-08,2003,4,8,3.9961308
2003-04-09,2003,4,9,2.990231
2003-04-10,2003,4,10,3.9947169
2003-04-11,2003,4,11,5.190695
2003-04-12,2003,4,12,6.2284777
2003-04-13,2003,4,13,7.1398955
2003-04-14,2003,4,14,6.8890908
2003-04-15,2003,4,15,6.5893702
2003-04-16,2003,4,16,4.1903132
2003-04-17,2003,4,17,1.773744
2003-04-18,2003,4,18,-1.2095554
2003-04-19,2003,4,19,-0.33234174
2003-04-20,2003,4,20,2.7207656
2003-04-21,2003,4,21,1.9873197
2003-04-22,2003,4,22,2.5959698
2003-04-23,2003,4,23,3.4611101
2003-04-24,2003,4,24,3.1365923
2003-04-25,2003,4,25,2.886278
2003-04-26,2003,4,26,1.3320383
2003-04-27,2003,4,27,1.3072039
2003-04-28,2003,4,28,1.7701731
2003-04-29,2003,4,29,0.22441828
2003-04-30,2003,4,30,-0.014452974
2003-05-01,2003,5,1,1.5915089
2003-05-02,2003,5,2,3.4692232
2003-05-03,2003,5,3,4.6247148
2003-05-04,2003,5,4,3.5582903
2003-05-05,2003,5,5,3.4373327
2003-05-06,2003,5,6,4.8887559
2003-05-07,2003,5,7,5.1773047
2003-05-08,2003,5,8,4.6032904
2003-05-09,2003,5,9,3.8205676
2003-05-10,2003,5,10,2.2675282
2003-05-11,2003,5,11,2.8566307
2003-05-12,2003,5,12,3.2412662
2003-05-13,2003,5,13,2.8989135
2003-05-14,2003,5,14,0.75404017
2003-05-15,2003,5,15,0.4731806
2003-05-16,2003,5,16,0.039739343
2003-05-17,2003,5,17,-1.6615065
2003-05-18,2003,5,18,-0.99352165
2003-05-19,2003,5,19,0.54556315
2003-05-20,2003,5,20,-0.034321799
2003-05-21,2003,5,21,-2.2418426
2003-05-22,2003,5,22,-2.6598752
2003-05-23,2003,5,23,-2.2864374
2003-05-24,2003,5,24,-0.368137
2003-05-25,2003,5,25,-0.93013643
2003-05-26,2003,5,26,-1.7955237
2003-05-27,2003,5,27,-1.1108756
2003-05-28,2003,5,28,0.20542989
2003-05-29,2003,5,29,1.0775281
2003-05-30,2003,5,30,0.61276501
2003-05-31,2003,5,31,0.46855635
2003-06-01,2003,6,1,0.65590326
2003-06-02,2003,6,2,-3.8238415
2003-06-03,2003,6,3,-5.1311449
2003-06-04,2003,6,4,-1.414455
2003-06-05,2003,6,5,-1.5031723
2003-06-06,2003,6,6,0.16429192
2003-06-07,2003,6,7,1.6489662
2003-06-08,2003,6,8,0.22694284
2003-06-09,2003,6,9,-0.72445923
2003-06-10,2003,6,10,-3.1109072
2003-06-11,2003,6,11,-2.526731
2003-06-12,2003,6,12,-2.7097066
2003-06-13,2003,6,13,-1.7350389
2003-06-14,2003,6,14,-2.0547073
2003-06-15,2003,6,15,-5.8414216
2003-06-16,2003,6,16,-3.2988815
2003-06-17,2003,6,17,-3.0824043
2003-06-18,2003,6,18,-3.184199
2003-06-19,2003,6,19,0.25875181
2003-06-20,2003,6,20,-0.28056278
2003-06-21,2003,6,21,-1.616335
2003-06-22,2003,6,22,-0.81623471
2003-06-23,2003,6,23,-2.8273296
2003-06-24,2003,6,24,-0.57824314
2003-06-25,2003,6,25,-0.19433653
2003-06-26,2003,6,26,-1.1403346
2003-06-27,2003,6,27,-3.3349259
2003-06-28,2003,6,28,-0.30426831
2003-06-29,2003,6,29,0.95701963
2003-06-30,2003,6,30,-0.81793766
2003-07-01,2003,7,1,-0.69288142
2003-07-02,2003,7,2,-0.97730966
2003-07-03,2003,7,3,-2.3755513
2003-07-04,2003,7,4,-4.0592749
2003-07-05,2003,7,5,-5.3601697
2003-07-06,2003,7,6,-7.0179793
2003-07-07,2003,7,7,-7.076381
2003-07-08,2003,7,8,-7.6105399
2003-07-09,2003,7,9,-8.1335956
2003-07-10,2003,7,10,-7.9372869
2003-07-11,2003,7,11,-3.9254261
2003-07-12,2003,7,12,-3.2224474
2003-07-13,2003,7,13,-3.4401352
2003-07-14,2003,7,14,-8.9195279
2003-07-15,2003,7,15,-11.197076
2003-07-16,2003,7,16,-4.5247993
2003-07-17,2003,7,17,-2.1428377
2003-07-18,2003,7,18,-1.3390493
2003-07-19,2003,7,19,-1.3565585
2003-07-20,2003,7,20,-6.1733207
2003-07-21,2003,7,21,-8.8547409
2003-07-22,2003,7,22,-9.1724882
2003-07-23,2003,7,23,-10.124398
2003-07-24,2003,7,24,-9.2073189
2003-07-25,2003,7,25,-10.090451
2003-07-26,2003,7,26,-5.5640001
2003-07-27,2003,7,27,-10.500339
2003-07-28,2003,7,28,-10.636006
2003-07-29,2003,7,29,-4.3051691
2003-07-30,2003,7,30,-0.80525194
2003-07-31,2003,7,31,-3.714402
2003-08-01,2003,8,1,-7.8289168
2003-08-02,2003,8,2,-6.6892965
2003-08-03,2003,8,3,-5.7968533
2003-08-04,2003,8,4,-7.9267861
2003-08-05,2003,8,5,-11.498673
2003-08-06,2003,8,6,-10.5744
2003-08-07,2003,8,7,-4.7699129
2003-08-08,2003,8,8,-5.1448757
2003-08-09,2003,8,9,-1.6909131
2003-08-10,2003,8,10,-0.1141719
2003-08-11,2003,8,11,-0.95072766
2003-08-12,2003,8,12,-2.4133293
2003-08-13,2003,8,13,-3.0852053
2003-08-14,2003,8,14,-3.6910035
2003-08-15,2003,8,15,-3.4452255
2003-08-16,2003,8,16,-0.44483057
2003-08-17,2003,8,17,1.7430353
2003-08-18,2003,8,18,-0.43406977
2003-08-19,2003,8,19,-3.5059526
2003-08-20,2003,8,20,-3.1453021
2003-08-21,2003,8,21,-6.5697921
2003-08-22,2003,8,22,-7.0012598
2003-08-23,2003,8,23,-7.9340452
2003-08-24,2003,8,24,-7.0486388
2003-08-25,2003,8,25,-2.8045113
2003-08-26,2003,8,26,-1.7597633
2003-08-27,2003,8,27,-2.9913629
2003-08-28,2003,8,28,-2.405493
2003-08-29,2003,8,29,-1.6219523
2003-08-30,2003,8,30,-2.33734
2003-08-31,2003,8,31,-2.3654488
2003-09-01,2003,9,1,0.70793005
2003-09-02,2003,9,2,1.6789668
2003-09-03,2003,9,3,0.016657131
2003-09-04,2003,9,4,-1.1744561
2003-09-05,2003,9,5,-2.2644965
2003-09-06,2003,9,6,-2.7142803
2003-09-07,2003,9,7,-6.8599461
2003-09-08,2003,9,8,-10.774617
2003-09-09,2003,9,9,-9.6481893
2003-09-10,2003,9,10,-4.2079354
2003-09-11,2003,9,11,-1.58648
2003-09-12,2003,9,12,-1.5965631
2003-09-13,2003,9,13,-0.48865047
2003-09-14,2003,9,14,-1.3482757
2003-09-15,2003,9,15,-5.0026828
2003-09-16,2003,9,16,-0.46981801
2003-09-17,2003,9,17,-0.44685927
2003-09-18,2003,9,18,-0.6053615
2003-09-19,2003,9,19,-3.2556308
2003-09-20,2003,9,20,-0.0093727016
2003-09-21,2003,9,21,1.4680603
2003-09-22,2003,9,22,-0.93969897
2003-09-23,2003,9,23,-3.049623
2003-09-24,2003,9,24,-1.0242002
2003-09-25,2003,9,25,-3.27779
2003-09-26,2003,9,26,-2.7255611
2003-09-27,2003,9,27,-2.4480421
2003-09-28,2003,9,28,-4.3517461
2003-09-29,2003,9,29,1.102496
2003-09-30,2003,9,30,-0.96792193
2003-10-01,2003,10,1,0.045239079
2003-10-02,2003,10,2,0.37724659
2003-10-03,2003,10,3,0.25068001
2003-10-04,2003,10,4,-0.48211178
2003-10-05,2003,10,5,-0.31533396
2003-10-06,2003,10,6,0.51065428
2003-10-07,2003,10,7,-0.81976702
2003-10-08,2003,10,8,-1.8460814
2003-10-09,2003,10,9,-2.5205847
2003-10-10,2003,10,10,-0.024903099
2003-10-11,2003,10,11,0.95796358
2003-10-12,2003,10,12,2.816948
2003-10-13,2003,10,13,3.7165687
2003-10-14,2003,10,14,4.6708596
2003-10-15,2003,10,15,2.912689
2003-10-16,2003,10,16,1.1937874
2003-10-17,2003,10,17,1.5084696
2003-10-18,2003,10,18,0.17105422
2003-10-19,2003,10,19,2.1849317
2003-10-20,2003,10,20,1.2218341
2003-10-21,2003,10,21,1.4113104
2003-10-22,2003,10,22,1.1069838
2003-10-23,2003,10,23,1.9562269
2003-10-24,2003,10,24,-0.12869512
2003-10-25,2003,10,25,0.46094697
2003-10-26,2003,10,26,-0.68724082
2003-10-27,2003,10,27,0.97739537
2003-10-28,2003,10,28,4.1088541
2003-10-29,2003,10,29,5.2085392
2003-10-30,2003,10,30,4.0394669
2003-10-31,2003,10,31,2.0708104
2003-11-01,2003,11,1,3.2543304
2003-11-02,2003,11,2,2.5321942
2003-11-03,2003,11,3,2.9190052
2003-11-04,2003,11,4,1.2949286
2003-11-05,2003,11,5,3.330464
2003-11-06,2003,11,6,4.2808059
2003-11-07,2003,11,7,3.6779635
2003-11-08,2003,11,8,2.1966152
2003-11-09,2003,11,9,3.5374752
2003-11-10,2003,11,10,3.7841565
2003-11-11,2003,11,11,1.7549337
2003-11-12,2003,11,12,-0.21434696
2003-11-13,2003,11,13,4.3317572
2003-11-14,2003,11,14,3.3835729
2003-11-15,2003,11,15,2.2154149
2003-11-16,2003,11,16,3.2124328
2003-11-17,2003,11,17,0.34717964
2003-11-18,2003,11,18,2.2390674
2003-11-19,2003,11,19,5.3604242
2003-11-20,2003,11,20,6.6712019
2003-11-21,2003,11,21,6.9496894
2003-11-22,2003,11,22,5.5401914
2003-11-23,2003,11,23,5.077439
2003-11-24,2003,11,24,5.0182596
2003-11-25,2003,11,25,2.669975
2003-11-26,2003,11,26,2.8119501
2003-11-27,2003,11,27,3.7889715
2003-11-28,2003,11,28,3.6964189
2003-11-29,2003,11,29,4.7318163
2003-11-30,2003,11,30,3.9390934
2003-12-01,2003,12,1,4.6114677
2003-12-02,2003,12,2,2.6977107
2003-12-03,2003,12,3,3.3898035
2003-12-04,2003,12,4,2.7260879
2003-12-05,2003,12,5,3.2538955
2003-12-06,2003,12,6,5.1821474
2003-12-07,2003,12,7,4.7091134
2003-12-08,2003,12,8,1.5141482
2003-12-09,2003,12,9,3.961267
2003-12-10,2003,12,10,2.9694622
2003-12-11,2003,12,11,2.4001645
2003-12-12,2003,12,12,4.0769604
2003-12-13,2003,12,13,3.4436496
2003-12-14,2003,12,14,2.71035
2003-12-15,2003,12,15,2.033259
2003-12-16,2003,12,16,5.0048157
2003-12-17,2003,12,17,8.1113484
2003-12-18,2003,12,18,7.6247622
2003-12-19,2003,12,19,7.5228015
2003-12-20,2003,12,20,7.5441098
2003-12-21,2003,12,21,6.2552312
2003-12-22,2003,12,22,6.2307515
2003-12-23,2003,12,23,7.0620996
2003-12-24,2003,12,24,7.0653313
2003-12-25,2003,12,25,7.4992516
2003-12-26,2003,12,26,7.2056264
2003-12-27,2003,12,27,4.6916259
2003-12-28,2003,12,28,5.101376
2003-12-29,2003,12,29,5.6913765
2003-12-30,2003,12,30,5.6117038
2003-12-31,2003,12,31,7.2063261
2004-01-01,2004,1,1,7.4757056
2004-01-02,2004,1,2,7.2606628
2004-01-03,2004,1,3,6.8908421
2004-01-04,2004,1,4,6.6045311
2004-01-05,2004,1,5,8.1314644
2004-01-06,2004,1,6,8.3495279
2004-01-07,2004,1,7,8.5288229
2004-01-08,2004,1,8,9.0083565
2004-01-09,2004,1,9,7.963646
2004-01-10,2004,1,10,7.7993141
2004-01-11,2004,1,11,9.2678939
2004-01-12,2004,1,12,9.7289996
2004-01-13,2004,1,13,9.2006353
2004-01-14,2004,1,14,9.7790138
2004-01-15,2004,1,15,10.043612
2004-01-16,2004,1,16,7.8765144
2004-01-17,2004,1,17,7.4039745
2004-01-18,2004,1,18,7.1421324
2004-01-19,2004,1,19,6.7324897
2004-01-20,2004,1,20,7.4689238
2004-01-21,2004,1,21,7.6759149
2004-01-22,2004,1,22,6.9445044
2004-01-23,2004,1,23,6.9524217
2004-01-24,2004,1,24,7.1384997
2004-01-25,2004,1,25,8.3616672
2004-01-26,2004,1,26,8.3888852
2004-01-27,2004,1,27,7.4865052
2004-01-28,2004,1,28,7.6934722
2004-01-29,2004,1,29,7.7257666
2004-01-30,2004,1,30,8.0211637
2004-01-31,2004,1,31,7.3364422
2004-02-01,2004,2,1,7.7938009
2004-02-02,2004,2,2,6.460689
2004-02-03,2004,2,3,5.15149
2004-02-04,2004,2,4,6.2857524
2004-02-05,2004,2,5,7.9058728
2004-02-06,2004,2,6,9.164831
2004-02-07,2004,2,7,9.1880537
2004-02-08,2004,2,8,6.7814284
2004-02-09,2004,2,9,7.1210631
2004-02-10,2004,2,10,10.490385
2004-02-11,2004,2,11,8.9754877
2004-02-12,2004,2,12,7.0815905
2004-02-13,2004,2,13,7.2773376
2004-02-14,2004,2,14,6.2995271
2004-02-15,2004,2,15,5.9034414
2004-02-16,2004,2,16,3.776005
2004-02-17,2004,2,17,4.9547628
2004-02-18,2004,2,18,5.2875732
2004-02-19,2004,2,19,7.5163421
2004-02-20,2004,2,20,7.6367076
2004-02-21,2004,2,21,7.8843122
2004-02-22,2004,2,22,7.776059
2004-02-23,2004,2,23,8.5599607
2004-02-24,2004,2,24,7.2198177
2004-02-25,2004,2,25,5.5165455
2004-02-26,2004,2,26,6.380736
2004-02-27,2004,2,27,8.1636188
2004-02-28,2004,2,28,5.6730136
2004-02-29,2004,2,29,6.1827662
2004-03-01,2004,3,1,4.5987504
2004-03-02,2004,3,2,1.4703527
2004-03-03,2004,3,3,5.5507515
2004-03-04,2004,3,4,6.1044065
2004-03-05,2004,3,5,5.9855015
2004-03-06,2004,3,6,4.0694185
2004-03-07,2004,3,7,4.4445925
2004-03-08,2004,3,8,6.0157246
2004-03-09,2004,3,9,6.6363087
2004-03-10,2004,3,10,8.3130184
2004-03-11,2004,3,11,5.7985736
2004-03-12,2004,3,12,4.8549997
2004-03-13,2004,3,13,5.2660632
2004-03-14,2004,3,14,6.5833434
2004-03-15,2004,3,15,7.8398992
2004-03-16,2004,3,16,7.7114128
2004-03-17,2004,3,17,5.9215881
2004-03-18,2004,3,18,6.9727227
2004-03-19,2004,3,19,6.6989763
2004-03-20,2004,3,20,7.3899628
2004-03-21,2004,3,21,7.7208649
2004-03-22,2004,3,22,7.0946149
2004-03-23,2004,3,23,7.714338
2004-03-24,2004,3,24,7.8875133
2004-03-25,2004,3,25,7.5232197
2004-03-26,2004,3,26,7.6469803
2004-03-27,2004,3,27,7.1418606
2004-03-28,2004,3,28,5.9206563
2004-03-29,2004,3,29,5.3126813
2004-03-30,2004,3,30,6.7205894
2004-03-31,2004,3,31,2.1028842
2004-04-01,2004,4,1,0.98188215
2004-04-02,2004,4,2,2.9904776
2004-04-03,2004,4,3,4.6707664
2004-04-04,2004,4,4,5.2971051
2004-04-05,2004,4,5,4.2617855
2004-04-06,2004,4,6,3.3995916
2004-04-07,2004,4,7,4.8766812
2004-04-08,2004,4,8,6.1689481
2004-04-09,2004,4,9,7.1571763
2004-04-10,2004,4,10,5.8195524
2004-04-11,2004,4,11,6.3159955
2004-04-12,2004,4,12,6.4508005
2004-04-13,2004,4,13,5.9020314
2004-04-14,2004,4,14,4.487292
2004-04-15,2004,4,15,3.6721918
2004-04-16,2004,4,16,0.99954639
2004-04-17,2004,4,17,0.68209657
2004-04-18,2004,4,18,-0.6945888
2004-04-19,2004,4,19,-2.4721592
2004-04-20,2004,4,20,1.0565554
2004-04-21,2004,4,21,-0.67881202
2004-04-22,2004,4,22,-4.9027036
2004-04-23,2004,4,23,-5.2913055
2004-04-24,2004,4,24,-4.008014
2004-04-25,2004,4,25,-4.0605484
2004-04-26,2004,4,26,-3.4804662
2004-04-27,2004,4,27,-2.787223
2004-04-28,2004,4,28,-1.165324
2004-04-29,2004,4,29,-3.2657172
2004-04-30,2004,4,30,-1.6046129
2004-05-01,2004,5,1,1.6005656
2004-05-02,2004,5,2,-0.69130857
2004-05-03,2004,5,3,-2.0061094
2004-05-04,2004,5,4,-1.0017783
2004-05-05,2004,5,5,-0.35429525
2004-05-06,2004,5,6,1.1071085
2004-05-07,2004,5,7,2.4184163
2004-05-08,2004,5,8,2.7251891
2004-05-09,2004,5,9,2.3538226
2004-05-10,2004,5,10,1.397633
2004-05-11,2004,5,11,-0.68691294
2004-05-12,2004,5,12,-3.6734909
2004-05-13,2004,5,13,-3.5672063
2004-05-14,2004,5,14,-1.4427685
2004-05-15,2004,5,15,0.61723064
2004-05-16,2004,5,16,0.38994385
2004-05-17,2004,5,17,0.2537028
2004-05-18,2004,5,18,1.1630839
2004-05-19,2004,5,19,0.8610101
2004-05-20,2004,5,20,-1.2607331
2004-05-21,2004,5,21,-3.3315518
2004-05-22,2004,5,22,-3.6770626
2004-05-23,2004,5,23,-5.9488242
2004-05-24,2004,5,24,-4.258055
2004-05-25,2004,5,25,-6.0742121
2004-05-26,2004,5,26,-1.8904294
2004-05-27,2004,5,27,-1.5372017
2004-05-28,2004,5,28,-1.8145967
2004-05-29,2004,5,29,-4.7882282
2004-05-30,2004,5,30,-3.160086
2004-05-31,2004,5,31,-1.1996652
2004-06-01,2004,6,1,-3.6422764
2004-06-02,2004,6,2,0.45176573
2004-06-03,2004,6,3,2.8950516
2004-06-04,2004,6,4,1.3220525
2004-06-05,2004,6,5,-2.4006709
2004-06-06,2004,6,6,-5.9184564
2004-06-07,2004,6,7,-2.0358831
2004-06-08,2004,6,8,-0.83103993
2004-06-09,2004,6,9,-4.0379247
2004-06-10,2004,6,10,-9.9308705
2004-06-11,2004,6,11,-10.167572
2004-06-12,2004,6,12,-3.4845426
2004-06-13,2004,6,13,-0.94064334
2004-06-14,2004,6,14,-1.0620451
2004-06-15,2004,6,15,0.61701405
2004-06-16,2004,6,16,-1.7719191
2004-06-17,2004,6,17,-1.1324993
2004-06-18,2004,6,18,0.32096886
2004-06-19,2004,6,19,-1.6434351
2004-06-20,2004,6,20,-7.7364704
2004-06-21,2004,6,21,-6.5653343
2004-06-22,2004,6,22,-3.7150844
2004-06-23,2004,6,23,-1.9758278
2004-06-24,2004,6,24,-0.83333022
2004-06-25,2004,6,25,-3.7094995
2004-06-26,2004,6,26,-5.6031453
2004-06-27,2004,6,27,-1.7023318
2004-06-28,2004,6,28,-2.0592543
2004-06-29,2004,6,29,-3.4380909
2004-06-30,2004,6,30,-3.1466335
2004-07-01,2004,7,1,-1.6405494
2004-07-02,2004,7,2,-1.7511375
2004-07-03,2004,7,3,-1.2892011
2004-07-04,2004,7,4,-0.42086161
2004-07-05,2004,7,5,1.4170148
2004-07-06,2004,7,6,1.0847753
2004-07-07,2004,7,7,-1.6433759
2004-07-08,2004,7,8,-2.6548713
2004-07-09,2004,7,9,-4.5228849
2004-07-10,2004,7,10,-3.0664912
2004-07-11,2004,7,11,-2.2061426
2004-07-12,2004,7,12,-4.5027094
2004-07-13,2004,7,13,-5.3749019
2004-07-14,2004,7,14,-7.2342819
2004-07-15,2004,7,15,-9.7337748
2004-07-16,2004,7,16,-7.4033319
2004-07-17,2004,7,17,-2.3982218
2004-07-18,2004,7,18,-3.6229989
2004-07-19,2004,7,19,-5.2856388
2004-07-20,2004,7,20,-4.5583299
2004-07-21,2004,7,21,-7.1219376
2004-07-22,2004,7,22,-8.1081783
2004-07-23,2004,7,23,-7.5958187
2004-07-24,2004,7,24,-5.4051618
2004-07-25,2004,7,25,-4.8450513
2004-07-26,2004,7,26,-5.1023888
2004-07-27,2004,7,27,-6.0929561
2004-07-28,2004,7,28,-11.193971
2004-07-29,2004,7,29,-10.174083
2004-07-30,2004,7,30,-2.7000825
2004-07-31,2004,7,31,-3.3864138
2004-08-01,2004,8,1,-5.010145
2004-08-02,2004,8,2,-7.7879492
2004-08-03,2004,8,3,-8.9098611
2004-08-04,2004,8,4,-8.9525968
2004-08-05,2004,8,5,-13.241958
2004-08-06,2004,8,6,-10.495881
2004-08-07,2004,8,7,-4.0791273
2004-08-08,2004,8,8,-1.030868
2004-08-09,2004,8,9,-1.3374685
2004-08-10,2004,8,10,-2.1342241
2004-08-11,2004,8,11,-6.3448295
2004-08-12,2004,8,12,-5.534828
2004-08-13,2004,8,13,-2.4344508
2004-08-14,2004,8,14,-5.9438672
2004-08-15,2004,8,15,-6.9726095
2004-08-16,2004,8,16,-7.3842683
2004-08-17,2004,8,17,-8.9785932
2004-08-18,2004,8,18,-8.3085564
2004-08-19,2004,8,19,-8.9632299
2004-08-20,2004,8,20,-10.588145
2004-08-21,2004,8,21,-8.6854707
2004-08-22,2004,8,22,-6.2498688
2004-08-23,2004,8,23,-3.4577989
2004-08-24,2004,8,24,-0.78560214
2004-08-25,2004,8,25,-0.69490569
2004-08-26,2004,8,26,-1.3691882
2004-08-27,2004,8,27,-2.2845759
2004-08-28,2004,8,28,-1.438753
2004-08-29,2004,8,29,1.647063
2004-08-30,2004,8,30,3.1785529
2004-08-31,2004,8,31,-0.62385632
2004-09-01,2004,9,1,0.12852861
2004-09-02,2004,9,2,2.0310098
2004-09-03,2004,9,3,2.6080094
2004-09-04,2004,9,4,-2.5700623
2004-09-05,2004,9,5,-1.8284887
2004-09-06,2004,9,6,-1.8799024
2004-09-07,2004,9,7,-5.2663349
2004-09-08,2004,9,8,-7.0574771
2004-09-09,2004,9,9,-8.0179046
2004-09-10,2004,9,10,-6.7934739
2004-09-11,2004,9,11,-7.1757861
2004-09-12,2004,9,12,1.1521093
2004-09-13,2004,9,13,2.9286035
2004-09-14,2004,9,14,1.1269135
2004-09-15,2004,9,15,1.12673
2004-09-16,2004,9,16,0.68694702
2004-09-17,2004,9,17,0.59706922
2004-09-18,2004,9,18,-1.1519416
2004-09-19,2004,9,19,-1.9908294
2004-09-20,2004,9,20,-1.3292765
2004-09-21,2004,9,21,-4.4594362
2004-09-22,2004,9,22,-3.1137511
2004-09-23,2004,9,23,0.22621845
2004-09-24,2004,9,24,0.32445957
2004-09-25,2004,9,25,0.55307274
2004-09-26,2004,9,26,-1.1700747
2004-09-27,2004,9,27,-1.182274
2004-09-28,2004,9,28,-2.15705
2004-09-29,2004,9,29,-0.10715917
2004-09-30,2004,9,30,-3.1007832
2004-10-01,2004,10,1,0.69616946
2004-10-02,2004,10,2,1.5809346
2004-10-03,2004,10,3,1.1458898
2004-10-04,2004,10,4,3.6483654
2004-10-05,2004,10,5,3.9901596
2004-10-06,2004,10,6,3.7980593
2004-10-07,2004,10,7,1.2073317
2004-10-08,2004,10,8,-1.4633404
2004-10-09,2004,10,9,-0.82615838
2004-10-10,2004,10,10,-1.4261459
2004-10-11,2004,10,11,-3.5980702
2004-10-12,2004,10,12,-6.6775421
2004-10-13,2004,10,13,-4.4515212
2004-10-14,2004,10,14,-1.7302717
2004-10-15,2004,10,15,-2.8107207
2004-10-16,2004,10,16,-4.2902601
2004-10-17,2004,10,17,-4.438623
2004-10-18,2004,10,18,-4.3650913
2004-10-19,2004,10,19,-1.655526
2004-10-20,2004,10,20,-0.57620193
2004-10-21,2004,10,21,-0.1272976
2004-10-22,2004,10,22,-1.072929
2004-10-23,2004,10,23,-3.4432455
2004-10-24,2004,10,24,-3.3940154
2004-10-25,2004,10,25,-1.2110243
2004-10-26,2004,10,26,-1.1191927
2004-10-27,2004,10,27,-1.0548195
2004-10-28,2004,10,28,2.2623711
2004-10-29,2004,10,29,-0.53682387
2004-10-30,2004,10,30,-1.3679794
2004-10-31,2004,10,31,0.7312171
2004-11-01,2004,11,1,2.2811604
2004-11-02,2004,11,2,2.1147114
2004-11-03,2004,11,3,1.1685447
2004-11-04,2004,11,4,-1.279873
2004-11-05,2004,11,5,-1.9138499
2004-11-06,2004,11,6,0.64207794
2004-11-07,2004,11,7,2.6305936
2004-11-08,2004,11,8,1.9828569
2004-11-09,2004,11,9,0.43686132
2004-11-10,2004,11,10,1.2415459
2004-11-11,2004,11,11,3.0490837
2004-11-12,2004,11,12,4.037299
2004-11-13,2004,11,13,0.30547699
2004-11-14,2004,11,14,-0.86063816
2004-11-15,2004,11,15,-0.6992015
2004-11-16,2004,11,16,-1.0034329
2004-11-17,2004,11,17,1.772708
2004-11-18,2004,11,18,2.6433397
2004-11-19,2004,11,19,3.2643393
2004-11-20,2004,11,20,3.9450213
2004-11-21,2004,11,21,3.6908566
2004-11-22,2004,11,22,3.0282234
2004-11-23,2004,11,23,3.7041301
2004-11-24,2004,11,24,3.4574204
2004-11-25,2004,11,25,2.6982965
2004-11-26,2004,11,26,1.6687913
2004-11-27,2004,11,27,3.8461627
2004-11-28,2004,11,28,5.1580127
2004-11-29,2004,11,29,5.4953684
2004-11-30,2004,11,30,5.0573363
2004-12-01,2004,12,1,6.2354047
2004-12-02,2004,12,2,5.2516629
2004-12-03,2004,12,3,3.0941826
2004-12-04,2004,12,4,1.8977387
2004-12-05,2004,12,5,5.6356718
2004-12-06,2004,12,6,6.4105494
2004-12-07,2004,12,7,5.2132363
2004-12-08,2004,12,8,4.6800068
2004-12-09,2004,12,9,6.1269751
2004-12-10,2004,12,10,6.3932022
2004-12-11,2004,12,11,7.0729493
2004-12-12,2004,12,12,6.4520594
2004-12-13,2004,12,13,7.5239024
2004-12-14,2004,12,14,5.5208629
2004-12-15,2004,12,15,4.203374
2004-12-16,2004,12,16,3.6092204
2004-12-17,2004,12,17,4.9530398
2004-12-18,2004,12,18,3.5791452
2004-12-19,2004,12,19,4.9537568
2004-12-20,2004,12,20,4.7635944
2004-12-21,2004,12,21,5.2478673
2004-12-22,2004,12,22,6.3587132
2004-12-23,2004,12,23,5.8377529
2004-12-24,2004,12,24,2.6108407
2004-12-25,2004,12,25,6.3361011
2004-12-26,2004,12,26,7.3015312
2004-12-27,2004,12,27,7.7266108
2004-12-28,2004,12,28,6.7043538
2004-12-29,2004,12,29,4.7168577
2004-12-30,2004,12,30,6.9945531
2004-12-31,2004,12,31,8.5622829
2005-01-01,2005,1,1,7.8679474
2005-01-02,2005,1,2,8.1995553
2005-01-03,2005,1,3,8.3693338
2005-01-04,2005,1,4,8.6583563
2005-01-05,2005,1,5,7.4287888
2005-01-06,2005,1,6,7.5942187
2005-01-07,2005,1,7,8.7246265
2005-01-08,2005,1,8,7.5453643
2005-01-09,2005,1,9,8.1445148
2005-01-10,2005,1,10,9.7529464
2005-01-11,2005,1,11,9.5092322
2005-01-12,2005,1,12,9.9410249
2005-01-13,2005,1,13,10.406809
2005-01-14,2005,1,14,6.4978838
2005-01-15,2005,1,15,6.2157727
2005-01-16,2005,1,16,8.2016949
2005-01-17,2005,1,17,8.4303325
2005-01-18,2005,1,18,8.3462523
2005-01-19,2005,1,19,7.3418862
2005-01-20,2005,1,20,7.6706656
2005-01-21,2005,1,21,5.7855209
2005-01-22,2005,1,22,5.2978964
2005-01-23,2005,1,23,6.972212
2005-01-24,2005,1,24,6.1580869
2005-01-25,2005,1,25,6.7508805
2005-01-26,2005,1,26,6.9250579
2005-01-27,2005,1,27,4.7128429
2005-01-28,2005,1,28,5.7512257
2005-01-29,2005,1,29,2.6316381
2005-01-30,2005,1,30,-1.8316369
2005-01-31,2005,1,31,-1.2866346
2005-02-01,2005,2,1,1.3805589
2005-02-02,2005,2,2,2.6501651
2005-02-03,2005,2,3,5.3668794
2005-02-04,2005,2,4,7.7171532
2005-02-05,2005,2,5,9.318932
2005-02-06,2005,2,6,8.7851803
2005-02-07,2005,2,7,6.8700775
2005-02-08,2005,2,8,6.177914
2005-02-09,2005,2,9,7.2237531
2005-02-10,2005,2,10,9.5184656
2005-02-11,2005,2,11,9.2679745
2005-02-12,2005,2,12,8.8047901
2005-02-13,2005,2,13,7.4132371
2005-02-14,2005,2,14,7.1552209
2005-02-15,2005,2,15,6.6858706
2005-02-16,2005,2,16,6.1091206
2005-02-17,2005,2,17,7.7651469
2005-02-18,2005,2,18,8.6993456
2005-02-19,2005,2,19,9.5630105
2005-02-20,2005,2,20,9.2876227
2005-02-21,2005,2,21,8.8339435
2005-02-22,2005,2,22,8.5250841
2005-02-23,2005,2,23,7.2343571
2005-02-24,2005,2,24,7.5976996
2005-02-25,2005,2,25,7.9244529
2005-02-26,2005,2,26,7.9379648
2005-02-27,2005,2,27,6.8132723
2005-02-28,2005,2,28,7.4643285
2005-03-01,2005,3,1,6.7466921
2005-03-02,2005,3,2,7.3746918
2005-03-03,2005,3,3,9.2523486
2005-03-04,2005,3,4,8.5811167
2005-03-05,2005,3,5,8.5714939
2005-03-06,2005,3,6,6.675592
2005-03-07,2005,3,7,3.2532289
2005-03-08,2005,3,8,0.038673848
2005-03-09,2005,3,9,2.7393635
2005-03-10,2005,3,10,5.364996
2005-03-11,2005,3,11,6.9658735
2005-03-12,2005,3,12,2.8212891
2005-03-13,2005,3,13,2.1765412
2005-03-14,2005,3,14,4.3123609
2005-03-15,2005,3,15,4.1882564
2005-03-16,2005,3,16,2.6850045
2005-03-17,2005,3,17,4.0553207
2005-03-18,2005,3,18,3.4209234
2005-03-19,2005,3,19,6.6659763
2005-03-20,2005,3,20,6.7677853
2005-03-21,2005,3,21,5.2048967
2005-03-22,2005,3,22,2.8128909
2005-03-23,2005,3,23,5.1333195
2005-03-24,2005,3,24,6.0450867
2005-03-25,2005,3,25,5.8622587
2005-03-26,2005,3,26,5.3977401
2005-03-27,2005,3,27,4.2895564
2005-03-28,2005,3,28,4.5272204
2005-03-29,2005,3,29,4.3344287
2005-03-30,2005,3,30,4.9799657
2005-03-31,2005,3,31,3.7932375
2005-04-01,2005,4,1,1.8641901
2005-04-02,2005,4,2,-0.64624203
2005-04-03,2005,4,3,-0.55627953
2005-04-04,2005,4,4,0.94324431
2005-04-05,2005,4,5,1.7395784
2005-04-06,2005,4,6,0.66512407
2005-04-07,2005,4,7,0.48227892
2005-04-08,2005,4,8,2.3440468
2005-04-09,2005,4,9,2.5294003
2005-04-10,2005,4,10,2.1654502
2005-04-11,2005,4,11,1.3915275
2005-04-12,2005,4,12,2.6133016
2005-04-13,2005,4,13,1.8581235
2005-04-14,2005,4,14,0.89328952
2005-04-15,2005,4,15,4.8437068
2005-04-16,2005,4,16,6.0168878
2005-04-17,2005,4,17,4.4168885
2005-04-18,2005,4,18,4.3407787
2005-04-19,2005,4,19,2.4809389
2005-04-20,2005,4,20,3.1824466
2005-04-21,2005,4,21,2.8242253
2005-04-22,2005,4,22,2.7880544
2005-04-23,2005,4,23,3.0495334
2005-04-24,2005,4,24,-0.83890616
2005-04-25,2005,4,25,-1.9136878
2005-04-26,2005,4,26,-3.1731124
2005-04-27,2005,4,27,-3.5468336
2005-04-28,2005,4,28,-1.0930552
2005-04-29,2005,4,29,-3.0229283
2005-04-30,2005,4,30,2.5949651
2005-05-01,2005,5,1,3.3577136
2005-05-02,2005,5,2,1.8857355
2005-05-03,2005,5,3,0.25455216
2005-05-04,2005,5,4,-2.3827295
2005-05-05,2005,5,5,-3.9611376
2005-05-06,2005,5,6,-5.9246485
2005-05-07,2005,5,7,-3.5347131
2005-05-08,2005,5,8,-1.1050682
2005-05-09,2005,5,9,-0.48013771
2005-05-10,2005,5,10,-0.91157066
2005-05-11,2005,5,11,-3.0391336
2005-05-12,2005,5,12,-0.10314972
2005-05-13,2005,5,13,-1.3823967
2005-05-14,2005,5,14,-2.8945525
2005-05-15,2005,5,15,-6.7617731
2005-05-16,2005,5,16,-7.8475508
2005-05-17,2005,5,17,-5.4419411
2005-05-18,2005,5,18,-4.9576822
2005-05-19,2005,5,19,-5.9531143
2005-05-20,2005,5,20,-6.4779372
2005-05-21,2005,5,21,-4.8950875
2005-05-22,2005,5,22,-3.145649
2005-05-23,2005,5,23,-4.6291101
2005-05-24,2005,5,24,-5.3599069
2005-05-25,2005,5,25,-3.7582065
2005-05-26,2005,5,26,-1.9676106
2005-05-27,2005,5,27,0.19537662
2005-05-28,2005,5,28,0.89238286
2005-05-29,2005,5,29,-2.2703037
2005-05-30,2005,5,30,-0.63226826
2005-05-31,2005,5,31,1.8206023
2005-06-01,2005,6,1,1.6909669
2005-06-02,2005,6,2,-1.3637069
2005-06-03,2005,6,3,-2.3399203
2005-06-04,2005,6,4,-3.7778322
2005-06-05,2005,6,5,-2.5578485
2005-06-06,2005,6,6,1.5113243
2005-06-07,2005,6,7,0.28979808
2005-06-08,2005,6,8,-0.09893262
2005-06-09,2005,6,9,0.86440025
2005-06-10,2005,6,10,-1.7886439
2005-06-11,2005,6,11,-3.2210597
2005-06-12,2005,6,12,-2.6500032
2005-06-13,2005,6,13,-2.6953939
2005-06-14,2005,6,14,-2.4134444
2005-06-15,2005,6,15,-2.5503641
2005-06-16,2005,6,16,-1.6369762
2005-06-17,2005,6,17,-1.0000295
2005-06-18,2005,6,18,-0.86638024
2005-06-19,2005,6,19,-2.8545996
2005-06-20,2005,6,20,-2.2291911
2005-06-21,2005,6,21,-2.1688095
2005-06-22,2005,6,22,-2.2827381
2005-06-23,2005,6,23,0.46986802
2005-06-24,2005,6,24,-1.1070166
2005-06-25,2005,6,25,-4.9093052
2005-06-26,2005,6,26,-3.4108714
2005-06-27,2005,6,27,-2.5686621
2005-06-28,2005,6,28,-1.4659247
2005-06-29,2005,6,29,-2.7226435
2005-06-30,2005,6,30,-1.9357337
2005-07-01,2005,7,1,-2.0258234
2005-07-02,2005,7,2,-3.7769313
2005-07-03,2005,7,3,-4.7675821
2005-07-04,2005,7,4,-8.0316967
2005-07-05,2005,7,5,-3.0784319
2005-07-06,2005,7,6,-0.87594596
2005-07-07,2005,7,7,-0.6259552
2005-07-08,2005,7,8,-3.1231074
2005-07-09,2005,7,9,0.87941647
2005-07-10,2005,7,10,0.51718432
2005-07-11,2005,7,11,1.8967376
2005-07-12,2005,7,12,-3.6528697
2005-07-13,2005,7,13,-6.4707329
2005-07-14,2005,7,14,-7.7261974
2005-07-15,2005,7,15,-9.8647382
2005-07-16,2005,7,16,-10.241339
2005-07-17,2005,7,17,-10.207262
2005-07-18,2005,7,18,-9.0797696
2005-07-19,2005,7,19,-4.8560517
2005-07-20,2005,7,20,-6.2070182
2005-07-21,2005,7,21,-10.375289
2005-07-22,2005,7,22,-9.644419
2005-07-23,2005,7,23,-7.0624039
2005-07-24,2005,7,24,-6.4935862
2005-07-25,2005,7,25,-4.544346
2005-07-26,2005,7,26,-3.3107691
2005-07-27,2005,7,27,-2.0625214
2005-07-28,2005,7,28,-0.28565915
2005-07-29,2005,7,29,-1.8124574
2005-07-30,2005,7,30,-4.1798217
2005-07-31,2005,7,31,-5.2651742
2005-08-01,2005,8,1,-3.0685006
2005-08-02,2005,8,2,-1.2420119
2005-08-03,2005,8,3,-0.037498068
2005-08-04,2005,8,4,-2.4878277
2005-08-05,2005,8,5,-7.2088022
2005-08-06,2005,8,6,-4.7601544
2005-08-07,2005,8,7,0.089709646
2005-08-08,2005,8,8,-0.22070652
2005-08-09,2005,8,9,1.3026343
2005-08-10,2005,8,10,0.80983911
2005-08-11,2005,8,11,0.42895987
2005-08-12,2005,8,12,-0.12473671
2005-08-13,2005,8,13,-3.2732304
2005-08-14,2005,8,14,-4.0250611
2005-08-15,2005,8,15,-2.133484
2005-08-16,2005,8,16,-4.3615823
2005-08-17,2005,8,17,-6.1883552
2005-08-18,2005,8,18,-1.9327562
2005-08-19,2005,8,19,-0.57640977
2005-08-20,2005,8,20,-1.2840005
2005-08-21,2005,8,21,-4.3916515
2005-08-22,2005,8,22,-4.0465298
2005-08-23,2005,8,23,-6.1300781
2005-08-24,2005,8,24,-6.0918557
2005-08-25,2005,8,25,-1.0389482
2005-08-26,2005,8,26,-1.5992877
2005-08-27,2005,8,27,-2.6352257
2005-08-28,2005,8,28,-5.174427
2005-08-29,2005,8,29,-9.030762
2005-08-30,2005,8,30,-10.950423
2005-08-31,2005,8,31,-9.5725947
2005-09-01,2005,9,1,-11.110776
2005-09-02,2005,9,2,-4.7825685
2005-09-03,2005,9,3,-6.3374423
2005-09-04,2005,9,4,-7.8973917
2005-09-05,2005,9,5,-2.7223235
2005-09-06,2005,9,6,-1.1783765
2005-09-07,2005,9,7,0.1516022
2005-09-08,2005,9,8,-2.2116786
2005-09-09,2005,9,9,-3.7185365
2005-09-10,2005,9,10,-8.1588252
2005-09-11,2005,9,11,-11.98212
2005-09-12,2005,9,12,-9.9650769
2005-09-13,2005,9,13,-8.0000082
2005-09-14,2005,9,14,-7.5688743
2005-09-15,2005,9,15,-8.1221068
2005-09-16,2005,9,16,-5.3214587
2005-09-17,2005,9,17,-4.3134806
2005-09-18,2005,9,18,-2.0954587
2005-09-19,2005,9,19,0.060413606
2005-09-20,2005,9,20,-1.2842971
2005-09-21,2005,9,21,-1.7731517
2005-09-22,2005,9,22,-2.6373836
2005-09-23,2005,9,23,-4.7384177
2005-09-24,2005,9,24,-6.9126714
2005-09-25,2005,9,25,-4.0556669
2005-09-26,2005,9,26,-2.7064534
2005-09-27,2005,9,27,-2.2086002
2005-09-28,2005,9,28,-2.8608827
2005-09-29,2005,9,29,-6.1871449
2005-09-30,2005,9,30,-5.4422134
2005-10-01,2005,10,1,-0.063252677
2005-10-02,2005,10,2,-2.2686766
2005-10-03,2005,10,3,-5.9586797
2005-10-04,2005,10,4,-6.3317675
2005-10-05,2005,10,5,-4.3543499
2005-10-06,2005,10,6,-3.9185526
2005-10-07,2005,10,7,-5.0770377
2005-10-08,2005,10,8,-1.5545155
2005-10-09,2005,10,9,0.33880955
2005-10-10,2005,10,10,1.1374586
2005-10-11,2005,10,11,1.6239528
2005-10-12,2005,10,12,-0.59253317
2005-10-13,2005,10,13,-0.93990376
2005-10-14,2005,10,14,-0.48803615
2005-10-15,2005,10,15,-0.86980194
2005-10-16,2005,10,16,-2.7128965
2005-10-17,2005,10,17,0.30462429
2005-10-18,2005,10,18,1.8986679
2005-10-19,2005,10,19,4.4188442
2005-10-20,2005,10,20,3.7137884
2005-10-21,2005,10,21,1.9771315
2005-10-22,2005,10,22,1.1843078
2005-10-23,2005,10,23,1.2478413
2005-10-24,2005,10,24,-1.038001
2005-10-25,2005,10,25,-2.2633103
2005-10-26,2005,10,26,-2.856093
2005-10-27,2005,10,27,-2.6932356
2005-10-28,2005,10,28,-2.4182958
2005-10-29,2005,10,29,-3.8005968
2005-10-30,2005,10,30,-2.7189898
2005-10-31,2005,10,31,0.39166945
2005-11-01,2005,11,1,0.92115917
2005-11-02,2005,11,2,1.9287464
2005-11-03,2005,11,3,0.62619898
2005-11-04,2005,11,4,1.4988006
2005-11-05,2005,11,5,2.4487263
2005-11-06,2005,11,6,1.9338543
2005-11-07,2005,11,7,3.2574586
2005-11-08,2005,11,8,4.2908887
2005-11-09,2005,11,9,4.5747457
2005-11-10,2005,11,10,3.7128111
2005-11-11,2005,11,11,5.6584321
2005-11-12,2005,11,12,5.033582
2005-11-13,2005,11,13,2.7200538
2005-11-14,2005,11,14,3.4003643
2005-11-15,2005,11,15,3.7727511
2005-11-16,2005,11,16,2.6852499
2005-11-17,2005,11,17,2.966562
2005-11-18,2005,11,18,1.8941976
2005-11-19,2005,11,19,2.6993549
2005-11-20,2005,11,20,4.9704438
2005-11-21,2005,11,21,4.331974
2005-11-22,2005,11,22,4.5033649
2005-11-23,2005,11,23,1.2593258
2005-11-24,2005,11,24,-0.98458297
2005-11-25,2005,11,25,3.2250153
2005-11-26,2005,11,26,5.2117604
2005-11-27,2005,11,27,5.0798408
2005-11-28,2005,11,28,3.544602
2005-11-29,2005,11,29,3.1063481
2005-11-30,2005,11,30,2.9736661
2005-12-01,2005,12,1,4.7249271
2005-12-02,2005,12,2,5.4208731
2005-12-03,2005,12,3,2.6559688
2005-12-04,2005,12,4,2.3910095
2005-12-05,2005,12,5,0.77168612
2005-12-06,2005,12,6,2.3036057
2005-12-07,2005,12,7,3.5220306
2005-12-08,2005,12,8,4.2304158
2005-12-09,2005,12,9,4.2868856
2005-12-10,2005,12,10,7.0990204
2005-12-11,2005,12,11,9.139188
2005-12-12,2005,12,12,10.097567
2005-12-13,2005,12,13,7.5112371
2005-12-14,2005,12,14,8.0381625
2005-12-15,2005,12,15,7.9681054
2005-12-16,2005,12,16,7.3230792
2005-12-17,2005,12,17,6.2555434
2005-12-18,2005,12,18,5.9816033
2005-12-19,2005,12,19,5.7301345
2005-12-20,2005,12,20,7.278473
2005-12-21,2005,12,21,8.4402098
2005-12-22,2005,12,22,6.8382528
2005-12-23,2005,12,23,6.7858754
2005-12-24,2005,12,24,7.2180764
2005-12-25,2005,12,25,8.5541031
2005-12-26,2005,12,26,9.3470461
2005-12-27,2005,12,27,7.8348419
2005-12-28,2005,12,28,6.5124048
2005-12-29,2005,12,29,7.3717022
2005-12-30,2005,12,30,6.4816063
2005-12-31,2005,12,31,6.3916606
2006-01-01,2006,1,1,6.255837
2006-01-02,2006,1,2,5.5843521
2006-01-03,2006,1,3,6.5690691
2006-01-04,2006,1,4,7.8210288
2006-01-05,2006,1,5,8.5343154
2006-01-06,2006,1,6,9.1360197
2006-01-07,2006,1,7,8.9635215
2006-01-08,2006,1,8,7.8308763
2006-01-09,2006,1,9,7.7142951
2006-01-10,2006,1,10,6.4647622
2006-01-11,2006,1,11,7.8148264
2006-01-12,2006,1,12,8.3662187
2006-01-13,2006,1,13,9.0705798
2006-01-14,2006,1,14,7.4527093
2006-01-15,2006,1,15,5.924841
2006-01-16,2006,1,16,7.9311631
2006-01-17,2006,1,17,9.098343
2006-01-18,2006,1,18,8.9300359
2006-01-19,2006,1,19,6.5513659
2006-01-20,2006,1,20,6.8706992
2006-01-21,2006,1,21,8.4962832
2006-01-22,2006,1,22,9.1119077
2006-01-23,2006,1,23,8.3129849
2006-01-24,2006,1,24,6.6018558
2006-01-25,2006,1,25,8.7015714
2006-01-26,2006,1,26,10.030892
2006-01-27,2006,1,27,9.5147382
2006-01-28,2006,1,28,9.66179
2006-01-29,2006,1,29,10.821102
2006-01-30,2006,1,30,11.001702
2006-01-31,2006,1,31,9.4149604
2006-02-01,2006,2,1,8.5656314
2006-02-02,2006,2,2,9.1423094
2006-02-03,2006,2,3,8.4832828
2006-02-04,2006,2,4,6.3381155
2006-02-05,2006,2,5,6.3937084
2006-02-06,2006,2,6,7.8803616
2006-02-07,2006,2,7,6.4047289
2006-02-08,2006,2,8,6.0878636
2006-02-09,2006,2,9,8.5264615
2006-02-10,2006,2,10,10.600547
2006-02-11,2006,2,11,11.149218
2006-02-12,2006,2,12,9.0560457
2006-02-13,2006,2,13,9.1264748
2006-02-14,2006,2,14,9.5750671
2006-02-15,2006,2,15,8.1542269
2006-02-16,2006,2,16,7.3716563
2006-02-17,2006,2,17,8.8286921
2006-02-18,2006,2,18,9.9846539
2006-02-19,2006,2,19,10.129308
2006-02-20,2006,2,20,8.3228771
2006-02-21,2006,2,21,7.5661176
2006-02-22,2006,2,22,6.3445316
2006-02-23,2006,2,23,4.7295506
2006-02-24,2006,2,24,7.0845776
2006-02-25,2006,2,25,7.4258293
2006-02-26,2006,2,26,5.6870589
2006-02-27,2006,2,27,3.6779542
2006-02-28,2006,2,28,2.9471514
2006-03-01,2006,3,1,2.5391719
2006-03-02,2006,3,2,1.9202761
2006-03-03,2006,3,3,1.2046004
2006-03-04,2006,3,4,5.0841701
2006-03-05,2006,3,5,5.9888674
2006-03-06,2006,3,6,6.1739134
2006-03-07,2006,3,7,4.7283681
2006-03-08,2006,3,8,3.2774324
2006-03-09,2006,3,9,6.096917
2006-03-10,2006,3,10,7.4461191
2006-03-11,2006,3,11,5.4112999
2006-03-12,2006,3,12,6.5473603
2006-03-13,2006,3,13,4.9558164
2006-03-14,2006,3,14,4.7028347
2006-03-15,2006,3,15,4.0167424
2006-03-16,2006,3,16,2.4373782
2006-03-17,2006,3,17,3.6090288
2006-03-18,2006,3,18,7.3513737
2006-03-19,2006,3,19,7.151315
2006-03-20,2006,3,20,7.1791881
2006-03-21,2006,3,21,5.9543047
2006-03-22,2006,3,22,4.9098043
2006-03-23,2006,3,23,6.2672751
2006-03-24,2006,3,24,5.1695975
2006-03-25,2006,3,25,5.9623232
2006-03-26,2006,3,26,5.4256262
2006-03-27,2006,3,27,4.9343336
2006-03-28,2006,3,28,5.0673872
2006-03-29,2006,3,29,5.8427416
2006-03-30,2006,3,30,5.0570157
2006-03-31,2006,3,31,5.4189913
2006-04-01,2006,4,1,6.4698547
2006-04-02,2006,4,2,7.9457844
2006-04-03,2006,4,3,5.0893798
2006-04-04,2006,4,4,4.4911292
2006-04-05,2006,4,5,3.8533135
2006-04-06,2006,4,6,4.4304277
2006-04-07,2006,4,7,3.1803943
2006-04-08,2006,4,8,3.3176074
2006-04-09,2006,4,9,4.5802021
2006-04-10,2006,4,10,3.8562533
2006-04-11,2006,4,11,3.5647522
2006-04-12,2006,4,12,3.0399863
2006-04-13,2006,4,13,-0.66044232
2006-04-14,2006,4,14,-4.262657
2006-04-15,2006,4,15,-2.3664013
2006-04-16,2006,4,16,-1.4415921
2006-04-17,2006,4,17,1.9610175
2006-04-18,2006,4,18,2.817645
2006-04-19,2006,4,19,3.7575642
2006-04-20,2006,4,20,3.0734767
2006-04-21,2006,4,21,3.3516792
2006-04-22,2006,4,22,5.0616373
2006-04-23,2006,4,23,6.822677
2006-04-24,2006,4,24,4.4266843
2006-04-25,2006,4,25,3.8559643
2006-04-26,2006,4,26,7.3528853
2006-04-27,2006,4,27,6.501871
2006-04-28,2006,4,28,4.7396084
2006-04-29,2006,4,29,4.4785408
2006-04-30,2006,4,30,5.7234795
2006-05-01,2006,5,1,5.8348361
2006-05-02,2006,5,2,6.0124404
2006-05-03,2006,5,3,5.8674119
2006-05-04,2006,5,4,4.4065101
2006-05-05,2006,5,5,2.5992499
2006-05-06,2006,5,6,1.7462967
2006-05-07,2006,5,7,2.8931646
2006-05-08,2006,5,8,3.3983759
2006-05-09,2006,5,9,3.9949786
2006-05-10,2006,5,10,4.8756941
2006-05-11,2006,5,11,5.1523071
2006-05-12,2006,5,12,4.8557
2006-05-13,2006,5,13,5.2554653
2006-05-14,2006,5,14,5.2185011
2006-05-15,2006,5,15,4.0156068
2006-05-16,2006,5,16,0.60595049
2006-05-17,2006,5,17,0.030366217
2006-05-18,2006,5,18,1.4161549
2006-05-19,2006,5,19,-0.71135887
2006-05-20,2006,5,20,0.24967696
2006-05-21,2006,5,21,0.37251326
2006-05-22,2006,5,22,-0.54506898
2006-05-23,2006,5,23,0.28254616
2006-05-24,2006,5,24,2.3771353
2006-05-25,2006,5,25,1.9960544
2006-05-26,2006,5,26,1.418154
2006-05-27,2006,5,27,0.16005446
2006-05-28,2006,5,28,0.064810566
2006-05-29,2006,5,29,-1.1969515
2006-05-30,2006,5,30,-2.3803137
2006-05-31,2006,5,31,0.16890416
2006-06-01,2006,6,1,-0.1682529
2006-06-02,2006,6,2,-2.2854483
2006-06-03,2006,6,3,-5.0524232
2006-06-04,2006,6,4,-3.7261984
2006-06-05,2006,6,5,-3.5993586
2006-06-06,2006,6,6,-0.93645088
2006-06-07,2006,6,7,-0.15585505
2006-06-08,2006,6,8,-3.1837403
2006-06-09,2006,6,9,-6.8229987
2006-06-10,2006,6,10,-8.099196
2006-06-11,2006,6,11,-3.0761243
2006-06-12,2006,6,12,-1.6750029
2006-06-13,2006,6,13,-1.2020347
2006-06-14,2006,6,14,-0.7449049
2006-06-15,2006,6,15,-0.43981799
2006-06-16,2006,6,16,0.06100848
2006-06-17,2006,6,17,-2.1915938
2006-06-18,2006,6,18,-0.24989162
2006-06-19,2006,6,19,-1.6057127
2006-06-20,2006,6,20,-4.8073741
2006-06-21,2006,6,21,-2.4081553
2006-06-22,2006,6,22,0.91316908
2006-06-23,2006,6,23,0.35848189
2006-06-24,2006,6,24,-2.7146748
2006-06-25,2006,6,25,-3.8714967
2006-06-26,2006,6,26,-0.047292643
2006-06-27,2006,6,27,0.34731271
2006-06-28,2006,6,28,-3.3069558
2006-06-29,2006,6,29,-2.6662998
2006-06-30,2006,6,30,-3.6622016
2006-07-01,2006,7,1,0.14446387
2006-07-02,2006,7,2,2.7263028
2006-07-03,2006,7,3,2.6125056
2006-07-04,2006,7,4,2.2768805
2006-07-05,2006,7,5,1.4062586
2006-07-06,2006,7,6,-2.4714591
2006-07-07,2006,7,7,-5.7735793
2006-07-08,2006,7,8,-7.8380517
2006-07-09,2006,7,9,-7.6847942
2006-07-10,2006,7,10,-3.4233514
2006-07-11,2006,7,11,-2.5762135
2006-07-12,2006,7,12,-3.0783739
2006-07-13,2006,7,13,-2.8925548
2006-07-14,2006,7,14,-2.9685263
2006-07-15,2006,7,15,-0.54932975
2006-07-16,2006,7,16,-0.26803937
2006-07-17,2006,7,17,0.46685586
2006-07-18,2006,7,18,0.88128797
2006-07-19,2006,7,19,1.1241673
2006-07-20,2006,7,20,-2.1328655
2006-07-21,2006,7,21,-4.5130115
2006-07-22,2006,7,22,-5.525969
2006-07-23,2006,7,23,-6.0032679
2006-07-24,2006,7,24,-6.0830763
2006-07-25,2006,7,25,-6.3300583
2006-07-26,2006,7,26,-8.5464091
2006-07-27,2006,7,27,-10.220266
2006-07-28,2006,7,28,-9.448071
2006-07-29,2006,7,29,-9.0815146
2006-07-30,2006,7,30,-9.3007939
2006-07-31,2006,7,31,-7.3555568
2006-08-01,2006,8,1,-4.0961441
2006-08-02,2006,8,2,-3.3856295
2006-08-03,2006,8,3,-1.3258057
2006-08-04,2006,8,4,-3.2932714
2006-08-05,2006,8,5,-1.9897835
2006-08-06,2006,8,6,-3.2015368
2006-08-07,2006,8,7,-6.3815572
2006-08-08,2006,8,8,-7.7861563
2006-08-09,2006,8,9,-8.1909891
2006-08-10,2006,8,10,-6.2973751
2006-08-11,2006,8,11,-5.1714823
2006-08-12,2006,8,12,-3.3003478
2006-08-13,2006,8,13,-4.4514661
2006-08-14,2006,8,14,-8.3375185
2006-08-15,2006,8,15,-5.8380652
2006-08-16,2006,8,16,-7.4696331
2006-08-17,2006,8,17,-8.4577306
2006-08-18,2006,8,18,-3.4391105
2006-08-19,2006,8,19,-2.0799453
2006-08-20,2006,8,20,-1.5597368
2006-08-21,2006,8,21,0.067831929
2006-08-22,2006,8,22,-0.28630586
2006-08-23,2006,8,23,-0.8862017
2006-08-24,2006,8,24,-0.19483396
2006-08-25,2006,8,25,-2.449831
2006-08-26,2006,8,26,-4.7004481
2006-08-27,2006,8,27,-4.7393718
2006-08-28,2006,8,28,-4.65591
2006-08-29,2006,8,29,-2.5392154
2006-08-30,2006,8,30,-4.507543
2006-08-31,2006,8,31,-5.2260282
2006-09-01,2006,9,1,-8.0928701
2006-09-02,2006,9,2,-5.317973
2006-09-03,2006,9,3,-5.9313785
2006-09-04,2006,9,4,-7.239971
2006-09-05,2006,9,5,-1.8713382
2006-09-06,2006,9,6,-2.3396688
2006-09-07,2006,9,7,-4.1934858
2006-09-08,2006,9,8,-3.7914839
2006-09-09,2006,9,9,-1.3090911
2006-09-10,2006,9,10,0.39421093
2006-09-11,2006,9,11,-0.7055031
2006-09-12,2006,9,12,-2.475797
2006-09-13,2006,9,13,-4.1502724
2006-09-14,2006,9,14,-8.1901334
2006-09-15,2006,9,15,-4.3877497
2006-09-16,2006,9,16,-3.0561577
2006-09-17,2006,9,17,-2.887854
2006-09-18,2006,9,18,-1.2464
2006-09-19,2006,9,19,-4.33441
2006-09-20,2006,9,20,-4.2919098
2006-09-21,2006,9,21,-0.61247256
2006-09-22,2006,9,22,-3.5546198
2006-09-23,2006,9,23,-0.97757873
2006-09-24,2006,9,24,2.0565816
2006-09-25,2006,9,25,1.9131598
2006-09-26,2006,9,26,0.15362636
2006-09-27,2006,9,27,-1.6463291
2006-09-28,2006,9,28,-0.62038235
2006-09-29,2006,9,29,2.2476345
2006-09-30,2006,9,30,-0.1334949
2006-10-01,2006,10,1,-0.67631411
2006-10-02,2006,10,2,1.3280232
2006-10-03,2006,10,3,0.21988205
2006-10-04,2006,10,4,-5.1325842
2006-10-05,2006,10,5,-3.0344125
2006-10-06,2006,10,6,-1.6723335
2006-10-07,2006,10,7,-1.2900905
2006-10-08,2006,10,8,1.7732173
2006-10-09,2006,10,9,1.7017528
2006-10-10,2006,10,10,0.36375903
2006-10-11,2006,10,11,-0.010126642
2006-10-12,2006,10,12,2.9038468
2006-10-13,2006,10,13,-0.064759259
2006-10-14,2006,10,14,-5.9298142
2006-10-15,2006,10,15,-3.9503953
2006-10-16,2006,10,16,-0.94033248
2006-10-17,2006,10,17,-0.55633432
2006-10-18,2006,10,18,-2.3827282
2006-10-19,2006,10,19,-2.875756
2006-10-20,2006,10,20,-0.36924865
2006-10-21,2006,10,21,1.4673656
2006-10-22,2006,10,22,1.898299
2006-10-23,2006,10,23,2.0824586
2006-10-24,2006,10,24,0.18641326
2006-10-25,2006,10,25,1.5554169
2006-10-26,2006,10,26,4.3248159
2006-10-27,2006,10,27,0.27403669
2006-10-28,2006,10,28,-0.16502275
2006-10-29,2006,10,29,-1.8726182
2006-10-30,2006,10,30,-0.66745694
2006-10-31,2006,10,31,-2.7376951
2006-11-01,2006,11,1,0.47756585
2006-11-02,2006,11,2,1.1940924
2006-11-03,2006,11,3,2.3952918
2006-11-04,2006,11,4,1.2030194
2006-11-05,2006,11,5,-0.48830453
2006-11-06,2006,11,6,0.57088441
2006-11-07,2006,11,7,2.1777738
2006-11-08,2006,11,8,0.50110968
2006-11-09,2006,11,9,0.77428223
2006-11-10,2006,11,10,4.6777046
2006-11-11,2006,11,11,6.4667757
2006-11-12,2006,11,12,5.4425987
2006-11-13,2006,11,13,4.0585906
2006-11-14,2006,11,14,2.3887323
2006-11-15,2006,11,15,1.8406387
2006-11-16,2006,11,16,0.55632627
2006-11-17,2006,11,17,0.23587729
2006-11-18,2006,11,18,0.97045918
2006-11-19,2006,11,19,4.1270437
2006-11-20,2006,11,20,5.8006114
2006-11-21,2006,11,21,4.1869754
2006-11-22,2006,11,22,6.2725772
2006-11-23,2006,11,23,4.9999878
2006-11-24,2006,11,24,3.9917559
2006-11-25,2006,11,25,3.7338909
2006-11-26,2006,11,26,3.5092704
2006-11-27,2006,11,27,3.0704349
2006-11-28,2006,11,28,2.0544683
2006-11-29,2006,11,29,4.7293241
2006-11-30,2006,11,30,5.988118
2006-12-01,2006,12,1,4.8805804
2006-12-02,2006,12,2,3.6855453
2006-12-03,2006,12,3,4.5877859
2006-12-04,2006,12,4,5.8970913
2006-12-05,2006,12,5,5.692735
2006-12-06,2006,12,6,6.352555
2006-12-07,2006,12,7,6.1266337
2006-12-08,2006,12,8,4.7706276
2006-12-09,2006,12,9,5.0113738
2006-12-10,2006,12,10,5.2365274
2006-12-11,2006,12,11,4.9872347
2006-12-12,2006,12,12,5.0220979
2006-12-13,2006,12,13,4.3512163
2006-12-14,2006,12,14,3.6276976
2006-12-15,2006,12,15,5.807441
2006-12-16,2006,12,16,4.332846
2006-12-17,2006,12,17,4.9689543
2006-12-18,2006,12,18,5.2034912
2006-12-19,2006,12,19,5.3401349
2006-12-20,2006,12,20,5.323349
2006-12-21,2006,12,21,4.6969643
2006-12-22,2006,12,22,5.6440341
2006-12-23,2006,12,23,5.3846186
2006-12-24,2006,12,24,4.6681464
2006-12-25,2006,12,25,3.7909213
2006-12-26,2006,12,26,6.3601474
2006-12-27,2006,12,27,6.4542445
2006-12-28,2006,12,28,8.2761372
2006-12-29,2006,12,29,9.2072578
2006-12-30,2006,12,30,10.814042
2006-12-31,2006,12,31,11.19644
2007-01-01,2007,1,1,9.2497182
2007-01-02,2007,1,2,8.7225495
2007-01-03,2007,1,3,8.5919643
2007-01-04,2007,1,4,7.9501119
2007-01-05,2007,1,5,8.668147
2007-01-06,2007,1,6,8.5071306
2007-01-07,2007,1,7,8.8786659
2007-01-08,2007,1,8,8.2377847
2007-01-09,2007,1,9,8.2233446
2007-01-10,2007,1,10,8.1609682
2007-01-11,2007,1,11,7.626967
2007-01-12,2007,1,12,9.9025491
2007-01-13,2007,1,13,10.652281
2007-01-14,2007,1,14,9.0063484
2007-01-15,2007,1,15,8.3782809
2007-01-16,2007,1,16,8.520102
2007-01-17,2007,1,17,6.9931874
2007-01-18,2007,1,18,6.6731649
2007-01-19,2007,1,19,6.1076495
2007-01-20,2007,1,20,6.7120355
2007-01-21,2007,1,21,7.4342777
2007-01-22,2007,1,22,7.0494809
2007-01-23,2007,1,23,5.6257595
2007-01-24,2007,1,24,8.3068343
2007-01-25,2007,1,25,7.1547328
2007-01-26,2007,1,26,5.4396704
2007-01-27,2007,1,27,5.0350526
2007-01-28,2007,1,28,5.0493337
2007-01-29,2007,1,29,4.4386781
2007-01-30,2007,1,30,5.0342117
2007-01-31,2007,1,31,6.124637
2007-02-01,2007,2,1,7.514866
2007-02-02,2007,2,2,7.9837381
2007-02-03,2007,2,3,6.5499245
2007-02-04,2007,2,4,6.3299136
2007-02-05,2007,2,5,6.7817459
2007-02-06,2007,2,6,4.5868875
2007-02-07,2007,2,7,4.9309975
2007-02-08,2007,2,8,6.0971752
2007-02-09,2007,2,9,6.2012434
2007-02-10,2007,2,10,8.2011691
2007-02-11,2007,2,11,9.468718
2007-02-12,2007,2,12,6.9523103
2007-02-13,2007,2,13,7.0983415
2007-02-14,2007,2,14,5.6268455
2007-02-15,2007,2,15,4.1619398
2007-02-16,2007,2,16,0.90800106
2007-02-17,2007,2,17,-0.60131509
2007-02-18,2007,2,18,0.35251937
2007-02-19,2007,2,19,1.0358229
2007-02-20,2007,2,20,3.5625208
2007-02-21,2007,2,21,1.6141823
2007-02-22,2007,2,22,2.0074897
2007-02-23,2007,2,23,3.739811
2007-02-24,2007,2,24,7.5625685
2007-02-25,2007,2,25,9.142776
2007-02-26,2007,2,26,9.3016228
2007-02-27,2007,2,27,6.4658111
2007-02-28,2007,2,28,5.6430435
2007-03-01,2007,3,1,2.2815361
2007-03-02,2007,3,2,2.4370883
2007-03-03,2007,3,3,4.214401
2007-03-04,2007,3,4,4.5757683
2007-03-05,2007,3,5,5.7666646
2007-03-06,2007,3,6,6.7877309
2007-03-07,2007,3,7,7.6465585
2007-03-08,2007,3,8,4.6911949
2007-03-09,2007,3,9,4.1559942
2007-03-10,2007,3,10,4.9651544
2007-03-11,2007,3,11,7.038565
2007-03-12,2007,3,12,6.9094201
2007-03-13,2007,3,13,7.0349452
2007-03-14,2007,3,14,5.4071805
2007-03-15,2007,3,15,6.3016522
2007-03-16,2007,3,16,5.1488651
2007-03-17,2007,3,17,7.5686213
2007-03-18,2007,3,18,9.9876341
2007-03-19,2007,3,19,10.163693
2007-03-20,2007,3,20,8.2471773
2007-03-21,2007,3,21,6.4210219
2007-03-22,2007,3,22,3.7678962
2007-03-23,2007,3,23,3.0199214
2007-03-24,2007,3,24,4.5823095
2007-03-25,2007,3,25,3.9842454
2007-03-26,2007,3,26,2.9934106
2007-03-27,2007,3,27,3.647845
2007-03-28,2007,3,28,3.5268505
2007-03-29,2007,3,29,3.4669095
2007-03-30,2007,3,30,2.4437884
2007-03-31,2007,3,31,2.3108056
2007-04-01,2007,4,1,1.823116
2007-04-02,2007,4,2,2.1096212
2007-04-03,2007,4,3,3.6518714
2007-04-04,2007,4,4,3.0365019
2007-04-05,2007,4,5,3.0707672
2007-04-06,2007,4,6,2.9609017
2007-04-07,2007,4,7,5.7873811
2007-04-08,2007,4,8,6.5223762
2007-04-09,2007,4,9,4.4817946
2007-04-10,2007,4,10,1.5158272
2007-04-11,2007,4,11,-0.067827483
2007-04-12,2007,4,12,-2.3050882
2007-04-13,2007,4,13,1.5208842
2007-04-14,2007,4,14,0.71228786
2007-04-15,2007,4,15,1.8852769
2007-04-16,2007,4,16,4.2558094
2007-04-17,2007,4,17,2.7466899
2007-04-18,2007,4,18,4.3873864
2007-04-19,2007,4,19,4.0970723
2007-04-20,2007,4,20,4.2849721
2007-04-21,2007,4,21,4.4786866
2007-04-22,2007,4,22,1.4834122
2007-04-23,2007,4,23,0.13416644
2007-04-24,2007,4,24,-3.0730471
2007-04-25,2007,4,25,-6.6202832
2007-04-26,2007,4,26,-5.4609428
2007-04-27,2007,4,27,-0.031735918
2007-04-28,2007,4,28,0.094799049
2007-04-29,2007,4,29,0.4484468
2007-04-30,2007,4,30,1.1447167
2007-05-01,2007,5,1,-0.72395032
2007-05-02,2007,5,2,2.0758196
2007-05-03,2007,5,3,0.63131055
2007-05-04,2007,5,4,-1.6464074
2007-05-05,2007,5,5,-2.2645168
2007-05-06,2007,5,6,-4.4662481
2007-05-07,2007,5,7,-5.8939735
2007-05-08,2007,5,8,-2.2718658
2007-05-09,2007,5,9,-2.4507948
2007-05-10,2007,5,10,-0.49990012
2007-05-11,2007,5,11,0.35119142
2007-05-12,2007,5,12,0.82805908
2007-05-13,2007,5,13,-3.0668211
2007-05-14,2007,5,14,0.97506054
2007-05-15,2007,5,15,0.47615196
2007-05-16,2007,5,16,-4.4825355
2007-05-17,2007,5,17,-2.5387641
2007-05-18,2007,5,18,-3.6203522
2007-05-19,2007,5,19,-0.26254403
2007-05-20,2007,5,20,-1.0425463
2007-05-21,2007,5,21,-4.6826839
2007-05-22,2007,5,22,-8.0398027
2007-05-23,2007,5,23,-3.0608997
2007-05-24,2007,5,24,-1.5327842
2007-05-25,2007,5,25,-1.4887245
2007-05-26,2007,5,26,-3.001477
2007-05-27,2007,5,27,-2.9402473
2007-05-28,2007,5,28,-2.0538665
2007-05-29,2007,5,29,-3.5785631
2007-05-30,2007,5,30,-4.5144159
2007-05-31,2007,5,31,-6.3259089
2007-06-01,2007,6,1,-8.7529281
2007-06-02,2007,6,2,-4.2618759
2007-06-03,2007,6,3,-2.696624
2007-06-04,2007,6,4,-2.0689901
2007-06-05,2007,6,5,-2.5742882
2007-06-06,2007,6,6,-4.6575121
2007-06-07,2007,6,7,-5.2261774
2007-06-08,2007,6,8,-4.3317437
2007-06-09,2007,6,9,-6.6259654
2007-06-10,2007,6,10,-6.0316396
2007-06-11,2007,6,11,-4.5739581
2007-06-12,2007,6,12,-4.043702
2007-06-13,2007,6,13,-3.1026665
2007-06-14,2007,6,14,-4.7310248
2007-06-15,2007,6,15,-6.7678321
2007-06-16,2007,6,16,-2.8653536
2007-06-17,2007,6,17,-5.7314166
2007-06-18,2007,6,18,-5.3362659
2007-06-19,2007,6,19,-4.1852856
2007-06-20,2007,6,20,-6.6473157
2007-06-21,2007,6,21,-9.1165348
2007-06-22,2007,6,22,-9.7328999
2007-06-23,2007,6,23,-8.6134832
2007-06-24,2007,6,24,-8.3003126
2007-06-25,2007,6,25,-4.2422209
2007-06-26,2007,6,26,-5.5922097
2007-06-27,2007,6,27,-3.0672104
2007-06-28,2007,6,28,-1.0110515
2007-06-29,2007,6,29,-0.12132478
2007-06-30,2007,6,30,0.3561518
2007-07-01,2007,7,1,0.65082435
2007-07-02,2007,7,2,-0.32854062
2007-07-03,2007,7,3,-2.3876422
2007-07-04,2007,7,4,-3.3288156
2007-07-05,2007,7,5,-3.00543
2007-07-06,2007,7,6,-4.491419
2007-07-07,2007,7,7,-6.4367247
2007-07-08,2007,7,8,-9.6468102
2007-07-09,2007,7,9,-12.312574
2007-07-10,2007,7,10,-10.291452
2007-07-11,2007,7,11,-7.846292
2007-07-12,2007,7,12,-7.8233066
2007-07-13,2007,7,13,-8.3023867
2007-07-14,2007,7,14,-7.4515581
2007-07-15,2007,7,15,-5.1364162
2007-07-16,2007,7,16,-5.6198001
2007-07-17,2007,7,17,-6.2128811
2007-07-18,2007,7,18,-2.4931017
2007-07-19,2007,7,19,-3.6629189
2007-07-20,2007,7,20,-6.1904907
2007-07-21,2007,7,21,-8.8181203
2007-07-22,2007,7,22,-11.914056
2007-07-23,2007,7,23,-10.697601
2007-07-24,2007,7,24,-11.134785
2007-07-25,2007,7,25,-6.8569994
2007-07-26,2007,7,26,-4.9240193
2007-07-27,2007,7,27,-5.5718787
2007-07-28,2007,7,28,-5.8912616
2007-07-29,2007,7,29,-5.3231843
2007-07-30,2007,7,30,-5.080689
2007-07-31,2007,7,31,-4.9763163
2007-08-01,2007,8,1,-6.3308412
2007-08-02,2007,8,2,-10.4629
2007-08-03,2007,8,3,-10.951707
2007-08-04,2007,8,4,-6.2638667
2007-08-05,2007,8,5,-8.3678337
2007-08-06,2007,8,6,-10.938954
2007-08-07,2007,8,7,-6.4802486
2007-08-08,2007,8,8,-7.266597
2007-08-09,2007,8,9,-11.560792
2007-08-10,2007,8,10,-10.022413
2007-08-11,2007,8,11,-2.5890319
2007-08-12,2007,8,12,-6.9259342
2007-08-13,2007,8,13,-7.9668474
2007-08-14,2007,8,14,-9.527253
2007-08-15,2007,8,15,-11.660415
2007-08-16,2007,8,16,-10.328731
2007-08-17,2007,8,17,-9.8984897
2007-08-18,2007,8,18,-8.7579456
2007-08-19,2007,8,19,-7.3920456
2007-08-20,2007,8,20,-2.1916375
2007-08-21,2007,8,21,-3.9006273
2007-08-22,2007,8,22,-5.2970446
2007-08-23,2007,8,23,-7.9919279
2007-08-24,2007,8,24,-11.638189
2007-08-25,2007,8,25,-10.566815
2007-08-26,2007,8,26,-10.443946
2007-08-27,2007,8,27,-5.6305065
2007-08-28,2007,8,28,-5.4436138
2007-08-29,2007,8,29,-5.4301406
2007-08-30,2007,8,30,-5.0741852
2007-08-31,2007,8,31,-2.9470762
2007-09-01,2007,9,1,-1.1775901
2007-09-02,2007,9,2,-1.0021869
2007-09-03,2007,9,3,-1.3192405
2007-09-04,2007,9,4,-2.6906195
2007-09-05,2007,9,5,-0.22599319
2007-09-06,2007,9,6,0.51449588
2007-09-07,2007,9,7,1.4202448
2007-09-08,2007,9,8,-0.027717155
2007-09-09,2007,9,9,-2.1770682
2007-09-10,2007,9,10,-2.6298536
2007-09-11,2007,9,11,-2.9769571
2007-09-12,2007,9,12,-1.5536869
2007-09-13,2007,9,13,-2.6576631
2007-09-14,2007,9,14,-5.3927238
2007-09-15,2007,9,15,-3.2512449
2007-09-16,2007,9,16,-2.2472735
2007-09-17,2007,9,17,-4.132939
2007-09-18,2007,9,18,-6.1258751
2007-09-19,2007,9,19,-4.5748477
2007-09-20,2007,9,20,-7.6738211
2007-09-21,2007,9,21,-8.0646316
2007-09-22,2007,9,22,-4.6414504
2007-09-23,2007,9,23,-5.7460667
2007-09-24,2007,9,24,-3.837691
2007-09-25,2007,9,25,-2.720602
2007-09-26,2007,9,26,-3.6550285
2007-09-27,2007,9,27,-2.5207602
2007-09-28,2007,9,28,-0.83124459
2007-09-29,2007,9,29,1.3668204
2007-09-30,2007,9,30,1.7908064
2007-10-01,2007,10,1,-0.78256727
2007-10-02,2007,10,2,0.96220043
2007-10-03,2007,10,3,0.67565569
2007-10-04,2007,10,4,0.5869078
2007-10-05,2007,10,5,-0.33908871
2007-10-06,2007,10,6,-3.7155287
2007-10-07,2007,10,7,-0.1719113
2007-10-08,2007,10,8,0.25372823
2007-10-09,2007,10,9,-3.2698883
2007-10-10,2007,10,10,-3.4825685
2007-10-11,2007,10,11,-3.6717266
2007-10-12,2007,10,12,-5.8516011
2007-10-13,2007,10,13,-4.2372508
2007-10-14,2007,10,14,-6.8560718
2007-10-15,2007,10,15,-4.8404186
2007-10-16,2007,10,16,-0.74692108
2007-10-17,2007,10,17,1.9642685
2007-10-18,2007,10,18,0.042761665
2007-10-19,2007,10,19,0.73121659
2007-10-20,2007,10,20,-0.45234121
2007-10-21,2007,10,21,0.36815496
2007-10-22,2007,10,22,0.5616555
2007-10-23,2007,10,23,2.2020502
2007-10-24,2007,10,24,4.2465118
2007-10-25,2007,10,25,1.920386
2007-10-26,2007,10,26,3.7277176
2007-10-27,2007,10,27,2.0718117
2007-10-28,2007,10,28,1.5861386
2007-10-29,2007,10,29,1.1006212
2007-10-30,2007,10,30,0.97470573
2007-10-31,2007,10,31,-0.79002896
2007-11-01,2007,11,1,-0.48296409
2007-11-02,2007,11,2,0.46183088
2007-11-03,2007,11,3,0.60802001
2007-11-04,2007,11,4,1.8005774
2007-11-05,2007,11,5,2.6872355
2007-11-06,2007,11,6,3.9042384
2007-11-07,2007,11,7,4.3377626
2007-11-08,2007,11,8,3.5806075
2007-11-09,2007,11,9,0.26314858
2007-11-10,2007,11,10,-2.7259656
2007-11-11,2007,11,11,-0.69798678
2007-11-12,2007,11,12,-0.26698214
2007-11-13,2007,11,13,-0.59066131
2007-11-14,2007,11,14,1.8127923
2007-11-15,2007,11,15,3.0888172
2007-11-16,2007,11,16,1.6855333
2007-11-17,2007,11,17,1.7868611
2007-11-18,2007,11,18,2.946871
2007-11-19,2007,11,19,4.8406623
2007-11-20,2007,11,20,6.5304524
2007-11-21,2007,11,21,7.27192
2007-11-22,2007,11,22,4.7261309
2007-11-23,2007,11,23,4.0955239
2007-11-24,2007,11,24,3.6682075
2007-11-25,2007,11,25,3.7761414
2007-11-26,2007,11,26,5.2534963
2007-11-27,2007,11,27,5.455551
2007-11-28,2007,11,28,6.4522292
2007-11-29,2007,11,29,7.0192397
2007-11-30,2007,11,30,4.3656795
2007-12-01,2007,12,1,4.0513827
2007-12-02,2007,12,2,5.1529887
2007-12-03,2007,12,3,4.4422705
2007-12-04,2007,12,4,2.8434708
2007-12-05,2007,12,5,2.3618496
2007-12-06,2007,12,6,2.8424384
2007-12-07,2007,12,7,2.9964895
2007-12-08,2007,12,8,3.433374
2007-12-09,2007,12,9,3.8661762
2007-12-10,2007,12,10,2.841301
2007-12-11,2007,12,11,4.9880545
2007-12-12,2007,12,12,6.5165293
2007-12-13,2007,12,13,6.2117161
2007-12-14,2007,12,14,4.1750627
2007-12-15,2007,12,15,5.9342361
2007-12-16,2007,12,16,6.9353094
2007-12-17,2007,12,17,7.2844584
2007-12-18,2007,12,18,8.1317847
2007-12-19,2007,12,19,8.5979255
2007-12-20,2007,12,20,8.5750475
2007-12-21,2007,12,21,8.70089
2007-12-22,2007,12,22,8.6034172
2007-12-23,2007,12,23,6.9136757
2007-12-24,2007,12,24,7.1577234
2007-12-25,2007,12,25,7.2440557
2007-12-26,2007,12,26,5.2356335
2007-12-27,2007,12,27,4.7863053
2007-12-28,2007,12,28,4.9288677
2007-12-29,2007,12,29,4.7868679
2007-12-30,2007,12,30,5.1411446
2007-12-31,2007,12,31,6.8956558
2008-01-01,2008,1,1,7.7876587
2008-01-02,2008,1,2,7.8611153
2008-01-03,2008,1,3,8.0031674
2008-01-04,2008,1,4,8.712498
2008-01-05,2008,1,5,10.013467
2008-01-06,2008,1,6,11.136175
2008-01-07,2008,1,7,9.8358301
2008-01-08,2008,1,8,8.0862186
2008-01-09,2008,1,9,6.9306216
2008-01-10,2008,1,10,5.2903408
2008-01-11,2008,1,11,4.9071426
2008-01-12,2008,1,12,7.7312652
2008-01-13,2008,1,13,7.6635545
2008-01-14,2008,1,14,9.1531101
2008-01-15,2008,1,15,10.273045
2008-01-16,2008,1,16,10.202127
2008-01-17,2008,1,17,8.4889252
2008-01-18,2008,1,18,7.1456989
2008-01-19,2008,1,19,7.6227893
2008-01-20,2008,1,20,7.3537713
2008-01-21,2008,1,21,6.3074036
2008-01-22,2008,1,22,6.3605396
2008-01-23,2008,1,23,6.4016385
2008-01-24,2008,1,24,7.7265309
2008-01-25,2008,1,25,7.9052171
2008-01-26,2008,1,26,6.6911541
2008-01-27,2008,1,27,6.0962213
2008-01-28,2008,1,28,6.6500589
2008-01-29,2008,1,29,7.3584307
2008-01-30,2008,1,30,6.993095
2008-01-31,2008,1,31,6.0306754
2008-02-01,2008,2,1,5.6162813
2008-02-02,2008,2,2,6.9768242
2008-02-03,2008,2,3,8.9361544
2008-02-04,2008,2,4,9.534119
2008-02-05,2008,2,5,8.067399
2008-02-06,2008,2,6,7.878597
2008-02-07,2008,2,7,6.4372815
2008-02-08,2008,2,8,5.004528
2008-02-09,2008,2,9,4.3987016
2008-02-10,2008,2,10,5.6828781
2008-02-11,2008,2,11,7.8959613
2008-02-12,2008,2,12,8.5209535
2008-02-13,2008,2,13,7.5832015
2008-02-14,2008,2,14,6.5388012
2008-02-15,2008,2,15,6.218521
2008-02-16,2008,2,16,6.6233488
2008-02-17,2008,2,17,8.1052237
2008-02-18,2008,2,18,7.9823691
2008-02-19,2008,2,19,8.021716
2008-02-20,2008,2,20,7.2273569
2008-02-21,2008,2,21,6.5152915
2008-02-22,2008,2,22,5.8999832
2008-02-23,2008,2,23,5.5669703
2008-02-24,2008,2,24,4.9575353
2008-02-25,2008,2,25,5.2453054
2008-02-26,2008,2,26,4.2905921
2008-02-27,2008,2,27,4.6606579
2008-02-28,2008,2,28,5.2734402
2008-02-29,2008,2,29,5.9608613
2008-03-01,2008,3,1,5.5240541
2008-03-02,2008,3,2,5.9709936
2008-03-03,2008,3,3,5.9747186
2008-03-04,2008,3,4,5.4850433
2008-03-05,2008,3,5,5.1526221
2008-03-06,2008,3,6,4.6559224
2008-03-07,2008,3,7,4.5303622
2008-03-08,2008,3,8,1.3302464
2008-03-09,2008,3,9,1.9207008
2008-03-10,2008,3,10,4.681759
2008-03-11,2008,3,11,2.8657856
2008-03-12,2008,3,12,3.9690185
2008-03-13,2008,3,13,6.7666632
2008-03-14,2008,3,14,7.7895238
2008-03-15,2008,3,15,7.3019243
2008-03-16,2008,3,16,6.1668992
2008-03-17,2008,3,17,6.0104678
2008-03-18,2008,3,18,6.1250318
2008-03-19,2008,3,19,5.1610762
2008-03-20,2008,3,20,7.5304044
2008-03-21,2008,3,21,7.7761916
2008-03-22,2008,3,22,8.1369327
2008-03-23,2008,3,23,7.4010863
2008-03-24,2008,3,24,7.1440047
2008-03-25,2008,3,25,5.681294
2008-03-26,2008,3,26,4.8541094
2008-03-27,2008,3,27,4.7911863
2008-03-28,2008,3,28,4.9836921
2008-03-29,2008,3,29,4.264525
2008-03-30,2008,3,30,3.5340287
2008-03-31,2008,3,31,2.925083
2008-04-01,2008,4,1,2.7063019
2008-04-02,2008,4,2,4.3013816
2008-04-03,2008,4,3,5.2019198
2008-04-04,2008,4,4,6.1360516
2008-04-05,2008,4,5,6.5995004
2008-04-06,2008,4,6,4.8520445
2008-04-07,2008,4,7,2.8869924
2008-04-08,2008,4,8,2.9059051
2008-04-09,2008,4,9,3.9330043
2008-04-10,2008,4,10,3.1955524
2008-04-11,2008,4,11,2.5331324
2008-04-12,2008,4,12,-0.009124977
2008-04-13,2008,4,13,-2.0132885
2008-04-14,2008,4,14,-2.209438
2008-04-15,2008,4,15,0.073263525
2008-04-16,2008,4,16,0.54193963
2008-04-17,2008,4,17,2.2562072
2008-04-18,2008,4,18,3.9860029
2008-04-19,2008,4,19,3.9198142
2008-04-20,2008,4,20,4.9351985
2008-04-21,2008,4,21,5.8904066
2008-04-22,2008,4,22,5.5138702
2008-04-23,2008,4,23,3.7092289
2008-04-24,2008,4,24,3.9793907
2008-04-25,2008,4,25,3.4631432
2008-04-26,2008,4,26,0.8289305
2008-04-27,2008,4,27,1.2956209
2008-04-28,2008,4,28,-1.6268964
2008-04-29,2008,4,29,-5.2138152
2008-04-30,2008,4,30,-2.9939479
2008-05-01,2008,5,1,-5.9089986
2008-05-02,2008,5,2,-1.7886986
2008-05-03,2008,5,3,-2.597478
2008-05-04,2008,5,4,-1.4043882
2008-05-05,2008,5,5,-0.41946854
2008-05-06,2008,5,6,-1.6057328
2008-05-07,2008,5,7,-4.4440898
2008-05-08,2008,5,8,-5.8440057
2008-05-09,2008,5,9,-3.26987
2008-05-10,2008,5,10,-2.8729077
2008-05-11,2008,5,11,-1.3390101
2008-05-12,2008,5,12,-1.0237552
2008-05-13,2008,5,13,-0.2700444
2008-05-14,2008,5,14,0.27332786
2008-05-15,2008,5,15,1.7175287
2008-05-16,2008,5,16,2.6894407
2008-05-17,2008,5,17,0.57600631
2008-05-18,2008,5,18,0.41186143
2008-05-19,2008,5,19,2.1573669
2008-05-20,2008,5,20,2.608371
2008-05-21,2008,5,21,2.121471
2008-05-22,2008,5,22,2.8609092
2008-05-23,2008,5,23,0.14340336
2008-05-24,2008,5,24,0.53268785
2008-05-25,2008,5,25,1.5585431
2008-05-26,2008,5,26,0.10940575
2008-05-27,2008,5,27,-1.7389463
2008-05-28,2008,5,28,-6.2565308
2008-05-29,2008,5,29,-7.8219479
2008-05-30,2008,5,30,-6.0636065
2008-05-31,2008,5,31,-4.0564812
2008-06-01,2008,6,1,-2.7515613
2008-06-02,2008,6,2,-4.8684571
2008-06-03,2008,6,3,-4.6185191
2008-06-04,2008,6,4,-1.4500676
2008-06-05,2008,6,5,-4.3607471
2008-06-06,2008,6,6,-4.307877
2008-06-07,2008,6,7,-6.0323033
2008-06-08,2008,6,8,-7.5262286
2008-06-09,2008,6,9,-7.6510956
2008-06-10,2008,6,10,-3.2657014
2008-06-11,2008,6,11,-4.2324619
2008-06-12,2008,6,12,-4.1862555
2008-06-13,2008,6,13,-3.7588619
2008-06-14,2008,6,14,-2.9652588
2008-06-15,2008,6,15,-1.6919197
2008-06-16,2008,6,16,-0.47057633
2008-06-17,2008,6,17,-2.1335074
2008-06-18,2008,6,18,-4.0745448
2008-06-19,2008,6,19,-7.284441
2008-06-20,2008,6,20,-9.2772325
2008-06-21,2008,6,21,-6.3688149
2008-06-22,2008,6,22,-6.0452058
2008-06-23,2008,6,23,-7.5214569
2008-06-24,2008,6,24,-4.280264
2008-06-25,2008,6,25,-3.3505424
2008-06-26,2008,6,26,-3.9068969
2008-06-27,2008,6,27,-2.4918477
2008-06-28,2008,6,28,-0.44627625
2008-06-29,2008,6,29,0.14033599
2008-06-30,2008,6,30,-2.0897029
2008-07-01,2008,7,1,-2.4731864
2008-07-02,2008,7,2,-2.0465839
2008-07-03,2008,7,3,-0.33456735
2008-07-04,2008,7,4,-1.2570391
2008-07-05,2008,7,5,-4.5264973
2008-07-06,2008,7,6,-5.1271631
2008-07-07,2008,7,7,-6.3197044
2008-07-08,2008,7,8,-3.0693188
2008-07-09,2008,7,9,-2.1482625
2008-07-10,2008,7,10,-1.7554295
2008-07-11,2008,7,11,-1.8757427
2008-07-12,2008,7,12,-3.7517018
2008-07-13,2008,7,13,-5.4612929
2008-07-14,2008,7,14,-1.7141785
2008-07-15,2008,7,15,0.40936549
2008-07-16,2008,7,16,-3.8525563
2008-07-17,2008,7,17,-7.122245
2008-07-18,2008,7,18,-5.6445621
2008-07-19,2008,7,19,-4.0375571
2008-07-20,2008,7,20,-5.4374162
2008-07-21,2008,7,21,-6.9401393
2008-07-22,2008,7,22,-7.5868649
2008-07-23,2008,7,23,-9.6355648
2008-07-24,2008,7,24,-7.4724461
2008-07-25,2008,7,25,-5.6031616
2008-07-26,2008,7,26,-6.3429017
2008-07-27,2008,7,27,-9.1983145
2008-07-28,2008,7,28,-5.754808
2008-07-29,2008,7,29,-6.637211
2008-07-30,2008,7,30,-5.0473037
2008-07-31,2008,7,31,-7.298799
2008-08-01,2008,8,1,-6.6283445
2008-08-02,2008,8,2,-6.1184507
2008-08-03,2008,8,3,-4.9448293
2008-08-04,2008,8,4,-7.6258518
2008-08-05,2008,8,5,-7.1882375
2008-08-06,2008,8,6,-5.640019
2008-08-07,2008,8,7,-5.3416411
2008-08-08,2008,8,8,-4.2354368
2008-08-09,2008,8,9,-2.9479107
2008-08-10,2008,8,10,-4.4376361
2008-08-11,2008,8,11,-7.8928718
2008-08-12,2008,8,12,-7.0818769
2008-08-13,2008,8,13,-4.6022307
2008-08-14,2008,8,14,-5.4818078
2008-08-15,2008,8,15,-4.3953492
2008-08-16,2008,8,16,-6.7318264
2008-08-17,2008,8,17,-9.1005706
2008-08-18,2008,8,18,-11.325067
2008-08-19,2008,8,19,-11.058724
2008-08-20,2008,8,20,-9.9122242
2008-08-21,2008,8,21,-8.870621
2008-08-22,2008,8,22,-6.3785286
2008-08-23,2008,8,23,-7.1183707
2008-08-24,2008,8,24,-6.4524439
2008-08-25,2008,8,25,-6.0054044
2008-08-26,2008,8,26,-4.5711448
2008-08-27,2008,8,27,-7.3948254
2008-08-28,2008,8,28,-8.156758
2008-08-29,2008,8,29,-5.7094719
2008-08-30,2008,8,30,-4.1209466
2008-08-31,2008,8,31,-4.3684558
2008-09-01,2008,9,1,-4.2859958
2008-09-02,2008,9,2,-3.8402672
2008-09-03,2008,9,3,-4.1580514
2008-09-04,2008,9,4,-5.7639432
2008-09-05,2008,9,5,-6.6939422
2008-09-06,2008,9,6,-8.2791008
2008-09-07,2008,9,7,-5.4826665
2008-09-08,2008,9,8,-5.0379354
2008-09-09,2008,9,9,-4.0409431
2008-09-10,2008,9,10,-4.7772127
2008-09-11,2008,9,11,-8.7448454
2008-09-12,2008,9,12,-6.496526
2008-09-13,2008,9,13,-1.8141219
2008-09-14,2008,9,14,-2.5738029
2008-09-15,2008,9,15,-2.1252706
2008-09-16,2008,9,16,0.087283452
2008-09-17,2008,9,17,-1.6188031
2008-09-18,2008,9,18,-3.1182765
2008-09-19,2008,9,19,-5.2054388
2008-09-20,2008,9,20,-2.1678444
2008-09-21,2008,9,21,2.3292544
2008-09-22,2008,9,22,0.73651549
2008-09-23,2008,9,23,-1.8443887
2008-09-24,2008,9,24,-1.5977546
2008-09-25,2008,9,25,-0.1953931
2008-09-26,2008,9,26,-1.2732183
2008-09-27,2008,9,27,-2.513847
2008-09-28,2008,9,28,-4.1678861
2008-09-29,2008,9,29,-1.3902882
2008-09-30,2008,9,30,-2.7651835
2008-10-01,2008,10,1,-4.627164
2008-10-02,2008,10,2,-2.4253572
2008-10-03,2008,10,3,-4.1665441
2008-10-04,2008,10,4,-4.9842565
2008-10-05,2008,10,5,-3.2957573
2008-10-06,2008,10,6,-2.8852462
2008-10-07,2008,10,7,0.21682098
2008-10-08,2008,10,8,0.31207688
2008-10-09,2008,10,9,0.52433593
2008-10-10,2008,10,10,-0.20353848
2008-10-11,2008,10,11,-0.13130279
2008-10-12,2008,10,12,-2.6211453
2008-10-13,2008,10,13,-2.8396269
2008-10-14,2008,10,14,-3.6657043
2008-10-15,2008,10,15,-2.8923602
2008-10-16,2008,10,16,-0.67280124
2008-10-17,2008,10,17,-0.92659703
2008-10-18,2008,10,18,0.67216503
2008-10-19,2008,10,19,0.053615432
2008-10-20,2008,10,20,0.086039692
2008-10-21,2008,10,21,-1.0952397
2008-10-22,2008,10,22,-0.44239344
2008-10-23,2008,10,23,-0.92252565
2008-10-24,2008,10,24,1.3865461
2008-10-25,2008,10,25,0.98366602
2008-10-26,2008,10,26,-0.99610259
2008-10-27,2008,10,27,0.79210295
2008-10-28,2008,10,28,-0.43486258
2008-10-29,2008,10,29,-1.4843975
2008-10-30,2008,10,30,1.5835325
2008-10-31,2008,10,31,0.76031552
2008-11-01,2008,11,1,1.1291107
2008-11-02,2008,11,2,1.5934595
2008-11-03,2008,11,3,1.706393
2008-11-04,2008,11,4,1.0931494
2008-11-05,2008,11,5,0.62866118
2008-11-06,2008,11,6,0.88068273
2008-11-07,2008,11,7,1.4567695
2008-11-08,2008,11,8,1.0405447
2008-11-09,2008,11,9,3.0120963
2008-11-10,2008,11,10,4.2172428
2008-11-11,2008,11,11,4.8048585
2008-11-12,2008,11,12,5.7820944
2008-11-13,2008,11,13,4.5837876
2008-11-14,2008,11,14,3.3869432
2008-11-15,2008,11,15,4.3140622
2008-11-16,2008,11,16,3.8900988
2008-11-17,2008,11,17,3.6298809
2008-11-18,2008,11,18,3.9644664
2008-11-19,2008,11,19,4.1717312
2008-11-20,2008,11,20,5.2351003
2008-11-21,2008,11,21,6.1335922
2008-11-22,2008,11,22,5.6552003
2008-11-23,2008,11,23,4.5283829
2008-11-24,2008,11,24,5.7901131
2008-11-25,2008,11,25,6.9494683
2008-11-26,2008,11,26,5.4170376
2008-11-27,2008,11,27,6.4700788
2008-11-28,2008,11,28,4.7594043
2008-11-29,2008,11,29,4.3011556
2008-11-30,2008,11,30,5.4050522
2008-12-01,2008,12,1,6.4934211
2008-12-02,2008,12,2,5.9062617
2008-12-03,2008,12,3,6.7301103
2008-12-04,2008,12,4,4.4527522
2008-12-05,2008,12,5,4.8554843
2008-12-06,2008,12,6,5.254774
2008-12-07,2008,12,7,5.8547303
2008-12-08,2008,12,8,6.5498816
2008-12-09,2008,12,9,5.4891457
2008-12-10,2008,12,10,6.5209121
2008-12-11,2008,12,11,6.7601547
2008-12-12,2008,12,12,6.0048756
2008-12-13,2008,12,13,5.2645171
2008-12-14,2008,12,14,8.0642677
2008-12-15,2008,12,15,8.6790563
2008-12-16,2008,12,16,7.5403846
2008-12-17,2008,12,17,7.2675511
2008-12-18,2008,12,18,6.841105
2008-12-19,2008,12,19,6.5701961
2008-12-20,2008,12,20,6.7934095
2008-12-21,2008,12,21,5.4796357
2008-12-22,2008,12,22,5.9347046
2008-12-23,2008,12,23,6.316315
2008-12-24,2008,12,24,7.0232593
2008-12-25,2008,12,25,7.5965565
2008-12-26,2008,12,26,7.8790208
2008-12-27,2008,12,27,5.5775624
2008-12-28,2008,12,28,4.7941052
2008-12-29,2008,12,29,7.9896883
2008-12-30,2008,12,30,7.7359697
2008-12-31,2008,12,31,7.2996597
2009-01-01,2009,1,1,6.946856
2009-01-02,2009,1,2,5.7319771
2009-01-03,2009,1,3,8.5770278
2009-01-04,2009,1,4,9.1570827
2009-01-05,2009,1,5,6.7854014
2009-01-06,2009,1,6,4.7914537
2009-01-07,2009,1,7,4.0734926
2009-01-08,2009,1,8,5.4007196
2009-01-09,2009,1,9,6.399953
2009-01-10,2009,1,10,6.6904728
2009-01-11,2009,1,11,6.6794888
2009-01-12,2009,1,12,5.95868
2009-01-13,2009,1,13,7.2890678
2009-01-14,2009,1,14,7.3255349
2009-01-15,2009,1,15,7.9386536
2009-01-16,2009,1,16,7.9238019
2009-01-17,2009,1,17,7.6133752
2009-01-18,2009,1,18,6.3378604
2009-01-19,2009,1,19,7.8370477
2009-01-20,2009,1,20,8.2353619
2009-01-21,2009,1,21,8.8695517
2009-01-22,2009,1,22,8.9137248
2009-01-23,2009,1,23,8.5406504
2009-01-24,2009,1,24,6.8746582
2009-01-25,2009,1,25,7.0720868
2009-01-26,2009,1,26,7.1137059
2009-01-27,2009,1,27,7.4378257
2009-01-28,2009,1,28,8.4661621
2009-01-29,2009,1,29,8.4838723
2009-01-30,2009,1,30,8.3349276
2009-01-31,2009,1,31,8.1890486
2009-02-01,2009,2,1,6.232849
2009-02-02,2009,2,2,5.3881204
2009-02-03,2009,2,3,5.5913607
2009-02-04,2009,2,4,5.9038348
2009-02-05,2009,2,5,4.4798772
2009-02-06,2009,2,6,5.740149
2009-02-07,2009,2,7,5.7365402
2009-02-08,2009,2,8,5.6913417
2009-02-09,2009,2,9,7.9238244
2009-02-10,2009,2,10,5.8224086
2009-02-11,2009,2,11,6.6022369
2009-02-12,2009,2,12,7.933213
2009-02-13,2009,2,13,7.4723793
2009-02-14,2009,2,14,8.4648267
2009-02-15,2009,2,15,7.2932773
2009-02-16,2009,2,16,5.7389312
2009-02-17,2009,2,17,8.9681374
2009-02-18,2009,2,18,8.8997765
2009-02-19,2009,2,19,7.285777
2009-02-20,2009,2,20,7.098386
2009-02-21,2009,2,21,5.0023397
2009-02-22,2009,2,22,2.8881947
2009-02-23,2009,2,23,6.0695852
2009-02-24,2009,2,24,7.520553
2009-02-25,2009,2,25,7.8781193
2009-02-26,2009,2,26,8.2732068
2009-02-27,2009,2,27,8.4089792
2009-02-28,2009,2,28,7.8636719
2009-03-01,2009,3,1,5.5393064
2009-03-02,2009,3,2,6.0367238
2009-03-03,2009,3,3,6.0850061
2009-03-04,2009,3,4,3.8600124
2009-03-05,2009,3,5,6.5067259
2009-03-06,2009,3,6,6.2741291
2009-03-07,2009,3,7,5.6721085
2009-03-08,2009,3,8,8.4412393
2009-03-09,2009,3,9,6.8487494
2009-03-10,2009,3,10,7.1028265
2009-03-11,2009,3,11,6.7516714
2009-03-12,2009,3,12,6.3439178
2009-03-13,2009,3,13,7.7153064
2009-03-14,2009,3,14,7.7541482
2009-03-15,2009,3,15,8.8358357
2009-03-16,2009,3,16,6.1845676
2009-03-17,2009,3,17,7.1326561
2009-03-18,2009,3,18,7.7563048
2009-03-19,2009,3,19,7.4684867
2009-03-20,2009,3,20,8.211514
2009-03-21,2009,3,21,7.489607
2009-03-22,2009,3,22,5.915091
2009-03-23,2009,3,23,6.8154761
2009-03-24,2009,3,24,7.0534469
2009-03-25,2009,3,25,6.1443607
2009-03-26,2009,3,26,6.3043562
2009-03-27,2009,3,27,4.5814866
2009-03-28,2009,3,28,6.3166281
2009-03-29,2009,3,29,6.4723623
2009-03-30,2009,3,30,6.4267327
2009-03-31,2009,3,31,7.1672487
2009-04-01,2009,4,1,6.7394389
2009-04-02,2009,4,2,4.1474108
2009-04-03,2009,4,3,3.5103178
2009-04-04,2009,4,4,3.2182734
2009-04-05,2009,4,5,5.0226011
2009-04-06,2009,4,6,7.1671615
2009-04-07,2009,4,7,7.7613158
2009-04-08,2009,4,8,7.6622768
2009-04-09,2009,4,9,8.0855344
2009-04-10,2009,4,10,8.6876784
2009-04-11,2009,4,11,7.9462059
2009-04-12,2009,4,12,6.2939253
2009-04-13,2009,4,13,6.3105817
2009-04-14,2009,4,14,7.9049071
2009-04-15,2009,4,15,8.5944117
2009-04-16,2009,4,16,7.3864134
2009-04-17,2009,4,17,6.0542774
2009-04-18,2009,4,18,5.9853902
2009-04-19,2009,4,19,7.0690688
2009-04-20,2009,4,20,5.9910196
2009-04-21,2009,4,21,6.034311
2009-04-22,2009,4,22,6.1602152
2009-04-23,2009,4,23,3.8133468
2009-04-24,2009,4,24,3.3178605
2009-04-25,2009,4,25,3.5400591
2009-04-26,2009,4,26,4.9331004
2009-04-27,2009,4,27,5.357364
2009-04-28,2009,4,28,5.0741807
2009-04-29,2009,4,29,4.6504396
2009-04-30,2009,4,30,4.8108112
2009-05-01,2009,5,1,4.21005
2009-05-02,2009,5,2,5.939021
2009-05-03,2009,5,3,4.3399607
2009-05-04,2009,5,4,0.089357001
2009-05-05,2009,5,5,1.9421071
2009-05-06,2009,5,6,2.8707953
2009-05-07,2009,5,7,2.7093173
2009-05-08,2009,5,8,2.343112
2009-05-09,2009,5,9,2.9690233
2009-05-10,2009,5,10,3.465341
2009-05-11,2009,5,11,3.4916258
2009-05-12,2009,5,12,3.8884449
2009-05-13,2009,5,13,3.3055428
2009-05-14,2009,5,14,1.0897392
2009-05-15,2009,5,15,2.8220694
2009-05-16,2009,5,16,1.8618825
2009-05-17,2009,5,17,2.0900837
2009-05-18,2009,5,18,0.16716012
2009-05-19,2009,5,19,3.0218475
2009-05-20,2009,5,20,2.1887392
2009-05-21,2009,5,21,2.5643227
2009-05-22,2009,5,22,3.1323158
2009-05-23,2009,5,23,1.6932809
2009-05-24,2009,5,24,2.0862431
2009-05-25,2009,5,25,0.11350703
2009-05-26,2009,5,26,-2.5730923
2009-05-27,2009,5,27,-3.7230552
2009-05-28,2009,5,28,-1.5699692
2009-05-29,2009,5,29,-3.4523698
2009-05-30,2009,5,30,-3.4937665
2009-05-31,2009,5,31,-3.8328317
2009-06-01,2009,6,1,-0.77774571
2009-06-02,2009,6,2,0.44927517
2009-06-03,2009,6,3,0.52977024
2009-06-04,2009,6,4,-3.8291308
2009-06-05,2009,6,5,-4.9647593
2009-06-06,2009,6,6,0.02309663
2009-06-07,2009,6,7,-0.47992836
2009-06-08,2009,6,8,-1.9864735
2009-06-09,2009,6,9,-1.412804
2009-06-10,2009,6,10,-1.9942613
2009-06-11,2009,6,11,-1.264237
2009-06-12,2009,6,12,0.42502771
2009-06-13,2009,6,13,0.97733511
2009-06-14,2009,6,14,-2.0944447
2009-06-15,2009,6,15,-5.0086861
2009-06-16,2009,6,16,-3.8437073
2009-06-17,2009,6,17,-1.6478039
2009-06-18,2009,6,18,-0.92549567
2009-06-19,2009,6,19,-1.6533138
2009-06-20,2009,6,20,-4.1434568
2009-06-21,2009,6,21,-6.9067441
2009-06-22,2009,6,22,-5.8574786
2009-06-23,2009,6,23,-10.608426
2009-06-24,2009,6,24,-6.7812078
2009-06-25,2009,6,25,-5.1884844
2009-06-26,2009,6,26,-3.6555482
2009-06-27,2009,6,27,-1.8171857
2009-06-28,2009,6,28,-6.0579798
2009-06-29,2009,6,29,-8.0685841
2009-06-30,2009,6,30,-6.2185796
2009-07-01,2009,7,1,-7.5926232
2009-07-02,2009,7,2,-5.4947116
2009-07-03,2009,7,3,-3.0913056
2009-07-04,2009,7,4,-5.2410138
2009-07-05,2009,7,5,-4.2030688
2009-07-06,2009,7,6,-5.2757081
2009-07-07,2009,7,7,-6.4147971
2009-07-08,2009,7,8,-4.8974827
2009-07-09,2009,7,9,-4.6654405
2009-07-10,2009,7,10,-10.35543
2009-07-11,2009,7,11,-5.6216122
2009-07-12,2009,7,12,-4.8367583
2009-07-13,2009,7,13,-8.1486466
2009-07-14,2009,7,14,-3.6353812
2009-07-15,2009,7,15,-5.6350253
2009-07-16,2009,7,16,-4.232669
2009-07-17,2009,7,17,-3.2521466
2009-07-18,2009,7,18,-5.3997739
2009-07-19,2009,7,19,-6.2207846
2009-07-20,2009,7,20,-5.9110358
2009-07-21,2009,7,21,-8.667528
2009-07-22,2009,7,22,-12.15157
2009-07-23,2009,7,23,-12.573118
2009-07-24,2009,7,24,-8.4236984
2009-07-25,2009,7,25,-6.9676658
2009-07-26,2009,7,26,-6.9778796
2009-07-27,2009,7,27,-6.3670025
2009-07-28,2009,7,28,-10.27767
2009-07-29,2009,7,29,-5.4561152
2009-07-30,2009,7,30,-4.6897495
2009-07-31,2009,7,31,-8.3837529
2009-08-01,2009,8,1,-8.109693
2009-08-02,2009,8,2,-3.2935851
2009-08-03,2009,8,3,-2.4024851
2009-08-04,2009,8,4,-5.5903693
2009-08-05,2009,8,5,-8.0208927
2009-08-06,2009,8,6,-8.3016068
2009-08-07,2009,8,7,-9.491465
2009-08-08,2009,8,8,-9.4395843
2009-08-09,2009,8,9,-5.2995552
2009-08-10,2009,8,10,-2.7894389
2009-08-11,2009,8,11,-0.51180141
2009-08-12,2009,8,12,-1.9458363
2009-08-13,2009,8,13,-2.6114351
2009-08-14,2009,8,14,-1.7023462
2009-08-15,2009,8,15,-4.727702
2009-08-16,2009,8,16,-8.9370197
2009-08-17,2009,8,17,-8.6014052
2009-08-18,2009,8,18,-6.5412334
2009-08-19,2009,8,19,-7.7503085
2009-08-20,2009,8,20,-8.4925961
2009-08-21,2009,8,21,-4.6755216
2009-08-22,2009,8,22,-4.9174701
2009-08-23,2009,8,23,-4.6423143
2009-08-24,2009,8,24,-2.6604325
2009-08-25,2009,8,25,-0.54873953
2009-08-26,2009,8,26,1.2515076
2009-08-27,2009,8,27,2.2367571
2009-08-28,2009,8,28,2.082804
2009-08-29,2009,8,29,0.052930522
2009-08-30,2009,8,30,-1.4929236
2009-08-31,2009,8,31,-3.7838861
2009-09-01,2009,9,1,-3.0144474
2009-09-02,2009,9,2,-4.706884
2009-09-03,2009,9,3,-7.2076287
2009-09-04,2009,9,4,-5.660084
2009-09-05,2009,9,5,-2.5578475
2009-09-06,2009,9,6,-2.9547202
2009-09-07,2009,9,7,-6.635005
2009-09-08,2009,9,8,-9.6909152
2009-09-09,2009,9,9,-9.9979309
2009-09-10,2009,9,10,-8.1174957
2009-09-11,2009,9,11,-6.4280869
2009-09-12,2009,9,12,-3.3152508
2009-09-13,2009,9,13,-2.181326
2009-09-14,2009,9,14,-1.1328461
2009-09-15,2009,9,15,-2.8716254
2009-09-16,2009,9,16,-5.2020593
2009-09-17,2009,9,17,-4.5001331
2009-09-18,2009,9,18,-3.978006
2009-09-19,2009,9,19,-1.5968593
2009-09-20,2009,9,20,-1.6926403
2009-09-21,2009,9,21,-2.7632663
2009-09-22,2009,9,22,-5.6006732
2009-09-23,2009,9,23,-2.6253618
2009-09-24,2009,9,24,-0.67325238
2009-09-25,2009,9,25,-2.4641555
2009-09-26,2009,9,26,-5.0535201
2009-09-27,2009,9,27,-7.16924
2009-09-28,2009,9,28,-8.0735714
2009-09-29,2009,9,29,-7.5953879
2009-09-30,2009,9,30,-7.2301186
2009-10-01,2009,10,1,-5.2124859
2009-10-02,2009,10,2,-0.047443915
2009-10-03,2009,10,3,-0.41064501
2009-10-04,2009,10,4,-1.2914247
2009-10-05,2009,10,5,-3.133794
2009-10-06,2009,10,6,-0.70536968
2009-10-07,2009,10,7,1.4703421
2009-10-08,2009,10,8,2.0422852
2009-10-09,2009,10,9,-0.58452129
2009-10-10,2009,10,10,-2.0817465
2009-10-11,2009,10,11,-5.1238306
2009-10-12,2009,10,12,-3.2009343
2009-10-13,2009,10,13,-1.4490993
2009-10-14,2009,10,14,-3.5230694
2009-10-15,2009,10,15,-3.8570423
2009-10-16,2009,10,16,-5.624054
2009-10-17,2009,10,17,-3.1554384
2009-10-18,2009,10,18,-4.155616
2009-10-19,2009,10,19,-3.4671062
2009-10-20,2009,10,20,-1.4338146
2009-10-21,2009,10,21,-2.1566455
2009-10-22,2009,10,22,2.0396798
2009-10-23,2009,10,23,2.3055183
2009-10-24,2009,10,24,0.93437984
2009-10-25,2009,10,25,1.1529063
2009-10-26,2009,10,26,1.2746614
2009-10-27,2009,10,27,2.6150708
2009-10-28,2009,10,28,3.3600806
2009-10-29,2009,10,29,4.6205829
2009-10-30,2009,10,30,4.5334519
2009-10-31,2009,10,31,4.2379414
2009-11-01,2009,11,1,4.6131873
2009-11-02,2009,11,2,3.6513756
2009-11-03,2009,11,3,1.0425407
2009-11-04,2009,11,4,-1.7705296
2009-11-05,2009,11,5,-1.6281383
2009-11-06,2009,11,6,-1.8541441
2009-11-07,2009,11,7,-2.374472
2009-11-08,2009,11,8,-2.7681754
2009-11-09,2009,11,9,-0.98855339
2009-11-10,2009,11,10,-0.55982069
2009-11-11,2009,11,11,0.11971374
2009-11-12,2009,11,12,1.1213492
2009-11-13,2009,11,13,1.0336158
2009-11-14,2009,11,14,1.2925334
2009-11-15,2009,11,15,2.3873491
2009-11-16,2009,11,16,4.9728475
2009-11-17,2009,11,17,4.531062
2009-11-18,2009,11,18,2.2918286
2009-11-19,2009,11,19,0.41172149
2009-11-20,2009,11,20,4.5663154
2009-11-21,2009,11,21,4.5657778
2009-11-22,2009,11,22,5.3066854
2009-11-23,2009,11,23,5.0355176
2009-11-24,2009,11,24,4.4532133
2009-11-25,2009,11,25,4.4606827
2009-11-26,2009,11,26,4.4590289
2009-11-27,2009,11,27,3.9111967
2009-11-28,2009,11,28,4.0081831
2009-11-29,2009,11,29,4.2404622
2009-11-30,2009,11,30,2.4822315
2009-12-01,2009,12,1,3.3586701
2009-12-02,2009,12,2,3.1492667
2009-12-03,2009,12,3,4.4322239
2009-12-04,2009,12,4,4.9678604
2009-12-05,2009,12,5,2.6103829
2009-12-06,2009,12,6,4.0731322
2009-12-07,2009,12,7,1.994964
2009-12-08,2009,12,8,2.0888213
2009-12-09,2009,12,9,2.8923938
2009-12-10,2009,12,10,4.9753794
2009-12-11,2009,12,11,4.1256152
2009-12-12,2009,12,12,5.0236604
2009-12-13,2009,12,13,6.9090084
2009-12-14,2009,12,14,6.0815949
2009-12-15,2009,12,15,7.3612521
2009-12-16,2009,12,16,7.0811764
2009-12-17,2009,12,17,7.8164298
2009-12-18,2009,12,18,7.075649
2009-12-19,2009,12,19,6.4590236
2009-12-20,2009,12,20,6.167678
2009-12-21,2009,12,21,5.5074952
2009-12-22,2009,12,22,6.5832811
2009-12-23,2009,12,23,6.7594832
2009-12-24,2009,12,24,6.379515
2009-12-25,2009,12,25,7.2525843
2009-12-26,2009,12,26,6.1682373
2009-12-27,2009,12,27,6.2623499
2009-12-28,2009,12,28,4.1318277
2009-12-29,2009,12,29,3.5071997
2009-12-30,2009,12,30,4.9232736
2009-12-31,2009,12,31,5.2980606
2010-01-01,2010,1,1,5.1047861
2010-01-02,2010,1,2,7.4937438
2010-01-03,2010,1,3,7.4356058
2010-01-04,2010,1,4,7.1587721
2010-01-05,2010,1,5,7.1974804
2010-01-06,2010,1,6,6.7708469
2010-01-07,2010,1,7,5.869572
2010-01-08,2010,1,8,5.5034256
2010-01-09,2010,1,9,6.21373
2010-01-10,2010,1,10,6.216084
2010-01-11,2010,1,11,4.6550347
2010-01-12,2010,1,12,2.179475
2010-01-13,2010,1,13,4.5452649
2010-01-14,2010,1,14,7.7824497
2010-01-15,2010,1,15,8.488738
2010-01-16,2010,1,16,7.8054084
2010-01-17,2010,1,17,7.0149609
2010-01-18,2010,1,18,7.0907356
2010-01-19,2010,1,19,6.0934262
2010-01-20,2010,1,20,8.4664021
2010-01-21,2010,1,21,10.651711
2010-01-22,2010,1,22,10.091308
2010-01-23,2010,1,23,10.366066
2010-01-24,2010,1,24,10.772754
2010-01-25,2010,1,25,10.797014
2010-01-26,2010,1,26,10.682472
2010-01-27,2010,1,27,10.953171
2010-01-28,2010,1,28,11.043555
2010-01-29,2010,1,29,8.0691572
2010-01-30,2010,1,30,8.6491152
2010-01-31,2010,1,31,7.7156045
2010-02-01,2010,2,1,8.5875571
2010-02-02,2010,2,2,7.391777
2010-02-03,2010,2,3,5.4752726
2010-02-04,2010,2,4,5.8140919
2010-02-05,2010,2,5,5.4458326
2010-02-06,2010,2,6,4.2840848
2010-02-07,2010,2,7,4.3298687
2010-02-08,2010,2,8,6.1503035
2010-02-09,2010,2,9,8.1275398
2010-02-10,2010,2,10,8.2988956
2010-02-11,2010,2,11,8.7527803
2010-02-12,2010,2,12,9.6342074
2010-02-13,2010,2,13,8.5835889
2010-02-14,2010,2,14,7.9441343
2010-02-15,2010,2,15,6.0138538
2010-02-16,2010,2,16,6.2494559
2010-02-17,2010,2,17,6.4409401
2010-02-18,2010,2,18,6.0629222
2010-02-19,2010,2,19,6.3801895
2010-02-20,2010,2,20,8.1575721
2010-02-21,2010,2,21,8.2095471
2010-02-22,2010,2,22,6.4685013
2010-02-23,2010,2,23,7.0337334
2010-02-24,2010,2,24,8.1214811
2010-02-25,2010,2,25,7.2886043
2010-02-26,2010,2,26,5.2990789
2010-02-27,2010,2,27,6.2535976
2010-02-28,2010,2,28,7.8823239
2010-03-01,2010,3,1,6.9992374
2010-03-02,2010,3,2,6.1857281
2010-03-03,2010,3,3,5.0759207
2010-03-04,2010,3,4,5.7362774
2010-03-05,2010,3,5,8.1939394
2010-03-06,2010,3,6,9.9441385
2010-03-07,2010,3,7,9.9347853
2010-03-08,2010,3,8,6.4938348
2010-03-09,2010,3,9,7.6402142
2010-03-10,2010,3,10,7.7411421
2010-03-11,2010,3,11,7.8726737
2010-03-12,2010,3,12,6.8952019
2010-03-13,2010,3,13,4.8281372
2010-03-14,2010,3,14,5.0009048
2010-03-15,2010,3,15,6.7252553
2010-03-16,2010,3,16,7.0354962
2010-03-17,2010,3,17,5.4835023
2010-03-18,2010,3,18,5.9857999
2010-03-19,2010,3,19,6.2952967
2010-03-20,2010,3,20,6.004006
2010-03-21,2010,3,21,3.6398124
2010-03-22,2010,3,22,2.9431564
2010-03-23,2010,3,23,4.0244447
2010-03-24,2010,3,24,7.0439294
2010-03-25,2010,3,25,7.1835701
2010-03-26,2010,3,26,7.3924321
2010-03-27,2010,3,27,7.8950365
2010-03-28,2010,3,28,7.8646924
2010-03-29,2010,3,29,8.9448773
2010-03-30,2010,3,30,9.4646926
2010-03-31,2010,3,31,7.3932874
2010-04-01,2010,4,1,4.9140959
2010-04-02,2010,4,2,3.8906364
2010-04-03,2010,4,3,3.9579493
2010-04-04,2010,4,4,4.7380702
2010-04-05,2010,4,5,5.9676507
2010-04-06,2010,4,6,6.89319
2010-04-07,2010,4,7,6.6708109
2010-04-08,2010,4,8,6.8282378
2010-04-09,2010,4,9,6.6993042
2010-04-10,2010,4,10,6.0760439
2010-04-11,2010,4,11,5.0795329
2010-04-12,2010,4,12,4.267776
2010-04-13,2010,4,13,2.9336494
2010-04-14,2010,4,14,3.4122359
2010-04-15,2010,4,15,4.474873
2010-04-16,2010,4,16,3.171516
2010-04-17,2010,4,17,0.47206538
2010-04-18,2010,4,18,1.2865392
2010-04-19,2010,4,19,1.52051
2010-04-20,2010,4,20,0.53578942
2010-04-21,2010,4,21,-1.7104427
2010-04-22,2010,4,22,-2.3186687
2010-04-23,2010,4,23,-1.3156185
2010-04-24,2010,4,24,-0.53890848
2010-04-25,2010,4,25,-1.4226418
2010-04-26,2010,4,26,-0.6430663
2010-04-27,2010,4,27,0.091687128
2010-04-28,2010,4,28,0.029003797
2010-04-29,2010,4,29,2.9562824
2010-04-30,2010,4,30,5.4262251
2010-05-01,2010,5,1,5.8510421
2010-05-02,2010,5,2,4.2247848
2010-05-03,2010,5,3,3.0834243
2010-05-04,2010,5,4,3.4742437
2010-05-05,2010,5,5,0.82764829
2010-05-06,2010,5,6,-3.1119779
2010-05-07,2010,5,7,-4.6337978
2010-05-08,2010,5,8,-0.65379961
2010-05-09,2010,5,9,0.92100401
2010-05-10,2010,5,10,1.645926
2010-05-11,2010,5,11,2.9281462
2010-05-12,2010,5,12,3.045467
2010-05-13,2010,5,13,3.6840494
2010-05-14,2010,5,14,-0.27705547
2010-05-15,2010,5,15,-2.346503
2010-05-16,2010,5,16,-4.3688351
2010-05-17,2010,5,17,-4.543476
2010-05-18,2010,5,18,1.1737653
2010-05-19,2010,5,19,2.1600379
2010-05-20,2010,5,20,1.7923105
2010-05-21,2010,5,21,1.270202
2010-05-22,2010,5,22,-2.9388183
2010-05-23,2010,5,23,-5.8131506
2010-05-24,2010,5,24,-3.6762273
2010-05-25,2010,5,25,-1.9566125
2010-05-26,2010,5,26,-2.3586474
2010-05-27,2010,5,27,-3.0174806
2010-05-28,2010,5,28,-1.1646339
2010-05-29,2010,5,29,-3.0494035
2010-05-30,2010,5,30,-5.7568688
2010-05-31,2010,5,31,-2.5424189
2010-06-01,2010,6,1,-1.8446251
2010-06-02,2010,6,2,-3.0584875
2010-06-03,2010,6,3,-6.3699881
2010-06-04,2010,6,4,-5.7723601
2010-06-05,2010,6,5,-0.82573222
2010-06-06,2010,6,6,-0.49723047
2010-06-07,2010,6,7,-1.1566179
2010-06-08,2010,6,8,-0.74261835
2010-06-09,2010,6,9,-1.7119
2010-06-10,2010,6,10,-1.488183
2010-06-11,2010,6,11,-4.0388248
2010-06-12,2010,6,12,-5.095659
2010-06-13,2010,6,13,-3.0259732
2010-06-14,2010,6,14,-6.1645535
2010-06-15,2010,6,15,-5.3740492
2010-06-16,2010,6,16,-4.725599
2010-06-17,2010,6,17,-4.328981
2010-06-18,2010,6,18,-5.89053
2010-06-19,2010,6,19,-8.2672011
2010-06-20,2010,6,20,-8.0140522
2010-06-21,2010,6,21,-7.0680908
2010-06-22,2010,6,22,-2.72284
2010-06-23,2010,6,23,-2.3545872
2010-06-24,2010,6,24,-6.9018233
2010-06-25,2010,6,25,-7.441658
2010-06-26,2010,6,26,-7.7840654
2010-06-27,2010,6,27,-10.388843
2010-06-28,2010,6,28,-3.1723226
2010-06-29,2010,6,29,-1.8042883
2010-06-30,2010,6,30,-1.7510416
2010-07-01,2010,7,1,-1.4248725
2010-07-02,2010,7,2,-4.1014041
2010-07-03,2010,7,3,-4.4733538
2010-07-04,2010,7,4,-5.3340362
2010-07-05,2010,7,5,-8.4050777
2010-07-06,2010,7,6,-7.7704581
2010-07-07,2010,7,7,-7.9971583
2010-07-08,2010,7,8,-4.0697617
2010-07-09,2010,7,9,-3.0484521
2010-07-10,2010,7,10,-2.5964191
2010-07-11,2010,7,11,-7.7777096
2010-07-12,2010,7,12,-10.468897
2010-07-13,2010,7,13,-8.2987658
2010-07-14,2010,7,14,-10.73432
2010-07-15,2010,7,15,-13.540306
2010-07-16,2010,7,16,-12.446633
2010-07-17,2010,7,17,-11.135473
2010-07-18,2010,7,18,-10.761362
2010-07-19,2010,7,19,-9.5530718
2010-07-20,2010,7,20,-11.113677
2010-07-21,2010,7,21,-10.989357
2010-07-22,2010,7,22,-11.283456
2010-07-23,2010,7,23,-9.0556421
2010-07-24,2010,7,24,-11.242131
2010-07-25,2010,7,25,-12.443229
2010-07-26,2010,7,26,-5.9372146
2010-07-27,2010,7,27,-6.0661692
2010-07-28,2010,7,28,-9.7631865
2010-07-29,2010,7,29,-7.069861
2010-07-30,2010,7,30,-9.7922504
2010-07-31,2010,7,31,-14.170249
2010-08-01,2010,8,1,-10.075527
2010-08-02,2010,8,2,-9.2376651
2010-08-03,2010,8,3,-9.9347031
2010-08-04,2010,8,4,-9.5251427
2010-08-05,2010,8,5,-3.5229216
2010-08-06,2010,8,6,-6.9362114
2010-08-07,2010,8,7,-7.1469189
2010-08-08,2010,8,8,-8.7213397
2010-08-09,2010,8,9,-3.0452114
2010-08-10,2010,8,10,-2.3721922
2010-08-11,2010,8,11,-3.7756237
2010-08-12,2010,8,12,-7.1422188
2010-08-13,2010,8,13,-7.278045
2010-08-14,2010,8,14,-4.9387834
2010-08-15,2010,8,15,-4.4093625
2010-08-16,2010,8,16,-6.1336497
2010-08-17,2010,8,17,-4.30775
2010-08-18,2010,8,18,-3.7432754
2010-08-19,2010,8,19,-1.8621689
2010-08-20,2010,8,20,0.68608154
2010-08-21,2010,8,21,-0.9697388
2010-08-22,2010,8,22,-3.3787419
2010-08-23,2010,8,23,-6.4361271
2010-08-24,2010,8,24,-8.982801
2010-08-25,2010,8,25,-5.9675969
2010-08-26,2010,8,26,-4.4978385
2010-08-27,2010,8,27,-4.6381174
2010-08-28,2010,8,28,-3.6261375
2010-08-29,2010,8,29,-3.2920021
2010-08-30,2010,8,30,-3.0388772
2010-08-31,2010,8,31,-5.8272516
2010-09-01,2010,9,1,-6.0895978
2010-09-02,2010,9,2,-6.6428964
2010-09-03,2010,9,3,-7.3417665
2010-09-04,2010,9,4,-4.0172036
2010-09-05,2010,9,5,-2.5796891
2010-09-06,2010,9,6,-2.033992
2010-09-07,2010,9,7,-0.78795605
2010-09-08,2010,9,8,-0.55152966
2010-09-09,2010,9,9,-2.2840705
2010-09-10,2010,9,10,-4.5085978
2010-09-11,2010,9,11,-5.4368467
2010-09-12,2010,9,12,-5.0457982
2010-09-13,2010,9,13,-7.9753147
2010-09-14,2010,9,14,-3.6735174
2010-09-15,2010,9,15,-3.9906444
2010-09-16,2010,9,16,-3.4061582
2010-09-17,2010,9,17,-2.2320553
2010-09-18,2010,9,18,-0.074209008
2010-09-19,2010,9,19,-3.6961102
2010-09-20,2010,9,20,-2.4838296
2010-09-21,2010,9,21,-4.7702458
2010-09-22,2010,9,22,-4.9619665
2010-09-23,2010,9,23,-5.7303756
2010-09-24,2010,9,24,-4.394271
2010-09-25,2010,9,25,-3.5981055
2010-09-26,2010,9,26,-2.7587208
2010-09-27,2010,9,27,-6.3071068
2010-09-28,2010,9,28,-6.5793513
2010-09-29,2010,9,29,-4.5085627
2010-09-30,2010,9,30,-6.1171082
2010-10-01,2010,10,1,-5.6661149
2010-10-02,2010,10,2,-2.250679
2010-10-03,2010,10,3,-1.844963
2010-10-04,2010,10,4,-1.9390505
2010-10-05,2010,10,5,-2.5905283
2010-10-06,2010,10,6,-4.3199605
2010-10-07,2010,10,7,-3.352805
2010-10-08,2010,10,8,1.0641587
2010-10-09,2010,10,9,-0.29785293
2010-10-10,2010,10,10,1.2586332
2010-10-11,2010,10,11,1.330947
2010-10-12,2010,10,12,3.0339695
2010-10-13,2010,10,13,1.1635816
2010-10-14,2010,10,14,-0.89893409
2010-10-15,2010,10,15,-1.6340573
2010-10-16,2010,10,16,-0.37704561
2010-10-17,2010,10,17,1.4228591
2010-10-18,2010,10,18,2.6712077
2010-10-19,2010,10,19,1.7240251
2010-10-20,2010,10,20,1.9247258
2010-10-21,2010,10,21,0.85842591
2010-10-22,2010,10,22,1.1624688
2010-10-23,2010,10,23,-0.21788329
2010-10-24,2010,10,24,-1.1184502
2010-10-25,2010,10,25,1.1881061
2010-10-26,2010,10,26,3.2073724
2010-10-27,2010,10,27,-1.0841135
2010-10-28,2010,10,28,-0.61705451
2010-10-29,2010,10,29,-6.2462522
2010-10-30,2010,10,30,-3.6773208
2010-10-31,2010,10,31,1.3901326
2010-11-01,2010,11,1,3.2071244
2010-11-02,2010,11,2,3.5435884
2010-11-03,2010,11,3,3.7928301
2010-11-04,2010,11,4,1.5360776
2010-11-05,2010,11,5,2.0304336
2010-11-06,2010,11,6,4.9144899
2010-11-07,2010,11,7,4.0159742
2010-11-08,2010,11,8,-2.6880127
2010-11-09,2010,11,9,-2.4546449
2010-11-10,2010,11,10,0.079729413
2010-11-11,2010,11,11,1.3082381
2010-11-12,2010,11,12,1.9769219
2010-11-13,2010,11,13,2.7028226
2010-11-14,2010,11,14,2.0943577
2010-11-15,2010,11,15,2.8416871
2010-11-16,2010,11,16,2.6937705
2010-11-17,2010,11,17,3.2773834
2010-11-18,2010,11,18,1.964278
2010-11-19,2010,11,19,0.56899749
2010-11-20,2010,11,20,1.954189
2010-11-21,2010,11,21,0.79124342
2010-11-22,2010,11,22,3.374221
2010-11-23,2010,11,23,2.529376
2010-11-24,2010,11,24,4.6679386
2010-11-25,2010,11,25,3.7860003
2010-11-26,2010,11,26,4.5614862
2010-11-27,2010,11,27,3.5216822
2010-11-28,2010,11,28,1.7050768
2010-11-29,2010,11,29,2.0013387
2010-11-30,2010,11,30,0.62442252
2010-12-01,2010,12,1,3.0055055
2010-12-02,2010,12,2,1.9906526
2010-12-03,2010,12,3,2.2664066
2010-12-04,2010,12,4,2.6771233
2010-12-05,2010,12,5,4.9939402
2010-12-06,2010,12,6,3.3810671
2010-12-07,2010,12,7,2.1543814
2010-12-08,2010,12,8,3.4524499
2010-12-09,2010,12,9,2.7394802
2010-12-10,2010,12,10,1.1668228
2010-12-11,2010,12,11,0.33476572
2010-12-12,2010,12,12,-1.1754336
2010-12-13,2010,12,13,4.0100461
2010-12-14,2010,12,14,5.7437835
2010-12-15,2010,12,15,6.713624
2010-12-16,2010,12,16,4.3249985
2010-12-17,2010,12,17,3.2898923
2010-12-18,2010,12,18,3.1914606
2010-12-19,2010,12,19,3.5909489
2010-12-20,2010,12,20,6.1592885
2010-12-21,2010,12,21,8.4224364
2010-12-22,2010,12,22,9.2618454
2010-12-23,2010,12,23,7.2016293
2010-12-24,2010,12,24,5.5141001
2010-12-25,2010,12,25,7.6149357
2010-12-26,2010,12,26,8.7144071
2010-12-27,2010,12,27,8.136671
2010-12-28,2010,12,28,7.8785247
2010-12-29,2010,12,29,7.9642112
2010-12-30,2010,12,30,6.3116854
2010-12-31,2010,12,31,6.1029924
2011-01-01,2011,1,1,7.3109609
2011-01-02,2011,1,2,8.4987009
2011-01-03,2011,1,3,4.7745277
2011-01-04,2011,1,4,4.5647102
2011-01-05,2011,1,5,4.3930918
2011-01-06,2011,1,6,6.2711227
2011-01-07,2011,1,7,5.0106971
2011-01-08,2011,1,8,5.9264689
2011-01-09,2011,1,9,8.4688815
2011-01-10,2011,1,10,6.4673071
2011-01-11,2011,1,11,6.7810027
2011-01-12,2011,1,12,7.4504176
2011-01-13,2011,1,13,6.5413395
2011-01-14,2011,1,14,7.2605224
2011-01-15,2011,1,15,6.7210115
2011-01-16,2011,1,16,3.3305136
2011-01-17,2011,1,17,5.4388229
2011-01-18,2011,1,18,6.0136986
2011-01-19,2011,1,19,5.5258929
2011-01-20,2011,1,20,7.07767
2011-01-21,2011,1,21,7.4198055
2011-01-22,2011,1,22,8.4821749
2011-01-23,2011,1,23,9.8958459
2011-01-24,2011,1,24,9.9126899
2011-01-25,2011,1,25,8.1316565
2011-01-26,2011,1,26,6.9829874
2011-01-27,2011,1,27,7.0825765
2011-01-28,2011,1,28,8.1284329
2011-01-29,2011,1,29,8.9413104
2011-01-30,2011,1,30,7.2429833
2011-01-31,2011,1,31,5.3720693
2011-02-01,2011,2,1,7.5222396
2011-02-02,2011,2,2,7.9862387
2011-02-03,2011,2,3,6.6127316
2011-02-04,2011,2,4,7.9656934
2011-02-05,2011,2,5,8.439275
2011-02-06,2011,2,6,8.8916286
2011-02-07,2011,2,7,7.3708207
2011-02-08,2011,2,8,8.593147
2011-02-09,2011,2,9,7.2877722
2011-02-10,2011,2,10,6.4381368
2011-02-11,2011,2,11,5.1864361
2011-02-12,2011,2,12,3.5166111
2011-02-13,2011,2,13,3.9852743
2011-02-14,2011,2,14,7.9367006
2011-02-15,2011,2,15,7.7509951
2011-02-16,2011,2,16,6.3923463
2011-02-17,2011,2,17,6.0689229
2011-02-18,2011,2,18,7.7873291
2011-02-19,2011,2,19,8.702311
2011-02-20,2011,2,20,7.992825
2011-02-21,2011,2,21,7.1721232
2011-02-22,2011,2,22,6.4904693
2011-02-23,2011,2,23,5.6998415
2011-02-24,2011,2,24,5.7260685
2011-02-25,2011,2,25,4.4587333
2011-02-26,2011,2,26,6.5248953
2011-02-27,2011,2,27,8.0558847
2011-02-28,2011,2,28,8.9933114
2011-03-01,2011,3,1,8.9412194
2011-03-02,2011,3,2,8.5651506
2011-03-03,2011,3,3,8.8036863
2011-03-04,2011,3,4,8.8479073
2011-03-05,2011,3,5,8.8736627
2011-03-06,2011,3,6,6.4220024
2011-03-07,2011,3,7,6.3559694
2011-03-08,2011,3,8,7.7822665
2011-03-09,2011,3,9,8.1372992
2011-03-10,2011,3,10,6.9454988
2011-03-11,2011,3,11,5.2652947
2011-03-12,2011,3,12,2.4585558
2011-03-13,2011,3,13,2.4709302
2011-03-14,2011,3,14,3.7638904
2011-03-15,2011,3,15,3.9849076
2011-03-16,2011,3,16,1.3642007
2011-03-17,2011,3,17,1.9460768
2011-03-18,2011,3,18,3.4911727
2011-03-19,2011,3,19,4.6968968
2011-03-20,2011,3,20,5.8090756
2011-03-21,2011,3,21,4.7974182
2011-03-22,2011,3,22,4.5665979
2011-03-23,2011,3,23,4.5338163
2011-03-24,2011,3,24,4.8545552
2011-03-25,2011,3,25,2.4550193
2011-03-26,2011,3,26,2.2324623
2011-03-27,2011,3,27,3.0391626
2011-03-28,2011,3,28,3.4834929
2011-03-29,2011,3,29,4.4378341
2011-03-30,2011,3,30,4.9617291
2011-03-31,2011,3,31,4.4646379
2011-04-01,2011,4,1,4.1139279
2011-04-02,2011,4,2,4.5285694
2011-04-03,2011,4,3,3.7144266
2011-04-04,2011,4,4,4.8288757
2011-04-05,2011,4,5,6.8429648
2011-04-06,2011,4,6,6.4490427
2011-04-07,2011,4,7,5.6845116
2011-04-08,2011,4,8,6.1808156
2011-04-09,2011,4,9,6.9041943
2011-04-10,2011,4,10,5.6149298
2011-04-11,2011,4,11,2.5555382
2011-04-12,2011,4,12,3.0575911
2011-04-13,2011,4,13,1.5996768
2011-04-14,2011,4,14,0.35557668
2011-04-15,2011,4,15,-1.8873178
2011-04-16,2011,4,16,-1.6434046
2011-04-17,2011,4,17,-2.3095877
2011-04-18,2011,4,18,1.5349012
2011-04-19,2011,4,19,1.1347741
2011-04-20,2011,4,20,-0.46811061
2011-04-21,2011,4,21,-0.20360496
2011-04-22,2011,4,22,-0.957853
2011-04-23,2011,4,23,-1.331353
2011-04-24,2011,4,24,0.16242762
2011-04-25,2011,4,25,1.0871926
2011-04-26,2011,4,26,2.2612874
2011-04-27,2011,4,27,2.1292997
2011-04-28,2011,4,28,-0.53111182
2011-04-29,2011,4,29,-3.8614723
2011-04-30,2011,4,30,-0.77170483
2011-05-01,2011,5,1,-1.4092439
2011-05-02,2011,5,2,0.10067814
2011-05-03,2011,5,3,1.1750807
2011-05-04,2011,5,4,2.7235386
2011-05-05,2011,5,5,3.91388
2011-05-06,2011,5,6,3.7899641
2011-05-07,2011,5,7,2.142934
2011-05-08,2011,5,8,0.24719542
2011-05-09,2011,5,9,2.5338893
2011-05-10,2011,5,10,1.7599677
2011-05-11,2011,5,11,2.236296
2011-05-12,2011,5,12,4.9608075
2011-05-13,2011,5,13,2.8683979
2011-05-14,2011,5,14,2.8867116
2011-05-15,2011,5,15,3.9003329
2011-05-16,2011,5,16,2.5725922
2011-05-17,2011,5,17,1.3630005
2011-05-18,2011,5,18,2.3056127
2011-05-19,2011,5,19,1.6641638
2011-05-20,2011,5,20,0.67658985
2011-05-21,2011,5,21,-0.76509092
2011-05-22,2011,5,22,-2.5866075
2011-05-23,2011,5,23,-1.8178165
2011-05-24,2011,5,24,-3.0574734
2011-05-25,2011,5,25,-3.3903386
2011-05-26,2011,5,26,1.0499475
2011-05-27,2011,5,27,0.70559169
2011-05-28,2011,5,28,0.9694569
2011-05-29,2011,5,29,0.8378587
2011-05-30,2011,5,30,0.2389062
2011-05-31,2011,5,31,0.6080386
2011-06-01,2011,6,1,0.01662992
2011-06-02,2011,6,2,-2.1779507
2011-06-03,2011,6,3,-2.2667909
2011-06-04,2011,6,4,0.071371553
2011-06-05,2011,6,5,-2.3095967
2011-06-06,2011,6,6,-5.3813702
2011-06-07,2011,6,7,-5.6000258
2011-06-08,2011,6,8,-4.691847
2011-06-09,2011,6,9,-3.0234699
2011-06-10,2011,6,10,0.07177758
2011-06-11,2011,6,11,-1.6945036
2011-06-12,2011,6,12,-3.4594196
2011-06-13,2011,6,13,-0.46086039
2011-06-14,2011,6,14,-1.989604
2011-06-15,2011,6,15,-3.3272448
2011-06-16,2011,6,16,-5.6248365
2011-06-17,2011,6,17,-5.7359021
2011-06-18,2011,6,18,-5.9187567
2011-06-19,2011,6,19,-6.1319615
2011-06-20,2011,6,20,-5.0861512
2011-06-21,2011,6,21,-6.5128969
2011-06-22,2011,6,22,-9.4342594
2011-06-23,2011,6,23,-5.9992348
2011-06-24,2011,6,24,-5.900751
2011-06-25,2011,6,25,-7.6883935
2011-06-26,2011,6,26,-6.9382982
2011-06-27,2011,6,27,-5.3214088
2011-06-28,2011,6,28,-5.7088641
2011-06-29,2011,6,29,-5.7485904
2011-06-30,2011,6,30,-10.802695
2011-07-01,2011,7,1,-10.60834
2011-07-02,2011,7,2,-14.317453
2011-07-03,2011,7,3,-11.025126
2011-07-04,2011,7,4,-6.2027677
2011-07-05,2011,7,5,-7.1293983
2011-07-06,2011,7,6,-6.3768217
2011-07-07,2011,7,7,-4.7119899
2011-07-08,2011,7,8,-2.097332
2011-07-09,2011,7,9,-4.9327886
2011-07-10,2011,7,10,-6.0791536
2011-07-11,2011,7,11,-4.2229845
2011-07-12,2011,7,12,-7.9676804
2011-07-13,2011,7,13,-5.3249554
2011-07-14,2011,7,14,-7.7675114
2011-07-15,2011,7,15,-8.5178214
2011-07-16,2011,7,16,-10.04433
2011-07-17,2011,7,17,-12.272073
2011-07-18,2011,7,18,-11.661833
2011-07-19,2011,7,19,-7.6784929
2011-07-20,2011,7,20,-8.0564193
2011-07-21,2011,7,21,-6.95587
2011-07-22,2011,7,22,-3.8159965
2011-07-23,2011,7,23,-2.8043784
2011-07-24,2011,7,24,-2.362298
2011-07-25,2011,7,25,-9.0392661
2011-07-26,2011,7,26,-5.4167807
2011-07-27,2011,7,27,-4.173333
2011-07-28,2011,7,28,-8.158997
2011-07-29,2011,7,29,-8.9503323
2011-07-30,2011,7,30,-9.5862527
2011-07-31,2011,7,31,-9.6198615
2011-08-01,2011,8,1,-9.7985816
2011-08-02,2011,8,2,-11.482248
2011-08-03,2011,8,3,-10.736597
2011-08-04,2011,8,4,-6.742592
2011-08-05,2011,8,5,-7.8834327
2011-08-06,2011,8,6,-4.7510682
2011-08-07,2011,8,7,-3.6854249
2011-08-08,2011,8,8,-3.159448
2011-08-09,2011,8,9,-1.3245967
2011-08-10,2011,8,10,-3.194875
2011-08-11,2011,8,11,-4.0157356
2011-08-12,2011,8,12,-4.15385
2011-08-13,2011,8,13,-4.0965796
2011-08-14,2011,8,14,-2.6810321
2011-08-15,2011,8,15,-5.5585821
2011-08-16,2011,8,16,-8.1742731
2011-08-17,2011,8,17,-6.9064749
2011-08-18,2011,8,18,-8.257152
2011-08-19,2011,8,19,-11.322728
2011-08-20,2011,8,20,-8.8475386
2011-08-21,2011,8,21,-9.4230507
2011-08-22,2011,8,22,-7.9023555
2011-08-23,2011,8,23,-4.8284763
2011-08-24,2011,8,24,-6.598123
2011-08-25,2011,8,25,-8.2090103
2011-08-26,2011,8,26,-3.1475056
2011-08-27,2011,8,27,-7.2832096
2011-08-28,2011,8,28,-6.5572973
2011-08-29,2011,8,29,-9.588965
2011-08-30,2011,8,30,-9.8229511
2011-08-31,2011,8,31,-2.4504869
2011-09-01,2011,9,1,-2.1629452
2011-09-02,2011,9,2,-6.2326523
2011-09-03,2011,9,3,-6.954853
2011-09-04,2011,9,4,-8.5924487
2011-09-05,2011,9,5,-8.747957
2011-09-06,2011,9,6,-5.7051751
2011-09-07,2011,9,7,-8.5316587
2011-09-08,2011,9,8,-8.6653294
2011-09-09,2011,9,9,-4.0139913
2011-09-10,2011,9,10,-4.5143903
2011-09-11,2011,9,11,-0.58528933
2011-09-12,2011,9,12,1.2345126
2011-09-13,2011,9,13,1.2159595
2011-09-14,2011,9,14,-0.60840722
2011-09-15,2011,9,15,-1.0768599
2011-09-16,2011,9,16,-2.7340716
2011-09-17,2011,9,17,-3.7933461
2011-09-18,2011,9,18,-4.4925542
2011-09-19,2011,9,19,-4.019561
2011-09-20,2011,9,20,-0.80187305
2011-09-21,2011,9,21,1.6348521
2011-09-22,2011,9,22,-2.1476626
2011-09-23,2011,9,23,-0.60256275
2011-09-24,2011,9,24,2.1999101
2011-09-25,2011,9,25,2.2520785
2011-09-26,2011,9,26,3.1396212
2011-09-27,2011,9,27,3.7644044
2011-09-28,2011,9,28,0.97554577
2011-09-29,2011,9,29,-0.15118123
2011-09-30,2011,9,30,-0.73981703
2011-10-01,2011,10,1,0.0012213217
2011-10-02,2011,10,2,1.1164532
2011-10-03,2011,10,3,1.4075857
2011-10-04,2011,10,4,-1.0957798
2011-10-05,2011,10,5,1.5899143
2011-10-06,2011,10,6,0.67588876
2011-10-07,2011,10,7,-1.8942236
2011-10-08,2011,10,8,-5.2471527
2011-10-09,2011,10,9,-2.4222362
2011-10-10,2011,10,10,-2.0278766
2011-10-11,2011,10,11,-2.8284933
2011-10-12,2011,10,12,-4.836881
2011-10-13,2011,10,13,-2.6230726
2011-10-14,2011,10,14,-3.6607447
2011-10-15,2011,10,15,-3.4775796
2011-10-16,2011,10,16,-0.14463501
2011-10-17,2011,10,17,-0.25237333
2011-10-18,2011,10,18,-0.72643081
2011-10-19,2011,10,19,1.2834799
2011-10-20,2011,10,20,3.3484873
2011-10-21,2011,10,21,1.3423683
2011-10-22,2011,10,22,0.57704383
2011-10-23,2011,10,23,1.2270323
2011-10-24,2011,10,24,-0.31869563
2011-10-25,2011,10,25,-0.33414856
2011-10-26,2011,10,26,0.053379897
2011-10-27,2011,10,27,-0.35115942
2011-10-28,2011,10,28,-0.69225721
2011-10-29,2011,10,29,0.14435592
2011-10-30,2011,10,30,2.2230896
2011-10-31,2011,10,31,1.6442036
2011-11-01,2011,11,1,2.6436712
2011-11-02,2011,11,2,2.3068702
2011-11-03,2011,11,3,3.2845675
2011-11-04,2011,11,4,3.1473674
2011-11-05,2011,11,5,3.8927329
2011-11-06,2011,11,6,5.4787878
2011-11-07,2011,11,7,4.73621
2011-11-08,2011,11,8,3.3089057
2011-11-09,2011,11,9,-0.35093011
2011-11-10,2011,11,10,0.72030362
2011-11-11,2011,11,11,3.0195956
2011-11-12,2011,11,12,4.0517825
2011-11-13,2011,11,13,2.3286312
2011-11-14,2011,11,14,2.864648
2011-11-15,2011,11,15,4.2803933
2011-11-16,2011,11,16,3.4170837
2011-11-17,2011,11,17,1.1425869
2011-11-18,2011,11,18,2.4505895
2011-11-19,2011,11,19,1.8881279
2011-11-20,2011,11,20,0.21031397
2011-11-21,2011,11,21,0.6931437
2011-11-22,2011,11,22,4.7362805
2011-11-23,2011,11,23,3.3285855
2011-11-24,2011,11,24,3.2426081
2011-11-25,2011,11,25,5.2714906
2011-11-26,2011,11,26,6.0981294
2011-11-27,2011,11,27,4.7095944
2011-11-28,2011,11,28,4.7139717
2011-11-29,2011,11,29,6.6852045
2011-11-30,2011,11,30,6.3326687
2011-12-01,2011,12,1,7.0537889
2011-12-02,2011,12,2,4.7868572
2011-12-03,2011,12,3,3.4620844
2011-12-04,2011,12,4,4.0437922
2011-12-05,2011,12,5,3.869259
2011-12-06,2011,12,6,6.615755
2011-12-07,2011,12,7,5.9180752
2011-12-08,2011,12,8,6.5768481
2011-12-09,2011,12,9,6.1486651
2011-12-10,2011,12,10,6.0866187
2011-12-11,2011,12,11,5.2364393
2011-12-12,2011,12,12,6.4430697
2011-12-13,2011,12,13,7.9668228
2011-12-14,2011,12,14,9.1237288
2011-12-15,2011,12,15,8.6610759
2011-12-16,2011,12,16,7.3014874
2011-12-17,2011,12,17,6.9930107
2011-12-18,2011,12,18,7.1969718
2011-12-19,2011,12,19,6.7784981
2011-12-20,2011,12,20,6.2894197
2011-12-21,2011,12,21,6.4018024
2011-12-22,2011,12,22,5.9444614
2011-12-23,2011,12,23,6.9267218
2011-12-24,2011,12,24,6.1008859
2011-12-25,2011,12,25,7.8115649
2011-12-26,2011,12,26,10.032934
2011-12-27,2011,12,27,10.422882
2011-12-28,2011,12,28,10.42248
2011-12-29,2011,12,29,9.6314203
2011-12-30,2011,12,30,8.4301984
2011-12-31,2011,12,31,10.093979
2012-01-01,2012,1,1,11.173567
2012-01-02,2012,1,2,11.512878
2012-01-03,2012,1,3,10.340478
2012-01-04,2012,1,4,10.626138
2012-01-05,2012,1,5,9.9381204
2012-01-06,2012,1,6,10.616462
2012-01-07,2012,1,7,8.798214
2012-01-08,2012,1,8,8.5039714
2012-01-09,2012,1,9,7.8789754
2012-01-10,2012,1,10,5.8519957
2012-01-11,2012,1,11,6.637081
2012-01-12,2012,1,12,8.9807122
2012-01-13,2012,1,13,10.213665
2012-01-14,2012,1,14,9.9706836
2012-01-15,2012,1,15,9.0980969
2012-01-16,2012,1,16,7.2837147
2012-01-17,2012,1,17,5.9584398
2012-01-18,2012,1,18,7.4302175
2012-01-19,2012,1,19,7.6781943
2012-01-20,2012,1,20,7.4651113
2012-01-21,2012,1,21,6.4412563
2012-01-22,2012,1,22,6.2834082
2012-01-23,2012,1,23,4.5802049
2012-01-24,2012,1,24,3.5294263
2012-01-25,2012,1,25,7.0213615
2012-01-26,2012,1,26,7.6784115
2012-01-27,2012,1,27,8.8544937
2012-01-28,2012,1,28,7.4605311
2012-01-29,2012,1,29,6.3913886
2012-01-30,2012,1,30,6.4625576
2012-01-31,2012,1,31,6.6416336
2012-02-01,2012,2,1,7.0897889
2012-02-02,2012,2,2,6.0353966
2012-02-03,2012,2,3,6.6707385
2012-02-04,2012,2,4,7.1861149
2012-02-05,2012,2,5,7.8321064
2012-02-06,2012,2,6,9.0269613
2012-02-07,2012,2,7,8.7477622
2012-02-08,2012,2,8,7.5618726
2012-02-09,2012,2,9,8.8585144
2012-02-10,2012,2,10,9.3010041
2012-02-11,2012,2,11,10.360517
2012-02-12,2012,2,12,9.4232546
2012-02-13,2012,2,13,7.3637826
2012-02-14,2012,2,14,7.0525645
2012-02-15,2012,2,15,7.2912808
2012-02-16,2012,2,16,8.1839401
2012-02-17,2012,2,17,7.7729841
2012-02-18,2012,2,18,6.4464028
2012-02-19,2012,2,19,6.4848156
2012-02-20,2012,2,20,7.3325915
2012-02-21,2012,2,21,6.8963018
2012-02-22,2012,2,22,7.2264466
2012-02-23,2012,2,23,8.2206128
2012-02-24,2012,2,24,5.9512634
2012-02-25,2012,2,25,5.6489909
2012-02-26,2012,2,26,6.0623009
2012-02-27,2012,2,27,6.4225036
2012-02-28,2012,2,28,5.26467
2012-02-29,2012,2,29,2.9764181
2012-03-01,2012,3,1,4.5958438
2012-03-02,2012,3,2,7.3939209
2012-03-03,2012,3,3,8.3896322
2012-03-04,2012,3,4,8.3776062
2012-03-05,2012,3,5,6.7742516
2012-03-06,2012,3,6,6.7531063
2012-03-07,2012,3,7,8.1849824
2012-03-08,2012,3,8,10.416159
2012-03-09,2012,3,9,9.6547433
2012-03-10,2012,3,10,10.84523
2012-03-11,2012,3,11,6.9896082
2012-03-12,2012,3,12,6.2708468
2012-03-13,2012,3,13,6.8420227
2012-03-14,2012,3,14,8.3645174
2012-03-15,2012,3,15,8.4132474
2012-03-16,2012,3,16,9.0486365
2012-03-17,2012,3,17,7.6610206
2012-03-18,2012,3,18,7.0073947
2012-03-19,2012,3,19,6.6113849
2012-03-20,2012,3,20,6.6808946
2012-03-21,2012,3,21,5.7969226
2012-03-22,2012,3,22,5.5174223
2012-03-23,2012,3,23,6.3794538
2012-03-24,2012,3,24,5.3203579
2012-03-25,2012,3,25,4.7172411
2012-03-26,2012,3,26,3.6837591
2012-03-27,2012,3,27,5.1039519
2012-03-28,2012,3,28,6.3863319
2012-03-29,2012,3,29,6.7418467
2012-03-30,2012,3,30,8.2425577
2012-03-31,2012,3,31,8.6109336
2012-04-01,2012,4,1,7.0374221
2012-04-02,2012,4,2,6.3293361
2012-04-03,2012,4,3,5.741796
2012-04-04,2012,4,4,3.9384274
2012-04-05,2012,4,5,4.3101886
2012-04-06,2012,4,6,5.4593135
2012-04-07,2012,4,7,4.2291057
2012-04-08,2012,4,8,4.9270462
2012-04-09,2012,4,9,3.859904
2012-04-10,2012,4,10,2.8444404
2012-04-11,2012,4,11,4.2426091
2012-04-12,2012,4,12,5.5582522
2012-04-13,2012,4,13,4.0403506
2012-04-14,2012,4,14,1.2191337
2012-04-15,2012,4,15,0.039633464
2012-04-16,2012,4,16,0.91012357
2012-04-17,2012,4,17,0.94346394
2012-04-18,2012,4,18,2.3632261
2012-04-19,2012,4,19,2.5195166
2012-04-20,2012,4,20,3.2213859
2012-04-21,2012,4,21,3.9009201
2012-04-22,2012,4,22,3.6788585
2012-04-23,2012,4,23,2.8621851
2012-04-24,2012,4,24,2.3728529
2012-04-25,2012,4,25,1.6794772
2012-04-26,2012,4,26,1.0898144
2012-04-27,2012,4,27,-3.2077406
2012-04-28,2012,4,28,-7.6851134
2012-04-29,2012,4,29,-4.8428366
2012-04-30,2012,4,30,-1.0319323
2012-05-01,2012,5,1,1.5412782
2012-05-02,2012,5,2,1.8340612
2012-05-03,2012,5,3,2.3740108
2012-05-04,2012,5,4,3.2928107
2012-05-05,2012,5,5,4.3498214
2012-05-06,2012,5,6,3.3848191
2012-05-07,2012,5,7,2.0778544
2012-05-08,2012,5,8,2.9212161
2012-05-09,2012,5,9,0.45816267
2012-05-10,2012,5,10,-1.5639693
2012-05-11,2012,5,11,0.80538692
2012-05-12,2012,5,12,0.79258886
2012-05-13,2012,5,13,0.48922523
2012-05-14,2012,5,14,0.51738276
2012-05-15,2012,5,15,0.83213225
2012-05-16,2012,5,16,-0.42263882
2012-05-17,2012,5,17,0.63417695
2012-05-18,2012,5,18,-3.7175221
2012-05-19,2012,5,19,-1.0283286
2012-05-20,2012,5,20,0.5752105
2012-05-21,2012,5,21,0.62493807
2012-05-22,2012,5,22,0.55152728
2012-05-23,2012,5,23,-2.7742163
2012-05-24,2012,5,24,0.75413386
2012-05-25,2012,5,25,0.46019596
2012-05-26,2012,5,26,-0.45558612
2012-05-27,2012,5,27,1.4373343
2012-05-28,2012,5,28,2.8449391
2012-05-29,2012,5,29,2.1209314
2012-05-30,2012,5,30,1.841696
2012-05-31,2012,5,31,2.4703902
2012-06-01,2012,6,1,2.7965117
2012-06-02,2012,6,2,1.7532153
2012-06-03,2012,6,3,-1.1975768
2012-06-04,2012,6,4,-5.0497964
2012-06-05,2012,6,5,-3.9330095
2012-06-06,2012,6,6,-5.2095378
2012-06-07,2012,6,7,-2.9515182
2012-06-08,2012,6,8,-1.044888
2012-06-09,2012,6,9,-0.70411332
2012-06-10,2012,6,10,-1.4722502
2012-06-11,2012,6,11,-0.48000113
2012-06-12,2012,6,12,-2.469483
2012-06-13,2012,6,13,-2.2370608
2012-06-14,2012,6,14,-1.9808184
2012-06-15,2012,6,15,-1.4124686
2012-06-16,2012,6,16,-2.9002809
2012-06-17,2012,6,17,-3.9393552
2012-06-18,2012,6,18,-5.6656431
2012-06-19,2012,6,19,-7.071095
2012-06-20,2012,6,20,-6.7465544
2012-06-21,2012,6,21,-6.4178773
2012-06-22,2012,6,22,-3.0074747
2012-06-23,2012,6,23,-1.4483909
2012-06-24,2012,6,24,-1.0969547
2012-06-25,2012,6,25,-0.68700625
2012-06-26,2012,6,26,-0.63012879
2012-06-27,2012,6,27,-0.3563003
2012-06-28,2012,6,28,-2.635429
2012-06-29,2012,6,29,-3.0228125
2012-06-30,2012,6,30,-1.6352746
2012-07-01,2012,7,1,-2.3039383
2012-07-02,2012,7,2,-3.9862206
2012-07-03,2012,7,3,-7.1630608
2012-07-04,2012,7,4,-7.9172363
2012-07-05,2012,7,5,-9.2205371
2012-07-06,2012,7,6,-9.4257534
2012-07-07,2012,7,7,-6.2435793
2012-07-08,2012,7,8,-4.1780629
2012-07-09,2012,7,9,-5.2698568
2012-07-10,2012,7,10,-6.2728414
2012-07-11,2012,7,11,-5.645284
2012-07-12,2012,7,12,-4.743833
2012-07-13,2012,7,13,-1.8258739
2012-07-14,2012,7,14,-3.7776461
2012-07-15,2012,7,15,-8.0726255
2012-07-16,2012,7,16,-4.0786731
2012-07-17,2012,7,17,-0.66601085
2012-07-18,2012,7,18,0.88627508
2012-07-19,2012,7,19,1.2519676
2012-07-20,2012,7,20,-0.93908283
2012-07-21,2012,7,21,-4.3240823
2012-07-22,2012,7,22,-5.1767813
2012-07-23,2012,7,23,-4.5132801
2012-07-24,2012,7,24,-7.4582284
2012-07-25,2012,7,25,-5.9824332
2012-07-26,2012,7,26,-3.3843018
2012-07-27,2012,7,27,-2.5699887
2012-07-28,2012,7,28,-3.5862806
2012-07-29,2012,7,29,-6.3329888
2012-07-30,2012,7,30,-4.7021524
2012-07-31,2012,7,31,-6.6082978
2012-08-01,2012,8,1,-6.559429
2012-08-02,2012,8,2,-9.4677821
2012-08-03,2012,8,3,-9.3643386
2012-08-04,2012,8,4,-7.0172015
2012-08-05,2012,8,5,-3.5458402
2012-08-06,2012,8,6,-6.1966542
2012-08-07,2012,8,7,-8.9570168
2012-08-08,2012,8,8,-3.8353215
2012-08-09,2012,8,9,0.14962125
2012-08-10,2012,8,10,-0.73543588
2012-08-11,2012,8,11,-5.2095237
2012-08-12,2012,8,12,-8.2959073
2012-08-13,2012,8,13,-3.2531869
2012-08-14,2012,8,14,-4.1070719
2012-08-15,2012,8,15,-4.2004985
2012-08-16,2012,8,16,-5.1161001
2012-08-17,2012,8,17,-6.8136322
2012-08-18,2012,8,18,-8.5457365
2012-08-19,2012,8,19,-5.0106404
2012-08-20,2012,8,20,-7.288204
2012-08-21,2012,8,21,-2.9005126
2012-08-22,2012,8,22,-5.7540122
2012-08-23,2012,8,23,-10.11346
2012-08-24,2012,8,24,-13.547732
2012-08-25,2012,8,25,-7.6736633
2012-08-26,2012,8,26,-6.0174343
2012-08-27,2012,8,27,-2.2572207
2012-08-28,2012,8,28,-0.30123879
2012-08-29,2012,8,29,0.13078809
2012-08-30,2012,8,30,-0.41959488
2012-08-31,2012,8,31,-2.1572719
2012-09-01,2012,9,1,0.97850312
2012-09-02,2012,9,2,0.55664567
2012-09-03,2012,9,3,-0.18087817
2012-09-04,2012,9,4,-2.7097522
2012-09-05,2012,9,5,-2.8624022
2012-09-06,2012,9,6,-0.86974948
2012-09-07,2012,9,7,-2.3724112
2012-09-08,2012,9,8,-1.5620711
2012-09-09,2012,9,9,-1.3102122
2012-09-10,2012,9,10,-0.27008929
2012-09-11,2012,9,11,0.02772656
2012-09-12,2012,9,12,-2.508995
2012-09-13,2012,9,13,2.6721318
2012-09-14,2012,9,14,1.3483098
2012-09-15,2012,9,15,-0.40925595
2012-09-16,2012,9,16,-1.9277562
2012-09-17,2012,9,17,-2.5221419
2012-09-18,2012,9,18,-6.7428261
2012-09-19,2012,9,19,-6.0703321
2012-09-20,2012,9,20,-5.0496852
2012-09-21,2012,9,21,-3.5499531
2012-09-22,2012,9,22,0.32671907
2012-09-23,2012,9,23,-1.4430492
2012-09-24,2012,9,24,-1.6894646
2012-09-25,2012,9,25,-1.2454312
2012-09-26,2012,9,26,1.6056235
2012-09-27,2012,9,27,0.46167644
2012-09-28,2012,9,28,-2.4310804
2012-09-29,2012,9,29,-1.2013417
2012-09-30,2012,9,30,-3.4473765
2012-10-01,2012,10,1,-4.3389162
2012-10-02,2012,10,2,-5.3484619
2012-10-03,2012,10,3,-3.152817
2012-10-04,2012,10,4,-0.58161912
2012-10-05,2012,10,5,0.18438711
2012-10-06,2012,10,6,-1.2938131
2012-10-07,2012,10,7,-3.6254043
2012-10-08,2012,10,8,-2.9434885
2012-10-09,2012,10,9,-3.3045855
2012-10-10,2012,10,10,-2.7012203
2012-10-11,2012,10,11,0.76055441
2012-10-12,2012,10,12,0.14318347
2012-10-13,2012,10,13,0.35960583
2012-10-14,2012,10,14,-0.62552033
2012-10-15,2012,10,15,-4.012014
2012-10-16,2012,10,16,-1.7034448
2012-10-17,2012,10,17,0.71519633
2012-10-18,2012,10,18,0.24477589
2012-10-19,2012,10,19,-3.0531661
2012-10-20,2012,10,20,0.019949029
2012-10-21,2012,10,21,-0.85603547
2012-10-22,2012,10,22,-5.7617522
2012-10-23,2012,10,23,-5.4749065
2012-10-24,2012,10,24,-3.1602039
2012-10-25,2012,10,25,-4.4804774
2012-10-26,2012,10,26,-2.42613
2012-10-27,2012,10,27,0.61373715
2012-10-28,2012,10,28,0.55267483
2012-10-29,2012,10,29,0.36642872
2012-10-30,2012,10,30,0.80433657
2012-10-31,2012,10,31,-1.1558637
2012-11-01,2012,11,1,0.11215897
2012-11-02,2012,11,2,1.1313259
2012-11-03,2012,11,3,1.3655725
2012-11-04,2012,11,4,2.5570467
2012-11-05,2012,11,5,2.5169565
2012-11-06,2012,11,6,3.7598487
2012-11-07,2012,11,7,4.1465755
2012-11-08,2012,11,8,3.017968
2012-11-09,2012,11,9,1.2382804
2012-11-10,2012,11,10,-0.42445338
2012-11-11,2012,11,11,0.5990764
2012-11-12,2012,11,12,3.7130929
2012-11-13,2012,11,13,3.3386356
2012-11-14,2012,11,14,3.7151463
2012-11-15,2012,11,15,3.822382
2012-11-16,2012,11,16,4.43116
2012-11-17,2012,11,17,1.579503
2012-11-18,2012,11,18,2.8007032
2012-11-19,2012,11,19,4.9857442
2012-11-20,2012,11,20,5.6251411
2012-11-21,2012,11,21,4.0396066
2012-11-22,2012,11,22,3.218152
2012-11-23,2012,11,23,0.9048565
2012-11-24,2012,11,24,0.81249459
2012-11-25,2012,11,25,3.5045905
2012-11-26,2012,11,26,3.9545663
2012-11-27,2012,11,27,3.9619783
2012-11-28,2012,11,28,4.2836925
2012-11-29,2012,11,29,2.7489897
2012-11-30,2012,11,30,1.0128933
2012-12-01,2012,12,1,4.3420562
2012-12-02,2012,12,2,5.4222597
2012-12-03,2012,12,3,5.6622794
2012-12-04,2012,12,4,4.6534983
2012-12-05,2012,12,5,4.2075654
2012-12-06,2012,12,6,1.5532258
2012-12-07,2012,12,7,2.7112602
2012-12-08,2012,12,8,5.7763218
2012-12-09,2012,12,9,7.080731
2012-12-10,2012,12,10,5.2302549
2012-12-11,2012,12,11,4.983112
2012-12-12,2012,12,12,3.803371
2012-12-13,2012,12,13,5.4655679
2012-12-14,2012,12,14,4.6175359
2012-12-15,2012,12,15,4.3730558
2012-12-16,2012,12,16,5.7937232
2012-12-17,2012,12,17,5.6867099
2012-12-18,2012,12,18,4.802841
2012-12-19,2012,12,19,2.8336568
2012-12-20,2012,12,20,0.42181278
2012-12-21,2012,12,21,1.5717312
2012-12-22,2012,12,22,5.3891168
2012-12-23,2012,12,23,6.4511265
2012-12-24,2012,12,24,5.0786967
2012-12-25,2012,12,25,2.8145623
2012-12-26,2012,12,26,2.7272241
2012-12-27,2012,12,27,3.2951349
2012-12-28,2012,12,28,4.2324094
2012-12-29,2012,12,29,5.6515521
2012-12-30,2012,12,30,7.0868144
2012-12-31,2012,12,31,5.4301807
2013-01-01,2013,1,1,5.8155638
2013-01-02,2013,1,2,6.1326313
2013-01-03,2013,1,3,6.3858179
2013-01-04,2013,1,4,5.2912061
2013-01-05,2013,1,5,6.4556483
2013-01-06,2013,1,6,6.5750815
2013-01-07,2013,1,7,6.9056243
2013-01-08,2013,1,8,7.0184595
2013-01-09,2013,1,9,9.7915239
2013-01-10,2013,1,10,11.58958
2013-01-11,2013,1,11,11.064625
2013-01-12,2013,1,12,11.246355
2013-01-13,2013,1,13,11.803395
2013-01-14,2013,1,14,11.810053
2013-01-15,2013,1,15,10.533032
2013-01-16,2013,1,16,8.5631496
2013-01-17,2013,1,17,10.153673
2013-01-18,2013,1,18,9.3621695
2013-01-19,2013,1,19,10.06469
2013-01-20,2013,1,20,10.264467
2013-01-21,2013,1,21,9.5078522
2013-01-22,2013,1,22,8.0018059
2013-01-23,2013,1,23,6.9778692
2013-01-24,2013,1,24,7.0627321
2013-01-25,2013,1,25,5.5468251
2013-01-26,2013,1,26,6.3938526
2013-01-27,2013,1,27,7.3101766
2013-01-28,2013,1,28,6.608986
2013-01-29,2013,1,29,5.8441919
2013-01-30,2013,1,30,7.3341309
2013-01-31,2013,1,31,8.0475093
2013-02-01,2013,2,1,8.032899
2013-02-02,2013,2,2,7.5985217
2013-02-03,2013,2,3,9.4823612
2013-02-04,2013,2,4,10.184645
2013-02-05,2013,2,5,10.95932
2013-02-06,2013,2,6,11.406672
2013-02-07,2013,2,7,11.606025
2013-02-08,2013,2,8,10.994758
2013-02-09,2013,2,9,8.2905548
2013-02-10,2013,2,10,6.1049826
2013-02-11,2013,2,11,5.2316637
2013-02-12,2013,2,12,7.2958657
2013-02-13,2013,2,13,6.4084834
2013-02-14,2013,2,14,6.3407682
2013-02-15,2013,2,15,6.4284248
2013-02-16,2013,2,16,4.5201425
2013-02-17,2013,2,17,4.9314074
2013-02-18,2013,2,18,4.1646655
2013-02-19,2013,2,19,1.9562086
2013-02-20,2013,2,20,3.8481583
2013-02-21,2013,2,21,6.5728532
2013-02-22,2013,2,22,7.7827657
2013-02-23,2013,2,23,6.6194947
2013-02-24,2013,2,24,5.1156193
2013-02-25,2013,2,25,6.8395559
2013-02-26,2013,2,26,6.933173
2013-02-27,2013,2,27,7.1291774
2013-02-28,2013,2,28,6.5598865
2013-03-01,2013,3,1,3.5300416
2013-03-02,2013,3,2,3.3192697
2013-03-03,2013,3,3,5.5143724
2013-03-04,2013,3,4,5.613209
2013-03-05,2013,3,5,5.4299003
2013-03-06,2013,3,6,3.7511079
2013-03-07,2013,3,7,5.5596997
2013-03-08,2013,3,8,6.976404
2013-03-09,2013,3,9,6.1207658
2013-03-10,2013,3,10,5.6151705
2013-03-11,2013,3,11,4.4353137
2013-03-12,2013,3,12,3.043297
2013-03-13,2013,3,13,2.5109025
2013-03-14,2013,3,14,1.9568057
2013-03-15,2013,3,15,3.8087337
2013-03-16,2013,3,16,5.3258463
2013-03-17,2013,3,17,4.5008414
2013-03-18,2013,3,18,5.4242765
2013-03-19,2013,3,19,3.6506671
2013-03-20,2013,3,20,3.5383431
2013-03-21,2013,3,21,3.6097768
2013-03-22,2013,3,22,4.2706168
2013-03-23,2013,3,23,4.0411361
2013-03-24,2013,3,24,3.8536243
2013-03-25,2013,3,25,3.8731216
2013-03-26,2013,3,26,7.0256065
2013-03-27,2013,3,27,7.2078693
2013-03-28,2013,3,28,6.7073623
2013-03-29,2013,3,29,5.0971539
2013-03-30,2013,3,30,4.8273375
2013-03-31,2013,3,31,4.8432055
2013-04-01,2013,4,1,0.48312342
2013-04-02,2013,4,2,0.15330548
2013-04-03,2013,4,3,2.0002023
2013-04-04,2013,4,4,1.426564
2013-04-05,2013,4,5,1.9644953
2013-04-06,2013,4,6,0.97122248
2013-04-07,2013,4,7,1.5732643
2013-04-08,2013,4,8,2.7587248
2013-04-09,2013,4,9,3.8288834
2013-04-10,2013,4,10,1.7422972
2013-04-11,2013,4,11,-0.31719792
2013-04-12,2013,4,12,-1.6074222
2013-04-13,2013,4,13,2.2838535
2013-04-14,2013,4,14,4.96297
2013-04-15,2013,4,15,6.1417543
2013-04-16,2013,4,16,6.4740752
2013-04-17,2013,4,17,6.4525996
2013-04-18,2013,4,18,6.9947733
2013-04-19,2013,4,19,6.9067582
2013-04-20,2013,4,20,6.4061412
2013-04-21,2013,4,21,6.0833018
2013-04-22,2013,4,22,6.2663715
2013-04-23,2013,4,23,7.0510769
2013-04-24,2013,4,24,6.6895271
2013-04-25,2013,4,25,5.9394133
2013-04-26,2013,4,26,1.7801198
2013-04-27,2013,4,27,-3.3175973
2013-04-28,2013,4,28,0.778829
2013-04-29,2013,4,29,0.88615122
2013-04-30,2013,4,30,1.6095633
2013-05-01,2013,5,1,-1.250533
2013-05-02,2013,5,2,-1.3533349
2013-05-03,2013,5,3,-2.1651253
2013-05-04,2013,5,4,-1.8515775
2013-05-05,2013,5,5,-0.02938293
2013-05-06,2013,5,6,0.63691048
2013-05-07,2013,5,7,2.0185745
2013-05-08,2013,5,8,3.5986777
2013-05-09,2013,5,9,1.7270849
2013-05-10,2013,5,10,0.36785958
2013-05-11,2013,5,11,-3.2064362
2013-05-12,2013,5,12,-0.7275421
2013-05-13,2013,5,13,-0.78578827
2013-05-14,2013,5,14,-5.488978
2013-05-15,2013,5,15,-5.4424767
2013-05-16,2013,5,16,-1.86284
2013-05-17,2013,5,17,-0.2821969
2013-05-18,2013,5,18,-0.63800468
2013-05-19,2013,5,19,-4.1996219
2013-05-20,2013,5,20,-1.6759757
2013-05-21,2013,5,21,-3.1892696
2013-05-22,2013,5,22,-2.8956975
2013-05-23,2013,5,23,-0.98542452
2013-05-24,2013,5,24,0.023458655
2013-05-25,2013,5,25,0.57401461
2013-05-26,2013,5,26,-1.5466977
2013-05-27,2013,5,27,-2.5350319
2013-05-28,2013,5,28,-3.0209771
2013-05-29,2013,5,29,-3.5107501
2013-05-30,2013,5,30,-0.67428487
2013-05-31,2013,5,31,-2.7756761
2013-06-01,2013,6,1,-3.1941484
2013-06-02,2013,6,2,-1.2262487
2013-06-03,2013,6,3,0.91986013
2013-06-04,2013,6,4,1.2449294
2013-06-05,2013,6,5,1.965819
2013-06-06,2013,6,6,2.2694015
2013-06-07,2013,6,7,1.6790057
2013-06-08,2013,6,8,0.85153298
2013-06-09,2013,6,9,-0.22632825
2013-06-10,2013,6,10,0.20537258
2013-06-11,2013,6,11,0.25351609
2013-06-12,2013,6,12,0.35520736
2013-06-13,2013,6,13,0.56354871
2013-06-14,2013,6,14,-0.41485475
2013-06-15,2013,6,15,-0.49570417
2013-06-16,2013,6,16,-3.9367749
2013-06-17,2013,6,17,-5.9847491
2013-06-18,2013,6,18,-6.9558916
2013-06-19,2013,6,19,-7.1875593
2013-06-20,2013,6,20,-8.7317301
2013-06-21,2013,6,21,-4.9985652
2013-06-22,2013,6,22,-5.2523038
2013-06-23,2013,6,23,-6.5000953
2013-06-24,2013,6,24,-7.9649077
2013-06-25,2013,6,25,-5.399058
2013-06-26,2013,6,26,-4.5209439
2013-06-27,2013,6,27,-4.6989409
2013-06-28,2013,6,28,-7.0872249
2013-06-29,2013,6,29,-9.906173
2013-06-30,2013,6,30,-9.1723727
2013-07-01,2013,7,1,-3.4897476
2013-07-02,2013,7,2,-1.5344475
2013-07-03,2013,7,3,-3.4154964
2013-07-04,2013,7,4,-3.9873366
2013-07-05,2013,7,5,-5.3927111
2013-07-06,2013,7,6,-6.0090521
2013-07-07,2013,7,7,-2.2234575
2013-07-08,2013,7,8,-2.055267
2013-07-09,2013,7,9,-4.954871
2013-07-10,2013,7,10,-4.6231722
2013-07-11,2013,7,11,-7.3106278
2013-07-12,2013,7,12,-5.1075104
2013-07-13,2013,7,13,-2.3083004
2013-07-14,2013,7,14,-2.1590097
2013-07-15,2013,7,15,-1.3594233
2013-07-16,2013,7,16,0.23050361
2013-07-17,2013,7,17,-0.43032996
2013-07-18,2013,7,18,-3.2504261
2013-07-19,2013,7,19,-4.842347
2013-07-20,2013,7,20,-9.2254796
2013-07-21,2013,7,21,-13.600591
2013-07-22,2013,7,22,-13.255427
2013-07-23,2013,7,23,-6.8816393
2013-07-24,2013,7,24,-4.412535
2013-07-25,2013,7,25,-1.5679787
2013-07-26,2013,7,26,-4.2792727
2013-07-27,2013,7,27,-5.3508166
2013-07-28,2013,7,28,-1.6507956
2013-07-29,2013,7,29,-0.90091638
2013-07-30,2013,7,30,-5.1680773
2013-07-31,2013,7,31,-8.777854
2013-08-01,2013,8,1,-9.791926
2013-08-02,2013,8,2,-9.82012
2013-08-03,2013,8,3,-8.2047054
2013-08-04,2013,8,4,-5.4713556
2013-08-05,2013,8,5,-5.5624143
2013-08-06,2013,8,6,-2.7902956
2013-08-07,2013,8,7,-6.1815853
2013-08-08,2013,8,8,-9.5919667
2013-08-09,2013,8,9,-11.277492
2013-08-10,2013,8,10,-4.1769667
2013-08-11,2013,8,11,-3.883597
2013-08-12,2013,8,12,-8.3716313
2013-08-13,2013,8,13,-11.406772
2013-08-14,2013,8,14,-3.855541
2013-08-15,2013,8,15,-1.4783668
2013-08-16,2013,8,16,-3.2966493
2013-08-17,2013,8,17,-1.552963
2013-08-18,2013,8,18,-3.1174753
2013-08-19,2013,8,19,-3.9646319
2013-08-20,2013,8,20,-3.277872
2013-08-21,2013,8,21,-4.5601622
2013-08-22,2013,8,22,-4.4565146
2013-08-23,2013,8,23,-3.2856409
2013-08-24,2013,8,24,-5.0046522
2013-08-25,2013,8,25,-7.0051576
2013-08-26,2013,8,26,-6.6573849
2013-08-27,2013,8,27,-1.3252185
2013-08-28,2013,8,28,1.7877975
2013-08-29,2013,8,29,1.7174416
2013-08-30,2013,8,30,-0.040026967
2013-08-31,2013,8,31,-3.5705695
2013-09-01,2013,9,1,-1.2010941
2013-09-02,2013,9,2,-1.9094293
2013-09-03,2013,9,3,-2.4798249
2013-09-04,2013,9,4,-0.59190384
2013-09-05,2013,9,5,-2.425021
2013-09-06,2013,9,6,0.64870436
2013-09-07,2013,9,7,0.69585691
2013-09-08,2013,9,8,2.7289764
2013-09-09,2013,9,9,4.1723471
2013-09-10,2013,9,10,1.84553
2013-09-11,2013,9,11,-0.0094947878
2013-09-12,2013,9,12,-2.8602933
2013-09-13,2013,9,13,-3.4986806
2013-09-14,2013,9,14,-5.1395263
2013-09-15,2013,9,15,-9.1976645
2013-09-16,2013,9,16,-11.010556
2013-09-17,2013,9,17,-11.01362
2013-09-18,2013,9,18,-6.7571792
2013-09-19,2013,9,19,-4.4202902
2013-09-20,2013,9,20,-5.6181395
2013-09-21,2013,9,21,-8.2847286
2013-09-22,2013,9,22,-9.0084272
2013-09-23,2013,9,23,-7.2365926
2013-09-24,2013,9,24,-3.6841808
2013-09-25,2013,9,25,-2.8266878
2013-09-26,2013,9,26,-4.2397519
2013-09-27,2013,9,27,-6.5135464
2013-09-28,2013,9,28,-6.9714956
2013-09-29,2013,9,29,-6.3920475
2013-09-30,2013,9,30,-5.6278535
2013-10-01,2013,10,1,-4.7226728
2013-10-02,2013,10,2,-5.1206404
2013-10-03,2013,10,3,-7.3113416
2013-10-04,2013,10,4,-2.8830304
2013-10-05,2013,10,5,-0.11382796
2013-10-06,2013,10,6,-0.62259406
2013-10-07,2013,10,7,-1.1701569
2013-10-08,2013,10,8,-0.40664393
2013-10-09,2013,10,9,-2.2080332
2013-10-10,2013,10,10,-0.84863697
2013-10-11,2013,10,11,-0.4539201
2013-10-12,2013,10,12,-0.51233722
2013-10-13,2013,10,13,-2.116295
2013-10-14,2013,10,14,-0.71196752
2013-10-15,2013,10,15,1.2130128
2013-10-16,2013,10,16,-0.16468501
2013-10-17,2013,10,17,0.6191792
2013-10-18,2013,10,18,2.2503226
2013-10-19,2013,10,19,0.89015744
2013-10-20,2013,10,20,-1.6777356
2013-10-21,2013,10,21,-2.1131582
2013-10-22,2013,10,22,-0.43009381
2013-10-23,2013,10,23,-2.1743699
2013-10-24,2013,10,24,1.4531349
2013-10-25,2013,10,25,0.84067943
2013-10-26,2013,10,26,-0.58360246
2013-10-27,2013,10,27,2.8458047
2013-10-28,2013,10,28,2.7264724
2013-10-29,2013,10,29,2.5781004
2013-10-30,2013,10,30,4.250287
2013-10-31,2013,10,31,2.5800124
2013-11-01,2013,11,1,1.33974
2013-11-02,2013,11,2,0.45000834
2013-11-03,2013,11,3,3.1831284
2013-11-04,2013,11,4,4.6554762
2013-11-05,2013,11,5,4.018007
2013-11-06,2013,11,6,3.0268159
2013-11-07,2013,11,7,-0.26505075
2013-11-08,2013,11,8,0.55289153
2013-11-09,2013,11,9,0.44706582
2013-11-10,2013,11,10,1.2625354
2013-11-11,2013,11,11,0.19855746
2013-11-12,2013,11,12,2.428191
2013-11-13,2013,11,13,4.6596259
2013-11-14,2013,11,14,2.2312811
2013-11-15,2013,11,15,1.6123454
2013-11-16,2013,11,16,4.6146703
2013-11-17,2013,11,17,5.1589688
2013-11-18,2013,11,18,3.8904861
2013-11-19,2013,11,19,2.8446984
2013-11-20,2013,11,20,3.029246
2013-11-21,2013,11,21,4.8417732
2013-11-22,2013,11,22,5.0141679
2013-11-23,2013,11,23,5.8460399
2013-11-24,2013,11,24,3.2565529
2013-11-25,2013,11,25,3.0704311
2013-11-26,2013,11,26,1.6810572
2013-11-27,2013,11,27,-0.29480516
2013-11-28,2013,11,28,1.0624968
2013-11-29,2013,11,29,2.0313109
2013-11-30,2013,11,30,1.6678049
2013-12-01,2013,12,1,3.4564191
2013-12-02,2013,12,2,4.816192
2013-12-03,2013,12,3,5.0167738
2013-12-04,2013,12,4,5.7368566
2013-12-05,2013,12,5,4.8188967
2013-12-06,2013,12,6,4.7250002
2013-12-07,2013,12,7,4.9656471
2013-12-08,2013,12,8,5.7684303
2013-12-09,2013,12,9,3.5819207
2013-12-10,2013,12,10,7.0608705
2013-12-11,2013,12,11,6.6793447
2013-12-12,2013,12,12,6.8834474
2013-12-13,2013,12,13,6.9014309
2013-12-14,2013,12,14,6.7627457
2013-12-15,2013,12,15,7.5101528
2013-12-16,2013,12,16,9.0838239
2013-12-17,2013,12,17,7.3688459
2013-12-18,2013,12,18,8.984991
2013-12-19,2013,12,19,7.5121405
2013-12-20,2013,12,20,8.2295468
2013-12-21,2013,12,21,8.7836775
2013-12-22,2013,12,22,10.181713
2013-12-23,2013,12,23,11.271528
2013-12-24,2013,12,24,10.816964
2013-12-25,2013,12,25,8.843974
2013-12-26,2013,12,26,8.6136933
2013-12-27,2013,12,27,8.9774285
2013-12-28,2013,12,28,9.0175063
2013-12-29,2013,12,29,8.2244459
2013-12-30,2013,12,30,7.5929338
2013-12-31,2013,12,31,7.3537627
2014-01-01,2014,1,1,7.2060606
2014-01-02,2014,1,2,6.0367148
2014-01-03,2014,1,3,5.6543891
2014-01-04,2014,1,4,9.8532538
2014-01-05,2014,1,5,10.801754
2014-01-06,2014,1,6,9.5362621
2014-01-07,2014,1,7,8.0215299
2014-01-08,2014,1,8,7.8060325
2014-01-09,2014,1,9,6.871224
2014-01-10,2014,1,10,6.3747009
2014-01-11,2014,1,11,7.9779348
2014-01-12,2014,1,12,9.5330801
2014-01-13,2014,1,13,10.355801
2014-01-14,2014,1,14,10.900373
2014-01-15,2014,1,15,11.32123
2014-01-16,2014,1,16,11.412343
2014-01-17,2014,1,17,11.160461
2014-01-18,2014,1,18,10.971859
2014-01-19,2014,1,19,10.231848
2014-01-20,2014,1,20,8.3427039
2014-01-21,2014,1,21,6.6464351
2014-01-22,2014,1,22,7.8331652
2014-01-23,2014,1,23,7.1494569
2014-01-24,2014,1,24,5.5817474
2014-01-25,2014,1,25,5.9886797
2014-01-26,2014,1,26,6.5963661
2014-01-27,2014,1,27,6.7491451
2014-01-28,2014,1,28,5.5732723
2014-01-29,2014,1,29,7.4615815
2014-01-30,2014,1,30,8.0859616
2014-01-31,2014,1,31,6.7868785
2014-02-01,2014,2,1,6.9169582
2014-02-02,2014,2,2,5.5270076
2014-02-03,2014,2,3,5.2584009
2014-02-04,2014,2,4,5.7874711
2014-02-05,2014,2,5,4.8619443
2014-02-06,2014,2,6,6.0103183
2014-02-07,2014,2,7,6.5109629
2014-02-08,2014,2,8,6.7131949
2014-02-09,2014,2,9,7.7937701
2014-02-10,2014,2,10,7.4790241
2014-02-11,2014,2,11,6.6615912
2014-02-12,2014,2,12,7.0764076
2014-02-13,2014,2,13,8.1626742
2014-02-14,2014,2,14,6.7582339
2014-02-15,2014,2,15,6.0777241
2014-02-16,2014,2,16,3.2603844
2014-02-17,2014,2,17,2.9031469
2014-02-18,2014,2,18,4.8368761
2014-02-19,2014,2,19,4.6853658
2014-02-20,2014,2,20,5.2708572
2014-02-21,2014,2,21,4.9170785
2014-02-22,2014,2,22,4.9118461
2014-02-23,2014,2,23,5.6539664
2014-02-24,2014,2,24,5.1016663
2014-02-25,2014,2,25,4.356369
2014-02-26,2014,2,26,2.3786944
2014-02-27,2014,2,27,5.4904228
2014-02-28,2014,2,28,5.8508128
2014-03-01,2014,3,1,4.8245572
2014-03-02,2014,3,2,3.9397061
2014-03-03,2014,3,3,3.048358
2014-03-04,2014,3,4,3.2243165
2014-03-05,2014,3,5,5.254116
2014-03-06,2014,3,6,4.5876223
2014-03-07,2014,3,7,6.3380985
2014-03-08,2014,3,8,6.3363068
2014-03-09,2014,3,9,3.5373852
2014-03-10,2014,3,10,3.4513012
2014-03-11,2014,3,11,3.726902
2014-03-12,2014,3,12,4.6542736
2014-03-13,2014,3,13,4.6396475
2014-03-14,2014,3,14,2.4779586
2014-03-15,2014,3,15,3.106063
2014-03-16,2014,3,16,3.9888776
2014-03-17,2014,3,17,5.5908303
2014-03-18,2014,3,18,5.1689694
2014-03-19,2014,3,19,3.5726307
2014-03-20,2014,3,20,4.5894179
2014-03-21,2014,3,21,4.5596637
2014-03-22,2014,3,22,6.4891558
2014-03-23,2014,3,23,6.8138281
2014-03-24,2014,3,24,5.4598547
2014-03-25,2014,3,25,5.296498
2014-03-26,2014,3,26,4.9634307
2014-03-27,2014,3,27,4.2974034
2014-03-28,2014,3,28,4.1614403
2014-03-29,2014,3,29,3.5751722
2014-03-30,2014,3,30,0.35252234
2014-03-31,2014,3,31,-1.2246511
2014-04-01,2014,4,1,1.4975651
2014-04-02,2014,4,2,2.9781192
2014-04-03,2014,4,3,3.0855699
2014-04-04,2014,4,4,3.9568477
2014-04-05,2014,4,5,4.6447668
2014-04-06,2014,4,6,5.3807058
2014-04-07,2014,4,7,-1.2163993
2014-04-08,2014,4,8,-2.2763811
2014-04-09,2014,4,9,1.7508621
2014-04-10,2014,4,10,0.15758749
2014-04-11,2014,4,11,-3.3333837
2014-04-12,2014,4,12,-2.1605325
2014-04-13,2014,4,13,1.3158859
2014-04-14,2014,4,14,2.7248476
2014-04-15,2014,4,15,4.8151726
2014-04-16,2014,4,16,3.0609278
2014-04-17,2014,4,17,1.2867181
2014-04-18,2014,4,18,2.0900444
2014-04-19,2014,4,19,2.3935619
2014-04-20,2014,4,20,3.98753
2014-04-21,2014,4,21,3.2303238
2014-04-22,2014,4,22,5.0115196
2014-04-23,2014,4,23,6.2698441
2014-04-24,2014,4,24,6.2933917
2014-04-25,2014,4,25,5.4880788
2014-04-26,2014,4,26,4.1622523
2014-04-27,2014,4,27,2.3525481
2014-04-28,2014,4,28,2.2754074
2014-04-29,2014,4,29,1.3559923
2014-04-30,2014,4,30,0.40955122
2014-05-01,2014,5,1,-0.70886348
2014-05-02,2014,5,2,-0.40494847
2014-05-03,2014,5,3,0.8049308
2014-05-04,2014,5,4,-0.34851808
2014-05-05,2014,5,5,0.42206097
2014-05-06,2014,5,6,1.5978856
2014-05-07,2014,5,7,2.0478778
2014-05-08,2014,5,8,3.2999027
2014-05-09,2014,5,9,2.5904708
2014-05-10,2014,5,10,1.0689428
2014-05-11,2014,5,11,-2.2119323
2014-05-12,2014,5,12,-4.1271018
2014-05-13,2014,5,13,-0.27919049
2014-05-14,2014,5,14,0.41508441
2014-05-15,2014,5,15,-0.77099487
2014-05-16,2014,5,16,0.14207923
2014-05-17,2014,5,17,0.21123521
2014-05-18,2014,5,18,-0.30401026
2014-05-19,2014,5,19,-1.2317277
2014-05-20,2014,5,20,-1.518056
2014-05-21,2014,5,21,-5.7452628
2014-05-22,2014,5,22,-8.2095617
2014-05-23,2014,5,23,-7.0109372
2014-05-24,2014,5,24,-2.7107912
2014-05-25,2014,5,25,-3.0171864
2014-05-26,2014,5,26,-2.2615353
2014-05-27,2014,5,27,-1.3493103
2014-05-28,2014,5,28,-1.8504261
2014-05-29,2014,5,29,-4.4374486
2014-05-30,2014,5,30,-5.9545758
2014-05-31,2014,5,31,-7.2693092
2014-06-01,2014,6,1,-2.6405508
2014-06-02,2014,6,2,-1.1553077
2014-06-03,2014,6,3,-3.2119903
2014-06-04,2014,6,4,-6.132427
2014-06-05,2014,6,5,-7.9597654
2014-06-06,2014,6,6,-8.3891454
2014-06-07,2014,6,7,-8.3077367
2014-06-08,2014,6,8,-7.0058226
2014-06-09,2014,6,9,-3.2758212
2014-06-10,2014,6,10,-0.5144052
2014-06-11,2014,6,11,-3.3915917
2014-06-12,2014,6,12,-7.7346974
2014-06-13,2014,6,13,-8.0449418
2014-06-14,2014,6,14,-3.197905
2014-06-15,2014,6,15,-1.3078827
2014-06-16,2014,6,16,0.0073925566
2014-06-17,2014,6,17,-0.011348205
2014-06-18,2014,6,18,-0.28575979
2014-06-19,2014,6,19,-0.14683139
2014-06-20,2014,6,20,-0.81551293
2014-06-21,2014,6,21,-2.9987589
2014-06-22,2014,6,22,-5.1612402
2014-06-23,2014,6,23,-2.7986677
2014-06-24,2014,6,24,-3.24379
2014-06-25,2014,6,25,-5.5511227
2014-06-26,2014,6,26,-9.2391373
2014-06-27,2014,6,27,-7.6766
2014-06-28,2014,6,28,-2.4576946
2014-06-29,2014,6,29,-1.7888073
2014-06-30,2014,6,30,-3.1488167
2014-07-01,2014,7,1,-4.6492282
2014-07-02,2014,7,2,-9.2117595
2014-07-03,2014,7,3,-8.873671
2014-07-04,2014,7,4,-6.9689704
2014-07-05,2014,7,5,-8.6768853
2014-07-06,2014,7,6,-8.5349659
2014-07-07,2014,7,7,-3.4908917
2014-07-08,2014,7,8,-2.4665981
2014-07-09,2014,7,9,-2.3093186
2014-07-10,2014,7,10,-0.66012606
2014-07-11,2014,7,11,-2.4855441
2014-07-12,2014,7,12,-5.0108949
2014-07-13,2014,7,13,-1.9667877
2014-07-14,2014,7,14,-4.62902
2014-07-15,2014,7,15,-5.9707786
2014-07-16,2014,7,16,-4.5817836
2014-07-17,2014,7,17,-5.3341119
2014-07-18,2014,7,18,-0.79749616
2014-07-19,2014,7,19,-0.21145568
2014-07-20,2014,7,20,-0.67413102
2014-07-21,2014,7,21,-5.1902712
2014-07-22,2014,7,22,-9.0457589
2014-07-23,2014,7,23,-13.667631
2014-07-24,2014,7,24,-12.312281
2014-07-25,2014,7,25,-7.4559191
2014-07-26,2014,7,26,-6.3327674
2014-07-27,2014,7,27,-5.9542318
2014-07-28,2014,7,28,-4.3944893
2014-07-29,2014,7,29,-2.9068646
2014-07-30,2014,7,30,-1.577529
2014-07-31,2014,7,31,-4.9596
2014-08-01,2014,8,1,-1.7975784
2014-08-02,2014,8,2,-1.9620911
2014-08-03,2014,8,3,-4.700859
2014-08-04,2014,8,4,-5.4322378
2014-08-05,2014,8,5,-2.4220222
2014-08-06,2014,8,6,-6.9996705
2014-08-07,2014,8,7,-6.2783525
2014-08-08,2014,8,8,-1.9800473
2014-08-09,2014,8,9,-0.98754615
2014-08-10,2014,8,10,-5.405666
2014-08-11,2014,8,11,-6.6461679
2014-08-12,2014,8,12,-9.2345476
2014-08-13,2014,8,13,-7.3259618
2014-08-14,2014,8,14,-2.0028405
2014-08-15,2014,8,15,-2.6530117
2014-08-16,2014,8,16,-1.2455571
2014-08-17,2014,8,17,0.18907581
2014-08-18,2014,8,18,1.8648572
2014-08-19,2014,8,19,1.491871
2014-08-20,2014,8,20,1.0988786
2014-08-21,2014,8,21,-0.96311
2014-08-22,2014,8,22,-3.054199
2014-08-23,2014,8,23,-7.2487167
2014-08-24,2014,8,24,-9.5234755
2014-08-25,2014,8,25,-9.3368667
2014-08-26,2014,8,26,-3.7097591
2014-08-27,2014,8,27,-4.2408338
2014-08-28,2014,8,28,-4.7702428
2014-08-29,2014,8,29,-3.3644781
2014-08-30,2014,8,30,-4.2965532
2014-08-31,2014,8,31,-2.8261019
2014-09-01,2014,9,1,-3.8414743
2014-09-02,2014,9,2,-3.3991987
2014-09-03,2014,9,3,-1.5332913
2014-09-04,2014,9,4,-3.9089133
2014-09-05,2014,9,5,-6.2849466
2014-09-06,2014,9,6,-6.7250588
2014-09-07,2014,9,7,-2.2769195
2014-09-08,2014,9,8,-2.5871271
2014-09-09,2014,9,9,-4.744603
2014-09-10,2014,9,10,-7.8980401
2014-09-11,2014,9,11,-5.3848129
2014-09-12,2014,9,12,-3.4456216
2014-09-13,2014,9,13,-2.6586461
2014-09-14,2014,9,14,-4.1507217
2014-09-15,2014,9,15,-2.7126006
2014-09-16,2014,9,16,-2.3607667
2014-09-17,2014,9,17,-3.4601646
2014-09-18,2014,9,18,-3.0029249
2014-09-19,2014,9,19,-4.4637809
2014-09-20,2014,9,20,-2.3373156
2014-09-21,2014,9,21,0.054937943
2014-09-22,2014,9,22,-2.4225825
2014-09-23,2014,9,23,-5.0421171
2014-09-24,2014,9,24,-2.9815295
2014-09-25,2014,9,25,-4.4709567
2014-09-26,2014,9,26,-4.4527001
2014-09-27,2014,9,27,-1.3835849
2014-09-28,2014,9,28,-1.3290422
2014-09-29,2014,9,29,-1.6477504
2014-09-30,2014,9,30,-4.4690643
2014-10-01,2014,10,1,-1.5691444
2014-10-02,2014,10,2,0.16643033
2014-10-03,2014,10,3,0.9502129
2014-10-04,2014,10,4,-1.790351
2014-10-05,2014,10,5,-2.3117513
2014-10-06,2014,10,6,1.6278435
2014-10-07,2014,10,7,1.3816288
2014-10-08,2014,10,8,-0.45484855
2014-10-09,2014,10,9,-0.93428331
2014-10-10,2014,10,10,-1.0832449
2014-10-11,2014,10,11,-2.9125383
2014-10-12,2014,10,12,-0.90016047
2014-10-13,2014,10,13,1.5127037
2014-10-14,2014,10,14,1.6980552
2014-10-15,2014,10,15,2.5511399
2014-10-16,2014,10,16,2.4164345
2014-10-17,2014,10,17,1.1717724
2014-10-18,2014,10,18,0.94698994
2014-10-19,2014,10,19,0.81573837
2014-10-20,2014,10,20,3.5978337
2014-10-21,2014,10,21,5.5712692
2014-10-22,2014,10,22,5.4108149
2014-10-23,2014,10,23,4.8672284
2014-10-24,2014,10,24,4.4192176
2014-10-25,2014,10,25,6.2965288
2014-10-26,2014,10,26,5.4427614
2014-10-27,2014,10,27,3.3940825
2014-10-28,2014,10,28,2.6803459
2014-10-29,2014,10,29,0.6192296
2014-10-30,2014,10,30,-0.2395622
2014-10-31,2014,10,31,-0.51622297
2014-11-01,2014,11,1,0.25010732
2014-11-02,2014,11,2,-0.12516091
2014-11-03,2014,11,3,-2.0725975
2014-11-04,2014,11,4,0.31536016
2014-11-05,2014,11,5,0.52916318
2014-11-06,2014,11,6,0.27470698
2014-11-07,2014,11,7,1.0267523
2014-11-08,2014,11,8,3.8087008
2014-11-09,2014,11,9,4.2186942
2014-11-10,2014,11,10,2.9410305
2014-11-11,2014,11,11,2.166694
2014-11-12,2014,11,12,2.105937
2014-11-13,2014,11,13,1.9623411
2014-11-14,2014,11,14,5.1816419
2014-11-15,2014,11,15,6.5583309
2014-11-16,2014,11,16,6.7454499
2014-11-17,2014,11,17,6.051972
2014-11-18,2014,11,18,4.2495301
2014-11-19,2014,11,19,2.4460357
2014-11-20,2014,11,20,1.0404104
2014-11-21,2014,11,21,-0.28117674
2014-11-22,2014,11,22,2.8915576
2014-11-23,2014,11,23,4.0628292
2014-11-24,2014,11,24,3.818025
2014-11-25,2014,11,25,3.0439517
2014-11-26,2014,11,26,0.76701022
2014-11-27,2014,11,27,4.0255934
2014-11-28,2014,11,28,4.8859693
2014-11-29,2014,11,29,3.6571796
2014-11-30,2014,11,30,0.28105186
2014-12-01,2014,12,1,-0.78994365
2014-12-02,2014,12,2,2.7405352
2014-12-03,2014,12,3,6.3554867
2014-12-04,2014,12,4,8.0686983
2014-12-05,2014,12,5,7.611848
2014-12-06,2014,12,6,5.7039692
2014-12-07,2014,12,7,5.151691
2014-12-08,2014,12,8,7.4855872
2014-12-09,2014,12,9,5.9003238
2014-12-10,2014,12,10,4.7304775
2014-12-11,2014,12,11,3.3967241
2014-12-12,2014,12,12,4.3696245
2014-12-13,2014,12,13,4.4379801
2014-12-14,2014,12,14,5.8982586
2014-12-15,2014,12,15,3.239632
2014-12-16,2014,12,16,3.3919702
2014-12-17,2014,12,17,3.5013982
2014-12-18,2014,12,18,4.4946042
2014-12-19,2014,12,19,4.9602006
2014-12-20,2014,12,20,2.7193312
2014-12-21,2014,12,21,-1.6043572
2014-12-22,2014,12,22,-2.6206725
2014-12-23,2014,12,23,3.8699242
2014-12-24,2014,12,24,4.5788166
2014-12-25,2014,12,25,5.6585524
2014-12-26,2014,12,26,6.2178031
2014-12-27,2014,12,27,6.8121848
2014-12-28,2014,12,28,6.8734223
2014-12-29,2014,12,29,7.16159
2014-12-30,2014,12,30,6.7909378
2014-12-31,2014,12,31,3.8154778
2015-01-01,2015,1,1,5.3235614
2015-01-02,2015,1,2,6.2019122
2015-01-03,2015,1,3,7.224594
2015-01-04,2015,1,4,8.7801778
2015-01-05,2015,1,5,8.4891176
2015-01-06,2015,1,6,8.3744142
2015-01-07,2015,1,7,7.6380023
2015-01-08,2015,1,8,6.3121963
2015-01-09,2015,1,9,7.2458853
2015-01-10,2015,1,10,7.6632048
2015-01-11,2015,1,11,7.3257368
2015-01-12,2015,1,12,7.5630453
2015-01-13,2015,1,13,5.7698489
2015-01-14,2015,1,14,6.6376696
2015-01-15,2015,1,15,8.7179985
2015-01-16,2015,1,16,7.358111
2015-01-17,2015,1,17,8.1232143
2015-01-18,2015,1,18,7.5488636
2015-01-19,2015,1,19,7.8652604
2015-01-20,2015,1,20,8.4724977
2015-01-21,2015,1,21,9.4562722
2015-01-22,2015,1,22,8.2395006
2015-01-23,2015,1,23,8.671041
2015-01-24,2015,1,24,9.7638023
2015-01-25,2015,1,25,10.161715
2015-01-26,2015,1,26,9.8022959
2015-01-27,2015,1,27,8.4458311
2015-01-28,2015,1,28,7.5529421
2015-01-29,2015,1,29,9.1656715
2015-01-30,2015,1,30,8.3373406
2015-01-31,2015,1,31,8.538169
2015-02-01,2015,2,1,8.8280951
2015-02-02,2015,2,2,9.2219602
2015-02-03,2015,2,3,8.0291708
2015-02-04,2015,2,4,7.6613245
2015-02-05,2015,2,5,9.2030569
2015-02-06,2015,2,6,9.6399808
2015-02-07,2015,2,7,8.6970915
2015-02-08,2015,2,8,6.826811
2015-02-09,2015,2,9,6.3959234
2015-02-10,2015,2,10,5.2155339
2015-02-11,2015,2,11,7.1511204
2015-02-12,2015,2,12,7.0958483
2015-02-13,2015,2,13,8.7785234
2015-02-14,2015,2,14,7.7590937
2015-02-15,2015,2,15,7.6526582
2015-02-16,2015,2,16,7.5091321
2015-02-17,2015,2,17,7.6390975
2015-02-18,2015,2,18,5.2099883
2015-02-19,2015,2,19,2.9351669
2015-02-20,2015,2,20,4.3167874
2015-02-21,2015,2,21,3.2534231
2015-02-22,2015,2,22,5.1777723
2015-02-23,2015,2,23,6.7292949
2015-02-24,2015,2,24,7.6949648
2015-02-25,2015,2,25,7.011798
2015-02-26,2015,2,26,6.6925586
2015-02-27,2015,2,27,7.3985358
2015-02-28,2015,2,28,6.2762089
2015-03-01,2015,3,1,4.4080969
2015-03-02,2015,3,2,5.3011476
2015-03-03,2015,3,3,5.1163361
2015-03-04,2015,3,4,5.8823257
2015-03-05,2015,3,5,6.6272467
2015-03-06,2015,3,6,8.2678308
2015-03-07,2015,3,7,8.7213613
2015-03-08,2015,3,8,10.095518
2015-03-09,2015,3,9,10.318278
2015-03-10,2015,3,10,10.262158
2015-03-11,2015,3,11,11.036655
2015-03-12,2015,3,12,10.187376
2015-03-13,2015,3,13,8.112436
2015-03-14,2015,3,14,7.0578856
2015-03-15,2015,3,15,7.1907988
2015-03-16,2015,3,16,7.4014937
2015-03-17,2015,3,17,8.6946943
2015-03-18,2015,3,18,8.7948329
2015-03-19,2015,3,19,8.1956034
2015-03-20,2015,3,20,7.718382
2015-03-21,2015,3,21,8.5016143
2015-03-22,2015,3,22,7.1273358
2015-03-23,2015,3,23,7.5197904
2015-03-24,2015,3,24,7.0846284
2015-03-25,2015,3,25,5.7436033
2015-03-26,2015,3,26,3.7142873
2015-03-27,2015,3,27,1.5470893
2015-03-28,2015,3,28,4.3982795
2015-03-29,2015,3,29,5.5645914
2015-03-30,2015,3,30,4.2942793
2015-03-31,2015,3,31,2.5600782
2015-04-01,2015,4,1,5.073359
2015-04-02,2015,4,2,5.7695623
2015-04-03,2015,4,3,5.0104755
2015-04-04,2015,4,4,3.7853021
2015-04-05,2015,4,5,3.9727784
2015-04-06,2015,4,6,4.9042348
2015-04-07,2015,4,7,4.2253241
2015-04-08,2015,4,8,4.425576
2015-04-09,2015,4,9,5.4018512
2015-04-10,2015,4,10,6.808555
2015-04-11,2015,4,11,7.1303965
2015-04-12,2015,4,12,6.8418036
2015-04-13,2015,4,13,5.2074846
2015-04-14,2015,4,14,3.3301254
2015-04-15,2015,4,15,3.6462313
2015-04-16,2015,4,16,1.132269
2015-04-17,2015,4,17,0.14204565
2015-04-18,2015,4,18,2.925997
2015-04-19,2015,4,19,1.7459282
2015-04-20,2015,4,20,2.2881691
2015-04-21,2015,4,21,1.5371112
2015-04-22,2015,4,22,1.9426327
2015-04-23,2015,4,23,3.3572793
2015-04-24,2015,4,24,4.6264739
2015-04-25,2015,4,25,6.3246129
2015-04-26,2015,4,26,6.1170908
2015-04-27,2015,4,27,6.0776045
2015-04-28,2015,4,28,5.3781086
2015-04-29,2015,4,29,5.3041537
2015-04-30,2015,4,30,5.8783538
2015-05-01,2015,5,1,2.7918894
2015-05-02,2015,5,2,-1.6791104
2015-05-03,2015,5,3,-4.3159998
2015-05-04,2015,5,4,-1.2985731
2015-05-05,2015,5,5,-0.98187655
2015-05-06,2015,5,6,-0.29144769
2015-05-07,2015,5,7,1.1900058
2015-05-08,2015,5,8,0.6214657
2015-05-09,2015,5,9,-0.73227306
2015-05-10,2015,5,10,-2.079107
2015-05-11,2015,5,11,2.8110145
2015-05-12,2015,5,12,2.2114173
2015-05-13,2015,5,13,1.6124242
2015-05-14,2015,5,14,2.4305864
2015-05-15,2015,5,15,1.7803412
2015-05-16,2015,5,16,2.8568149
2015-05-17,2015,5,17,3.3221121
2015-05-18,2015,5,18,3.1055511
2015-05-19,2015,5,19,4.4845505
2015-05-20,2015,5,20,4.1581023
2015-05-21,2015,5,21,3.2107625
2015-05-22,2015,5,22,2.0237528
2015-05-23,2015,5,23,-1.1508563
2015-05-24,2015,5,24,-1.8708172
2015-05-25,2015,5,25,0.20346207
2015-05-26,2015,5,26,0.83016365
2015-05-27,2015,5,27,1.8596396
2015-05-28,2015,5,28,2.5204149
2015-05-29,2015,5,29,-0.94286384
2015-05-30,2015,5,30,-3.0441631
2015-05-31,2015,5,31,-2.6530635
2015-06-01,2015,6,1,0.68925958
2015-06-02,2015,6,2,2.8286673
2015-06-03,2015,6,3,1.7853283
2015-06-04,2015,6,4,2.5114593
2015-06-05,2015,6,5,1.9834367
2015-06-06,2015,6,6,0.23000505
2015-06-07,2015,6,7,-0.65105162
2015-06-08,2015,6,8,-1.0772685
2015-06-09,2015,6,9,-1.839125
2015-06-10,2015,6,10,-2.4016518
2015-06-11,2015,6,11,-5.7222556
2015-06-12,2015,6,12,-4.9214743
2015-06-13,2015,6,13,-7.2562322
2015-06-14,2015,6,14,-8.4925238
2015-06-15,2015,6,15,-4.2336399
2015-06-16,2015,6,16,-3.3292763
2015-06-17,2015,6,17,-4.7486597
2015-06-18,2015,6,18,-2.7395402
2015-06-19,2015,6,19,0.75415552
2015-06-20,2015,6,20,0.20771362
2015-06-21,2015,6,21,0.67196713
2015-06-22,2015,6,22,-0.88159079
2015-06-23,2015,6,23,-0.27456308
2015-06-24,2015,6,24,0.8493219
2015-06-25,2015,6,25,-2.571869
2015-06-26,2015,6,26,-3.7213033
2015-06-27,2015,6,27,-0.16697709
2015-06-28,2015,6,28,-1.6449977
2015-06-29,2015,6,29,-2.9772039
2015-06-30,2015,6,30,-2.5993882
2015-07-01,2015,7,1,-4.7455693
2015-07-02,2015,7,2,-5.8863454
2015-07-03,2015,7,3,-9.6437022
2015-07-04,2015,7,4,-4.0044047
2015-07-05,2015,7,5,-4.4408992
2015-07-06,2015,7,6,-5.9848686
2015-07-07,2015,7,7,-7.0967868
2015-07-08,2015,7,8,-5.2452048
2015-07-09,2015,7,9,-4.0876787
2015-07-10,2015,7,10,-4.0006831
2015-07-11,2015,7,11,-3.5615788
2015-07-12,2015,7,12,-5.470082
2015-07-13,2015,7,13,-8.5192811
2015-07-14,2015,7,14,-12.916286
2015-07-15,2015,7,15,-9.0710939
2015-07-16,2015,7,16,-8.9736574
2015-07-17,2015,7,17,-3.8436034
2015-07-18,2015,7,18,-5.1502516
2015-07-19,2015,7,19,-9.078518
2015-07-20,2015,7,20,-10.612991
2015-07-21,2015,7,21,-4.3439076
2015-07-22,2015,7,22,-5.1962535
2015-07-23,2015,7,23,-5.303744
2015-07-24,2015,7,24,-3.0534179
2015-07-25,2015,7,25,-1.6968306
2015-07-26,2015,7,26,-0.94053077
2015-07-27,2015,7,27,-4.2704046
2015-07-28,2015,7,28,-4.4840715
2015-07-29,2015,7,29,-5.2967596
2015-07-30,2015,7,30,-5.345059
2015-07-31,2015,7,31,-7.3839219
2015-08-01,2015,8,1,-3.9338798
2015-08-02,2015,8,2,-3.8815601
2015-08-03,2015,8,3,-3.693109
2015-08-04,2015,8,4,-0.88000764
2015-08-05,2015,8,5,-2.770131
2015-08-06,2015,8,6,-4.4420575
2015-08-07,2015,8,7,-5.6273465
2015-08-08,2015,8,8,-4.2607
2015-08-09,2015,8,9,-6.7349007
2015-08-10,2015,8,10,-7.7736019
2015-08-11,2015,8,11,-10.938295
2015-08-12,2015,8,12,-8.1554875
2015-08-13,2015,8,13,-10.569286
2015-08-14,2015,8,14,-10.540356
2015-08-15,2015,8,15,-7.4497269
2015-08-16,2015,8,16,-7.7917317
2015-08-17,2015,8,17,-5.0868225
2015-08-18,2015,8,18,-2.5570051
2015-08-19,2015,8,19,-1.3532533
2015-08-20,2015,8,20,-3.3406135
2015-08-21,2015,8,21,-4.1298965
2015-08-22,2015,8,22,-5.6499949
2015-08-23,2015,8,23,-1.3434224
2015-08-24,2015,8,24,-0.61493054
2015-08-25,2015,8,25,-3.9031908
2015-08-26,2015,8,26,-5.8332235
2015-08-27,2015,8,27,-2.4342553
2015-08-28,2015,8,28,-0.66027463
2015-08-29,2015,8,29,-0.75060323
2015-08-30,2015,8,30,0.76409391
2015-08-31,2015,8,31,0.83096906
2015-09-01,2015,9,1,1.1520943
2015-09-02,2015,9,2,-0.89159661
2015-09-03,2015,9,3,-0.94480319
2015-09-04,2015,9,4,0.44359883
2015-09-05,2015,9,5,0.16570089
2015-09-06,2015,9,6,-1.2486044
2015-09-07,2015,9,7,-4.1035045
2015-09-08,2015,9,8,-6.263216
2015-09-09,2015,9,9,-3.5814542
2015-09-10,2015,9,10,-6.245347
2015-09-11,2015,9,11,-7.8734055
2015-09-12,2015,9,12,-4.1874116
2015-09-13,2015,9,13,-3.1226031
2015-09-14,2015,9,14,-1.5925975
2015-09-15,2015,9,15,-3.4715588
2015-09-16,2015,9,16,-5.219589
2015-09-17,2015,9,17,-5.7596335
2015-09-18,2015,9,18,-6.2211508
2015-09-19,2015,9,19,-3.3774403
2015-09-20,2015,9,20,-0.90472956
2015-09-21,2015,9,21,-3.6669957
2015-09-22,2015,9,22,-4.2567322
2015-09-23,2015,9,23,-5.9926555
2015-09-24,2015,9,24,-7.2236118
2015-09-25,2015,9,25,-7.2165681
2015-09-26,2015,9,26,-4.814005
2015-09-27,2015,9,27,-4.7229306
2015-09-28,2015,9,28,-1.237914
2015-09-29,2015,9,29,-1.4807408
2015-09-30,2015,9,30,-0.9325122
2015-10-01,2015,10,1,-2.8427765
2015-10-02,2015,10,2,-3.711986
2015-10-03,2015,10,3,0.99591826
2015-10-04,2015,10,4,0.48718146
2015-10-05,2015,10,5,-0.21058753
2015-10-06,2015,10,6,-1.0606976
2015-10-07,2015,10,7,-5.0000563
2015-10-08,2015,10,8,-5.9640202
2015-10-09,2015,10,9,-5.7495279
2015-10-10,2015,10,10,-5.0130558
2015-10-11,2015,10,11,-4.6114275
2015-10-12,2015,10,12,-1.948313
2015-10-13,2015,10,13,-2.5436216
2015-10-14,2015,10,14,-5.6399256
2015-10-15,2015,10,15,-7.6759495
2015-10-16,2015,10,16,-4.2229072
2015-10-17,2015,10,17,-2.3255355
2015-10-18,2015,10,18,0.097657016
2015-10-19,2015,10,19,-1.5652489
2015-10-20,2015,10,20,-4.2404656
2015-10-21,2015,10,21,-3.5960232
2015-10-22,2015,10,22,-3.6733725
2015-10-23,2015,10,23,-1.1476489
2015-10-24,2015,10,24,-0.79195252
2015-10-25,2015,10,25,-2.7646473
2015-10-26,2015,10,26,-1.9423067
2015-10-27,2015,10,27,1.6284278
2015-10-28,2015,10,28,0.79538982
2015-10-29,2015,10,29,-0.60694259
2015-10-30,2015,10,30,-0.86970727
2015-10-31,2015,10,31,0.37271548
2015-11-01,2015,11,1,-0.4218783
2015-11-02,2015,11,2,-0.37002514
2015-11-03,2015,11,3,-1.163813
2015-11-04,2015,11,4,1.8609605
2015-11-05,2015,11,5,0.57350857
2015-11-06,2015,11,6,-0.17521642
2015-11-07,2015,11,7,0.51732456
2015-11-08,2015,11,8,-0.68070727
2015-11-09,2015,11,9,0.55464521
2015-11-10,2015,11,10,1.5148255
2015-11-11,2015,11,11,2.9218963
2015-11-12,2015,11,12,0.89301559
2015-11-13,2015,11,13,2.7930324
2015-11-14,2015,11,14,4.0905397
2015-11-15,2015,11,15,3.4376071
2015-11-16,2015,11,16,2.1114825
2015-11-17,2015,11,17,0.90969102
2015-11-18,2015,11,18,-0.3161231
2015-11-19,2015,11,19,-2.7796244
2015-11-20,2015,11,20,0.55841169
2015-11-21,2015,11,21,0.3307708
2015-11-22,2015,11,22,0.80127101
2015-11-23,2015,11,23,-0.13804869
2015-11-24,2015,11,24,-1.3176058
2015-11-25,2015,11,25,1.0871518
2015-11-26,2015,11,26,0.3751481
2015-11-27,2015,11,27,-0.95026309
2015-11-28,2015,11,28,0.8745966
2015-11-29,2015,11,29,2.0297482
2015-11-30,2015,11,30,1.8807972
2015-12-01,2015,12,1,3.7859723
2015-12-02,2015,12,2,3.7782488
2015-12-03,2015,12,3,2.5682802
2015-12-04,2015,12,4,4.2126651
2015-12-05,2015,12,5,5.4739162
2015-12-06,2015,12,6,5.180233
2015-12-07,2015,12,7,4.7157025
2015-12-08,2015,12,8,4.4744798
2015-12-09,2015,12,9,3.0645996
2015-12-10,2015,12,10,3.4430821
2015-12-11,2015,12,11,4.3492092
2015-12-12,2015,12,12,4.5157399
2015-12-13,2015,12,13,2.8571002
2015-12-14,2015,12,14,2.8176304
2015-12-15,2015,12,15,4.4657268
2015-12-16,2015,12,16,4.9990777
2015-12-17,2015,12,17,2.5754614
2015-12-18,2015,12,18,2.6863286
2015-12-19,2015,12,19,4.3688927
2015-12-20,2015,12,20,4.0231217
2015-12-21,2015,12,21,3.521841
2015-12-22,2015,12,22,3.4321955
2015-12-23,2015,12,23,3.9557877
2015-12-24,2015,12,24,6.1340499
2015-12-25,2015,12,25,7.4691517
2015-12-26,2015,12,26,7.1516753
2015-12-27,2015,12,27,8.1883568
2015-12-28,2015,12,28,8.6356257
2015-12-29,2015,12,29,6.7464593
2015-12-30,2015,12,30,6.0464682
2015-12-31,2015,12,31,5.0844199
2016-01-01,2016,1,1,6.0374608
2016-01-02,2016,1,2,6.0660953
2016-01-03,2016,1,3,6.5272025
2016-01-04,2016,1,4,6.0218865
2016-01-05,2016,1,5,6.2200434
2016-01-06,2016,1,6,6.3533589
2016-01-07,2016,1,7,6.4404039
2016-01-08,2016,1,8,4.7962881
2016-01-09,2016,1,9,5.2926306
2016-01-10,2016,1,10,5.3335353
2016-01-11,2016,1,11,6.8937152
2016-01-12,2016,1,12,5.2305772
2016-01-13,2016,1,13,5.0255192
2016-01-14,2016,1,14,6.0747824
2016-01-15,2016,1,15,4.7714321
2016-01-16,2016,1,16,6.756896
2016-01-17,2016,1,17,7.170997
2016-01-18,2016,1,18,8.4452797
2016-01-19,2016,1,19,9.818859
2016-01-20,2016,1,20,10.123151
2016-01-21,2016,1,21,10.119734
2016-01-22,2016,1,22,10.435056
2016-01-23,2016,1,23,11.619395
2016-01-24,2016,1,24,5.781722
2016-01-25,2016,1,25,5.9413575
2016-01-26,2016,1,26,4.7337445
2016-01-27,2016,1,27,6.0530714
2016-01-28,2016,1,28,6.8246245
2016-01-29,2016,1,29,6.7298949
2016-01-30,2016,1,30,6.7684712
2016-01-31,2016,1,31,8.3250424
2016-02-01,2016,2,1,8.3449783
2016-02-02,2016,2,2,6.3460294
2016-02-03,2016,2,3,6.50407
2016-02-04,2016,2,4,5.97754
2016-02-05,2016,2,5,5.5886864
2016-02-06,2016,2,6,7.1543213
2016-02-07,2016,2,7,7.5334731
2016-02-08,2016,2,8,7.1578252
2016-02-09,2016,2,9,8.3868162
2016-02-10,2016,2,10,8.7077752
2016-02-11,2016,2,11,7.8679046
2016-02-12,2016,2,12,7.9094391
2016-02-13,2016,2,13,5.8567482
2016-02-14,2016,2,14,6.3602472
2016-02-15,2016,2,15,7.5258215
2016-02-16,2016,2,16,7.4923281
2016-02-17,2016,2,17,6.0214042
2016-02-18,2016,2,18,7.7697612
2016-02-19,2016,2,19,8.0485757
2016-02-20,2016,2,20,8.8598786
2016-02-21,2016,2,21,10.58655
2016-02-22,2016,2,22,10.453718
2016-02-23,2016,2,23,10.240599
2016-02-24,2016,2,24,8.7736822
2016-02-25,2016,2,25,7.2133299
2016-02-26,2016,2,26,4.8849899
2016-02-27,2016,2,27,4.7349732
2016-02-28,2016,2,28,5.9714102
2016-02-29,2016,2,29,6.672474
2016-03-01,2016,3,1,6.9679773
2016-03-02,2016,3,2,7.5275531
2016-03-03,2016,3,3,6.885058
2016-03-04,2016,3,4,6.1519693
2016-03-05,2016,3,5,7.6267791
2016-03-06,2016,3,6,7.5262161
2016-03-07,2016,3,7,5.1516569
2016-03-08,2016,3,8,4.7572481
2016-03-09,2016,3,9,5.9540062
2016-03-10,2016,3,10,7.0026306
2016-03-11,2016,3,11,7.0097817
2016-03-12,2016,3,12,7.0509287
2016-03-13,2016,3,13,6.7025582
2016-03-14,2016,3,14,7.7374604
2016-03-15,2016,3,15,8.0911669
2016-03-16,2016,3,16,9.2395008
2016-03-17,2016,3,17,7.070586
2016-03-18,2016,3,18,5.9761207
2016-03-19,2016,3,19,5.6519199
2016-03-20,2016,3,20,4.5122739
2016-03-21,2016,3,21,4.918944
2016-03-22,2016,3,22,5.8571988
2016-03-23,2016,3,23,6.9595496
2016-03-24,2016,3,24,7.1392208
2016-03-25,2016,3,25,5.694212
2016-03-26,2016,3,26,6.0650727
2016-03-27,2016,3,27,5.8497106
2016-03-28,2016,3,28,6.0725314
2016-03-29,2016,3,29,6.1172826
2016-03-30,2016,3,30,6.4822743
2016-03-31,2016,3,31,7.3523498
2016-04-01,2016,4,1,5.9277238
2016-04-02,2016,4,2,3.5974276
2016-04-03,2016,4,3,3.8215622
2016-04-04,2016,4,4,2.9823497
2016-04-05,2016,4,5,4.9807905
2016-04-06,2016,4,6,1.7686657
2016-04-07,2016,4,7,2.6979733
2016-04-08,2016,4,8,0.95736886
2016-04-09,2016,4,9,0.02930151
2016-04-10,2016,4,10,1.7578523
2016-04-11,2016,4,11,4.604276
2016-04-12,2016,4,12,4.2459226
2016-04-13,2016,4,13,2.8926917
2016-04-14,2016,4,14,2.6618903
2016-04-15,2016,4,15,3.7782425
2016-04-16,2016,4,16,3.3778543
2016-04-17,2016,4,17,3.0124863
2016-04-18,2016,4,18,1.2362368
2016-04-19,2016,4,19,-2.6274349
2016-04-20,2016,4,20,0.089393587
2016-04-21,2016,4,21,-1.1612945
2016-04-22,2016,4,22,-0.051320418
2016-04-23,2016,4,23,0.14773527
2016-04-24,2016,4,24,-1.9427838
2016-04-25,2016,4,25,-5.3625473
2016-04-26,2016,4,26,-4.8859947
2016-04-27,2016,4,27,-1.0176187
2016-04-28,2016,4,28,1.3366553
2016-04-29,2016,4,29,0.97979158
2016-04-30,2016,4,30,1.7253276
2016-05-01,2016,5,1,1.6095737
2016-05-02,2016,5,2,1.8563023
2016-05-03,2016,5,3,2.735563
2016-05-04,2016,5,4,2.8331546
2016-05-05,2016,5,5,0.4501974
2016-05-06,2016,5,6,-2.1183321
2016-05-07,2016,5,7,-2.0692274
2016-05-08,2016,5,8,-2.4469564
2016-05-09,2016,5,9,-2.2787448
2016-05-10,2016,5,10,-2.2354516
2016-05-11,2016,5,11,-0.97763717
2016-05-12,2016,5,12,-2.5738192
2016-05-13,2016,5,13,1.3675602
2016-05-14,2016,5,14,-0.52861509
2016-05-15,2016,5,15,-2.7364207
2016-05-16,2016,5,16,-1.0768233
2016-05-17,2016,5,17,0.38447554
2016-05-18,2016,5,18,-1.6586449
2016-05-19,2016,5,19,-1.5066557
2016-05-20,2016,5,20,-1.6417715
2016-05-21,2016,5,21,-3.5254225
2016-05-22,2016,5,22,-4.0275126
2016-05-23,2016,5,23,1.556629
2016-05-24,2016,5,24,1.3111295
2016-05-25,2016,5,25,-2.1975472
2016-05-26,2016,5,26,-2.6611177
2016-05-27,2016,5,27,-0.99245589
2016-05-28,2016,5,28,-1.6261622
2016-05-29,2016,5,29,-2.1265299
2016-05-30,2016,5,30,-4.850543
2016-05-31,2016,5,31,-5.6411587
2016-06-01,2016,6,1,-5.4575095
2016-06-02,2016,6,2,-5.1128276
2016-06-03,2016,6,3,-3.2350143
2016-06-04,2016,6,4,-6.081293
2016-06-05,2016,6,5,-8.2402704
2016-06-06,2016,6,6,-8.4479544
2016-06-07,2016,6,7,-4.3693701
2016-06-08,2016,6,8,-4.0793838
2016-06-09,2016,6,9,-5.7797039
2016-06-10,2016,6,10,-4.6305394
2016-06-11,2016,6,11,-1.4078064
2016-06-12,2016,6,12,-1.0970842
2016-06-13,2016,6,13,-1.9122814
2016-06-14,2016,6,14,-2.8191146
2016-06-15,2016,6,15,-3.7132514
2016-06-16,2016,6,16,-5.5729373
2016-06-17,2016,6,17,-1.5980697
2016-06-18,2016,6,18,-2.6109749
2016-06-19,2016,6,19,-2.4135638
2016-06-20,2016,6,20,-3.3196826
2016-06-21,2016,6,21,-2.9819284
2016-06-22,2016,6,22,-1.1873254
2016-06-23,2016,6,23,-1.390146
2016-06-24,2016,6,24,-4.0904485
2016-06-25,2016,6,25,-2.8576184
2016-06-26,2016,6,26,-2.9681247
2016-06-27,2016,6,27,-2.2750134
2016-06-28,2016,6,28,-1.966064
2016-06-29,2016,6,29,0.10552852
2016-06-30,2016,6,30,-0.1854818
2016-07-01,2016,7,1,-0.85075016
2016-07-02,2016,7,2,-3.1423053
2016-07-03,2016,7,3,-5.4852576
2016-07-04,2016,7,4,-7.4896214
2016-07-05,2016,7,5,-6.5437134
2016-07-06,2016,7,6,-4.8521531
2016-07-07,2016,7,7,-1.6603282
2016-07-08,2016,7,8,-3.0160111
2016-07-09,2016,7,9,-5.8028965
2016-07-10,2016,7,10,-6.4519403
2016-07-11,2016,7,11,-6.4662066
2016-07-12,2016,7,12,-5.824032
2016-07-13,2016,7,13,-5.6490717
2016-07-14,2016,7,14,-7.4568405
2016-07-15,2016,7,15,-7.3263269
2016-07-16,2016,7,16,-5.797805
2016-07-17,2016,7,17,-5.0492203
2016-07-18,2016,7,18,-8.1890212
2016-07-19,2016,7,19,-5.0501139
2016-07-20,2016,7,20,-4.4113812
2016-07-21,2016,7,21,-3.9586579
2016-07-22,2016,7,22,-4.5658291
2016-07-23,2016,7,23,-3.7381817
2016-07-24,2016,7,24,-4.1758859
2016-07-25,2016,7,25,-6.9294349
2016-07-26,2016,7,26,-7.0399486
2016-07-27,2016,7,27,-2.2229616
2016-07-28,2016,7,28,-3.6714263
2016-07-29,2016,7,29,-6.7326792
2016-07-30,2016,7,30,-6.947436
2016-07-31,2016,7,31,-7.1454874
2016-08-01,2016,8,1,-6.5884088
2016-08-02,2016,8,2,-2.3296286
2016-08-03,2016,8,3,-3.3049413
2016-08-04,2016,8,4,-5.7690182
2016-08-05,2016,8,5,-7.0403732
2016-08-06,2016,8,6,-4.0511231
2016-08-07,2016,8,7,-2.7227049
2016-08-08,2016,8,8,-4.0192839
2016-08-09,2016,8,9,-2.5720627
2016-08-10,2016,8,10,-0.39485275
2016-08-11,2016,8,11,-1.2078966
2016-08-12,2016,8,12,-0.3204113
2016-08-13,2016,8,13,-1.4230061
2016-08-14,2016,8,14,-1.5579449
2016-08-15,2016,8,15,-1.5836097
2016-08-16,2016,8,16,-3.0945026
2016-08-17,2016,8,17,-4.8938675
2016-08-18,2016,8,18,-7.9538756
2016-08-19,2016,8,19,-8.5695784
2016-08-20,2016,8,20,-9.9962584
2016-08-21,2016,8,21,-1.32333
2016-08-22,2016,8,22,2.14648
2016-08-23,2016,8,23,1.4978407
2016-08-24,2016,8,24,0.28866482
2016-08-25,2016,8,25,-0.17915512
2016-08-26,2016,8,26,-2.4929074
2016-08-27,2016,8,27,-5.4908413
2016-08-28,2016,8,28,-6.5361318
2016-08-29,2016,8,29,-6.2735487
2016-08-30,2016,8,30,-0.41698548
2016-08-31,2016,8,31,-4.2837264
2016-09-01,2016,9,1,-5.6875784
2016-09-02,2016,9,2,-7.6064107
2016-09-03,2016,9,3,-8.3605613
2016-09-04,2016,9,4,-8.5916249
2016-09-05,2016,9,5,-7.5202009
2016-09-06,2016,9,6,-1.7812631
2016-09-07,2016,9,7,-0.089780406
2016-09-08,2016,9,8,-0.13053485
2016-09-09,2016,9,9,1.6694479
2016-09-10,2016,9,10,2.2081535
2016-09-11,2016,9,11,-1.3365901
2016-09-12,2016,9,12,-3.8214396
2016-09-13,2016,9,13,-3.3481356
2016-09-14,2016,9,14,0.68485642
2016-09-15,2016,9,15,0.69044969
2016-09-16,2016,9,16,0.97590782
2016-09-17,2016,9,17,-0.42280418
2016-09-18,2016,9,18,-0.080895062
2016-09-19,2016,9,19,4.2425631
2016-09-20,2016,9,20,3.4944361
2016-09-21,2016,9,21,2.0394496
2016-09-22,2016,9,22,-0.14428229
2016-09-23,2016,9,23,-0.021256732
2016-09-24,2016,9,24,1.3619629
2016-09-25,2016,9,25,3.0521138
2016-09-26,2016,9,26,3.8232771
2016-09-27,2016,9,27,3.0233548
2016-09-28,2016,9,28,2.7657629
2016-09-29,2016,9,29,0.34292032
2016-09-30,2016,9,30,-1.284676
2016-10-01,2016,10,1,1.1456096
2016-10-02,2016,10,2,1.5116783
2016-10-03,2016,10,3,2.011594
2016-10-04,2016,10,4,-0.20724589
2016-10-05,2016,10,5,0.74722419
2016-10-06,2016,10,6,2.2171438
2016-10-07,2016,10,7,-1.1366173
2016-10-08,2016,10,8,-0.664747
2016-10-09,2016,10,9,1.0790233
2016-10-10,2016,10,10,0.013346294
2016-10-11,2016,10,11,-0.18997003
2016-10-12,2016,10,12,0.22028329
2016-10-13,2016,10,13,-0.1565391
2016-10-14,2016,10,14,0.7181417
2016-10-15,2016,10,15,0.099093662
2016-10-16,2016,10,16,-3.4436851
2016-10-17,2016,10,17,-2.3647475
2016-10-18,2016,10,18,-3.3944008
2016-10-19,2016,10,19,-6.3575335
2016-10-20,2016,10,20,-3.6258679
2016-10-21,2016,10,21,0.40421626
2016-10-22,2016,10,22,1.0197072
2016-10-23,2016,10,23,-2.0035169
2016-10-24,2016,10,24,-3.0483393
2016-10-25,2016,10,25,-4.0993294
2016-10-26,2016,10,26,0.36820764
2016-10-27,2016,10,27,3.2762518
2016-10-28,2016,10,28,4.3233871
2016-10-29,2016,10,29,3.8081302
2016-10-30,2016,10,30,1.2013358
2016-10-31,2016,10,31,-2.134343
2016-11-01,2016,11,1,-3.8376064
2016-11-02,2016,11,2,-1.6433821
2016-11-03,2016,11,3,2.9258898
2016-11-04,2016,11,4,4.9729778
2016-11-05,2016,11,5,5.4236119
2016-11-06,2016,11,6,4.8781098
2016-11-07,2016,11,7,3.2801789
2016-11-08,2016,11,8,3.9367246
2016-11-09,2016,11,9,3.1095951
2016-11-10,2016,11,10,3.753119
2016-11-11,2016,11,11,3.062099
2016-11-12,2016,11,12,2.5214346
2016-11-13,2016,11,13,2.0637708
2016-11-14,2016,11,14,1.7527603
2016-11-15,2016,11,15,1.858514
2016-11-16,2016,11,16,2.2734943
2016-11-17,2016,11,17,1.8837326
2016-11-18,2016,11,18,4.65459
2016-11-19,2016,11,19,3.7136294
2016-11-20,2016,11,20,2.4704046
2016-11-21,2016,11,21,3.6875574
2016-11-22,2016,11,22,3.2802207
2016-11-23,2016,11,23,4.454867
2016-11-24,2016,11,24,3.207473
2016-11-25,2016,11,25,3.3592974
2016-11-26,2016,11,26,2.0813416
2016-11-27,2016,11,27,1.30693
2016-11-28,2016,11,28,2.4226209
2016-11-29,2016,11,29,5.6393123
2016-11-30,2016,11,30,5.6762953
2016-12-01,2016,12,1,5.4982873
2016-12-02,2016,12,2,5.1966997
2016-12-03,2016,12,3,6.2273172
2016-12-04,2016,12,4,4.9883319
2016-12-05,2016,12,5,3.8090044
2016-12-06,2016,12,6,5.0888557
2016-12-07,2016,12,7,4.7314286
2016-12-08,2016,12,8,5.6252656
2016-12-09,2016,12,9,4.9129252
2016-12-10,2016,12,10,3.8700982
2016-12-11,2016,12,11,5.4999653
2016-12-12,2016,12,12,5.9487426
2016-12-13,2016,12,13,5.0687584
2016-12-14,2016,12,14,7.479011
2016-12-15,2016,12,15,8.2204052
2016-12-16,2016,12,16,7.0858868
2016-12-17,2016,12,17,6.014853
2016-12-18,2016,12,18,5.7549022
2016-12-19,2016,12,19,6.7175144
2016-12-20,2016,12,20,6.273423
2016-12-21,2016,12,21,5.6658086
2016-12-22,2016,12,22,5.2601352
2016-12-23,2016,12,23,3.7897263
2016-12-24,2016,12,24,4.5296898
2016-12-25,2016,12,25,3.7341003
2016-12-26,2016,12,26,2.9313901
2016-12-27,2016,12,27,3.0870333
2016-12-28,2016,12,28,6.7480818
2016-12-29,2016,12,29,8.6226652
2016-12-30,2016,12,30,7.5273213
2016-12-31,2016,12,31,6.8033639
2017-01-01,2017,1,1,6.7454977
2017-01-02,2017,1,2,6.9504236
2017-01-03,2017,1,3,6.1444829
2017-01-04,2017,1,4,5.1470033
2017-01-05,2017,1,5,5.6812842
2017-01-06,2017,1,6,7.3765112
2017-01-07,2017,1,7,7.085589
2017-01-08,2017,1,8,6.0297946
2017-01-09,2017,1,9,6.6432297
2017-01-10,2017,1,10,7.0881228
2017-01-11,2017,1,11,7.3860498
2017-01-12,2017,1,12,9.3611253
2017-01-13,2017,1,13,8.8561055
2017-01-14,2017,1,14,8.598509
2017-01-15,2017,1,15,7.6005161
2017-01-16,2017,1,16,7.8629335
2017-01-17,2017,1,17,7.5689633
2017-01-18,2017,1,18,8.1372116
2017-01-19,2017,1,19,8.9264469
2017-01-20,2017,1,20,10.559983
2017-01-21,2017,1,21,11.552116
2017-01-22,2017,1,22,9.9653888
2017-01-23,2017,1,23,7.9726708
2017-01-24,2017,1,24,7.9941297
2017-01-25,2017,1,25,9.9676676
2017-01-26,2017,1,26,10.23837
2017-01-27,2017,1,27,10.50674
2017-01-28,2017,1,28,12.598242
2017-01-29,2017,1,29,12.39185
2017-01-30,2017,1,30,9.9074477
2017-01-31,2017,1,31,7.7889472
2017-02-01,2017,2,1,6.9927525
2017-02-02,2017,2,2,6.1562904
2017-02-03,2017,2,3,5.2750824
2017-02-04,2017,2,4,3.4414004
2017-02-05,2017,2,5,2.5078794
2017-02-06,2017,2,6,6.2085309
2017-02-07,2017,2,7,6.0121725
2017-02-08,2017,2,8,5.3685679
2017-02-09,2017,2,9,5.3848228
2017-02-10,2017,2,10,6.5539823
2017-02-11,2017,2,11,5.6094939
2017-02-12,2017,2,12,6.895156
2017-02-13,2017,2,13,8.5835158
2017-02-14,2017,2,14,7.2221012
2017-02-15,2017,2,15,6.649322
2017-02-16,2017,2,16,5.0208469
2017-02-17,2017,2,17,5.1887371
2017-02-18,2017,2,18,4.9019843
2017-02-19,2017,2,19,7.560703
2017-02-20,2017,2,20,9.7540328
2017-02-21,2017,2,21,10.393388
2017-02-22,2017,2,22,10.886784
2017-02-23,2017,2,23,11.165998
2017-02-24,2017,2,24,11.647101
2017-02-25,2017,2,25,10.547652
2017-02-26,2017,2,26,9.0989637
2017-02-27,2017,2,27,7.9744591
2017-02-28,2017,2,28,7.7367503
2017-03-01,2017,3,1,7.7598555
2017-03-02,2017,3,2,7.5848672
2017-03-03,2017,3,3,7.3588325
2017-03-04,2017,3,4,4.77113
2017-03-05,2017,3,5,4.2997632
2017-03-06,2017,3,6,5.8275693
2017-03-07,2017,3,7,7.3137756
2017-03-08,2017,3,8,5.2861641
2017-03-09,2017,3,9,2.355603
2017-03-10,2017,3,10,2.5585922
2017-03-11,2017,3,11,3.0758455
2017-03-12,2017,3,12,4.8100851
2017-03-13,2017,3,13,7.826829
2017-03-14,2017,3,14,6.7752319
2017-03-15,2017,3,15,3.3433932
2017-03-16,2017,3,16,5.1301734
2017-03-17,2017,3,17,5.4532493
2017-03-18,2017,3,18,5.8316151
2017-03-19,2017,3,19,6.4732642
2017-03-20,2017,3,20,5.9601873
2017-03-21,2017,3,21,4.7000621
2017-03-22,2017,3,22,5.9432142
2017-03-23,2017,3,23,5.8653646
2017-03-24,2017,3,24,5.9957926
2017-03-25,2017,3,25,5.2308708
2017-03-26,2017,3,26,4.3102385
2017-03-27,2017,3,27,5.239088
2017-03-28,2017,3,28,6.0571294
2017-03-29,2017,3,29,4.9129352
2017-03-30,2017,3,30,3.4861028
2017-03-31,2017,3,31,5.1873614
2017-04-01,2017,4,1,5.1225112
2017-04-02,2017,4,2,3.1775008
2017-04-03,2017,4,3,4.4972786
2017-04-04,2017,4,4,3.2883914
2017-04-05,2017,4,5,2.5449132
2017-04-06,2017,4,6,3.6595034
2017-04-07,2017,4,7,0.083686925
2017-04-08,2017,4,8,-3.1740095
2017-04-09,2017,4,9,-4.698503
2017-04-10,2017,4,10,-1.771567
2017-04-11,2017,4,11,3.0525289
2017-04-12,2017,4,12,2.8910573
2017-04-13,2017,4,13,3.764704
2017-04-14,2017,4,14,2.7585438
2017-04-15,2017,4,15,3.2988395
2017-04-16,2017,4,16,5.2396324
2017-04-17,2017,4,17,4.137064
2017-04-18,2017,4,18,3.3987708
2017-04-19,2017,4,19,1.7554408
2017-04-20,2017,4,20,4.1349139
2017-04-21,2017,4,21,2.7511646
2017-04-22,2017,4,22,2.2028427
2017-04-23,2017,4,23,0.67603586
2017-04-24,2017,4,24,-0.58335521
2017-04-25,2017,4,25,-3.2090762
2017-04-26,2017,4,26,-3.4696887
2017-04-27,2017,4,27,-0.50033861
2017-04-28,2017,4,28,0.71482769
2017-04-29,2017,4,29,1.5600831
2017-04-30,2017,4,30,2.0857352
2017-05-01,2017,5,1,2.5951251
2017-05-02,2017,5,2,0.92011156
2017-05-03,2017,5,3,0.70935596
2017-05-04,2017,5,4,2.642097
2017-05-05,2017,5,5,3.4343492
2017-05-06,2017,5,6,1.9239139
2017-05-07,2017,5,7,-0.65570615
2017-05-08,2017,5,8,-0.89191244
2017-05-09,2017,5,9,0.52955461
2017-05-10,2017,5,10,0.86334755
2017-05-11,2017,5,11,-0.69742362
2017-05-12,2017,5,12,-0.86921483
2017-05-13,2017,5,13,-0.98167495
2017-05-14,2017,5,14,-2.0177891
2017-05-15,2017,5,15,-4.1324539
2017-05-16,2017,5,16,-1.9809469
2017-05-17,2017,5,17,-3.7751508
2017-05-18,2017,5,18,-5.6644438
2017-05-19,2017,5,19,-6.8777663
2017-05-20,2017,5,20,-4.1594474
2017-05-21,2017,5,21,-1.7642537
2017-05-22,2017,5,22,-1.6490402
2017-05-23,2017,5,23,-3.2896456
2017-05-24,2017,5,24,-2.9637433
2017-05-25,2017,5,25,-3.7687748
2017-05-26,2017,5,26,-5.6783774
2017-05-27,2017,5,27,-6.8715474
2017-05-28,2017,5,28,-5.1435071
2017-05-29,2017,5,29,-3.2502025
2017-05-30,2017,5,30,-4.5101091
2017-05-31,2017,5,31,-1.7714785
2017-06-01,2017,6,1,-0.70517552
2017-06-02,2017,6,2,-0.57329356
2017-06-03,2017,6,3,-5.9620138
2017-06-04,2017,6,4,-6.5220454
2017-06-05,2017,6,5,-5.3874062
2017-06-06,2017,6,6,-4.6344188
2017-06-07,2017,6,7,-4.5618084
2017-06-08,2017,6,8,-6.749568
2017-06-09,2017,6,9,-3.8727863
2017-06-10,2017,6,10,-0.22613501
2017-06-11,2017,6,11,-0.97035266
2017-06-12,2017,6,12,-1.437926
2017-06-13,2017,6,13,-1.2603747
2017-06-14,2017,6,14,-0.79630393
2017-06-15,2017,6,15,-2.2744669
2017-06-16,2017,6,16,-3.953866
2017-06-17,2017,6,17,-5.9305489
2017-06-18,2017,6,18,-7.8445421
2017-06-19,2017,6,19,-3.0240339
2017-06-20,2017,6,20,-0.88389932
2017-06-21,2017,6,21,-0.79409859
2017-06-22,2017,6,22,-2.4662946
2017-06-23,2017,6,23,-1.6483801
2017-06-24,2017,6,24,-0.43356556
2017-06-25,2017,6,25,-1.3207054
2017-06-26,2017,6,26,-2.5391658
2017-06-27,2017,6,27,-6.4996082
2017-06-28,2017,6,28,-6.701625
2017-06-29,2017,6,29,-3.7179496
2017-06-30,2017,6,30,-0.88503213
2017-07-01,2017,7,1,0.86995787
2017-07-02,2017,7,2,1.653437
2017-07-03,2017,7,3,1.6145211
2017-07-04,2017,7,4,-7.002463
2017-07-05,2017,7,5,-8.3441182
2017-07-06,2017,7,6,-5.8298314
2017-07-07,2017,7,7,-6.0393019
2017-07-08,2017,7,8,-4.9641547
2017-07-09,2017,7,9,-3.0755695
2017-07-10,2017,7,10,-3.557634
2017-07-11,2017,7,11,-2.2658687
2017-07-12,2017,7,12,-3.8926225
2017-07-13,2017,7,13,-5.896251
2017-07-14,2017,7,14,-6.8863847
2017-07-15,2017,7,15,-11.662626
2017-07-16,2017,7,16,-12.575359
2017-07-17,2017,7,17,-6.233374
2017-07-18,2017,7,18,-2.1788675
2017-07-19,2017,7,19,-2.3512182
2017-07-20,2017,7,20,-1.8236819
2017-07-21,2017,7,21,-1.5744748
2017-07-22,2017,7,22,-1.8913099
2017-07-23,2017,7,23,-5.1407895
2017-07-24,2017,7,24,-7.5656899
2017-07-25,2017,7,25,-6.403647
2017-07-26,2017,7,26,-2.8948131
2017-07-27,2017,7,27,-0.61270931
2017-07-28,2017,7,28,-3.4509237
2017-07-29,2017,7,29,-3.7925876
2017-07-30,2017,7,30,-3.7344527
2017-07-31,2017,7,31,-3.5303835
2017-08-01,2017,8,1,-5.6432914
2017-08-02,2017,8,2,-5.6005982
2017-08-03,2017,8,3,-1.8362031
2017-08-04,2017,8,4,-1.6698776
2017-08-05,2017,8,5,-3.3587505
2017-08-06,2017,8,6,-5.3400617
2017-08-07,2017,8,7,-5.1344441
2017-08-08,2017,8,8,-4.8651148
2017-08-09,2017,8,9,-3.196979
2017-08-10,2017,8,10,-6.0509942
2017-08-11,2017,8,11,-7.5062401
2017-08-12,2017,8,12,-10.012006
2017-08-13,2017,8,13,-8.6364202
2017-08-14,2017,8,14,-7.2641515
2017-08-15,2017,8,15,-4.760976
2017-08-16,2017,8,16,-4.1252942
2017-08-17,2017,8,17,-2.79337
2017-08-18,2017,8,18,-3.7931626
2017-08-19,2017,8,19,-8.5739217
2017-08-20,2017,8,20,-6.5103134
2017-08-21,2017,8,21,-0.9408849
2017-08-22,2017,8,22,-2.7789473
2017-08-23,2017,8,23,-7.5762328
2017-08-24,2017,8,24,-6.3015051
2017-08-25,2017,8,25,-7.7883061
2017-08-26,2017,8,26,-8.8860529
2017-08-27,2017,8,27,-5.5895103
2017-08-28,2017,8,28,-5.4006105
2017-08-29,2017,8,29,-6.6369986
2017-08-30,2017,8,30,-3.0698016
2017-08-31,2017,8,31,-3.1163773
2017-09-01,2017,9,1,-3.2055549
2017-09-02,2017,9,2,-4.5285979
2017-09-03,2017,9,3,-4.6479745
2017-09-04,2017,9,4,-7.4808144
2017-09-05,2017,9,5,-2.8730377
2017-09-06,2017,9,6,-4.8961663
2017-09-07,2017,9,7,-4.8331712
2017-09-08,2017,9,8,-4.8601549
2017-09-09,2017,9,9,-4.6422058
2017-09-10,2017,9,10,-6.8136346
2017-09-11,2017,9,11,-6.3259476
2017-09-12,2017,9,12,-4.1667425
2017-09-13,2017,9,13,-5.4514869
2017-09-14,2017,9,14,-5.7231552
2017-09-15,2017,9,15,-6.0546374
2017-09-16,2017,9,16,0.50163262
2017-09-17,2017,9,17,2.5991162
2017-09-18,2017,9,18,2.477851
2017-09-19,2017,9,19,0.40027873
2017-09-20,2017,9,20,-1.6892814
2017-09-21,2017,9,21,-2.9246096
2017-09-22,2017,9,22,0.69385274
2017-09-23,2017,9,23,1.7803456
2017-09-24,2017,9,24,1.5050993
2017-09-25,2017,9,25,0.72540558
2017-09-26,2017,9,26,3.1917698
2017-09-27,2017,9,27,3.2539195
2017-09-28,2017,9,28,1.8542435
2017-09-29,2017,9,29,1.5506405
2017-09-30,2017,9,30,-1.8249777
2017-10-01,2017,10,1,-6.4434748
2017-10-02,2017,10,2,-5.21744
2017-10-03,2017,10,3,-1.6374995
2017-10-04,2017,10,4,-0.73473963
2017-10-05,2017,10,5,-3.6417926
2017-10-06,2017,10,6,-1.4783898
2017-10-07,2017,10,7,-0.95980756
2017-10-08,2017,10,8,-3.6567904
2017-10-09,2017,10,9,-3.528663
2017-10-10,2017,10,10,-3.8863671
2017-10-11,2017,10,11,-5.4370996
2017-10-12,2017,10,12,-5.4429623
2017-10-13,2017,10,13,-4.4276582
2017-10-14,2017,10,14,-0.9333206
2017-10-15,2017,10,15,0.34294339
2017-10-16,2017,10,16,-0.25937319
2017-10-17,2017,10,17,-2.2625745
2017-10-18,2017,10,18,0.42417423
2017-10-19,2017,10,19,-0.57429549
2017-10-20,2017,10,20,2.1136324
2017-10-21,2017,10,21,-0.92314291
2017-10-22,2017,10,22,1.4353582
2017-10-23,2017,10,23,0.37211336
2017-10-24,2017,10,24,-0.31820074
2017-10-25,2017,10,25,-0.26169716
2017-10-26,2017,10,26,0.069063563
2017-10-27,2017,10,27,-1.1768285
2017-10-28,2017,10,28,0.22584208
2017-10-29,2017,10,29,-1.4421243
2017-10-30,2017,10,30,-2.5059869
2017-10-31,2017,10,31,-1.6904877
2017-11-01,2017,11,1,-0.33271778
2017-11-02,2017,11,2,-0.9020001
2017-11-03,2017,11,3,-1.2362529
2017-11-04,2017,11,4,-0.41442103
2017-11-05,2017,11,5,1.1320482
2017-11-06,2017,11,6,2.5583532
2017-11-07,2017,11,7,0.98181847
2017-11-08,2017,11,8,0.52784498
2017-11-09,2017,11,9,0.62390662
2017-11-10,2017,11,10,0.45912179
2017-11-11,2017,11,11,3.8649695
2017-11-12,2017,11,12,5.0553912
2017-11-13,2017,11,13,5.2932785
2017-11-14,2017,11,14,4.1115504
2017-11-15,2017,11,15,2.4000316
2017-11-16,2017,11,16,1.7910901
2017-11-17,2017,11,17,1.3600496
2017-11-18,2017,11,18,0.95969387
2017-11-19,2017,11,19,2.7970674
2017-11-20,2017,11,20,1.4559165
2017-11-21,2017,11,21,0.062108448
2017-11-22,2017,11,22,3.2011477
2017-11-23,2017,11,23,3.8637628
2017-11-24,2017,11,24,2.8627521
2017-11-25,2017,11,25,2.4787384
2017-11-26,2017,11,26,4.8357045
2017-11-27,2017,11,27,5.1594974
2017-11-28,2017,11,28,4.9193624
2017-11-29,2017,11,29,3.4828524
2017-11-30,2017,11,30,5.084181
2017-12-01,2017,12,1,5.1320124
2017-12-02,2017,12,2,3.8424733
2017-12-03,2017,12,3,2.1652804
2017-12-04,2017,12,4,4.590748
2017-12-05,2017,12,5,4.0291112
2017-12-06,2017,12,6,3.990161
2017-12-07,2017,12,7,5.0661052
2017-12-08,2017,12,8,4.2917202
2017-12-09,2017,12,9,3.7836999
2017-12-10,2017,12,10,7.6072678
2017-12-11,2017,12,11,8.5443747
2017-12-12,2017,12,12,5.1519961
2017-12-13,2017,12,13,3.7411908
2017-12-14,2017,12,14,5.6609812
2017-12-15,2017,12,15,7.3514077
2017-12-16,2017,12,16,6.8797207
2017-12-17,2017,12,17,6.4764393
2017-12-18,2017,12,18,8.4739804
2017-12-19,2017,12,19,7.9628207
2017-12-20,2017,12,20,7.9555182
2017-12-21,2017,12,21,6.9356026
2017-12-22,2017,12,22,6.1010503
2017-12-23,2017,12,23,5.8032483
2017-12-24,2017,12,24,5.6828519
2017-12-25,2017,12,25,6.9436625
2017-12-26,2017,12,26,6.5568826
2017-12-27,2017,12,27,6.2529414
2017-12-28,2017,12,28,7.6525935
2017-12-29,2017,12,29,8.4896955
2017-12-30,2017,12,30,7.7446754
2017-12-31,2017,12,31,6.1429591
2018-01-01,2018,1,1,4.5055633
2018-01-02,2018,1,2,4.6058948
2018-01-03,2018,1,3,5.6740659
2018-01-04,2018,1,4,6.5777198
2018-01-05,2018,1,5,6.7491933
2018-01-06,2018,1,6,7.5114517
2018-01-07,2018,1,7,8.8568201
2018-01-08,2018,1,8,10.307107
2018-01-09,2018,1,9,9.1047244
2018-01-10,2018,1,10,9.5758035
2018-01-11,2018,1,11,9.9731282
2018-01-12,2018,1,12,9.2517477
2018-01-13,2018,1,13,9.4831695
2018-01-14,2018,1,14,6.9807776
2018-01-15,2018,1,15,6.1592944
2018-01-16,2018,1,16,5.3025886
2018-01-17,2018,1,17,4.8825456
2018-01-18,2018,1,18,6.4902937
2018-01-19,2018,1,19,8.1175906
2018-01-20,2018,1,20,8.0849029
2018-01-21,2018,1,21,7.1315175
2018-01-22,2018,1,22,5.8677125
2018-01-23,2018,1,23,5.7794594
2018-01-24,2018,1,24,7.3025599
2018-01-25,2018,1,25,6.9151956
2018-01-26,2018,1,26,6.3514502
2018-01-27,2018,1,27,5.9198989
2018-01-28,2018,1,28,7.0794477
2018-01-29,2018,1,29,8.1882124
2018-01-30,2018,1,30,7.4081702
2018-01-31,2018,1,31,9.273673
2018-02-01,2018,2,1,10.10737
2018-02-02,2018,2,2,11.994454
2018-02-03,2018,2,3,10.916405
2018-02-04,2018,2,4,11.693078
2018-02-05,2018,2,5,12.664761
2018-02-06,2018,2,6,11.136371
2018-02-07,2018,2,7,8.9334359
2018-02-08,2018,2,8,8.0164557
2018-02-09,2018,2,9,5.9717384
2018-02-10,2018,2,10,4.4112019
2018-02-11,2018,2,11,5.9367769
2018-02-12,2018,2,12,7.0870786
2018-02-13,2018,2,13,9.0972509
2018-02-14,2018,2,14,10.023683
2018-02-15,2018,2,15,9.8009178
2018-02-16,2018,2,16,8.6801857
2018-02-17,2018,2,17,9.2618367
2018-02-18,2018,2,18,7.8395835
2018-02-19,2018,2,19,5.9205194
2018-02-20,2018,2,20,5.0358648
2018-02-21,2018,2,21,4.9842164
2018-02-22,2018,2,22,6.7473822
2018-02-23,2018,2,23,5.92264
2018-02-24,2018,2,24,4.904676
2018-02-25,2018,2,25,5.1780093
2018-02-26,2018,2,26,6.294376
2018-02-27,2018,2,27,5.3308603
2018-02-28,2018,2,28,5.5021563
2018-03-01,2018,3,1,5.9946317
2018-03-02,2018,3,2,7.0595754
2018-03-03,2018,3,3,6.829185
2018-03-04,2018,3,4,6.0433932
2018-03-05,2018,3,5,6.4420392
2018-03-06,2018,3,6,7.30071
2018-03-07,2018,3,7,7.3235037
2018-03-08,2018,3,8,6.3732266
2018-03-09,2018,3,9,5.8791928
2018-03-10,2018,3,10,4.6886703
2018-03-11,2018,3,11,4.6349659
2018-03-12,2018,3,12,5.922846
2018-03-13,2018,3,13,5.1291731
2018-03-14,2018,3,14,3.499327
2018-03-15,2018,3,15,4.2093453
2018-03-16,2018,3,16,4.578444
2018-03-17,2018,3,17,2.9749732
2018-03-18,2018,3,18,2.465285
2018-03-19,2018,3,19,3.4681179
2018-03-20,2018,3,20,4.3956644
2018-03-21,2018,3,21,6.3064244
2018-03-22,2018,3,22,4.2271407
2018-03-23,2018,3,23,3.4196728
2018-03-24,2018,3,24,3.0916852
2018-03-25,2018,3,25,5.270828
2018-03-26,2018,3,26,6.2255818
2018-03-27,2018,3,27,5.9741798
2018-03-28,2018,3,28,7.3059235
2018-03-29,2018,3,29,7.7641017
2018-03-30,2018,3,30,7.6667079
2018-03-31,2018,3,31,6.2440956
2018-04-01,2018,4,1,6.0217764
2018-04-02,2018,4,2,5.1743136
2018-04-03,2018,4,3,5.0800878
2018-04-04,2018,4,4,5.5658825
2018-04-05,2018,4,5,4.2868971
2018-04-06,2018,4,6,2.5178781
2018-04-07,2018,4,7,2.1486615
2018-04-08,2018,4,8,3.5441271
2018-04-09,2018,4,9,3.946363
2018-04-10,2018,4,10,3.3856588
2018-04-11,2018,4,11,2.3468739
2018-04-12,2018,4,12,1.8855213
2018-04-13,2018,4,13,3.1783551
2018-04-14,2018,4,14,3.8799534
2018-04-15,2018,4,15,5.8790576
2018-04-16,2018,4,16,7.5092042
2018-04-17,2018,4,17,6.9817031
2018-04-18,2018,4,18,7.0138867
2018-04-19,2018,4,19,5.2134784
2018-04-20,2018,4,20,4.501179
2018-04-21,2018,4,21,4.7918679
2018-04-22,2018,4,22,4.121015
2018-04-23,2018,4,23,4.6957255
2018-04-24,2018,4,24,4.1253256
2018-04-25,2018,4,25,4.5320866
2018-04-26,2018,4,26,4.2368356
2018-04-27,2018,4,27,4.2637014
2018-04-28,2018,4,28,5.7029095
2018-04-29,2018,4,29,5.3466015
2018-04-30,2018,4,30,4.8459931
2018-05-01,2018,5,1,3.9580498
2018-05-02,2018,5,2,4.0259076
2018-05-03,2018,5,3,4.3816568
2018-05-04,2018,5,4,4.5221989
2018-05-05,2018,5,5,4.9661609
2018-05-06,2018,5,6,4.7510176
2018-05-07,2018,5,7,2.8298042
2018-05-08,2018,5,8,3.3473757
2018-05-09,2018,5,9,2.389865
2018-05-10,2018,5,10,0.38368899
2018-05-11,2018,5,11,1.8071632
2018-05-12,2018,5,12,3.1560781
2018-05-13,2018,5,13,2.0601989
2018-05-14,2018,5,14,-0.17141205
2018-05-15,2018,5,15,0.59086154
2018-05-16,2018,5,16,2.1190911
2018-05-17,2018,5,17,-0.68892071
2018-05-18,2018,5,18,-4.069295
2018-05-19,2018,5,19,0.11193233
2018-05-20,2018,5,20,0.38520316
2018-05-21,2018,5,21,-2.3410411
2018-05-22,2018,5,22,-1.202405
2018-05-23,2018,5,23,0.60621564
2018-05-24,2018,5,24,1.0426515
2018-05-25,2018,5,25,1.0236328
2018-05-26,2018,5,26,0.81707352
2018-05-27,2018,5,27,1.1990616
2018-05-28,2018,5,28,0.54884487
2018-05-29,2018,5,29,-0.62552741
2018-05-30,2018,5,30,-1.9000684
2018-05-31,2018,5,31,-5.6270553
2018-06-01,2018,6,1,-6.0770919
2018-06-02,2018,6,2,-7.2987203
2018-06-03,2018,6,3,-7.9057872
2018-06-04,2018,6,4,-8.5454318
2018-06-05,2018,6,5,-3.234679
2018-06-06,2018,6,6,-3.8690607
2018-06-07,2018,6,7,-2.1971532
2018-06-08,2018,6,8,-0.16009099
2018-06-09,2018,6,9,-1.7963399
2018-06-10,2018,6,10,-6.0716977
2018-06-11,2018,6,11,-8.9756173
2018-06-12,2018,6,12,-11.285927
2018-06-13,2018,6,13,-9.3974991
2018-06-14,2018,6,14,-7.0703189
2018-06-15,2018,6,15,-3.5518221
2018-06-16,2018,6,16,-2.9358213
2018-06-17,2018,6,17,-0.32165962
2018-06-18,2018,6,18,1.0495578
2018-06-19,2018,6,19,0.40511329
2018-06-20,2018,6,20,-1.4217419
2018-06-21,2018,6,21,-3.1980209
2018-06-22,2018,6,22,-1.2708801
2018-06-23,2018,6,23,-5.1936108
2018-06-24,2018,6,24,-5.7660881
2018-06-25,2018,6,25,-5.7055908
2018-06-26,2018,6,26,-2.2711386
2018-06-27,2018,6,27,-2.3627318
2018-06-28,2018,6,28,-3.2989684
2018-06-29,2018,6,29,-3.4525123
2018-06-30,2018,6,30,-3.9099724
2018-07-01,2018,7,1,-6.3030192
2018-07-02,2018,7,2,-7.9157395
2018-07-03,2018,7,3,-4.9088495
2018-07-04,2018,7,4,-5.6457696
2018-07-05,2018,7,5,-5.3341425
2018-07-06,2018,7,6,-6.4938703
2018-07-07,2018,7,7,-6.6589263
2018-07-08,2018,7,8,-1.7607466
2018-07-09,2018,7,9,-1.3846941
2018-07-10,2018,7,10,-0.74628814
2018-07-11,2018,7,11,-1.897737
2018-07-12,2018,7,12,-1.0563803
2018-07-13,2018,7,13,0.35082671
2018-07-14,2018,7,14,-2.5337614
2018-07-15,2018,7,15,-3.5611396
2018-07-16,2018,7,16,-3.4133287
2018-07-17,2018,7,17,-4.9584817
2018-07-18,2018,7,18,-7.5810304
2018-07-19,2018,7,19,-11.445335
2018-07-20,2018,7,20,-10.040027
2018-07-21,2018,7,21,-4.2975848
2018-07-22,2018,7,22,-10.777562
2018-07-23,2018,7,23,-10.609852
2018-07-24,2018,7,24,-6.2822246
2018-07-25,2018,7,25,-5.8759811
2018-07-26,2018,7,26,-3.7544896
2018-07-27,2018,7,27,-7.2885985
2018-07-28,2018,7,28,-8.913577
2018-07-29,2018,7,29,-7.2466869
2018-07-30,2018,7,30,-7.5532872
2018-07-31,2018,7,31,-6.0637429
2018-08-01,2018,8,1,-6.0544322
2018-08-02,2018,8,2,-6.4794189
2018-08-03,2018,8,3,-8.7972693
2018-08-04,2018,8,4,-4.9597892
2018-08-05,2018,8,5,-2.5777737
2018-08-06,2018,8,6,-2.4977834
2018-08-07,2018,8,7,-9.7966539
2018-08-08,2018,8,8,-6.4753618
2018-08-09,2018,8,9,0.71411662
2018-08-10,2018,8,10,0.60277072
2018-08-11,2018,8,11,0.18424634
2018-08-12,2018,8,12,-1.9089437
2018-08-13,2018,8,13,-6.3364452
2018-08-14,2018,8,14,-3.3490794
2018-08-15,2018,8,15,0.036720134
2018-08-16,2018,8,16,0.29937545
2018-08-17,2018,8,17,-0.47128289
2018-08-18,2018,8,18,-3.8882906
2018-08-19,2018,8,19,-8.5574983
2018-08-20,2018,8,20,-6.7964137
2018-08-21,2018,8,21,-3.0668786
2018-08-22,2018,8,22,-2.8090241
2018-08-23,2018,8,23,-7.450423
2018-08-24,2018,8,24,-10.186581
2018-08-25,2018,8,25,-2.1860613
2018-08-26,2018,8,26,-0.35561295
2018-08-27,2018,8,27,-1.0246031
2018-08-28,2018,8,28,-1.6704624
2018-08-29,2018,8,29,-2.6665369
2018-08-30,2018,8,30,-5.0621223
2018-08-31,2018,8,31,-8.615879
2018-09-01,2018,9,1,-7.5050584
2018-09-02,2018,9,2,-1.9451262
2018-09-03,2018,9,3,0.89754452
2018-09-04,2018,9,4,3.3938436
2018-09-05,2018,9,5,0.095038792
2018-09-06,2018,9,6,-0.7521281
2018-09-07,2018,9,7,0.97633385
2018-09-08,2018,9,8,0.058913163
2018-09-09,2018,9,9,-1.4378161
2018-09-10,2018,9,10,-3.5467665
2018-09-11,2018,9,11,0.37683552
2018-09-12,2018,9,12,-2.6855122
2018-09-13,2018,9,13,-2.549807
2018-09-14,2018,9,14,-2.7354347
2018-09-15,2018,9,15,-2.3606516
2018-09-16,2018,9,16,-2.8566155
2018-09-17,2018,9,17,-0.84935085
2018-09-18,2018,9,18,-3.6634008
2018-09-19,2018,9,19,-4.4877694
2018-09-20,2018,9,20,-0.79606828
2018-09-21,2018,9,21,-0.30954744
2018-09-22,2018,9,22,-0.70455861
2018-09-23,2018,9,23,-2.2361696
2018-09-24,2018,9,24,1.7792905
2018-09-25,2018,9,25,0.72800849
2018-09-26,2018,9,26,-0.10624739
2018-09-27,2018,9,27,1.1879717
2018-09-28,2018,9,28,0.069050948
2018-09-29,2018,9,29,-0.46375275
2018-09-30,2018,9,30,-0.93047241
2018-10-01,2018,10,1,-3.1481342
2018-10-02,2018,10,2,-4.0915363
2018-10-03,2018,10,3,-4.6585485
2018-10-04,2018,10,4,0.4781733
2018-10-05,2018,10,5,-0.58098187
2018-10-06,2018,10,6,-2.5816779
2018-10-07,2018,10,7,-1.0255166
2018-10-08,2018,10,8,-1.162999
2018-10-09,2018,10,9,-3.9235807
2018-10-10,2018,10,10,-2.910025
2018-10-11,2018,10,11,-2.4378238
2018-10-12,2018,10,12,-4.7990669
2018-10-13,2018,10,13,-3.8303813
2018-10-14,2018,10,14,-2.4664503
2018-10-15,2018,10,15,0.68954019
2018-10-16,2018,10,16,-0.23567918
2018-10-17,2018,10,17,-3.3350171
2018-10-18,2018,10,18,-2.9232386
2018-10-19,2018,10,19,0.41651443
2018-10-20,2018,10,20,-0.18982196
2018-10-21,2018,10,21,-0.36203815
2018-10-22,2018,10,22,-0.13506487
2018-10-23,2018,10,23,-0.26436574
2018-10-24,2018,10,24,-0.14965487
2018-10-25,2018,10,25,0.88983872
2018-10-26,2018,10,26,-0.075694886
2018-10-27,2018,10,27,1.994923
2018-10-28,2018,10,28,1.2971913
2018-10-29,2018,10,29,2.0417227
2018-10-30,2018,10,30,0.27743825
2018-10-31,2018,10,31,-1.9492617
2018-11-01,2018,11,1,1.343772
2018-11-02,2018,11,2,1.7254566
2018-11-03,2018,11,3,-0.026032498
2018-11-04,2018,11,4,1.6315834
2018-11-05,2018,11,5,0.91670794
2018-11-06,2018,11,6,2.3465869
2018-11-07,2018,11,7,3.3781081
2018-11-08,2018,11,8,4.0548874
2018-11-09,2018,11,9,3.5135851
2018-11-10,2018,11,10,0.30415453
2018-11-11,2018,11,11,0.09719386
2018-11-12,2018,11,12,0.85564905
2018-11-13,2018,11,13,-2.6825157
2018-11-14,2018,11,14,-0.29214851
2018-11-15,2018,11,15,2.471907
2018-11-16,2018,11,16,1.5223161
2018-11-17,2018,11,17,0.91174566
2018-11-18,2018,11,18,2.0183375
2018-11-19,2018,11,19,5.0750654
2018-11-20,2018,11,20,5.1087523
2018-11-21,2018,11,21,5.7723817
2018-11-22,2018,11,22,3.4448469
2018-11-23,2018,11,23,4.4706403
2018-11-24,2018,11,24,3.8651804
2018-11-25,2018,11,25,4.5379342
2018-11-26,2018,11,26,3.8381401
2018-11-27,2018,11,27,2.9027075
2018-11-28,2018,11,28,4.7398333
2018-11-29,2018,11,29,3.5387527
2018-11-30,2018,11,30,2.4902277
2018-12-01,2018,12,1,3.7884227
2018-12-02,2018,12,2,4.4247983
2018-12-03,2018,12,3,3.5051328
2018-12-04,2018,12,4,3.8306423
2018-12-05,2018,12,5,2.9108193
2018-12-06,2018,12,6,3.2984842
2018-12-07,2018,12,7,4.2206954
2018-12-08,2018,12,8,4.2989084
2018-12-09,2018,12,9,2.4397965
2018-12-10,2018,12,10,5.3597635
2018-12-11,2018,12,11,4.4077609
2018-12-12,2018,12,12,4.7521344
2018-12-13,2018,12,13,3.1028316
2018-12-14,2018,12,14,2.5967471
2018-12-15,2018,12,15,4.6251068
2018-12-16,2018,12,16,5.9505982
2018-12-17,2018,12,17,5.6095941
2018-12-18,2018,12,18,6.4832204
2018-12-19,2018,12,19,5.1419856
2018-12-20,2018,12,20,3.8015106
2018-12-21,2018,12,21,4.6406601
2018-12-22,2018,12,22,5.6985313
2018-12-23,2018,12,23,6.3188722
2018-12-24,2018,12,24,8.0776972
2018-12-25,2018,12,25,7.8549349
2018-12-26,2018,12,26,8.6607813
2018-12-27,2018,12,27,6.2196275
2018-12-28,2018,12,28,6.5438761
2018-12-29,2018,12,29,6.1241411
2018-12-30,2018,12,30,6.4032641
2018-12-31,2018,12,31,7.4224153
2019-01-01,2019,1,1,8.2599947
2019-01-02,2019,1,2,9.1960173
2019-01-03,2019,1,3,8.7552414
2019-01-04,2019,1,4,8.2824309
2019-01-05,2019,1,5,8.7352615
2019-01-06,2019,1,6,7.1117039
2019-01-07,2019,1,7,4.53737
2019-01-08,2019,1,8,3.345926
2019-01-09,2019,1,9,3.7717961
2019-01-10,2019,1,10,3.6458839
2019-01-11,2019,1,11,5.4033916
2019-01-12,2019,1,12,5.2769422
2019-01-13,2019,1,13,6.7728008
2019-01-14,2019,1,14,6.2357136
2019-01-15,2019,1,15,4.3414794
2019-01-16,2019,1,16,6.4095979
2019-01-17,2019,1,17,5.6050566
2019-01-18,2019,1,18,5.8568788
2019-01-19,2019,1,19,8.9970956
2019-01-20,2019,1,20,9.3960776
2019-01-21,2019,1,21,8.2269818
2019-01-22,2019,1,22,9.4927923
2019-01-23,2019,1,23,10.404499
2019-01-24,2019,1,24,11.245905
2019-01-25,2019,1,25,11.416985
2019-01-26,2019,1,26,9.5658858
2019-01-27,2019,1,27,9.5046909
2019-01-28,2019,1,28,9.6105815
2019-01-29,2019,1,29,9.3239563
2019-01-30,2019,1,30,8.3672506
2019-01-31,2019,1,31,7.6572107
2019-02-01,2019,2,1,8.7050074
2019-02-02,2019,2,2,10.14934
2019-02-03,2019,2,3,9.8433194
2019-02-04,2019,2,4,8.9619088
2019-02-05,2019,2,5,10.167765
2019-02-06,2019,2,6,10.234196
2019-02-07,2019,2,7,9.3998409
2019-02-08,2019,2,8,8.4571976
2019-02-09,2019,2,9,8.032774
2019-02-10,2019,2,10,6.9536045
2019-02-11,2019,2,11,6.0589046
2019-02-12,2019,2,12,4.6888384
2019-02-13,2019,2,13,5.2744938
2019-02-14,2019,2,14,7.5437982
2019-02-15,2019,2,15,9.7229626
2019-02-16,2019,2,16,9.8313972
2019-02-17,2019,2,17,9.5337958
2019-02-18,2019,2,18,8.1646905
2019-02-19,2019,2,19,7.4954236
2019-02-20,2019,2,20,8.3007546
2019-02-21,2019,2,21,8.2438389
2019-02-22,2019,2,22,8.9210691
2019-02-23,2019,2,23,8.6706766
2019-02-24,2019,2,24,5.4612184
2019-02-25,2019,2,25,5.2562502
2019-02-26,2019,2,26,5.1051504
2019-02-27,2019,2,27,5.4166761
2019-02-28,2019,2,28,6.8760358
2019-03-01,2019,3,1,7.3293915
2019-03-02,2019,3,2,7.6914995
2019-03-03,2019,3,3,6.9859927
2019-03-04,2019,3,4,4.885221
2019-03-05,2019,3,5,5.6505337
2019-03-06,2019,3,6,6.5604994
2019-03-07,2019,3,7,6.0904402
2019-03-08,2019,3,8,6.5631907
2019-03-09,2019,3,9,4.7626987
2019-03-10,2019,3,10,5.8182589
2019-03-11,2019,3,11,4.2826791
2019-03-12,2019,3,12,4.7426279
2019-03-13,2019,3,13,5.9269844
2019-03-14,2019,3,14,4.9756338
2019-03-15,2019,3,15,4.2219566
2019-03-16,2019,3,16,3.6509898
2019-03-17,2019,3,17,4.0475951
2019-03-18,2019,3,18,5.6678286
2019-03-19,2019,3,19,2.3487912
2019-03-20,2019,3,20,4.7797939
2019-03-21,2019,3,21,5.3045819
2019-03-22,2019,3,22,6.464644
2019-03-23,2019,3,23,7.028096
2019-03-24,2019,3,24,6.3769713
2019-03-25,2019,3,25,5.9413676
2019-03-26,2019,3,26,5.6240621
2019-03-27,2019,3,27,6.2400043
2019-03-28,2019,3,28,6.1820687
2019-03-29,2019,3,29,6.488963
2019-03-30,2019,3,30,7.8133129
2019-03-31,2019,3,31,6.2284759
2019-04-01,2019,4,1,6.073757
2019-04-02,2019,4,2,7.3735365
2019-04-03,2019,4,3,7.5652532
2019-04-04,2019,4,4,4.0733386
2019-04-05,2019,4,5,3.3366195
2019-04-06,2019,4,6,5.7716849
2019-04-07,2019,4,7,7.2460921
2019-04-08,2019,4,8,7.1974909
2019-04-09,2019,4,9,5.4667168
2019-04-10,2019,4,10,3.5170097
2019-04-11,2019,4,11,3.8344967
2019-04-12,2019,4,12,4.6367675
2019-04-13,2019,4,13,3.6591466
2019-04-14,2019,4,14,2.3987442
2019-04-15,2019,4,15,4.1880684
2019-04-16,2019,4,16,6.2060283
2019-04-17,2019,4,17,6.1089901
2019-04-18,2019,4,18,5.9521266
2019-04-19,2019,4,19,5.1979374
2019-04-20,2019,4,20,3.4587608
2019-04-21,2019,4,21,2.8341043
2019-04-22,2019,4,22,2.5302064
2019-04-23,2019,4,23,2.5165809
2019-04-24,2019,4,24,3.9458227
2019-04-25,2019,4,25,0.90451875
2019-04-26,2019,4,26,1.8404418
2019-04-27,2019,4,27,3.9104106
2019-04-28,2019,4,28,5.1537745
2019-04-29,2019,4,29,5.6692911
2019-04-30,2019,4,30,3.6670228
2019-05-01,2019,5,1,4.0826077
2019-05-02,2019,5,2,4.6620918
2019-05-03,2019,5,3,3.8820282
2019-05-04,2019,5,4,3.4347152
2019-05-05,2019,5,5,4.3759449
2019-05-06,2019,5,6,6.0485296
2019-05-07,2019,5,7,4.4114214
2019-05-08,2019,5,8,3.8465684
2019-05-09,2019,5,9,-0.57669989
2019-05-10,2019,5,10,-2.6868929
2019-05-11,2019,5,11,-0.043894048
2019-05-12,2019,5,12,3.7516714
2019-05-13,2019,5,13,4.0813753
2019-05-14,2019,5,14,4.8165273
2019-05-15,2019,5,15,5.2462461
2019-05-16,2019,5,16,4.8187959
2019-05-17,2019,5,17,2.3737522
2019-05-18,2019,5,18,-0.096148188
2019-05-19,2019,5,19,-0.34302823
2019-05-20,2019,5,20,-3.364696
2019-05-21,2019,5,21,-5.858081
2019-05-22,2019,5,22,-6.0847035
2019-05-23,2019,5,23,-1.7935386
2019-05-24,2019,5,24,1.4625286
2019-05-25,2019,5,25,0.56496975
2019-05-26,2019,5,26,-2.4187803
2019-05-27,2019,5,27,-4.6865256
2019-05-28,2019,5,28,-4.3563981
2019-05-29,2019,5,29,-1.2401101
2019-05-30,2019,5,30,-3.6411458
2019-05-31,2019,5,31,-5.588655
2019-06-01,2019,6,1,-5.2883659
2019-06-02,2019,6,2,-2.8505386
2019-06-03,2019,6,3,0.0195966
2019-06-04,2019,6,4,1.9032423
2019-06-05,2019,6,5,-0.69324612
2019-06-06,2019,6,6,-3.3121301
2019-06-07,2019,6,7,-5.3027468
2019-06-08,2019,6,8,-0.94197631
2019-06-09,2019,6,9,-0.44429133
2019-06-10,2019,6,10,-1.2371569
2019-06-11,2019,6,11,-2.919203
2019-06-12,2019,6,12,-6.4805827
2019-06-13,2019,6,13,-6.3141359
2019-06-14,2019,6,14,-8.0749536
2019-06-15,2019,6,15,-7.3011017
2019-06-16,2019,6,16,-7.8265481
2019-06-17,2019,6,17,-7.8811738
2019-06-18,2019,6,18,-9.2633206
2019-06-19,2019,6,19,-2.3306461
2019-06-20,2019,6,20,2.054409
2019-06-21,2019,6,21,-0.23673596
2019-06-22,2019,6,22,0.016948407
2019-06-23,2019,6,23,0.040605665
2019-06-24,2019,6,24,-5.0039595
2019-06-25,2019,6,25,-9.6625032
2019-06-26,2019,6,26,-5.7001574
2019-06-27,2019,6,27,-4.5157744
2019-06-28,2019,6,28,-4.6927329
2019-06-29,2019,6,29,-6.8349338
2019-06-30,2019,6,30,-9.5201335
2019-07-01,2019,7,1,-6.4019471
2019-07-02,2019,7,2,-4.3406169
2019-07-03,2019,7,3,-4.243506
2019-07-04,2019,7,4,-3.7172625
2019-07-05,2019,7,5,-1.665252
2019-07-06,2019,7,6,0.40697789
2019-07-07,2019,7,7,-0.37539036
2019-07-08,2019,7,8,-1.7211746
2019-07-09,2019,7,9,-2.3681341
2019-07-10,2019,7,10,-3.6034864
2019-07-11,2019,7,11,-6.6352983
2019-07-12,2019,7,12,-7.9317822
2019-07-13,2019,7,13,-7.3301526
2019-07-14,2019,7,14,-6.0376615
2019-07-15,2019,7,15,-2.9531454
2019-07-16,2019,7,16,-1.7342347
2019-07-17,2019,7,17,-1.4008868
2019-07-18,2019,7,18,-3.7047358
2019-07-19,2019,7,19,-2.3451078
2019-07-20,2019,7,20,-2.0163927
2019-07-21,2019,7,21,-7.2974367
2019-07-22,2019,7,22,-9.5079307
2019-07-23,2019,7,23,-10.460893
2019-07-24,2019,7,24,-8.6650575
2019-07-25,2019,7,25,-6.9678791
2019-07-26,2019,7,26,-5.7841861
2019-07-27,2019,7,27,-4.6886422
2019-07-28,2019,7,28,-5.7943289
2019-07-29,2019,7,29,-5.5380249
2019-07-30,2019,7,30,-2.643304
2019-07-31,2019,7,31,-4.7094054
2019-08-01,2019,8,1,-9.5895103
2019-08-02,2019,8,2,-7.4091548
2019-08-03,2019,8,3,-2.2754272
2019-08-04,2019,8,4,-1.4238084
2019-08-05,2019,8,5,-0.53040258
2019-08-06,2019,8,6,-5.413131
2019-08-07,2019,8,7,-9.1772113
2019-08-08,2019,8,8,-10.33604
2019-08-09,2019,8,9,-10.237319
2019-08-10,2019,8,10,-4.793283
2019-08-11,2019,8,11,-8.0368118
2019-08-12,2019,8,12,-10.419371
2019-08-13,2019,8,13,-3.1021868
2019-08-14,2019,8,14,1.102348
2019-08-15,2019,8,15,-1.2355687
2019-08-16,2019,8,16,-3.7466853
2019-08-17,2019,8,17,-6.1417657
2019-08-18,2019,8,18,-4.4131904
2019-08-19,2019,8,19,-3.4949609
2019-08-20,2019,8,20,-1.6308253
2019-08-21,2019,8,21,-2.045822
2019-08-22,2019,8,22,-3.4200387
2019-08-23,2019,8,23,0.91006995
2019-08-24,2019,8,24,-1.0548715
2019-08-25,2019,8,25,-2.424045
2019-08-26,2019,8,26,-1.8845569
2019-08-27,2019,8,27,0.52369247
2019-08-28,2019,8,28,0.51216703
2019-08-29,2019,8,29,-1.8574062
2019-08-30,2019,8,30,-4.1104326
2019-08-31,2019,8,31,-5.1544862
2019-09-01,2019,9,1,-3.231278
2019-09-02,2019,9,2,-6.0895496
2019-09-03,2019,9,3,-3.3578376
2019-09-04,2019,9,4,-1.1350704
2019-09-05,2019,9,5,-3.7049939
2019-09-06,2019,9,6,-4.2267856
2019-09-07,2019,9,7,-5.3083513
2019-09-08,2019,9,8,-6.7513482
2019-09-09,2019,9,9,-6.4591978
2019-09-10,2019,9,10,-8.1206848
2019-09-11,2019,9,11,-7.7479443
2019-09-12,2019,9,12,-4.1536252
2019-09-13,2019,9,13,-2.1893029
2019-09-14,2019,9,14,-3.2143541
2019-09-15,2019,9,15,-4.7055044
2019-09-16,2019,9,16,-4.5984661
2019-09-17,2019,9,17,-1.5292808
2019-09-18,2019,9,18,-0.85218197
2019-09-19,2019,9,19,-3.9042588
2019-09-20,2019,9,20,-7.1449583
2019-09-21,2019,9,21,-2.5448338
2019-09-22,2019,9,22,-0.20379353
2019-09-23,2019,9,23,-2.7638719
2019-09-24,2019,9,24,0.061903177
2019-09-25,2019,9,25,0.74102434
2019-09-26,2019,9,26,2.8073545
2019-09-27,2019,9,27,1.2264594
2019-09-28,2019,9,28,-0.73028964
2019-09-29,2019,9,29,1.6720749
2019-09-30,2019,9,30,-3.4980448
2019-10-01,2019,10,1,-3.4999233
2019-10-02,2019,10,2,-5.7617179
2019-10-03,2019,10,3,-5.2559107
2019-10-04,2019,10,4,-5.6650582
2019-10-05,2019,10,5,-4.4584063
2019-10-06,2019,10,6,-2.0338624
2019-10-07,2019,10,7,-0.35834869
2019-10-08,2019,10,8,0.93298962
2019-10-09,2019,10,9,2.8991512
2019-10-10,2019,10,10,3.0365347
2019-10-11,2019,10,11,1.5280588
2019-10-12,2019,10,12,1.9926366
2019-10-13,2019,10,13,2.7255853
2019-10-14,2019,10,14,1.1488567
2019-10-15,2019,10,15,-1.3217195
2019-10-16,2019,10,16,-0.3905689
2019-10-17,2019,10,17,-3.1485573
2019-10-18,2019,10,18,-0.17649776
2019-10-19,2019,10,19,2.1432815
2019-10-20,2019,10,20,-1.6162771
2019-10-21,2019,10,21,0.056656659
2019-10-22,2019,10,22,0.40055085
2019-10-23,2019,10,23,0.7138408
2019-10-24,2019,10,24,1.3925037
2019-10-25,2019,10,25,0.71807149
2019-10-26,2019,10,26,2.0685546
2019-10-27,2019,10,27,2.2621215
2019-10-28,2019,10,28,-0.67396149
2019-10-29,2019,10,29,-2.1361339
2019-10-30,2019,10,30,-0.74860009
2019-10-31,2019,10,31,2.5214248
2019-11-01,2019,11,1,2.2341968
2019-11-02,2019,11,2,1.8564189
2019-11-03,2019,11,3,3.1103073
2019-11-04,2019,11,4,1.0549353
2019-11-05,2019,11,5,1.1209055
2019-11-06,2019,11,6,1.2628596
2019-11-07,2019,11,7,4.0203756
2019-11-08,2019,11,8,5.11071
2019-11-09,2019,11,9,4.1016042
2019-11-10,2019,11,10,5.7054982
2019-11-11,2019,11,11,5.4881801
2019-11-12,2019,11,12,4.3317234
2019-11-13,2019,11,13,3.7303996
2019-11-14,2019,11,14,4.3083053
2019-11-15,2019,11,15,5.6378209
2019-11-16,2019,11,16,4.3860213
2019-11-17,2019,11,17,3.3944648
2019-11-18,2019,11,18,5.8646864
2019-11-19,2019,11,19,6.707105
2019-11-20,2019,11,20,6.7621734
2019-11-21,2019,11,21,7.1350261
2019-11-22,2019,11,22,6.8774804
2019-11-23,2019,11,23,7.1129797
2019-11-24,2019,11,24,4.0780399
2019-11-25,2019,11,25,1.7475635
2019-11-26,2019,11,26,-0.80793615
2019-11-27,2019,11,27,2.5014759
2019-11-28,2019,11,28,4.5382942
2019-11-29,2019,11,29,3.073413
2019-11-30,2019,11,30,4.7271588
2019-12-01,2019,12,1,6.4135041
2019-12-02,2019,12,2,6.6617069
2019-12-03,2019,12,3,4.4818978
2019-12-04,2019,12,4,3.2228983
2019-12-05,2019,12,5,4.452947
2019-12-06,2019,12,6,5.6986422
2019-12-07,2019,12,7,5.481774
2019-12-08,2019,12,8,5.4993291
2019-12-09,2019,12,9,6.4356081
2019-12-10,2019,12,10,6.5920945
2019-12-11,2019,12,11,6.3829834
2019-12-12,2019,12,12,5.8151658
2019-12-13,2019,12,13,6.3254272
2019-12-14,2019,12,14,5.5718881
2019-12-15,2019,12,15,3.2533559
2019-12-16,2019,12,16,3.5435178
2019-12-17,2019,12,17,5.9657445
2019-12-18,2019,12,18,6.9608175
2019-12-19,2019,12,19,6.4874573
2019-12-20,2019,12,20,4.4340975
2019-12-21,2019,12,21,5.9690184
2019-12-22,2019,12,22,6.7016537
2019-12-23,2019,12,23,8.0782452
2019-12-24,2019,12,24,7.1180174
2019-12-25,2019,12,25,8.0330493
2019-12-26,2019,12,26,8.4749583
2019-12-27,2019,12,27,8.6771529
2019-12-28,2019,12,28,8.5821944
2019-12-29,2019,12,29,8.8137084
2019-12-30,2019,12,30,7.8287083
2019-12-31,2019,12,31,8.79939
2020-01-01,2020,1,1,10.473944
2020-01-02,2020,1,2,9.8405642
2020-01-03,2020,1,3,10.534259
2020-01-04,2020,1,4,10.708542
2020-01-05,2020,1,5,6.5302221
2020-01-06,2020,1,6,3.8065969
2020-01-07,2020,1,7,5.1999443
2020-01-08,2020,1,8,5.2979258
2020-01-09,2020,1,9,5.0773679
2020-01-10,2020,1,10,6.2811878
2020-01-11,2020,1,11,7.545944
2020-01-12,2020,1,12,9.2376118
2020-01-13,2020,1,13,8.6444381
2020-01-14,2020,1,14,8.2092538
2020-01-15,2020,1,15,7.8825802
2020-01-16,2020,1,16,9.8636977
2020-01-17,2020,1,17,10.757481
2020-01-18,2020,1,18,11.910335
2020-01-19,2020,1,19,12.774541
2020-01-20,2020,1,20,11.814187
2020-01-21,2020,1,21,10.016886
2020-01-22,2020,1,22,11.503582
2020-01-23,2020,1,23,11.655927
2020-01-24,2020,1,24,11.180394
2020-01-25,2020,1,25,9.2903297
2020-01-26,2020,1,26,8.0505206
2020-01-27,2020,1,27,8.5929727
2020-01-28,2020,1,28,8.0996131
2020-01-29,2020,1,29,6.7053522
2020-01-30,2020,1,30,7.0464917
2020-01-31,2020,1,31,7.5967119
2020-02-01,2020,2,1,7.8286655
2020-02-02,2020,2,2,7.6351736
2020-02-03,2020,2,3,8.0323141
2020-02-04,2020,2,4,6.350797
2020-02-05,2020,2,5,6.6188285
2020-02-06,2020,2,6,5.5547606
2020-02-07,2020,2,7,6.6399291
2020-02-08,2020,2,8,7.9606023
2020-02-09,2020,2,9,8.1110593
2020-02-10,2020,2,10,8.7894171
2020-02-11,2020,2,11,9.5480831
2020-02-12,2020,2,12,8.6715779
2020-02-13,2020,2,13,7.283772
2020-02-14,2020,2,14,6.9696057
2020-02-15,2020,2,15,7.6333577
2020-02-16,2020,2,16,7.4821323
2020-02-17,2020,2,17,6.2051109
2020-02-18,2020,2,18,7.4585202
2020-02-19,2020,2,19,8.3064303
2020-02-20,2020,2,20,9.2365799
2020-02-21,2020,2,21,9.5828477
2020-02-22,2020,2,22,8.1378554
2020-02-23,2020,2,23,6.9090445
2020-02-24,2020,2,24,5.2554645
2020-02-25,2020,2,25,4.3001825
2020-02-26,2020,2,26,6.3036627
2020-02-27,2020,2,27,7.1724309
2020-02-28,2020,2,28,7.2465828
2020-02-29,2020,2,29,8.7901644
2020-03-01,2020,3,1,9.2051954
2020-03-02,2020,3,2,8.7994405
2020-03-03,2020,3,3,9.309497
2020-03-04,2020,3,4,10.708759
2020-03-05,2020,3,5,10.835216
2020-03-06,2020,3,6,10.655491
2020-03-07,2020,3,7,10.065219
2020-03-08,2020,3,8,9.7475409
2020-03-09,2020,3,9,9.3069142
2020-03-10,2020,3,10,9.4064014
2020-03-11,2020,3,11,8.0725293
2020-03-12,2020,3,12,7.9908938
2020-03-13,2020,3,13,7.8428192
2020-03-14,2020,3,14,7.7913899
2020-03-15,2020,3,15,7.7151289
2020-03-16,2020,3,16,6.957734
2020-03-17,2020,3,17,5.2844866
2020-03-18,2020,3,18,4.8260697
2020-03-19,2020,3,19,4.3818147
2020-03-20,2020,3,20,5.2342794
2020-03-21,2020,3,21,5.1703255
2020-03-22,2020,3,22,5.8601711
2020-03-23,2020,3,23,5.5076619
2020-03-24,2020,3,24,5.5787477
2020-03-25,2020,3,25,6.6096219
2020-03-26,2020,3,26,5.8746507
2020-03-27,2020,3,27,6.6256314
2020-03-28,2020,3,28,6.1317734
2020-03-29,2020,3,29,6.6910715
2020-03-30,2020,3,30,8.1879607
2020-03-31,2020,3,31,7.6779925
2020-04-01,2020,4,1,6.524945
2020-04-02,2020,4,2,6.9114166
2020-04-03,2020,4,3,7.4496558
2020-04-04,2020,4,4,6.1788433
2020-04-05,2020,4,5,4.4378018
2020-04-06,2020,4,6,4.5023625
2020-04-07,2020,4,7,6.3239261
2020-04-08,2020,4,8,5.6053867
2020-04-09,2020,4,9,5.5505223
2020-04-10,2020,4,10,5.4963696
2020-04-11,2020,4,11,3.9965303
2020-04-12,2020,4,12,1.8162867
2020-04-13,2020,4,13,-4.9117445
2020-04-14,2020,4,14,-0.050412993
2020-04-15,2020,4,15,1.9525785
2020-04-16,2020,4,16,2.4848387
2020-04-17,2020,4,17,3.915292
2020-04-18,2020,4,18,5.9016427
2020-04-19,2020,4,19,6.3860905
2020-04-20,2020,4,20,6.5969068
2020-04-21,2020,4,21,5.8182617
2020-04-22,2020,4,22,5.4098883
2020-04-23,2020,4,23,4.5675413
2020-04-24,2020,4,24,1.7965395
2020-04-25,2020,4,25,0.76378823
2020-04-26,2020,4,26,2.2513952
2020-04-27,2020,4,27,1.5537293
2020-04-28,2020,4,28,-0.44398492
2020-04-29,2020,4,29,2.4956918
2020-04-30,2020,4,30,2.9448625
