"date","year","month","day","5710001"
1979-01-01,1979,1,1,13.437646
1979-01-02,1979,1,2,15.805124
1979-01-03,1979,1,3,17.596376
1979-01-04,1979,1,4,18.700598
1979-01-05,1979,1,5,18.597621
1979-01-06,1979,1,6,17.953641
1979-01-07,1979,1,7,17.684216
1979-01-08,1979,1,8,17.577583
1979-01-09,1979,1,9,17.673831
1979-01-10,1979,1,10,16.798463
1979-01-11,1979,1,11,14.741095
1979-01-12,1979,1,12,11.266783
1979-01-13,1979,1,13,14.613405
1979-01-14,1979,1,14,16.236721
1979-01-15,1979,1,15,16.510599
1979-01-16,1979,1,16,16.845581
1979-01-17,1979,1,17,18.258097
1979-01-18,1979,1,18,18.427511
1979-01-19,1979,1,19,16.932311
1979-01-20,1979,1,20,17.911296
1979-01-21,1979,1,21,17.487846
1979-01-22,1979,1,22,15.890968
1979-01-23,1979,1,23,14.722205
1979-01-24,1979,1,24,15.248963
1979-01-25,1979,1,25,16.334799
1979-01-26,1979,1,26,15.920742
1979-01-27,1979,1,27,16.373253
1979-01-28,1979,1,28,17.686453
1979-01-29,1979,1,29,17.581019
1979-01-30,1979,1,30,15.088691
1979-01-31,1979,1,31,14.638029
1979-02-01,1979,2,1,15.341637
1979-02-02,1979,2,2,15.06673
1979-02-03,1979,2,3,13.959894
1979-02-04,1979,2,4,12.862078
1979-02-05,1979,2,5,14.632351
1979-02-06,1979,2,6,12.609049
1979-02-07,1979,2,7,12.695976
1979-02-08,1979,2,8,10.613624
1979-02-09,1979,2,9,10.98287
1979-02-10,1979,2,10,14.130569
1979-02-11,1979,2,11,14.451473
1979-02-12,1979,2,12,13.75726
1979-02-13,1979,2,13,12.44205
1979-02-14,1979,2,14,9.6313878
1979-02-15,1979,2,15,12.501632
1979-02-16,1979,2,16,13.642637
1979-02-17,1979,2,17,13.487333
1979-02-18,1979,2,18,14.079784
1979-02-19,1979,2,19,12.521853
1979-02-20,1979,2,20,16.893908
1979-02-21,1979,2,21,20.638179
1979-02-22,1979,2,22,18.886093
1979-02-23,1979,2,23,15.799176
1979-02-24,1979,2,24,14.138859
1979-02-25,1979,2,25,15.406208
1979-02-26,1979,2,26,15.355296
1979-02-27,1979,2,27,14.135943
1979-02-28,1979,2,28,16.317854
1979-03-01,1979,3,1,16.037109
1979-03-02,1979,3,2,12.408075
1979-03-03,1979,3,3,13.894689
1979-03-04,1979,3,4,11.737532
1979-03-05,1979,3,5,14.138819
1979-03-06,1979,3,6,12.194894
1979-03-07,1979,3,7,14.319914
1979-03-08,1979,3,8,11.035183
1979-03-09,1979,3,9,13.525917
1979-03-10,1979,3,10,13.13617
1979-03-11,1979,3,11,12.490843
1979-03-12,1979,3,12,10.847198
1979-03-13,1979,3,13,13.82208
1979-03-14,1979,3,14,15.18993
1979-03-15,1979,3,15,15.328099
1979-03-16,1979,3,16,16.196336
1979-03-17,1979,3,17,16.016984
1979-03-18,1979,3,18,15.826888
1979-03-19,1979,3,19,16.636229
1979-03-20,1979,3,20,17.876973
1979-03-21,1979,3,21,15.002001
1979-03-22,1979,3,22,11.788483
1979-03-23,1979,3,23,15.116832
1979-03-24,1979,3,24,15.043636
1979-03-25,1979,3,25,13.175919
1979-03-26,1979,3,26,10.721577
1979-03-27,1979,3,27,11.192163
1979-03-28,1979,3,28,13.414385
1979-03-29,1979,3,29,14.598942
1979-03-30,1979,3,30,14.68316
1979-03-31,1979,3,31,16.396448
1979-04-01,1979,4,1,12.730037
1979-04-02,1979,4,2,9.0421966
1979-04-03,1979,4,3,4.2810993
1979-04-04,1979,4,4,0.89281771
1979-04-05,1979,4,5,7.4118558
1979-04-06,1979,4,6,11.639972
1979-04-07,1979,4,7,12.986782
1979-04-08,1979,4,8,11.342768
1979-04-09,1979,4,9,12.171542
1979-04-10,1979,4,10,13.658745
1979-04-11,1979,4,11,12.791171
1979-04-12,1979,4,12,9.7214108
1979-04-13,1979,4,13,10.905882
1979-04-14,1979,4,14,11.987444
1979-04-15,1979,4,15,14.679535
1979-04-16,1979,4,16,13.330861
1979-04-17,1979,4,17,13.447267
1979-04-18,1979,4,18,11.837
1979-04-19,1979,4,19,13.277693
1979-04-20,1979,4,20,14.436537
1979-04-21,1979,4,21,13.542993
1979-04-22,1979,4,22,13.800891
1979-04-23,1979,4,23,13.8847
1979-04-24,1979,4,24,12.896666
1979-04-25,1979,4,25,12.183654
1979-04-26,1979,4,26,12.95927
1979-04-27,1979,4,27,8.6708915
1979-04-28,1979,4,28,2.7530254
1979-04-29,1979,4,29,4.8077128
1979-04-30,1979,4,30,6.9874847
1979-05-01,1979,5,1,7.2730471
1979-05-02,1979,5,2,2.9872122
1979-05-03,1979,5,3,2.0033954
1979-05-04,1979,5,4,5.8740778
1979-05-05,1979,5,5,4.7785647
1979-05-06,1979,5,6,5.0826123
1979-05-07,1979,5,7,4.6465283
1979-05-08,1979,5,8,3.9663955
1979-05-09,1979,5,9,6.7599623
1979-05-10,1979,5,10,4.6575206
1979-05-11,1979,5,11,3.8691357
1979-05-12,1979,5,12,5.7916231
1979-05-13,1979,5,13,2.9903484
1979-05-14,1979,5,14,7.8451818
1979-05-15,1979,5,15,4.7933718
1979-05-16,1979,5,16,4.4731376
1979-05-17,1979,5,17,1.8094416
1979-05-18,1979,5,18,3.0004365
1979-05-19,1979,5,19,8.0416552
1979-05-20,1979,5,20,8.2941517
1979-05-21,1979,5,21,4.3455352
1979-05-22,1979,5,22,7.0874752
1979-05-23,1979,5,23,7.697555
1979-05-24,1979,5,24,9.2623509
1979-05-25,1979,5,25,4.1822466
1979-05-26,1979,5,26,6.6389722
1979-05-27,1979,5,27,5.0558838
1979-05-28,1979,5,28,2.052745
1979-05-29,1979,5,29,0.21370376
1979-05-30,1979,5,30,7.6075451
1979-05-31,1979,5,31,9.6026204
1979-06-01,1979,6,1,8.1572494
1979-06-02,1979,6,2,4.7669809
1979-06-03,1979,6,3,0.75075143
1979-06-04,1979,6,4,-0.11908819
1979-06-05,1979,6,5,0.9856314
1979-06-06,1979,6,6,-1.5934814
1979-06-07,1979,6,7,2.232016
1979-06-08,1979,6,8,4.7857751
1979-06-09,1979,6,9,3.9277733
1979-06-10,1979,6,10,1.1537193
1979-06-11,1979,6,11,-0.005842222
1979-06-12,1979,6,12,3.197257
1979-06-13,1979,6,13,2.9333447
1979-06-14,1979,6,14,5.2472076
1979-06-15,1979,6,15,4.2010438
1979-06-16,1979,6,16,6.5789992
1979-06-17,1979,6,17,6.9927504
1979-06-18,1979,6,18,5.9678227
1979-06-19,1979,6,19,5.1733878
1979-06-20,1979,6,20,5.5864683
1979-06-21,1979,6,21,6.6888797
1979-06-22,1979,6,22,3.2647008
1979-06-23,1979,6,23,-1.0664266
1979-06-24,1979,6,24,2.7330195
1979-06-25,1979,6,25,5.520384
1979-06-26,1979,6,26,5.9711959
1979-06-27,1979,6,27,7.8556371
1979-06-28,1979,6,28,6.7770842
1979-06-29,1979,6,29,5.5477381
1979-06-30,1979,6,30,1.1118876
1979-07-01,1979,7,1,2.4223331
1979-07-02,1979,7,2,4.1344041
1979-07-03,1979,7,3,4.2861549
1979-07-04,1979,7,4,5.6093268
1979-07-05,1979,7,5,6.9602506
1979-07-06,1979,7,6,6.1813071
1979-07-07,1979,7,7,5.1374561
1979-07-08,1979,7,8,8.0385331
1979-07-09,1979,7,9,10.15272
1979-07-10,1979,7,10,9.1683292
1979-07-11,1979,7,11,9.1163513
1979-07-12,1979,7,12,9.3309601
1979-07-13,1979,7,13,4.1627201
1979-07-14,1979,7,14,3.1527186
1979-07-15,1979,7,15,5.8840204
1979-07-16,1979,7,16,6.3375273
1979-07-17,1979,7,17,2.9971758
1979-07-18,1979,7,18,-1.358135
1979-07-19,1979,7,19,7.1869024
1979-07-20,1979,7,20,8.300305
1979-07-21,1979,7,21,5.6191343
1979-07-22,1979,7,22,4.0576247
1979-07-23,1979,7,23,0.93975466
1979-07-24,1979,7,24,-0.12265409
1979-07-25,1979,7,25,1.4232559
1979-07-26,1979,7,26,-0.74674946
1979-07-27,1979,7,27,0.83898461
1979-07-28,1979,7,28,2.1038934
1979-07-29,1979,7,29,4.0740582
1979-07-30,1979,7,30,2.6584762
1979-07-31,1979,7,31,-0.28003387
1979-08-01,1979,8,1,-3.0825871
1979-08-02,1979,8,2,-0.48876716
1979-08-03,1979,8,3,-2.3847329
1979-08-04,1979,8,4,0.12995836
1979-08-05,1979,8,5,2.7400351
1979-08-06,1979,8,6,2.4358997
1979-08-07,1979,8,7,6.2903037
1979-08-08,1979,8,8,7.6373193
1979-08-09,1979,8,9,9.6752255
1979-08-10,1979,8,10,9.2961975
1979-08-11,1979,8,11,8.524529
1979-08-12,1979,8,12,7.3732957
1979-08-13,1979,8,13,5.7933241
1979-08-14,1979,8,14,5.2895023
1979-08-15,1979,8,15,3.651715
1979-08-16,1979,8,16,2.2903314
1979-08-17,1979,8,17,6.9340743
1979-08-18,1979,8,18,9.5736452
1979-08-19,1979,8,19,9.7932209
1979-08-20,1979,8,20,8.1724881
1979-08-21,1979,8,21,3.8732543
1979-08-22,1979,8,22,7.2195431
1979-08-23,1979,8,23,7.0677723
1979-08-24,1979,8,24,2.8485997
1979-08-25,1979,8,25,-0.27617995
1979-08-26,1979,8,26,0.74112338
1979-08-27,1979,8,27,-1.0788601
1979-08-28,1979,8,28,-0.29041648
1979-08-29,1979,8,29,4.5668991
1979-08-30,1979,8,30,1.5893089
1979-08-31,1979,8,31,-0.42576532
1979-09-01,1979,9,1,-3.0987841
1979-09-02,1979,9,2,1.6155439
1979-09-03,1979,9,3,4.1852202
1979-09-04,1979,9,4,6.788717
1979-09-05,1979,9,5,9.0167911
1979-09-06,1979,9,6,7.9100452
1979-09-07,1979,9,7,3.202337
1979-09-08,1979,9,8,2.7854767
1979-09-09,1979,9,9,6.518538
1979-09-10,1979,9,10,6.2650675
1979-09-11,1979,9,11,1.7929706
1979-09-12,1979,9,12,-0.23367004
1979-09-13,1979,9,13,1.8148247
1979-09-14,1979,9,14,-2.6198081
1979-09-15,1979,9,15,0.29701449
1979-09-16,1979,9,16,1.9422696
1979-09-17,1979,9,17,0.62744075
1979-09-18,1979,9,18,6.2671839
1979-09-19,1979,9,19,5.7248446
1979-09-20,1979,9,20,4.2362156
1979-09-21,1979,9,21,5.4232701
1979-09-22,1979,9,22,4.5621477
1979-09-23,1979,9,23,3.1147024
1979-09-24,1979,9,24,2.6365954
1979-09-25,1979,9,25,4.097712
1979-09-26,1979,9,26,1.145924
1979-09-27,1979,9,27,-1.1617403
1979-09-28,1979,9,28,-1.6565406
1979-09-29,1979,9,29,-1.492644
1979-09-30,1979,9,30,-0.3702562
1979-10-01,1979,10,1,-1.6832361
1979-10-02,1979,10,2,2.6615175
1979-10-03,1979,10,3,1.7484952
1979-10-04,1979,10,4,1.405506
1979-10-05,1979,10,5,1.7433047
1979-10-06,1979,10,6,5.4422739
1979-10-07,1979,10,7,11.048818
1979-10-08,1979,10,8,13.23491
1979-10-09,1979,10,9,11.276525
1979-10-10,1979,10,10,9.0739667
1979-10-11,1979,10,11,9.7659982
1979-10-12,1979,10,12,8.9399118
1979-10-13,1979,10,13,7.7716776
1979-10-14,1979,10,14,9.6560652
1979-10-15,1979,10,15,11.924415
1979-10-16,1979,10,16,12.275768
1979-10-17,1979,10,17,12.389104
1979-10-18,1979,10,18,10.996116
1979-10-19,1979,10,19,11.439399
1979-10-20,1979,10,20,6.9727511
1979-10-21,1979,10,21,7.2887493
1979-10-22,1979,10,22,6.6034792
1979-10-23,1979,10,23,8.4787166
1979-10-24,1979,10,24,5.740105
1979-10-25,1979,10,25,7.5638245
1979-10-26,1979,10,26,10.222301
1979-10-27,1979,10,27,8.0027364
1979-10-28,1979,10,28,4.7160194
1979-10-29,1979,10,29,1.9999515
1979-10-30,1979,10,30,6.4605578
1979-10-31,1979,10,31,7.4821548
1979-11-01,1979,11,1,8.9083034
1979-11-02,1979,11,2,10.382452
1979-11-03,1979,11,3,10.565301
1979-11-04,1979,11,4,11.822584
1979-11-05,1979,11,5,8.3855865
1979-11-06,1979,11,6,7.6523345
1979-11-07,1979,11,7,5.2462043
1979-11-08,1979,11,8,6.4638867
1979-11-09,1979,11,9,12.335868
1979-11-10,1979,11,10,15.263563
1979-11-11,1979,11,11,12.010716
1979-11-12,1979,11,12,6.1233822
1979-11-13,1979,11,13,6.6781572
1979-11-14,1979,11,14,9.7357984
1979-11-15,1979,11,15,11.43244
1979-11-16,1979,11,16,6.6381731
1979-11-17,1979,11,17,4.2759207
1979-11-18,1979,11,18,5.2511368
1979-11-19,1979,11,19,7.4067288
1979-11-20,1979,11,20,7.8224601
1979-11-21,1979,11,21,7.0592247
1979-11-22,1979,11,22,8.0507848
1979-11-23,1979,11,23,9.6333137
1979-11-24,1979,11,24,10.791555
1979-11-25,1979,11,25,12.578136
1979-11-26,1979,11,26,14.481741
1979-11-27,1979,11,27,11.89514
1979-11-28,1979,11,28,11.37317
1979-11-29,1979,11,29,8.1555216
1979-11-30,1979,11,30,8.9395269
1979-12-01,1979,12,1,11.185876
1979-12-02,1979,12,2,9.8031086
1979-12-03,1979,12,3,8.8634657
1979-12-04,1979,12,4,8.9173197
1979-12-05,1979,12,5,6.7658148
1979-12-06,1979,12,6,7.9321617
1979-12-07,1979,12,7,12.35173
1979-12-08,1979,12,8,14.672308
1979-12-09,1979,12,9,16.080835
1979-12-10,1979,12,10,12.068705
1979-12-11,1979,12,11,9.5515015
1979-12-12,1979,12,12,11.070636
1979-12-13,1979,12,13,7.825298
1979-12-14,1979,12,14,9.2764236
1979-12-15,1979,12,15,12.746548
1979-12-16,1979,12,16,13.490073
1979-12-17,1979,12,17,12.268206
1979-12-18,1979,12,18,10.103721
1979-12-19,1979,12,19,9.0631808
1979-12-20,1979,12,20,9.3809891
1979-12-21,1979,12,21,10.586544
1979-12-22,1979,12,22,12.273737
1979-12-23,1979,12,23,12.600225
1979-12-24,1979,12,24,14.008072
1979-12-25,1979,12,25,13.673604
1979-12-26,1979,12,26,12.677171
1979-12-27,1979,12,27,12.873671
1979-12-28,1979,12,28,15.086914
1979-12-29,1979,12,29,13.08454
1979-12-30,1979,12,30,13.247833
1979-12-31,1979,12,31,15.955676
1980-01-01,1980,1,1,15.153221
1980-01-02,1980,1,2,13.700011
1980-01-03,1980,1,3,12.861009
1980-01-04,1980,1,4,10.568106
1980-01-05,1980,1,5,13.303762
1980-01-06,1980,1,6,13.766856
1980-01-07,1980,1,7,13.78369
1980-01-08,1980,1,8,15.17132
1980-01-09,1980,1,9,15.030176
1980-01-10,1980,1,10,16.272132
1980-01-11,1980,1,11,15.077557
1980-01-12,1980,1,12,15.247538
1980-01-13,1980,1,13,15.449304
1980-01-14,1980,1,14,12.977807
1980-01-15,1980,1,15,14.114191
1980-01-16,1980,1,16,15.4967
1980-01-17,1980,1,17,15.913005
1980-01-18,1980,1,18,15.57502
1980-01-19,1980,1,19,17.005574
1980-01-20,1980,1,20,18.332778
1980-01-21,1980,1,21,15.683396
1980-01-22,1980,1,22,15.529326
1980-01-23,1980,1,23,14.342941
1980-01-24,1980,1,24,15.379742
1980-01-25,1980,1,25,15.067475
1980-01-26,1980,1,26,14.199734
1980-01-27,1980,1,27,15.659939
1980-01-28,1980,1,28,15.242331
1980-01-29,1980,1,29,12.666651
1980-01-30,1980,1,30,12.935373
1980-01-31,1980,1,31,13.857381
1980-02-01,1980,2,1,13.411408
1980-02-02,1980,2,2,12.71158
1980-02-03,1980,2,3,13.145481
1980-02-04,1980,2,4,11.331252
1980-02-05,1980,2,5,13.799569
1980-02-06,1980,2,6,10.292539
1980-02-07,1980,2,7,14.329596
1980-02-08,1980,2,8,13.159911
1980-02-09,1980,2,9,7.2135719
1980-02-10,1980,2,10,9.6446022
1980-02-11,1980,2,11,11.459234
1980-02-12,1980,2,12,14.450787
1980-02-13,1980,2,13,17.866687
1980-02-14,1980,2,14,15.267041
1980-02-15,1980,2,15,16.163023
1980-02-16,1980,2,16,17.793254
1980-02-17,1980,2,17,17.203892
1980-02-18,1980,2,18,15.384938
1980-02-19,1980,2,19,13.417856
1980-02-20,1980,2,20,11.460328
1980-02-21,1980,2,21,11.801723
1980-02-22,1980,2,22,11.705882
1980-02-23,1980,2,23,10.18452
1980-02-24,1980,2,24,14.594508
1980-02-25,1980,2,25,13.810447
1980-02-26,1980,2,26,11.987074
1980-02-27,1980,2,27,13.583731
1980-02-28,1980,2,28,11.996773
1980-02-29,1980,2,29,10.73574
1980-03-01,1980,3,1,12.842076
1980-03-02,1980,3,2,14.923937
1980-03-03,1980,3,3,14.917033
1980-03-04,1980,3,4,12.323473
1980-03-05,1980,3,5,10.765259
1980-03-06,1980,3,6,13.913725
1980-03-07,1980,3,7,15.252905
1980-03-08,1980,3,8,16.714233
1980-03-09,1980,3,9,17.338643
1980-03-10,1980,3,10,16.153064
1980-03-11,1980,3,11,15.860424
1980-03-12,1980,3,12,17.390396
1980-03-13,1980,3,13,16.252598
1980-03-14,1980,3,14,16.401874
1980-03-15,1980,3,15,15.950369
1980-03-16,1980,3,16,18.385704
1980-03-17,1980,3,17,19.678677
1980-03-18,1980,3,18,18.838829
1980-03-19,1980,3,19,18.832805
1980-03-20,1980,3,20,20.175696
1980-03-21,1980,3,21,17.814058
1980-03-22,1980,3,22,13.759804
1980-03-23,1980,3,23,13.450903
1980-03-24,1980,3,24,12.60916
1980-03-25,1980,3,25,14.018639
1980-03-26,1980,3,26,17.988628
1980-03-27,1980,3,27,20.224193
1980-03-28,1980,3,28,17.263085
1980-03-29,1980,3,29,17.101724
1980-03-30,1980,3,30,16.477097
1980-03-31,1980,3,31,20.885593
1980-04-01,1980,4,1,13.772617
1980-04-02,1980,4,2,12.468053
1980-04-03,1980,4,3,9.4967162
1980-04-04,1980,4,4,9.2607826
1980-04-05,1980,4,5,11.727091
1980-04-06,1980,4,6,12.573607
1980-04-07,1980,4,7,9.7117164
1980-04-08,1980,4,8,5.043837
1980-04-09,1980,4,9,2.2796663
1980-04-10,1980,4,10,1.805389
1980-04-11,1980,4,11,-0.030801202
1980-04-12,1980,4,12,-1.0612203
1980-04-13,1980,4,13,0.10392583
1980-04-14,1980,4,14,-0.32750771
1980-04-15,1980,4,15,3.3411132
1980-04-16,1980,4,16,6.8077939
1980-04-17,1980,4,17,3.6216281
1980-04-18,1980,4,18,7.3633375
1980-04-19,1980,4,19,8.778774
1980-04-20,1980,4,20,11.518355
1980-04-21,1980,4,21,9.5449157
1980-04-22,1980,4,22,4.3742886
1980-04-23,1980,4,23,2.8465677
1980-04-24,1980,4,24,3.9302774
1980-04-25,1980,4,25,5.9633029
1980-04-26,1980,4,26,6.3297833
1980-04-27,1980,4,27,6.4923359
1980-04-28,1980,4,28,6.4058734
1980-04-29,1980,4,29,2.969304
1980-04-30,1980,4,30,3.8424753
1980-05-01,1980,5,1,5.1353916
1980-05-02,1980,5,2,6.1477349
1980-05-03,1980,5,3,6.10416
1980-05-04,1980,5,4,2.6939953
1980-05-05,1980,5,5,2.1209813
1980-05-06,1980,5,6,6.212666
1980-05-07,1980,5,7,2.8434675
1980-05-08,1980,5,8,3.6745252
1980-05-09,1980,5,9,1.1617108
1980-05-10,1980,5,10,0.37839115
1980-05-11,1980,5,11,5.6258249
1980-05-12,1980,5,12,7.1576364
1980-05-13,1980,5,13,7.5176984
1980-05-14,1980,5,14,3.7471822
1980-05-15,1980,5,15,6.2866292
1980-05-16,1980,5,16,6.9339416
1980-05-17,1980,5,17,6.2117886
1980-05-18,1980,5,18,4.8465223
1980-05-19,1980,5,19,2.9676137
1980-05-20,1980,5,20,2.9058001
1980-05-21,1980,5,21,3.3360513
1980-05-22,1980,5,22,8.8252455
1980-05-23,1980,5,23,5.205611
1980-05-24,1980,5,24,8.1144918
1980-05-25,1980,5,25,9.978816
1980-05-26,1980,5,26,5.8502663
1980-05-27,1980,5,27,0.99620633
1980-05-28,1980,5,28,5.6477184
1980-05-29,1980,5,29,2.5961606
1980-05-30,1980,5,30,3.3467919
1980-05-31,1980,5,31,3.2088122
1980-06-01,1980,6,1,6.3112564
1980-06-02,1980,6,2,7.7911513
1980-06-03,1980,6,3,8.2561467
1980-06-04,1980,6,4,7.7676167
1980-06-05,1980,6,5,5.4819455
1980-06-06,1980,6,6,4.2413278
1980-06-07,1980,6,7,3.0352283
1980-06-08,1980,6,8,-1.660198
1980-06-09,1980,6,9,1.988903
1980-06-10,1980,6,10,1.6126257
1980-06-11,1980,6,11,0.80899332
1980-06-12,1980,6,12,-1.0946338
1980-06-13,1980,6,13,1.3250537
1980-06-14,1980,6,14,5.2296028
1980-06-15,1980,6,15,3.7991513
1980-06-16,1980,6,16,3.1102934
1980-06-17,1980,6,17,5.581372
1980-06-18,1980,6,18,5.2272153
1980-06-19,1980,6,19,5.9501526
1980-06-20,1980,6,20,8.3004531
1980-06-21,1980,6,21,6.299988
1980-06-22,1980,6,22,6.7227832
1980-06-23,1980,6,23,1.7268207
1980-06-24,1980,6,24,-4.3200504
1980-06-25,1980,6,25,-5.7075423
1980-06-26,1980,6,26,0.15706352
1980-06-27,1980,6,27,-0.053597044
1980-06-28,1980,6,28,-0.8626347
1980-06-29,1980,6,29,-1.9587653
1980-06-30,1980,6,30,-3.6730169
1980-07-01,1980,7,1,-0.16934949
1980-07-02,1980,7,2,2.8327956
1980-07-03,1980,7,3,2.2246251
1980-07-04,1980,7,4,2.1966359
1980-07-05,1980,7,5,1.8259154
1980-07-06,1980,7,6,-1.1074975
1980-07-07,1980,7,7,-3.7138024
1980-07-08,1980,7,8,-1.3821628
1980-07-09,1980,7,9,0.18556557
1980-07-10,1980,7,10,1.3408268
1980-07-11,1980,7,11,0.6842904
1980-07-12,1980,7,12,1.2084955
1980-07-13,1980,7,13,-0.036653846
1980-07-14,1980,7,14,3.8718437
1980-07-15,1980,7,15,6.2084948
1980-07-16,1980,7,16,3.4945032
1980-07-17,1980,7,17,3.0700835
1980-07-18,1980,7,18,-1.0322589
1980-07-19,1980,7,19,-3.2444712
1980-07-20,1980,7,20,0.51643337
1980-07-21,1980,7,21,4.2405019
1980-07-22,1980,7,22,6.0782813
1980-07-23,1980,7,23,5.748532
1980-07-24,1980,7,24,2.410403
1980-07-25,1980,7,25,-3.1481411
1980-07-26,1980,7,26,-3.2701743
1980-07-27,1980,7,27,-2.0343418
1980-07-28,1980,7,28,-3.6758222
1980-07-29,1980,7,29,-3.2968274
1980-07-30,1980,7,30,1.9127827
1980-07-31,1980,7,31,5.9075146
1980-08-01,1980,8,1,7.0920075
1980-08-02,1980,8,2,3.1594631
1980-08-03,1980,8,3,-0.78532014
1980-08-04,1980,8,4,-0.40245805
1980-08-05,1980,8,5,4.5892409
1980-08-06,1980,8,6,0.3030687
1980-08-07,1980,8,7,-1.7059839
1980-08-08,1980,8,8,1.5741315
1980-08-09,1980,8,9,2.847877
1980-08-10,1980,8,10,4.3691144
1980-08-11,1980,8,11,6.9078471
1980-08-12,1980,8,12,5.8563217
1980-08-13,1980,8,13,7.7000363
1980-08-14,1980,8,14,10.055906
1980-08-15,1980,8,15,8.7609098
1980-08-16,1980,8,16,2.9926481
1980-08-17,1980,8,17,1.711852
1980-08-18,1980,8,18,0.18245252
1980-08-19,1980,8,19,2.1919498
1980-08-20,1980,8,20,1.0384926
1980-08-21,1980,8,21,0.0069964185
1980-08-22,1980,8,22,3.1800041
1980-08-23,1980,8,23,3.165204
1980-08-24,1980,8,24,2.1014572
1980-08-25,1980,8,25,2.330516
1980-08-26,1980,8,26,8.2999414
1980-08-27,1980,8,27,9.3292576
1980-08-28,1980,8,28,7.2849961
1980-08-29,1980,8,29,8.0010039
1980-08-30,1980,8,30,2.0189053
1980-08-31,1980,8,31,3.8093271
1980-09-01,1980,9,1,5.8472425
1980-09-02,1980,9,2,7.7134638
1980-09-03,1980,9,3,9.1933146
1980-09-04,1980,9,4,11.144773
1980-09-05,1980,9,5,11.992718
1980-09-06,1980,9,6,10.577492
1980-09-07,1980,9,7,2.3788891
1980-09-08,1980,9,8,4.5988402
1980-09-09,1980,9,9,11.212554
1980-09-10,1980,9,10,10.942514
1980-09-11,1980,9,11,11.378752
1980-09-12,1980,9,12,11.238113
1980-09-13,1980,9,13,5.1026849
1980-09-14,1980,9,14,1.8105474
1980-09-15,1980,9,15,4.7262798
1980-09-16,1980,9,16,6.9363817
1980-09-17,1980,9,17,1.7318724
1980-09-18,1980,9,18,-0.17696873
1980-09-19,1980,9,19,1.7827019
1980-09-20,1980,9,20,3.1551079
1980-09-21,1980,9,21,5.4261216
1980-09-22,1980,9,22,8.3881358
1980-09-23,1980,9,23,8.0551299
1980-09-24,1980,9,24,6.5672001
1980-09-25,1980,9,25,6.6693859
1980-09-26,1980,9,26,0.56830615
1980-09-27,1980,9,27,5.9722806
1980-09-28,1980,9,28,4.0228165
1980-09-29,1980,9,29,-0.031306514
1980-09-30,1980,9,30,-1.5567367
1980-10-01,1980,10,1,-0.39831419
1980-10-02,1980,10,2,-0.18630877
1980-10-03,1980,10,3,2.036826
1980-10-04,1980,10,4,5.717039
1980-10-05,1980,10,5,9.2745865
1980-10-06,1980,10,6,5.7089361
1980-10-07,1980,10,7,2.3846824
1980-10-08,1980,10,8,7.9821453
1980-10-09,1980,10,9,5.9662903
1980-10-10,1980,10,10,4.632478
1980-10-11,1980,10,11,6.865775
1980-10-12,1980,10,12,9.6009652
1980-10-13,1980,10,13,10.815064
1980-10-14,1980,10,14,9.6047979
1980-10-15,1980,10,15,9.8544618
1980-10-16,1980,10,16,8.4013391
1980-10-17,1980,10,17,8.2630788
1980-10-18,1980,10,18,8.0489561
1980-10-19,1980,10,19,6.2466777
1980-10-20,1980,10,20,5.4551386
1980-10-21,1980,10,21,2.9081039
1980-10-22,1980,10,22,6.4978899
1980-10-23,1980,10,23,7.0351334
1980-10-24,1980,10,24,7.3668045
1980-10-25,1980,10,25,6.3514543
1980-10-26,1980,10,26,8.3773249
1980-10-27,1980,10,27,9.7980983
1980-10-28,1980,10,28,10.407899
1980-10-29,1980,10,29,7.014745
1980-10-30,1980,10,30,9.572183
1980-10-31,1980,10,31,13.355241
1980-11-01,1980,11,1,10.714262
1980-11-02,1980,11,2,9.2443275
1980-11-03,1980,11,3,10.418259
1980-11-04,1980,11,4,9.3192446
1980-11-05,1980,11,5,7.7186064
1980-11-06,1980,11,6,6.1121561
1980-11-07,1980,11,7,2.851531
1980-11-08,1980,11,8,1.3492519
1980-11-09,1980,11,9,3.180044
1980-11-10,1980,11,10,4.619544
1980-11-11,1980,11,11,9.5455849
1980-11-12,1980,11,12,11.399373
1980-11-13,1980,11,13,10.697498
1980-11-14,1980,11,14,10.951316
1980-11-15,1980,11,15,9.4200932
1980-11-16,1980,11,16,12.494704
1980-11-17,1980,11,17,8.646988
1980-11-18,1980,11,18,9.6049804
1980-11-19,1980,11,19,4.5786881
1980-11-20,1980,11,20,6.4786338
1980-11-21,1980,11,21,4.9526923
1980-11-22,1980,11,22,8.7476338
1980-11-23,1980,11,23,11.551489
1980-11-24,1980,11,24,11.926344
1980-11-25,1980,11,25,11.256823
1980-11-26,1980,11,26,11.761799
1980-11-27,1980,11,27,10.82571
1980-11-28,1980,11,28,11.99878
1980-11-29,1980,11,29,14.505906
1980-11-30,1980,11,30,16.558373
1980-12-01,1980,12,1,15.561641
1980-12-02,1980,12,2,15.170386
1980-12-03,1980,12,3,14.847688
1980-12-04,1980,12,4,12.586978
1980-12-05,1980,12,5,13.341139
1980-12-06,1980,12,6,15.606486
1980-12-07,1980,12,7,17.17917
1980-12-08,1980,12,8,13.572624
1980-12-09,1980,12,9,12.651581
1980-12-10,1980,12,10,12.118439
1980-12-11,1980,12,11,12.766002
1980-12-12,1980,12,12,11.531927
1980-12-13,1980,12,13,14.244605
1980-12-14,1980,12,14,17.010176
1980-12-15,1980,12,15,15.896601
1980-12-16,1980,12,16,14.32745
1980-12-17,1980,12,17,9.2426804
1980-12-18,1980,12,18,6.1404582
1980-12-19,1980,12,19,5.5616856
1980-12-20,1980,12,20,8.5631342
1980-12-21,1980,12,21,11.65268
1980-12-22,1980,12,22,13.201756
1980-12-23,1980,12,23,12.710014
1980-12-24,1980,12,24,12.778126
1980-12-25,1980,12,25,12.247661
1980-12-26,1980,12,26,12.286189
1980-12-27,1980,12,27,11.510206
1980-12-28,1980,12,28,11.816501
1980-12-29,1980,12,29,11.56051
1980-12-30,1980,12,30,9.655483
1980-12-31,1980,12,31,8.725409
1981-01-01,1981,1,1,10.298598
1981-01-02,1981,1,2,11.698988
1981-01-03,1981,1,3,14.357016
1981-01-04,1981,1,4,14.710168
1981-01-05,1981,1,5,10.097283
1981-01-06,1981,1,6,13.431805
1981-01-07,1981,1,7,14.488523
1981-01-08,1981,1,8,12.56825
1981-01-09,1981,1,9,12.60714
1981-01-10,1981,1,10,13.261182
1981-01-11,1981,1,11,13.395232
1981-01-12,1981,1,12,12.268207
1981-01-13,1981,1,13,14.306696
1981-01-14,1981,1,14,13.193094
1981-01-15,1981,1,15,9.5178796
1981-01-16,1981,1,16,10.998615
1981-01-17,1981,1,17,10.985396
1981-01-18,1981,1,18,11.12496
1981-01-19,1981,1,19,9.4498024
1981-01-20,1981,1,20,13.090987
1981-01-21,1981,1,21,13.592475
1981-01-22,1981,1,22,11.399957
1981-01-23,1981,1,23,12.666479
1981-01-24,1981,1,24,12.612102
1981-01-25,1981,1,25,12.461981
1981-01-26,1981,1,26,13.111792
1981-01-27,1981,1,27,12.548339
1981-01-28,1981,1,28,17.915567
1981-01-29,1981,1,29,17.836685
1981-01-30,1981,1,30,15.712861
1981-01-31,1981,1,31,13.548285
1981-02-01,1981,2,1,15.535432
1981-02-02,1981,2,2,16.171211
1981-02-03,1981,2,3,16.222634
1981-02-04,1981,2,4,17.665773
1981-02-05,1981,2,5,15.468765
1981-02-06,1981,2,6,15.027643
1981-02-07,1981,2,7,10.519724
1981-02-08,1981,2,8,16.798678
1981-02-09,1981,2,9,14.025778
1981-02-10,1981,2,10,11.473286
1981-02-11,1981,2,11,11.441947
1981-02-12,1981,2,12,9.2701618
1981-02-13,1981,2,13,9.4294068
1981-02-14,1981,2,14,11.820084
1981-02-15,1981,2,15,17.587379
1981-02-16,1981,2,16,16.380752
1981-02-17,1981,2,17,15.154846
1981-02-18,1981,2,18,17.092447
1981-02-19,1981,2,19,17.204314
1981-02-20,1981,2,20,19.2828
1981-02-21,1981,2,21,19.23104
1981-02-22,1981,2,22,20.421763
1981-02-23,1981,2,23,20.492897
1981-02-24,1981,2,24,16.868909
1981-02-25,1981,2,25,18.391765
1981-02-26,1981,2,26,18.826035
1981-02-27,1981,2,27,18.065313
1981-02-28,1981,2,28,17.75233
1981-03-01,1981,3,1,17.335458
1981-03-02,1981,3,2,18.601189
1981-03-03,1981,3,3,18.784905
1981-03-04,1981,3,4,16.73803
1981-03-05,1981,3,5,15.620109
1981-03-06,1981,3,6,14.357983
1981-03-07,1981,3,7,13.815379
1981-03-08,1981,3,8,15.565273
1981-03-09,1981,3,9,15.783988
1981-03-10,1981,3,10,13.1659
1981-03-11,1981,3,11,13.511336
1981-03-12,1981,3,12,10.191322
1981-03-13,1981,3,13,6.5690841
1981-03-14,1981,3,14,8.324868
1981-03-15,1981,3,15,9.6110557
1981-03-16,1981,3,16,15.537821
1981-03-17,1981,3,17,14.596761
1981-03-18,1981,3,18,14.219447
1981-03-19,1981,3,19,13.724202
1981-03-20,1981,3,20,14.890033
1981-03-21,1981,3,21,15.219066
1981-03-22,1981,3,22,10.711876
1981-03-23,1981,3,23,12.055988
1981-03-24,1981,3,24,16.198214
1981-03-25,1981,3,25,16.761605
1981-03-26,1981,3,26,12.740375
1981-03-27,1981,3,27,11.014401
1981-03-28,1981,3,28,11.207904
1981-03-29,1981,3,29,10.454066
1981-03-30,1981,3,30,12.572923
1981-03-31,1981,3,31,15.085506
1981-04-01,1981,4,1,13.747978
1981-04-02,1981,4,2,11.786401
1981-04-03,1981,4,3,15.249939
1981-04-04,1981,4,4,14.894961
1981-04-05,1981,4,5,12.940897
1981-04-06,1981,4,6,13.213133
1981-04-07,1981,4,7,15.054864
1981-04-08,1981,4,8,15.394098
1981-04-09,1981,4,9,13.721795
1981-04-10,1981,4,10,14.293135
1981-04-11,1981,4,11,14.75099
1981-04-12,1981,4,12,15.673756
1981-04-13,1981,4,13,14.396574
1981-04-14,1981,4,14,13.223818
1981-04-15,1981,4,15,12.41162
1981-04-16,1981,4,16,11.266478
1981-04-17,1981,4,17,11.283573
1981-04-18,1981,4,18,10.862795
1981-04-19,1981,4,19,8.4553288
1981-04-20,1981,4,20,8.1331067
1981-04-21,1981,4,21,7.7695229
1981-04-22,1981,4,22,6.2466633
1981-04-23,1981,4,23,9.5146848
1981-04-24,1981,4,24,6.103867
1981-04-25,1981,4,25,3.3897109
1981-04-26,1981,4,26,3.1350403
1981-04-27,1981,4,27,0.5696505
1981-04-28,1981,4,28,6.8031359
1981-04-29,1981,4,29,8.7326291
1981-04-30,1981,4,30,7.5331027
1981-05-01,1981,5,1,8.2516781
1981-05-02,1981,5,2,3.0657022
1981-05-03,1981,5,3,3.8145826
1981-05-04,1981,5,4,3.8391095
1981-05-05,1981,5,5,5.3096744
1981-05-06,1981,5,6,7.6079527
1981-05-07,1981,5,7,4.923317
1981-05-08,1981,5,8,2.0375352
1981-05-09,1981,5,9,5.1650352
1981-05-10,1981,5,10,3.393844
1981-05-11,1981,5,11,3.7860099
1981-05-12,1981,5,12,2.3030652
1981-05-13,1981,5,13,1.4050833
1981-05-14,1981,5,14,6.1001608
1981-05-15,1981,5,15,4.2382789
1981-05-16,1981,5,16,2.1863884
1981-05-17,1981,5,17,3.1452663
1981-05-18,1981,5,18,2.6043215
1981-05-19,1981,5,19,5.3236926
1981-05-20,1981,5,20,9.434256
1981-05-21,1981,5,21,8.2243517
1981-05-22,1981,5,22,6.0508798
1981-05-23,1981,5,23,4.1183416
1981-05-24,1981,5,24,3.33071
1981-05-25,1981,5,25,7.8233184
1981-05-26,1981,5,26,7.1805436
1981-05-27,1981,5,27,6.6028938
1981-05-28,1981,5,28,6.4728761
1981-05-29,1981,5,29,6.0666374
1981-05-30,1981,5,30,1.789479
1981-05-31,1981,5,31,1.3344353
1981-06-01,1981,6,1,-3.5726034
1981-06-02,1981,6,2,-1.0761653
1981-06-03,1981,6,3,3.7881429
1981-06-04,1981,6,4,4.2713714
1981-06-05,1981,6,5,2.1650109
1981-06-06,1981,6,6,0.39254387
1981-06-07,1981,6,7,4.8133744
1981-06-08,1981,6,8,1.5977012
1981-06-09,1981,6,9,-0.47306613
1981-06-10,1981,6,10,0.61157782
1981-06-11,1981,6,11,1.7381065
1981-06-12,1981,6,12,2.7810875
1981-06-13,1981,6,13,3.2508823
1981-06-14,1981,6,14,4.9308624
1981-06-15,1981,6,15,4.2508731
1981-06-16,1981,6,16,5.7645454
1981-06-17,1981,6,17,4.9558642
1981-06-18,1981,6,18,5.435994
1981-06-19,1981,6,19,4.47147
1981-06-20,1981,6,20,3.1594395
1981-06-21,1981,6,21,-3.0534834
1981-06-22,1981,6,22,0.28122491
1981-06-23,1981,6,23,3.4357396
1981-06-24,1981,6,24,3.4371149
1981-06-25,1981,6,25,-0.62527143
1981-06-26,1981,6,26,1.4419369
1981-06-27,1981,6,27,-0.3550013
1981-06-28,1981,6,28,3.2737736
1981-06-29,1981,6,29,2.2248395
1981-06-30,1981,6,30,2.3482098
1981-07-01,1981,7,1,2.0727072
1981-07-02,1981,7,2,5.6794987
1981-07-03,1981,7,3,5.1320415
1981-07-04,1981,7,4,5.6353463
1981-07-05,1981,7,5,6.5689477
1981-07-06,1981,7,6,4.2984652
1981-07-07,1981,7,7,6.7463977
1981-07-08,1981,7,8,3.6693173
1981-07-09,1981,7,9,-2.0887943
1981-07-10,1981,7,10,0.79757535
1981-07-11,1981,7,11,-0.55771388
1981-07-12,1981,7,12,1.2030391
1981-07-13,1981,7,13,1.4105321
1981-07-14,1981,7,14,-2.4609537
1981-07-15,1981,7,15,-3.9117019
1981-07-16,1981,7,16,-5.1587406
1981-07-17,1981,7,17,-1.3396416
1981-07-18,1981,7,18,1.9552744
1981-07-19,1981,7,19,5.5376368
1981-07-20,1981,7,20,4.3814865
1981-07-21,1981,7,21,-1.0601015
1981-07-22,1981,7,22,-2.7979893
1981-07-23,1981,7,23,5.1875902
1981-07-24,1981,7,24,6.5426661
1981-07-25,1981,7,25,7.1597923
1981-07-26,1981,7,26,5.716456
1981-07-27,1981,7,27,5.9723614
1981-07-28,1981,7,28,3.0868131
1981-07-29,1981,7,29,4.8450966
1981-07-30,1981,7,30,2.8249391
1981-07-31,1981,7,31,4.489648
1981-08-01,1981,8,1,2.200018
1981-08-02,1981,8,2,-0.41152774
1981-08-03,1981,8,3,-1.2845144
1981-08-04,1981,8,4,-0.28076785
1981-08-05,1981,8,5,-0.10208331
1981-08-06,1981,8,6,-0.18144164
1981-08-07,1981,8,7,-2.1691221
1981-08-08,1981,8,8,0.87428152
1981-08-09,1981,8,9,5.1932876
1981-08-10,1981,8,10,6.1025786
1981-08-11,1981,8,11,3.3225255
1981-08-12,1981,8,12,2.8584646
1981-08-13,1981,8,13,5.5618745
1981-08-14,1981,8,14,5.4824042
1981-08-15,1981,8,15,5.1363839
1981-08-16,1981,8,16,4.7810874
1981-08-17,1981,8,17,7.0798081
1981-08-18,1981,8,18,7.8823511
1981-08-19,1981,8,19,9.0663185
1981-08-20,1981,8,20,8.6589686
1981-08-21,1981,8,21,8.046136
1981-08-22,1981,8,22,6.9515421
1981-08-23,1981,8,23,3.3006673
1981-08-24,1981,8,24,4.0709954
1981-08-25,1981,8,25,4.5594142
1981-08-26,1981,8,26,1.9890143
1981-08-27,1981,8,27,3.019461
1981-08-28,1981,8,28,1.0462306
1981-08-29,1981,8,29,3.9049146
1981-08-30,1981,8,30,0.77084255
1981-08-31,1981,8,31,0.2117197
1981-09-01,1981,9,1,2.74967
1981-09-02,1981,9,2,2.9294685
1981-09-03,1981,9,3,4.2986034
1981-09-04,1981,9,4,7.3392976
1981-09-05,1981,9,5,8.9268846
1981-09-06,1981,9,6,6.8861065
1981-09-07,1981,9,7,2.2098818
1981-09-08,1981,9,8,-0.7900597
1981-09-09,1981,9,9,-2.1767611
1981-09-10,1981,9,10,0.67434735
1981-09-11,1981,9,11,2.3064038
1981-09-12,1981,9,12,-1.6450663
1981-09-13,1981,9,13,-1.9982002
1981-09-14,1981,9,14,1.3324391
1981-09-15,1981,9,15,7.1251043
1981-09-16,1981,9,16,6.7341631
1981-09-17,1981,9,17,2.7531449
1981-09-18,1981,9,18,3.0314743
1981-09-19,1981,9,19,0.80813755
1981-09-20,1981,9,20,2.9474313
1981-09-21,1981,9,21,6.0638833
1981-09-22,1981,9,22,6.6774076
1981-09-23,1981,9,23,8.2027651
1981-09-24,1981,9,24,10.83555
1981-09-25,1981,9,25,10.749379
1981-09-26,1981,9,26,7.0944601
1981-09-27,1981,9,27,4.876358
1981-09-28,1981,9,28,3.9551441
1981-09-29,1981,9,29,8.7430352
1981-09-30,1981,9,30,10.671374
1981-10-01,1981,10,1,6.5602805
1981-10-02,1981,10,2,0.92764916
1981-10-03,1981,10,3,1.5318086
1981-10-04,1981,10,4,-1.4103046
1981-10-05,1981,10,5,-1.7320583
1981-10-06,1981,10,6,0.62768843
1981-10-07,1981,10,7,2.0947575
1981-10-08,1981,10,8,2.4229893
1981-10-09,1981,10,9,2.0591607
1981-10-10,1981,10,10,5.7934003
1981-10-11,1981,10,11,3.2938286
1981-10-12,1981,10,12,6.9215462
1981-10-13,1981,10,13,8.5300717
1981-10-14,1981,10,14,4.7529419
1981-10-15,1981,10,15,7.1957814
1981-10-16,1981,10,16,7.8576922
1981-10-17,1981,10,17,5.3851657
1981-10-18,1981,10,18,7.6878993
1981-10-19,1981,10,19,9.843923
1981-10-20,1981,10,20,8.3287254
1981-10-21,1981,10,21,10.42421
1981-10-22,1981,10,22,10.680128
1981-10-23,1981,10,23,10.637134
1981-10-24,1981,10,24,10.824587
1981-10-25,1981,10,25,7.5702407
1981-10-26,1981,10,26,9.6222619
1981-10-27,1981,10,27,9.7011403
1981-10-28,1981,10,28,9.2504811
1981-10-29,1981,10,29,8.1387334
1981-10-30,1981,10,30,11.390852
1981-10-31,1981,10,31,11.873228
1981-11-01,1981,11,1,11.343489
1981-11-02,1981,11,2,7.9780009
1981-11-03,1981,11,3,7.0873426
1981-11-04,1981,11,4,5.2106389
1981-11-05,1981,11,5,4.1725779
1981-11-06,1981,11,6,10.254722
1981-11-07,1981,11,7,8.027043
1981-11-08,1981,11,8,6.9378096
1981-11-09,1981,11,9,13.369198
1981-11-10,1981,11,10,11.634626
1981-11-11,1981,11,11,13.312222
1981-11-12,1981,11,12,12.822425
1981-11-13,1981,11,13,13.116685
1981-11-14,1981,11,14,13.281223
1981-11-15,1981,11,15,13.364012
1981-11-16,1981,11,16,11.380789
1981-11-17,1981,11,17,8.2546786
1981-11-18,1981,11,18,8.5212243
1981-11-19,1981,11,19,12.686413
1981-11-20,1981,11,20,12.4938
1981-11-21,1981,11,21,9.6577944
1981-11-22,1981,11,22,9.4141526
1981-11-23,1981,11,23,10.918942
1981-11-24,1981,11,24,10.523198
1981-11-25,1981,11,25,14.602953
1981-11-26,1981,11,26,14.047294
1981-11-27,1981,11,27,11.233245
1981-11-28,1981,11,28,11.373074
1981-11-29,1981,11,29,5.848058
1981-11-30,1981,11,30,4.2232037
1981-12-01,1981,12,1,8.7451851
1981-12-02,1981,12,2,11.676056
1981-12-03,1981,12,3,11.293577
1981-12-04,1981,12,4,7.595801
1981-12-05,1981,12,5,9.7634845
1981-12-06,1981,12,6,11.15356
1981-12-07,1981,12,7,14.206296
1981-12-08,1981,12,8,17.341987
1981-12-09,1981,12,9,15.070892
1981-12-10,1981,12,10,14.573305
1981-12-11,1981,12,11,15.128128
1981-12-12,1981,12,12,16.114878
1981-12-13,1981,12,13,14.118665
1981-12-14,1981,12,14,9.7087915
1981-12-15,1981,12,15,14.324103
1981-12-16,1981,12,16,10.036076
1981-12-17,1981,12,17,9.3734094
1981-12-18,1981,12,18,11.927415
1981-12-19,1981,12,19,12.258365
1981-12-20,1981,12,20,10.210824
1981-12-21,1981,12,21,8.4796284
1981-12-22,1981,12,22,13.334343
1981-12-23,1981,12,23,17.556223
1981-12-24,1981,12,24,15.391351
1981-12-25,1981,12,25,15.81282
1981-12-26,1981,12,26,16.564575
1981-12-27,1981,12,27,17.908716
1981-12-28,1981,12,28,18.265213
1981-12-29,1981,12,29,17.898879
1981-12-30,1981,12,30,15.94501
1981-12-31,1981,12,31,16.040677
1982-01-01,1982,1,1,16.016755
1982-01-02,1982,1,2,15.767138
1982-01-03,1982,1,3,16.956186
1982-01-04,1982,1,4,14.871547
1982-01-05,1982,1,5,13.461775
1982-01-06,1982,1,6,13.398697
1982-01-07,1982,1,7,12.009862
1982-01-08,1982,1,8,11.46903
1982-01-09,1982,1,9,14.457501
1982-01-10,1982,1,10,15.420231
1982-01-11,1982,1,11,15.316713
1982-01-12,1982,1,12,11.25709
1982-01-13,1982,1,13,15.099815
1982-01-14,1982,1,14,15.756776
1982-01-15,1982,1,15,12.316537
1982-01-16,1982,1,16,10.975317
1982-01-17,1982,1,17,17.420712
1982-01-18,1982,1,18,16.211622
1982-01-19,1982,1,19,16.11283
1982-01-20,1982,1,20,16.016408
1982-01-21,1982,1,21,19.497264
1982-01-22,1982,1,22,19.896947
1982-01-23,1982,1,23,16.226427
1982-01-24,1982,1,24,14.550099
1982-01-25,1982,1,25,15.757603
1982-01-26,1982,1,26,14.97368
1982-01-27,1982,1,27,14.593485
1982-01-28,1982,1,28,15.408344
1982-01-29,1982,1,29,13.13699
1982-01-30,1982,1,30,18.486451
1982-01-31,1982,1,31,17.889628
1982-02-01,1982,2,1,15.728644
1982-02-02,1982,2,2,12.934155
1982-02-03,1982,2,3,16.542812
1982-02-04,1982,2,4,16.899494
1982-02-05,1982,2,5,15.315114
1982-02-06,1982,2,6,13.604214
1982-02-07,1982,2,7,15.08298
1982-02-08,1982,2,8,15.639643
1982-02-09,1982,2,9,14.118994
1982-02-10,1982,2,10,11.59719
1982-02-11,1982,2,11,13.798637
1982-02-12,1982,2,12,13.963626
1982-02-13,1982,2,13,15.36797
1982-02-14,1982,2,14,16.393506
1982-02-15,1982,2,15,11.949521
1982-02-16,1982,2,16,12.801787
1982-02-17,1982,2,17,12.670528
1982-02-18,1982,2,18,13.300902
1982-02-19,1982,2,19,12.005904
1982-02-20,1982,2,20,10.779455
1982-02-21,1982,2,21,14.054269
1982-02-22,1982,2,22,13.449626
1982-02-23,1982,2,23,13.035272
1982-02-24,1982,2,24,10.461805
1982-02-25,1982,2,25,10.896982
1982-02-26,1982,2,26,12.302679
1982-02-27,1982,2,27,14.021776
1982-02-28,1982,2,28,16.001581
1982-03-01,1982,3,1,12.498684
1982-03-02,1982,3,2,13.94754
1982-03-03,1982,3,3,14.623074
1982-03-04,1982,3,4,14.316011
1982-03-05,1982,3,5,14.935395
1982-03-06,1982,3,6,13.753495
1982-03-07,1982,3,7,12.056954
1982-03-08,1982,3,8,12.50971
1982-03-09,1982,3,9,11.807878
1982-03-10,1982,3,10,14.867736
1982-03-11,1982,3,11,15.239471
1982-03-12,1982,3,12,14.761953
1982-03-13,1982,3,13,13.692138
1982-03-14,1982,3,14,14.215415
1982-03-15,1982,3,15,12.851873
1982-03-16,1982,3,16,8.8872741
1982-03-17,1982,3,17,12.485865
1982-03-18,1982,3,18,14.07582
1982-03-19,1982,3,19,13.069112
1982-03-20,1982,3,20,14.710526
1982-03-21,1982,3,21,15.820254
1982-03-22,1982,3,22,16.552318
1982-03-23,1982,3,23,16.233156
1982-03-24,1982,3,24,9.112392
1982-03-25,1982,3,25,4.8881221
1982-03-26,1982,3,26,4.0879637
1982-03-27,1982,3,27,8.3717968
1982-03-28,1982,3,28,11.860686
1982-03-29,1982,3,29,13.264823
1982-03-30,1982,3,30,13.172714
1982-03-31,1982,3,31,13.601417
1982-04-01,1982,4,1,14.679244
1982-04-02,1982,4,2,10.699033
1982-04-03,1982,4,3,13.654021
1982-04-04,1982,4,4,17.337067
1982-04-05,1982,4,5,15.814527
1982-04-06,1982,4,6,12.255458
1982-04-07,1982,4,7,13.700976
1982-04-08,1982,4,8,14.955367
1982-04-09,1982,4,9,16.263626
1982-04-10,1982,4,10,14.767344
1982-04-11,1982,4,11,13.555057
1982-04-12,1982,4,12,8.3720049
1982-04-13,1982,4,13,10.993176
1982-04-14,1982,4,14,8.0910357
1982-04-15,1982,4,15,9.564727
1982-04-16,1982,4,16,10.363229
1982-04-17,1982,4,17,5.952272
1982-04-18,1982,4,18,4.2899431
1982-04-19,1982,4,19,2.3086936
1982-04-20,1982,4,20,10.331479
1982-04-21,1982,4,21,10.759818
1982-04-22,1982,4,22,10.669635
1982-04-23,1982,4,23,9.5545833
1982-04-24,1982,4,24,13.377489
1982-04-25,1982,4,25,14.492524
1982-04-26,1982,4,26,14.211284
1982-04-27,1982,4,27,12.859033
1982-04-28,1982,4,28,16.886304
1982-04-29,1982,4,29,18.052895
1982-04-30,1982,4,30,18.531901
1982-05-01,1982,5,1,17.194093
1982-05-02,1982,5,2,14.945522
1982-05-03,1982,5,3,13.315477
1982-05-04,1982,5,4,12.239872
1982-05-05,1982,5,5,12.493203
1982-05-06,1982,5,6,8.4845955
1982-05-07,1982,5,7,9.7578851
1982-05-08,1982,5,8,4.7183441
1982-05-09,1982,5,9,0.0092142708
1982-05-10,1982,5,10,0.7993357
1982-05-11,1982,5,11,2.6608717
1982-05-12,1982,5,12,2.8709729
1982-05-13,1982,5,13,0.52103381
1982-05-14,1982,5,14,6.0464899
1982-05-15,1982,5,15,4.7048991
1982-05-16,1982,5,16,1.8882565
1982-05-17,1982,5,17,0.43889539
1982-05-18,1982,5,18,4.3459306
1982-05-19,1982,5,19,6.3337469
1982-05-20,1982,5,20,2.4733545
1982-05-21,1982,5,21,5.8874802
1982-05-22,1982,5,22,3.9223805
1982-05-23,1982,5,23,4.1596446
1982-05-24,1982,5,24,5.1628047
1982-05-25,1982,5,25,3.4981769
1982-05-26,1982,5,26,4.2066267
1982-05-27,1982,5,27,4.6746197
1982-05-28,1982,5,28,5.5523854
1982-05-29,1982,5,29,7.3197191
1982-05-30,1982,5,30,7.7460139
1982-05-31,1982,5,31,8.1942471
1982-06-01,1982,6,1,2.0612756
1982-06-02,1982,6,2,3.4406068
1982-06-03,1982,6,3,5.6954554
1982-06-04,1982,6,4,2.2337259
1982-06-05,1982,6,5,7.3742208
1982-06-06,1982,6,6,3.3129584
1982-06-07,1982,6,7,3.6107823
1982-06-08,1982,6,8,0.0094140808
1982-06-09,1982,6,9,1.3419371
1982-06-10,1982,6,10,-0.237451
1982-06-11,1982,6,11,-2.2879299
1982-06-12,1982,6,12,-1.3944816
1982-06-13,1982,6,13,-0.76501142
1982-06-14,1982,6,14,-0.41049845
1982-06-15,1982,6,15,1.9237296
1982-06-16,1982,6,16,6.5746626
1982-06-17,1982,6,17,3.4394835
1982-06-18,1982,6,18,-0.67308068
1982-06-19,1982,6,19,-2.407322
1982-06-20,1982,6,20,-1.14749
1982-06-21,1982,6,21,1.7135928
1982-06-22,1982,6,22,1.5118146
1982-06-23,1982,6,23,-2.0031558
1982-06-24,1982,6,24,-2.4213
1982-06-25,1982,6,25,-0.85475692
1982-06-26,1982,6,26,-0.44579693
1982-06-27,1982,6,27,-0.8850072
1982-06-28,1982,6,28,-2.5999633
1982-06-29,1982,6,29,0.36052247
1982-06-30,1982,6,30,4.8541915
1982-07-01,1982,7,1,6.2006396
1982-07-02,1982,7,2,3.3170874
1982-07-03,1982,7,3,2.7468924
1982-07-04,1982,7,4,3.748063
1982-07-05,1982,7,5,-0.84777973
1982-07-06,1982,7,6,-2.7960181
1982-07-07,1982,7,7,0.38471946
1982-07-08,1982,7,8,-0.96923894
1982-07-09,1982,7,9,1.1877196
1982-07-10,1982,7,10,3.2388721
1982-07-11,1982,7,11,1.6108682
1982-07-12,1982,7,12,-0.26654984
1982-07-13,1982,7,13,2.867966
1982-07-14,1982,7,14,2.5996601
1982-07-15,1982,7,15,-0.065104838
1982-07-16,1982,7,16,-1.2208191
1982-07-17,1982,7,17,-0.99203768
1982-07-18,1982,7,18,0.73676984
1982-07-19,1982,7,19,0.61356512
1982-07-20,1982,7,20,-0.95578627
1982-07-21,1982,7,21,-2.4621003
1982-07-22,1982,7,22,-2.919327
1982-07-23,1982,7,23,1.2326486
1982-07-24,1982,7,24,3.9436903
1982-07-25,1982,7,25,2.2308758
1982-07-26,1982,7,26,2.4654559
1982-07-27,1982,7,27,-1.370869
1982-07-28,1982,7,28,0.37779548
1982-07-29,1982,7,29,5.8993764
1982-07-30,1982,7,30,5.0356927
1982-07-31,1982,7,31,4.5267359
1982-08-01,1982,8,1,3.2020945
1982-08-02,1982,8,2,6.0683154
1982-08-03,1982,8,3,1.937325
1982-08-04,1982,8,4,0.95261179
1982-08-05,1982,8,5,-1.7960068
1982-08-06,1982,8,6,0.52485522
1982-08-07,1982,8,7,-0.51773146
1982-08-08,1982,8,8,5.279101
1982-08-09,1982,8,9,6.743431
1982-08-10,1982,8,10,8.2518089
1982-08-11,1982,8,11,7.748707
1982-08-12,1982,8,12,1.8730775
1982-08-13,1982,8,13,-4.4345307
1982-08-14,1982,8,14,0.89788298
1982-08-15,1982,8,15,7.8348565
1982-08-16,1982,8,16,7.9085073
1982-08-17,1982,8,17,6.833317
1982-08-18,1982,8,18,8.9166615
1982-08-19,1982,8,19,9.8269088
1982-08-20,1982,8,20,7.5230764
1982-08-21,1982,8,21,8.5542275
1982-08-22,1982,8,22,7.7051812
1982-08-23,1982,8,23,4.8204809
1982-08-24,1982,8,24,3.22004
1982-08-25,1982,8,25,1.1954778
1982-08-26,1982,8,26,2.9337538
1982-08-27,1982,8,27,2.2241995
1982-08-28,1982,8,28,-0.23738876
1982-08-29,1982,8,29,2.7026195
1982-08-30,1982,8,30,7.8664906
1982-08-31,1982,8,31,9.4977809
1982-09-01,1982,9,1,12.042207
1982-09-02,1982,9,2,12.712907
1982-09-03,1982,9,3,7.502362
1982-09-04,1982,9,4,9.4255686
1982-09-05,1982,9,5,13.755662
1982-09-06,1982,9,6,13.443051
1982-09-07,1982,9,7,9.9173875
1982-09-08,1982,9,8,8.71793
1982-09-09,1982,9,9,4.0949024
1982-09-10,1982,9,10,2.6374206
1982-09-11,1982,9,11,2.1704916
1982-09-12,1982,9,12,2.5174994
1982-09-13,1982,9,13,3.8198505
1982-09-14,1982,9,14,4.0646301
1982-09-15,1982,9,15,1.8875758
1982-09-16,1982,9,16,1.7706291
1982-09-17,1982,9,17,2.090384
1982-09-18,1982,9,18,5.8985904
1982-09-19,1982,9,19,2.2164275
1982-09-20,1982,9,20,2.2116124
1982-09-21,1982,9,21,4.3990358
1982-09-22,1982,9,22,5.1692724
1982-09-23,1982,9,23,1.4465861
1982-09-24,1982,9,24,3.8376368
1982-09-25,1982,9,25,8.9527874
1982-09-26,1982,9,26,3.9023597
1982-09-27,1982,9,27,5.5626473
1982-09-28,1982,9,28,3.0539922
1982-09-29,1982,9,29,3.4541697
1982-09-30,1982,9,30,0.82296
1982-10-01,1982,10,1,2.5202673
1982-10-02,1982,10,2,4.3859133
1982-10-03,1982,10,3,2.5717171
1982-10-04,1982,10,4,2.7572614
1982-10-05,1982,10,5,6.0785962
1982-10-06,1982,10,6,2.3419003
1982-10-07,1982,10,7,2.9156405
1982-10-08,1982,10,8,6.1299763
1982-10-09,1982,10,9,5.0150705
1982-10-10,1982,10,10,10.581939
1982-10-11,1982,10,11,5.1868827
1982-10-12,1982,10,12,5.2294051
1982-10-13,1982,10,13,11.813452
1982-10-14,1982,10,14,8.9287852
1982-10-15,1982,10,15,5.5308683
1982-10-16,1982,10,16,4.7458963
1982-10-17,1982,10,17,2.3915562
1982-10-18,1982,10,18,10.583043
1982-10-19,1982,10,19,7.6658915
1982-10-20,1982,10,20,4.1114062
1982-10-21,1982,10,21,3.9562537
1982-10-22,1982,10,22,1.1236714
1982-10-23,1982,10,23,1.7993967
1982-10-24,1982,10,24,2.0235789
1982-10-25,1982,10,25,7.2809789
1982-10-26,1982,10,26,7.4948465
1982-10-27,1982,10,27,9.5586544
1982-10-28,1982,10,28,11.006825
1982-10-29,1982,10,29,11.543658
1982-10-30,1982,10,30,14.429401
1982-10-31,1982,10,31,9.1946436
1982-11-01,1982,11,1,4.3071176
1982-11-02,1982,11,2,0.92312915
1982-11-03,1982,11,3,7.1344001
1982-11-04,1982,11,4,3.6756603
1982-11-05,1982,11,5,6.1488435
1982-11-06,1982,11,6,5.9967028
1982-11-07,1982,11,7,8.714041
1982-11-08,1982,11,8,9.5453023
1982-11-09,1982,11,9,5.5737747
1982-11-10,1982,11,10,3.7769032
1982-11-11,1982,11,11,4.9724991
1982-11-12,1982,11,12,7.8194655
1982-11-13,1982,11,13,7.5994555
1982-11-14,1982,11,14,9.9474721
1982-11-15,1982,11,15,11.974013
1982-11-16,1982,11,16,11.894301
1982-11-17,1982,11,17,9.059961
1982-11-18,1982,11,18,10.247342
1982-11-19,1982,11,19,10.711718
1982-11-20,1982,11,20,10.196645
1982-11-21,1982,11,21,10.379081
1982-11-22,1982,11,22,9.8297782
1982-11-23,1982,11,23,11.773698
1982-11-24,1982,11,24,11.146694
1982-11-25,1982,11,25,10.630514
1982-11-26,1982,11,26,10.213652
1982-11-27,1982,11,27,6.2763796
1982-11-28,1982,11,28,7.4715763
1982-11-29,1982,11,29,8.6622627
1982-11-30,1982,11,30,11.49743
1982-12-01,1982,12,1,14.7361
1982-12-02,1982,12,2,17.314369
1982-12-03,1982,12,3,15.839757
1982-12-04,1982,12,4,12.229482
1982-12-05,1982,12,5,12.328911
1982-12-06,1982,12,6,14.992685
1982-12-07,1982,12,7,15.172404
1982-12-08,1982,12,8,16.405067
1982-12-09,1982,12,9,15.711152
1982-12-10,1982,12,10,13.391388
1982-12-11,1982,12,11,12.634492
1982-12-12,1982,12,12,9.6054978
1982-12-13,1982,12,13,7.2808357
1982-12-14,1982,12,14,10.345709
1982-12-15,1982,12,15,10.812975
1982-12-16,1982,12,16,10.886291
1982-12-17,1982,12,17,9.275873
1982-12-18,1982,12,18,10.84942
1982-12-19,1982,12,19,13.130463
1982-12-20,1982,12,20,12.349045
1982-12-21,1982,12,21,12.112223
1982-12-22,1982,12,22,14.370785
1982-12-23,1982,12,23,17.624067
1982-12-24,1982,12,24,16.609173
1982-12-25,1982,12,25,15.33498
1982-12-26,1982,12,26,14.031699
1982-12-27,1982,12,27,14.909893
1982-12-28,1982,12,28,15.03857
1982-12-29,1982,12,29,13.717748
1982-12-30,1982,12,30,15.221812
1982-12-31,1982,12,31,16.145564
1983-01-01,1983,1,1,16.132482
1983-01-02,1983,1,2,14.015806
1983-01-03,1983,1,3,14.471459
1983-01-04,1983,1,4,17.156729
1983-01-05,1983,1,5,16.323429
1983-01-06,1983,1,6,15.207714
1983-01-07,1983,1,7,13.134516
1983-01-08,1983,1,8,14.315701
1983-01-09,1983,1,9,15.185027
1983-01-10,1983,1,10,16.432316
1983-01-11,1983,1,11,12.774512
1983-01-12,1983,1,12,10.064598
1983-01-13,1983,1,13,10.499506
1983-01-14,1983,1,14,12.70373
1983-01-15,1983,1,15,14.566026
1983-01-16,1983,1,16,12.672837
1983-01-17,1983,1,17,13.413274
1983-01-18,1983,1,18,15.47399
1983-01-19,1983,1,19,16.74009
1983-01-20,1983,1,20,16.34345
1983-01-21,1983,1,21,14.53887
1983-01-22,1983,1,22,13.820566
1983-01-23,1983,1,23,11.947974
1983-01-24,1983,1,24,10.174522
1983-01-25,1983,1,25,11.415
1983-01-26,1983,1,26,14.870199
1983-01-27,1983,1,27,15.324952
1983-01-28,1983,1,28,13.716902
1983-01-29,1983,1,29,9.100424
1983-01-30,1983,1,30,10.100165
1983-01-31,1983,1,31,13.073621
1983-02-01,1983,2,1,14.626699
1983-02-02,1983,2,2,15.590357
1983-02-03,1983,2,3,15.441264
1983-02-04,1983,2,4,13.927993
1983-02-05,1983,2,5,13.78942
1983-02-06,1983,2,6,14.06598
1983-02-07,1983,2,7,14.49042
1983-02-08,1983,2,8,14.134901
1983-02-09,1983,2,9,14.478566
1983-02-10,1983,2,10,11.692785
1983-02-11,1983,2,11,12.018592
1983-02-12,1983,2,12,12.33139
1983-02-13,1983,2,13,10.45295
1983-02-14,1983,2,14,7.1692674
1983-02-15,1983,2,15,8.6741332
1983-02-16,1983,2,16,14.607956
1983-02-17,1983,2,17,15.31042
1983-02-18,1983,2,18,14.576808
1983-02-19,1983,2,19,14.312532
1983-02-20,1983,2,20,15.279218
1983-02-21,1983,2,21,15.323326
1983-02-22,1983,2,22,15.861386
1983-02-23,1983,2,23,14.568488
1983-02-24,1983,2,24,12.298592
1983-02-25,1983,2,25,12.434199
1983-02-26,1983,2,26,10.893529
1983-02-27,1983,2,27,13.776756
1983-02-28,1983,2,28,13.6143
1983-03-01,1983,3,1,9.9438939
1983-03-02,1983,3,2,8.8478982
1983-03-03,1983,3,3,10.609601
1983-03-04,1983,3,4,11.090098
1983-03-05,1983,3,5,13.003636
1983-03-06,1983,3,6,11.679482
1983-03-07,1983,3,7,11.260352
1983-03-08,1983,3,8,13.397772
1983-03-09,1983,3,9,14.319959
1983-03-10,1983,3,10,15.087479
1983-03-11,1983,3,11,13.868015
1983-03-12,1983,3,12,15.081476
1983-03-13,1983,3,13,17.623923
1983-03-14,1983,3,14,16.331385
1983-03-15,1983,3,15,11.447905
1983-03-16,1983,3,16,11.460456
1983-03-17,1983,3,17,10.758464
1983-03-18,1983,3,18,14.542306
1983-03-19,1983,3,19,16.981977
1983-03-20,1983,3,20,16.716397
1983-03-21,1983,3,21,15.904463
1983-03-22,1983,3,22,16.572831
1983-03-23,1983,3,23,15.560927
1983-03-24,1983,3,24,16.652558
1983-03-25,1983,3,25,13.914833
1983-03-26,1983,3,26,11.419308
1983-03-27,1983,3,27,11.695903
1983-03-28,1983,3,28,12.548725
1983-03-29,1983,3,29,11.882183
1983-03-30,1983,3,30,11.634594
1983-03-31,1983,3,31,14.420677
1983-04-01,1983,4,1,7.5841225
1983-04-02,1983,4,2,4.6660669
1983-04-03,1983,4,3,8.2158311
1983-04-04,1983,4,4,9.8172455
1983-04-05,1983,4,5,11.989997
1983-04-06,1983,4,6,14.722996
1983-04-07,1983,4,7,15.599037
1983-04-08,1983,4,8,12.900864
1983-04-09,1983,4,9,13.260374
1983-04-10,1983,4,10,14.383437
1983-04-11,1983,4,11,9.7712073
1983-04-12,1983,4,12,9.0325306
1983-04-13,1983,4,13,12.633561
1983-04-14,1983,4,14,12.860613
1983-04-15,1983,4,15,11.447861
1983-04-16,1983,4,16,10.374261
1983-04-17,1983,4,17,8.7310716
1983-04-18,1983,4,18,10.13459
1983-04-19,1983,4,19,9.9029569
1983-04-20,1983,4,20,10.937496
1983-04-21,1983,4,21,10.236412
1983-04-22,1983,4,22,9.358225
1983-04-23,1983,4,23,7.6974823
1983-04-24,1983,4,24,4.8187317
1983-04-25,1983,4,25,9.2960909
1983-04-26,1983,4,26,7.0843452
1983-04-27,1983,4,27,6.426036
1983-04-28,1983,4,28,3.246368
1983-04-29,1983,4,29,6.0943367
1983-04-30,1983,4,30,6.2174008
1983-05-01,1983,5,1,6.9739431
1983-05-02,1983,5,2,5.5254898
1983-05-03,1983,5,3,1.1920191
1983-05-04,1983,5,4,2.3371183
1983-05-05,1983,5,5,7.9884835
1983-05-06,1983,5,6,8.6091547
1983-05-07,1983,5,7,5.8048945
1983-05-08,1983,5,8,6.4352946
1983-05-09,1983,5,9,3.7773793
1983-05-10,1983,5,10,6.7163341
1983-05-11,1983,5,11,5.2957878
1983-05-12,1983,5,12,6.9158648
1983-05-13,1983,5,13,9.4586673
1983-05-14,1983,5,14,6.7304032
1983-05-15,1983,5,15,2.9222879
1983-05-16,1983,5,16,0.80843465
1983-05-17,1983,5,17,0.8970017
1983-05-18,1983,5,18,0.93610841
1983-05-19,1983,5,19,1.9563569
1983-05-20,1983,5,20,4.9993803
1983-05-21,1983,5,21,3.1270392
1983-05-22,1983,5,22,0.94457071
1983-05-23,1983,5,23,4.1305006
1983-05-24,1983,5,24,6.7749145
1983-05-25,1983,5,25,4.4541816
1983-05-26,1983,5,26,0.89055187
1983-05-27,1983,5,27,-1.7751249
1983-05-28,1983,5,28,-1.7822105
1983-05-29,1983,5,29,-1.7185624
1983-05-30,1983,5,30,-3.9112012
1983-05-31,1983,5,31,-5.6946087
1983-06-01,1983,6,1,-7.3891992
1983-06-02,1983,6,2,-4.6310387
1983-06-03,1983,6,3,-0.11086552
1983-06-04,1983,6,4,-0.49457987
1983-06-05,1983,6,5,-0.70029521
1983-06-06,1983,6,6,-1.5278659
1983-06-07,1983,6,7,-0.72708508
1983-06-08,1983,6,8,-2.4878312
1983-06-09,1983,6,9,0.19494153
1983-06-10,1983,6,10,-0.15546648
1983-06-11,1983,6,11,-0.92371086
1983-06-12,1983,6,12,-3.0577691
1983-06-13,1983,6,13,-3.4097189
1983-06-14,1983,6,14,0.1980115
1983-06-15,1983,6,15,4.608313
1983-06-16,1983,6,16,6.0306206
1983-06-17,1983,6,17,5.3190689
1983-06-18,1983,6,18,0.026326721
1983-06-19,1983,6,19,-3.0011794
1983-06-20,1983,6,20,-4.6904752
1983-06-21,1983,6,21,-5.0357006
1983-06-22,1983,6,22,-5.831907
1983-06-23,1983,6,23,-3.4461378
1983-06-24,1983,6,24,-0.9527796
1983-06-25,1983,6,25,0.2680231
1983-06-26,1983,6,26,0.28674667
1983-06-27,1983,6,27,0.83215559
1983-06-28,1983,6,28,1.2096836
1983-06-29,1983,6,29,0.87285168
1983-06-30,1983,6,30,0.041300438
1983-07-01,1983,7,1,2.4809232
1983-07-02,1983,7,2,-1.501872
1983-07-03,1983,7,3,2.9153005
1983-07-04,1983,7,4,1.3473141
1983-07-05,1983,7,5,-2.2055484
1983-07-06,1983,7,6,-1.7410974
1983-07-07,1983,7,7,-2.815349
1983-07-08,1983,7,8,-4.5782376
1983-07-09,1983,7,9,-6.3762793
1983-07-10,1983,7,10,-6.0771357
1983-07-11,1983,7,11,-5.5547891
1983-07-12,1983,7,12,1.0265613
1983-07-13,1983,7,13,1.5889021
1983-07-14,1983,7,14,-3.3939625
1983-07-15,1983,7,15,0.34809805
1983-07-16,1983,7,16,5.1800371
1983-07-17,1983,7,17,3.5198594
1983-07-18,1983,7,18,2.1444949
1983-07-19,1983,7,19,4.1507608
1983-07-20,1983,7,20,2.765736
1983-07-21,1983,7,21,1.5621329
1983-07-22,1983,7,22,2.208544
1983-07-23,1983,7,23,1.151755
1983-07-24,1983,7,24,-0.098074374
1983-07-25,1983,7,25,2.228009
1983-07-26,1983,7,26,5.0144647
1983-07-27,1983,7,27,5.017779
1983-07-28,1983,7,28,-2.4314993
1983-07-29,1983,7,29,-1.5685422
1983-07-30,1983,7,30,-0.079161337
1983-07-31,1983,7,31,-0.16204313
1983-08-01,1983,8,1,2.2716725
1983-08-02,1983,8,2,5.3249194
1983-08-03,1983,8,3,3.3195644
1983-08-04,1983,8,4,5.3473027
1983-08-05,1983,8,5,0.41156776
1983-08-06,1983,8,6,1.084114
1983-08-07,1983,8,7,1.6114662
1983-08-08,1983,8,8,2.0644624
1983-08-09,1983,8,9,4.2236126
1983-08-10,1983,8,10,-1.8637482
1983-08-11,1983,8,11,1.6499572
1983-08-12,1983,8,12,-2.5220603
1983-08-13,1983,8,13,3.4945454
1983-08-14,1983,8,14,-0.66221916
1983-08-15,1983,8,15,-0.30567449
1983-08-16,1983,8,16,6.6778301
1983-08-17,1983,8,17,4.9045071
1983-08-18,1983,8,18,6.9051336
1983-08-19,1983,8,19,8.9949368
1983-08-20,1983,8,20,8.7621511
1983-08-21,1983,8,21,4.9940483
1983-08-22,1983,8,22,1.2963402
1983-08-23,1983,8,23,-0.66840769
1983-08-24,1983,8,24,-1.0142917
1983-08-25,1983,8,25,-0.44126988
1983-08-26,1983,8,26,-1.0166484
1983-08-27,1983,8,27,0.4848469
1983-08-28,1983,8,28,-0.70757629
1983-08-29,1983,8,29,-1.7612463
1983-08-30,1983,8,30,-2.4733986
1983-08-31,1983,8,31,-2.4876152
1983-09-01,1983,9,1,3.2371646
1983-09-02,1983,9,2,2.9651391
1983-09-03,1983,9,3,4.2672431
1983-09-04,1983,9,4,0.7870762
1983-09-05,1983,9,5,-2.2288185
1983-09-06,1983,9,6,-0.32338956
1983-09-07,1983,9,7,-1.0422592
1983-09-08,1983,9,8,0.90282574
1983-09-09,1983,9,9,4.1720822
1983-09-10,1983,9,10,6.1029981
1983-09-11,1983,9,11,5.2819919
1983-09-12,1983,9,12,6.8755542
1983-09-13,1983,9,13,6.3363871
1983-09-14,1983,9,14,2.1224931
1983-09-15,1983,9,15,1.3417125
1983-09-16,1983,9,16,-0.46063542
1983-09-17,1983,9,17,-2.0709516
1983-09-18,1983,9,18,-1.1137424
1983-09-19,1983,9,19,4.9317115
1983-09-20,1983,9,20,4.1780922
1983-09-21,1983,9,21,3.0129288
1983-09-22,1983,9,22,2.0990254
1983-09-23,1983,9,23,7.0210489
1983-09-24,1983,9,24,8.0492092
1983-09-25,1983,9,25,4.8976017
1983-09-26,1983,9,26,-1.101527
1983-09-27,1983,9,27,-1.5143418
1983-09-28,1983,9,28,-0.89863784
1983-09-29,1983,9,29,5.7415726
1983-09-30,1983,9,30,8.5368673
1983-10-01,1983,10,1,11.776475
1983-10-02,1983,10,2,13.215534
1983-10-03,1983,10,3,13.281028
1983-10-04,1983,10,4,12.100885
1983-10-05,1983,10,5,12.67544
1983-10-06,1983,10,6,10.514369
1983-10-07,1983,10,7,7.8600211
1983-10-08,1983,10,8,6.9774516
1983-10-09,1983,10,9,9.0879003
1983-10-10,1983,10,10,7.0553429
1983-10-11,1983,10,11,10.333936
1983-10-12,1983,10,12,10.133706
1983-10-13,1983,10,13,7.1979603
1983-10-14,1983,10,14,5.9322834
1983-10-15,1983,10,15,3.4069992
1983-10-16,1983,10,16,0.56553158
1983-10-17,1983,10,17,6.9969677
1983-10-18,1983,10,18,4.7295287
1983-10-19,1983,10,19,4.9223951
1983-10-20,1983,10,20,5.6070692
1983-10-21,1983,10,21,6.2507274
1983-10-22,1983,10,22,10.285633
1983-10-23,1983,10,23,13.498921
1983-10-24,1983,10,24,10.737536
1983-10-25,1983,10,25,4.2284704
1983-10-26,1983,10,26,9.8308798
1983-10-27,1983,10,27,7.5420143
1983-10-28,1983,10,28,8.311629
1983-10-29,1983,10,29,11.970954
1983-10-30,1983,10,30,10.815064
1983-10-31,1983,10,31,11.041121
1983-11-01,1983,11,1,11.210579
1983-11-02,1983,11,2,12.983994
1983-11-03,1983,11,3,14.675654
1983-11-04,1983,11,4,13.881734
1983-11-05,1983,11,5,10.609915
1983-11-06,1983,11,6,8.3630623
1983-11-07,1983,11,7,11.625304
1983-11-08,1983,11,8,10.996516
1983-11-09,1983,11,9,9.0910403
1983-11-10,1983,11,10,9.6589266
1983-11-11,1983,11,11,6.1375241
1983-11-12,1983,11,12,8.7576109
1983-11-13,1983,11,13,10.10643
1983-11-14,1983,11,14,10.698749
1983-11-15,1983,11,15,10.634428
1983-11-16,1983,11,16,6.1350413
1983-11-17,1983,11,17,7.9708317
1983-11-18,1983,11,18,9.7836779
1983-11-19,1983,11,19,11.154949
1983-11-20,1983,11,20,10.223379
1983-11-21,1983,11,21,13.907288
1983-11-22,1983,11,22,15.662377
1983-11-23,1983,11,23,14.583468
1983-11-24,1983,11,24,15.612403
1983-11-25,1983,11,25,14.792953
1983-11-26,1983,11,26,14.725178
1983-11-27,1983,11,27,14.674248
1983-11-28,1983,11,28,16.634986
1983-11-29,1983,11,29,15.510468
1983-11-30,1983,11,30,14.569709
1983-12-01,1983,12,1,14.299202
1983-12-02,1983,12,2,12.926594
1983-12-03,1983,12,3,13.462493
1983-12-04,1983,12,4,14.188718
1983-12-05,1983,12,5,15.701015
1983-12-06,1983,12,6,15.618633
1983-12-07,1983,12,7,13.890125
1983-12-08,1983,12,8,13.952353
1983-12-09,1983,12,9,14.379037
1983-12-10,1983,12,10,11.588183
1983-12-11,1983,12,11,16.096217
1983-12-12,1983,12,12,17.840393
1983-12-13,1983,12,13,17.383186
1983-12-14,1983,12,14,16.180138
1983-12-15,1983,12,15,14.089468
1983-12-16,1983,12,16,13.178938
1983-12-17,1983,12,17,13.94227
1983-12-18,1983,12,18,13.639517
1983-12-19,1983,12,19,13.085036
1983-12-20,1983,12,20,14.135408
1983-12-21,1983,12,21,16.892222
1983-12-22,1983,12,22,16.179756
1983-12-23,1983,12,23,15.644005
1983-12-24,1983,12,24,17.889509
1983-12-25,1983,12,25,16.183397
1983-12-26,1983,12,26,16.231008
1983-12-27,1983,12,27,16.596136
1983-12-28,1983,12,28,15.223957
1983-12-29,1983,12,29,10.825374
1983-12-30,1983,12,30,13.764777
1983-12-31,1983,12,31,15.033668
1984-01-01,1984,1,1,13.61181
1984-01-02,1984,1,2,15.963751
1984-01-03,1984,1,3,17.24326
1984-01-04,1984,1,4,17.522502
1984-01-05,1984,1,5,15.823528
1984-01-06,1984,1,6,12.989891
1984-01-07,1984,1,7,12.779785
1984-01-08,1984,1,8,12.628003
1984-01-09,1984,1,9,16.46944
1984-01-10,1984,1,10,16.313807
1984-01-11,1984,1,11,15.710256
1984-01-12,1984,1,12,12.074545
1984-01-13,1984,1,13,14.971489
1984-01-14,1984,1,14,12.943107
1984-01-15,1984,1,15,13.131451
1984-01-16,1984,1,16,16.47182
1984-01-17,1984,1,17,16.937039
1984-01-18,1984,1,18,17.794846
1984-01-19,1984,1,19,16.958609
1984-01-20,1984,1,20,15.192964
1984-01-21,1984,1,21,13.842479
1984-01-22,1984,1,22,16.004228
1984-01-23,1984,1,23,16.273953
1984-01-24,1984,1,24,15.883257
1984-01-25,1984,1,25,15.50461
1984-01-26,1984,1,26,13.054405
1984-01-27,1984,1,27,15.814477
1984-01-28,1984,1,28,12.489688
1984-01-29,1984,1,29,13.515216
1984-01-30,1984,1,30,14.084951
1984-01-31,1984,1,31,15.336687
1984-02-01,1984,2,1,15.780139
1984-02-02,1984,2,2,15.43454
1984-02-03,1984,2,3,13.070082
1984-02-04,1984,2,4,8.6217319
1984-02-05,1984,2,5,16.4725
1984-02-06,1984,2,6,19.503695
1984-02-07,1984,2,7,15.0913
1984-02-08,1984,2,8,15.64479
1984-02-09,1984,2,9,15.585563
1984-02-10,1984,2,10,11.981938
1984-02-11,1984,2,11,12.613452
1984-02-12,1984,2,12,11.746588
1984-02-13,1984,2,13,17.263752
1984-02-14,1984,2,14,17.338822
1984-02-15,1984,2,15,18.670511
1984-02-16,1984,2,16,19.154706
1984-02-17,1984,2,17,17.724979
1984-02-18,1984,2,18,15.338308
1984-02-19,1984,2,19,15.926891
1984-02-20,1984,2,20,15.508475
1984-02-21,1984,2,21,15.464629
1984-02-22,1984,2,22,16.797985
1984-02-23,1984,2,23,14.26056
1984-02-24,1984,2,24,12.228229
1984-02-25,1984,2,25,9.7120152
1984-02-26,1984,2,26,12.308091
1984-02-27,1984,2,27,10.557729
1984-02-28,1984,2,28,11.221662
1984-02-29,1984,2,29,15.689683
1984-03-01,1984,3,1,14.570078
1984-03-02,1984,3,2,13.202621
1984-03-03,1984,3,3,15.749994
1984-03-04,1984,3,4,17.451381
1984-03-05,1984,3,5,17.199907
1984-03-06,1984,3,6,16.429903
1984-03-07,1984,3,7,13.329301
1984-03-08,1984,3,8,13.734813
1984-03-09,1984,3,9,16.038148
1984-03-10,1984,3,10,15.68329
1984-03-11,1984,3,11,14.075854
1984-03-12,1984,3,12,12.088047
1984-03-13,1984,3,13,9.7634894
1984-03-14,1984,3,14,9.5875272
1984-03-15,1984,3,15,10.087304
1984-03-16,1984,3,16,12.890646
1984-03-17,1984,3,17,14.270129
1984-03-18,1984,3,18,15.48953
1984-03-19,1984,3,19,13.709908
1984-03-20,1984,3,20,14.538316
1984-03-21,1984,3,21,14.537678
1984-03-22,1984,3,22,12.181573
1984-03-23,1984,3,23,7.7027618
1984-03-24,1984,3,24,10.603708
1984-03-25,1984,3,25,14.74535
1984-03-26,1984,3,26,14.627868
1984-03-27,1984,3,27,12.188068
1984-03-28,1984,3,28,10.786615
1984-03-29,1984,3,29,11.993048
1984-03-30,1984,3,30,7.7837158
1984-03-31,1984,3,31,10.157972
1984-04-01,1984,4,1,9.6328985
1984-04-02,1984,4,2,7.8416418
1984-04-03,1984,4,3,11.227648
1984-04-04,1984,4,4,13.428534
1984-04-05,1984,4,5,10.057421
1984-04-06,1984,4,6,13.239701
1984-04-07,1984,4,7,13.571609
1984-04-08,1984,4,8,13.54292
1984-04-09,1984,4,9,15.767731
1984-04-10,1984,4,10,17.346463
1984-04-11,1984,4,11,19.086086
1984-04-12,1984,4,12,18.087191
1984-04-13,1984,4,13,15.181509
1984-04-14,1984,4,14,10.978068
1984-04-15,1984,4,15,4.7623595
1984-04-16,1984,4,16,4.0275945
1984-04-17,1984,4,17,6.1727835
1984-04-18,1984,4,18,3.7316647
1984-04-19,1984,4,19,0.86683089
1984-04-20,1984,4,20,2.0124855
1984-04-21,1984,4,21,4.0972444
1984-04-22,1984,4,22,5.7287256
1984-04-23,1984,4,23,8.028819
1984-04-24,1984,4,24,8.5005321
1984-04-25,1984,4,25,13.619513
1984-04-26,1984,4,26,10.658201
1984-04-27,1984,4,27,8.7315706
1984-04-28,1984,4,28,5.7279842
1984-04-29,1984,4,29,7.3796976
1984-04-30,1984,4,30,8.936194
1984-05-01,1984,5,1,9.3254124
1984-05-02,1984,5,2,7.1077358
1984-05-03,1984,5,3,4.2136179
1984-05-04,1984,5,4,1.952636
1984-05-05,1984,5,5,3.4859732
1984-05-06,1984,5,6,1.3569042
1984-05-07,1984,5,7,4.1142441
1984-05-08,1984,5,8,2.3980178
1984-05-09,1984,5,9,3.1582765
1984-05-10,1984,5,10,2.6489329
1984-05-11,1984,5,11,3.2105145
1984-05-12,1984,5,12,2.6419236
1984-05-13,1984,5,13,2.6058552
1984-05-14,1984,5,14,2.8133116
1984-05-15,1984,5,15,4.4751657
1984-05-16,1984,5,16,3.0695267
1984-05-17,1984,5,17,1.7146606
1984-05-18,1984,5,18,0.44375781
1984-05-19,1984,5,19,1.1365334
1984-05-20,1984,5,20,2.1557656
1984-05-21,1984,5,21,0.45501479
1984-05-22,1984,5,22,0.98006554
1984-05-23,1984,5,23,0.61010191
1984-05-24,1984,5,24,-0.10348773
1984-05-25,1984,5,25,-0.048236578
1984-05-26,1984,5,26,-0.65464935
1984-05-27,1984,5,27,-2.1325595
1984-05-28,1984,5,28,-4.2250561
1984-05-29,1984,5,29,2.6807194
1984-05-30,1984,5,30,6.4737283
1984-05-31,1984,5,31,6.2369153
1984-06-01,1984,6,1,-1.1051597
1984-06-02,1984,6,2,-2.4211774
1984-06-03,1984,6,3,-4.4873024
1984-06-04,1984,6,4,-4.4288388
1984-06-05,1984,6,5,-4.7152485
1984-06-06,1984,6,6,-2.0525028
1984-06-07,1984,6,7,0.048513906
1984-06-08,1984,6,8,-3.172595
1984-06-09,1984,6,9,0.020000486
1984-06-10,1984,6,10,0.72963494
1984-06-11,1984,6,11,-1.0508825
1984-06-12,1984,6,12,0.12929672
1984-06-13,1984,6,13,1.6279736
1984-06-14,1984,6,14,0.32676342
1984-06-15,1984,6,15,-1.9010704
1984-06-16,1984,6,16,-0.61906943
1984-06-17,1984,6,17,1.0780602
1984-06-18,1984,6,18,0.69293827
1984-06-19,1984,6,19,-1.5171087
1984-06-20,1984,6,20,0.70135337
1984-06-21,1984,6,21,-0.77885388
1984-06-22,1984,6,22,-0.72465113
1984-06-23,1984,6,23,0.44932812
1984-06-24,1984,6,24,-3.0480894
1984-06-25,1984,6,25,-3.9124625
1984-06-26,1984,6,26,-3.9565221
1984-06-27,1984,6,27,-0.74152784
1984-06-28,1984,6,28,2.5244181
1984-06-29,1984,6,29,4.5862161
1984-06-30,1984,6,30,0.82373504
1984-07-01,1984,7,1,-2.12575
1984-07-02,1984,7,2,-4.2633015
1984-07-03,1984,7,3,-4.5777311
1984-07-04,1984,7,4,-2.2546382
1984-07-05,1984,7,5,-4.2400824
1984-07-06,1984,7,6,-4.1162535
1984-07-07,1984,7,7,-2.2378397
1984-07-08,1984,7,8,-1.8832518
1984-07-09,1984,7,9,-3.8977425
1984-07-10,1984,7,10,-2.2987956
1984-07-11,1984,7,11,-5.1808744
1984-07-12,1984,7,12,-2.2142158
1984-07-13,1984,7,13,-0.13482797
1984-07-14,1984,7,14,-1.41384
1984-07-15,1984,7,15,-2.1699105
1984-07-16,1984,7,16,3.4719868
1984-07-17,1984,7,17,5.0380049
1984-07-18,1984,7,18,6.0850083
1984-07-19,1984,7,19,6.4742893
1984-07-20,1984,7,20,6.7490236
1984-07-21,1984,7,21,6.3073566
1984-07-22,1984,7,22,6.022972
1984-07-23,1984,7,23,6.5283241
1984-07-24,1984,7,24,4.8331275
1984-07-25,1984,7,25,6.3733173
1984-07-26,1984,7,26,6.2283794
1984-07-27,1984,7,27,7.2929092
1984-07-28,1984,7,28,8.5904001
1984-07-29,1984,7,29,10.029871
1984-07-30,1984,7,30,4.0164647
1984-07-31,1984,7,31,0.084432653
1984-08-01,1984,8,1,2.2815917
1984-08-02,1984,8,2,5.9475544
1984-08-03,1984,8,3,1.4060683
1984-08-04,1984,8,4,-3.7034113
1984-08-05,1984,8,5,-4.3111191
1984-08-06,1984,8,6,-1.964347
1984-08-07,1984,8,7,1.5624472
1984-08-08,1984,8,8,-2.6698482
1984-08-09,1984,8,9,-0.39699856
1984-08-10,1984,8,10,-2.7202711
1984-08-11,1984,8,11,-3.3401247
1984-08-12,1984,8,12,-1.8973486
1984-08-13,1984,8,13,1.1873906
1984-08-14,1984,8,14,3.8084051
1984-08-15,1984,8,15,3.450227
1984-08-16,1984,8,16,4.8284444
1984-08-17,1984,8,17,1.0443832
1984-08-18,1984,8,18,0.90940639
1984-08-19,1984,8,19,0.032428596
1984-08-20,1984,8,20,2.4821787
1984-08-21,1984,8,21,1.5819012
1984-08-22,1984,8,22,-1.8263671
1984-08-23,1984,8,23,-3.8213906
1984-08-24,1984,8,24,-2.6030801
1984-08-25,1984,8,25,3.9512953
1984-08-26,1984,8,26,5.1141963
1984-08-27,1984,8,27,6.2078622
1984-08-28,1984,8,28,5.6998061
1984-08-29,1984,8,29,6.8288099
1984-08-30,1984,8,30,7.1885878
1984-08-31,1984,8,31,5.2922138
1984-09-01,1984,9,1,6.9732985
1984-09-02,1984,9,2,8.737343
1984-09-03,1984,9,3,7.4307945
1984-09-04,1984,9,4,4.0682118
1984-09-05,1984,9,5,2.8726383
1984-09-06,1984,9,6,5.0741571
1984-09-07,1984,9,7,7.582387
1984-09-08,1984,9,8,8.9271992
1984-09-09,1984,9,9,6.7685593
1984-09-10,1984,9,10,7.5496673
1984-09-11,1984,9,11,8.4141219
1984-09-12,1984,9,12,5.3514277
1984-09-13,1984,9,13,3.3450788
1984-09-14,1984,9,14,-0.58070909
1984-09-15,1984,9,15,2.187982
1984-09-16,1984,9,16,4.0096937
1984-09-17,1984,9,17,4.2013326
1984-09-18,1984,9,18,1.5079741
1984-09-19,1984,9,19,-1.4361453
1984-09-20,1984,9,20,-2.7957754
1984-09-21,1984,9,21,1.9341199
1984-09-22,1984,9,22,2.4298954
1984-09-23,1984,9,23,-1.6890167
1984-09-24,1984,9,24,0.63620215
1984-09-25,1984,9,25,-0.8364257
1984-09-26,1984,9,26,0.12351923
1984-09-27,1984,9,27,7.4406079
1984-09-28,1984,9,28,9.4365851
1984-09-29,1984,9,29,9.6757725
1984-09-30,1984,9,30,4.5694236
1984-10-01,1984,10,1,2.6497278
1984-10-02,1984,10,2,-1.0164207
1984-10-03,1984,10,3,1.7847749
1984-10-04,1984,10,4,2.1087257
1984-10-05,1984,10,5,1.4907498
1984-10-06,1984,10,6,7.4296391
1984-10-07,1984,10,7,6.1336625
1984-10-08,1984,10,8,3.592896
1984-10-09,1984,10,9,7.6186754
1984-10-10,1984,10,10,10.898453
1984-10-11,1984,10,11,9.5685198
1984-10-12,1984,10,12,10.679774
1984-10-13,1984,10,13,11.46647
1984-10-14,1984,10,14,9.7858499
1984-10-15,1984,10,15,10.224433
1984-10-16,1984,10,16,6.8333757
1984-10-17,1984,10,17,10.27396
1984-10-18,1984,10,18,10.803968
1984-10-19,1984,10,19,10.62936
1984-10-20,1984,10,20,8.1782965
1984-10-21,1984,10,21,10.003817
1984-10-22,1984,10,22,10.290943
1984-10-23,1984,10,23,10.907363
1984-10-24,1984,10,24,9.7283674
1984-10-25,1984,10,25,6.5425796
1984-10-26,1984,10,26,10.284285
1984-10-27,1984,10,27,8.3744393
1984-10-28,1984,10,28,5.1629547
1984-10-29,1984,10,29,3.5629457
1984-10-30,1984,10,30,10.891579
1984-10-31,1984,10,31,11.41594
1984-11-01,1984,11,1,7.8490411
1984-11-02,1984,11,2,4.8752599
1984-11-03,1984,11,3,6.3687495
1984-11-04,1984,11,4,6.5095013
1984-11-05,1984,11,5,5.9780068
1984-11-06,1984,11,6,6.4095188
1984-11-07,1984,11,7,4.1415805
1984-11-08,1984,11,8,4.6271129
1984-11-09,1984,11,9,9.606605
1984-11-10,1984,11,10,4.3496776
1984-11-11,1984,11,11,2.6608417
1984-11-12,1984,11,12,6.7303839
1984-11-13,1984,11,13,9.0577059
1984-11-14,1984,11,14,8.6310547
1984-11-15,1984,11,15,10.121476
1984-11-16,1984,11,16,11.567257
1984-11-17,1984,11,17,12.746409
1984-11-18,1984,11,18,11.453567
1984-11-19,1984,11,19,14.9062
1984-11-20,1984,11,20,11.621251
1984-11-21,1984,11,21,13.629292
1984-11-22,1984,11,22,9.5905976
1984-11-23,1984,11,23,8.8152747
1984-11-24,1984,11,24,10.952857
1984-11-25,1984,11,25,13.286999
1984-11-26,1984,11,26,15.336339
1984-11-27,1984,11,27,12.122054
1984-11-28,1984,11,28,13.176699
1984-11-29,1984,11,29,11.081966
1984-11-30,1984,11,30,11.208417
1984-12-01,1984,12,1,10.665415
1984-12-02,1984,12,2,14.350472
1984-12-03,1984,12,3,14.940302
1984-12-04,1984,12,4,12.184407
1984-12-05,1984,12,5,11.653577
1984-12-06,1984,12,6,11.314796
1984-12-07,1984,12,7,10.837482
1984-12-08,1984,12,8,12.065042
1984-12-09,1984,12,9,11.002521
1984-12-10,1984,12,10,12.943279
1984-12-11,1984,12,11,10.330206
1984-12-12,1984,12,12,10.171544
1984-12-13,1984,12,13,10.074551
1984-12-14,1984,12,14,9.7714154
1984-12-15,1984,12,15,9.9960822
1984-12-16,1984,12,16,10.571695
1984-12-17,1984,12,17,12.022473
1984-12-18,1984,12,18,11.651642
1984-12-19,1984,12,19,11.315422
1984-12-20,1984,12,20,12.729135
1984-12-21,1984,12,21,15.238692
1984-12-22,1984,12,22,13.555946
1984-12-23,1984,12,23,10.5106
1984-12-24,1984,12,24,11.211917
1984-12-25,1984,12,25,11.3028
1984-12-26,1984,12,26,14.578678
1984-12-27,1984,12,27,14.626814
1984-12-28,1984,12,28,13.574731
1984-12-29,1984,12,29,13.414967
1984-12-30,1984,12,30,13.438741
1984-12-31,1984,12,31,15.063003
1985-01-01,1985,1,1,15.39475
1985-01-02,1985,1,2,17.299549
1985-01-03,1985,1,3,13.980558
1985-01-04,1985,1,4,12.49118
1985-01-05,1985,1,5,13.982121
1985-01-06,1985,1,6,19.005242
1985-01-07,1985,1,7,19.123462
1985-01-08,1985,1,8,16.474358
1985-01-09,1985,1,9,15.274284
1985-01-10,1985,1,10,15.568565
1985-01-11,1985,1,11,15.482595
1985-01-12,1985,1,12,14.375889
1985-01-13,1985,1,13,11.25971
1985-01-14,1985,1,14,11.16185
1985-01-15,1985,1,15,15.95054
1985-01-16,1985,1,16,16.844785
1985-01-17,1985,1,17,15.187732
1985-01-18,1985,1,18,14.243739
1985-01-19,1985,1,19,11.556378
1985-01-20,1985,1,20,9.0735077
1985-01-21,1985,1,21,11.964257
1985-01-22,1985,1,22,11.694952
1985-01-23,1985,1,23,12.146743
1985-01-24,1985,1,24,10.630253
1985-01-25,1985,1,25,10.519003
1985-01-26,1985,1,26,14.569304
1985-01-27,1985,1,27,12.772251
1985-01-28,1985,1,28,12.8711
1985-01-29,1985,1,29,11.298237
1985-01-30,1985,1,30,11.368159
1985-01-31,1985,1,31,10.189844
1985-02-01,1985,2,1,10.848407
1985-02-02,1985,2,2,9.9657954
1985-02-03,1985,2,3,11.578436
1985-02-04,1985,2,4,14.691189
1985-02-05,1985,2,5,14.304828
1985-02-06,1985,2,6,12.582083
1985-02-07,1985,2,7,14.923142
1985-02-08,1985,2,8,15.296336
1985-02-09,1985,2,9,13.834446
1985-02-10,1985,2,10,14.889147
1985-02-11,1985,2,11,15.38478
1985-02-12,1985,2,12,15.894957
1985-02-13,1985,2,13,14.919063
1985-02-14,1985,2,14,14.12792
1985-02-15,1985,2,15,13.842553
1985-02-16,1985,2,16,17.652018
1985-02-17,1985,2,17,15.82843
1985-02-18,1985,2,18,14.746549
1985-02-19,1985,2,19,15.082763
1985-02-20,1985,2,20,16.375487
1985-02-21,1985,2,21,18.786532
1985-02-22,1985,2,22,18.928631
1985-02-23,1985,2,23,14.650992
1985-02-24,1985,2,24,14.868595
1985-02-25,1985,2,25,14.081635
1985-02-26,1985,2,26,18.669797
1985-02-27,1985,2,27,20.038231
1985-02-28,1985,2,28,19.537319
1985-03-01,1985,3,1,18.975476
1985-03-02,1985,3,2,20.198347
1985-03-03,1985,3,3,20.906479
1985-03-04,1985,3,4,20.94699
1985-03-05,1985,3,5,17.417862
1985-03-06,1985,3,6,13.172656
1985-03-07,1985,3,7,12.891605
1985-03-08,1985,3,8,11.446172
1985-03-09,1985,3,9,14.087045
1985-03-10,1985,3,10,14.018339
1985-03-11,1985,3,11,12.794662
1985-03-12,1985,3,12,10.858952
1985-03-13,1985,3,13,12.340504
1985-03-14,1985,3,14,13.163562
1985-03-15,1985,3,15,8.9639381
1985-03-16,1985,3,16,12.863496
1985-03-17,1985,3,17,12.080454
1985-03-18,1985,3,18,14.193757
1985-03-19,1985,3,19,9.820659
1985-03-20,1985,3,20,9.5460048
1985-03-21,1985,3,21,6.7949062
1985-03-22,1985,3,22,7.1420699
1985-03-23,1985,3,23,5.622624
1985-03-24,1985,3,24,11.234402
1985-03-25,1985,3,25,11.683216
1985-03-26,1985,3,26,11.49682
1985-03-27,1985,3,27,12.333813
1985-03-28,1985,3,28,9.314324
1985-03-29,1985,3,29,15.301296
1985-03-30,1985,3,30,15.254697
1985-03-31,1985,3,31,18.085911
1985-04-01,1985,4,1,7.7875901
1985-04-02,1985,4,2,6.0257444
1985-04-03,1985,4,3,7.0153834
1985-04-04,1985,4,4,10.978168
1985-04-05,1985,4,5,5.9609216
1985-04-06,1985,4,6,6.9607405
1985-04-07,1985,4,7,11.210409
1985-04-08,1985,4,8,8.8268929
1985-04-09,1985,4,9,8.4552527
1985-04-10,1985,4,10,10.648927
1985-04-11,1985,4,11,10.866413
1985-04-12,1985,4,12,11.180478
1985-04-13,1985,4,13,7.074384
1985-04-14,1985,4,14,10.347927
1985-04-15,1985,4,15,9.7943605
1985-04-16,1985,4,16,8.1175177
1985-04-17,1985,4,17,13.646553
1985-04-18,1985,4,18,18.090572
1985-04-19,1985,4,19,13.239119
1985-04-20,1985,4,20,16.189281
1985-04-21,1985,4,21,13.39312
1985-04-22,1985,4,22,13.59176
1985-04-23,1985,4,23,16.266352
1985-04-24,1985,4,24,17.547823
1985-04-25,1985,4,25,13.96814
1985-04-26,1985,4,26,9.4310778
1985-04-27,1985,4,27,4.7664775
1985-04-28,1985,4,28,1.3981419
1985-04-29,1985,4,29,1.927402
1985-04-30,1985,4,30,6.4452183
1985-05-01,1985,5,1,7.6067261
1985-05-02,1985,5,2,10.344089
1985-05-03,1985,5,3,10.301519
1985-05-04,1985,5,4,10.986231
1985-05-05,1985,5,5,9.7635904
1985-05-06,1985,5,6,4.9880589
1985-05-07,1985,5,7,8.8922353
1985-05-08,1985,5,8,8.3181825
1985-05-09,1985,5,9,11.081086
1985-05-10,1985,5,10,11.569176
1985-05-11,1985,5,11,9.3115471
1985-05-12,1985,5,12,7.3560856
1985-05-13,1985,5,13,11.349787
1985-05-14,1985,5,14,11.573223
1985-05-15,1985,5,15,12.448076
1985-05-16,1985,5,16,9.5541351
1985-05-17,1985,5,17,5.1215282
1985-05-18,1985,5,18,3.4682908
1985-05-19,1985,5,19,4.2673551
1985-05-20,1985,5,20,-0.046324706
1985-05-21,1985,5,21,3.942142
1985-05-22,1985,5,22,3.8706951
1985-05-23,1985,5,23,7.0366994
1985-05-24,1985,5,24,5.721426
1985-05-25,1985,5,25,2.4772359
1985-05-26,1985,5,26,3.958822
1985-05-27,1985,5,27,7.4689717
1985-05-28,1985,5,28,8.129218
1985-05-29,1985,5,29,9.3982997
1985-05-30,1985,5,30,6.8178842
1985-05-31,1985,5,31,1.2925632
1985-06-01,1985,6,1,3.3140851
1985-06-02,1985,6,2,7.020741
1985-06-03,1985,6,3,7.3804504
1985-06-04,1985,6,4,8.844497
1985-06-05,1985,6,5,9.2198688
1985-06-06,1985,6,6,8.9802243
1985-06-07,1985,6,7,8.6196053
1985-06-08,1985,6,8,9.2105431
1985-06-09,1985,6,9,9.5056951
1985-06-10,1985,6,10,7.6862536
1985-06-11,1985,6,11,6.1227159
1985-06-12,1985,6,12,5.1134816
1985-06-13,1985,6,13,-0.92953024
1985-06-14,1985,6,14,0.75871562
1985-06-15,1985,6,15,0.23835494
1985-06-16,1985,6,16,-0.30176919
1985-06-17,1985,6,17,4.2631121
1985-06-18,1985,6,18,3.5059723
1985-06-19,1985,6,19,0.69350513
1985-06-20,1985,6,20,3.9561425
1985-06-21,1985,6,21,7.0024632
1985-06-22,1985,6,22,8.8779874
1985-06-23,1985,6,23,8.893451
1985-06-24,1985,6,24,8.4618528
1985-06-25,1985,6,25,7.9721645
1985-06-26,1985,6,26,7.6054661
1985-06-27,1985,6,27,6.0779731
1985-06-28,1985,6,28,0.076598453
1985-06-29,1985,6,29,-0.55278311
1985-06-30,1985,6,30,-0.04899325
1985-07-01,1985,7,1,-1.6498596
1985-07-02,1985,7,2,3.5753752
1985-07-03,1985,7,3,0.31422125
1985-07-04,1985,7,4,-2.5925195
1985-07-05,1985,7,5,2.9710482
1985-07-06,1985,7,6,5.7644586
1985-07-07,1985,7,7,2.8385139
1985-07-08,1985,7,8,-3.5894759
1985-07-09,1985,7,9,-0.56741703
1985-07-10,1985,7,10,5.9725955
1985-07-11,1985,7,11,5.865951
1985-07-12,1985,7,12,7.0496877
1985-07-13,1985,7,13,6.5738711
1985-07-14,1985,7,14,6.7754174
1985-07-15,1985,7,15,7.661815
1985-07-16,1985,7,16,3.2616037
1985-07-17,1985,7,17,-1.2587894
1985-07-18,1985,7,18,-1.1600818
1985-07-19,1985,7,19,3.3080401
1985-07-20,1985,7,20,6.6248078
1985-07-21,1985,7,21,6.4490084
1985-07-22,1985,7,22,0.10046606
1985-07-23,1985,7,23,-1.9767317
1985-07-24,1985,7,24,1.3462999
1985-07-25,1985,7,25,-1.9502168
1985-07-26,1985,7,26,-2.5522574
1985-07-27,1985,7,27,-0.63789182
1985-07-28,1985,7,28,0.31787541
1985-07-29,1985,7,29,-4.6750178
1985-07-30,1985,7,30,-4.6224265
1985-07-31,1985,7,31,-2.684299
1985-08-01,1985,8,1,5.0391463
1985-08-02,1985,8,2,6.9061947
1985-08-03,1985,8,3,6.569237
1985-08-04,1985,8,4,2.6474389
1985-08-05,1985,8,5,-1.5256268
1985-08-06,1985,8,6,-3.3135899
1985-08-07,1985,8,7,-3.2927347
1985-08-08,1985,8,8,-4.0372073
1985-08-09,1985,8,9,-2.248947
1985-08-10,1985,8,10,2.2577427
1985-08-11,1985,8,11,8.7809531
1985-08-12,1985,8,12,8.1955016
1985-08-13,1985,8,13,2.1534078
1985-08-14,1985,8,14,-0.68456174
1985-08-15,1985,8,15,-0.26991915
1985-08-16,1985,8,16,3.4376592
1985-08-17,1985,8,17,7.9133451
1985-08-18,1985,8,18,6.7899344
1985-08-19,1985,8,19,4.6975604
1985-08-20,1985,8,20,6.848232
1985-08-21,1985,8,21,5.8736488
1985-08-22,1985,8,22,7.6968312
1985-08-23,1985,8,23,5.7785471
1985-08-24,1985,8,24,1.4768125
1985-08-25,1985,8,25,0.80760727
1985-08-26,1985,8,26,-1.1143442
1985-08-27,1985,8,27,3.3888286
1985-08-28,1985,8,28,2.4610461
1985-08-29,1985,8,29,2.6873048
1985-08-30,1985,8,30,3.4882361
1985-08-31,1985,8,31,1.9823873
1985-09-01,1985,9,1,4.2899054
1985-09-02,1985,9,2,4.6068074
1985-09-03,1985,9,3,4.9755418
1985-09-04,1985,9,4,6.0271434
1985-09-05,1985,9,5,8.1246685
1985-09-06,1985,9,6,7.2571099
1985-09-07,1985,9,7,8.6039025
1985-09-08,1985,9,8,2.5862186
1985-09-09,1985,9,9,0.11911491
1985-09-10,1985,9,10,4.6625306
1985-09-11,1985,9,11,2.7258571
1985-09-12,1985,9,12,-1.1294374
1985-09-13,1985,9,13,0.6838664
1985-09-14,1985,9,14,2.6521011
1985-09-15,1985,9,15,1.1853876
1985-09-16,1985,9,16,1.3516469
1985-09-17,1985,9,17,5.2975688
1985-09-18,1985,9,18,2.505858
1985-09-19,1985,9,19,5.4810857
1985-09-20,1985,9,20,7.2260576
1985-09-21,1985,9,21,10.161052
1985-09-22,1985,9,22,8.3433878
1985-09-23,1985,9,23,10.730653
1985-09-24,1985,9,24,10.111674
1985-09-25,1985,9,25,5.3897183
1985-09-26,1985,9,26,3.9277169
1985-09-27,1985,9,27,8.1827428
1985-09-28,1985,9,28,11.898806
1985-09-29,1985,9,29,12.299426
1985-09-30,1985,9,30,9.8957102
1985-10-01,1985,10,1,6.1331396
1985-10-02,1985,10,2,6.0508073
1985-10-03,1985,10,3,10.235009
1985-10-04,1985,10,4,5.7459821
1985-10-05,1985,10,5,8.8326785
1985-10-06,1985,10,6,7.795651
1985-10-07,1985,10,7,9.7586945
1985-10-08,1985,10,8,2.4586274
1985-10-09,1985,10,9,5.9902352
1985-10-10,1985,10,10,11.202702
1985-10-11,1985,10,11,10.641165
1985-10-12,1985,10,12,6.9326559
1985-10-13,1985,10,13,2.9445192
1985-10-14,1985,10,14,6.5983029
1985-10-15,1985,10,15,5.4821168
1985-10-16,1985,10,16,7.6601578
1985-10-17,1985,10,17,6.5335434
1985-10-18,1985,10,18,4.5990773
1985-10-19,1985,10,19,7.085872
1985-10-20,1985,10,20,5.8553681
1985-10-21,1985,10,21,5.3042872
1985-10-22,1985,10,22,8.2649361
1985-10-23,1985,10,23,6.3344379
1985-10-24,1985,10,24,7.114559
1985-10-25,1985,10,25,5.292008
1985-10-26,1985,10,26,5.2104213
1985-10-27,1985,10,27,4.8414193
1985-10-28,1985,10,28,5.2057347
1985-10-29,1985,10,29,4.3431205
1985-10-30,1985,10,30,2.7740349
1985-10-31,1985,10,31,4.4730903
1985-11-01,1985,11,1,6.6490151
1985-11-02,1985,11,2,5.6071394
1985-11-03,1985,11,3,5.1711272
1985-11-04,1985,11,4,7.6755009
1985-11-05,1985,11,5,10.52138
1985-11-06,1985,11,6,12.241438
1985-11-07,1985,11,7,10.59905
1985-11-08,1985,11,8,7.4527819
1985-11-09,1985,11,9,5.5870357
1985-11-10,1985,11,10,6.7274097
1985-11-11,1985,11,11,8.88925
1985-11-12,1985,11,12,8.7465045
1985-11-13,1985,11,13,8.9398603
1985-11-14,1985,11,14,12.057072
1985-11-15,1985,11,15,10.796286
1985-11-16,1985,11,16,15.066982
1985-11-17,1985,11,17,15.661189
1985-11-18,1985,11,18,13.643236
1985-11-19,1985,11,19,14.425357
1985-11-20,1985,11,20,13.750818
1985-11-21,1985,11,21,14.219078
1985-11-22,1985,11,22,11.615408
1985-11-23,1985,11,23,12.703006
1985-11-24,1985,11,24,12.549824
1985-11-25,1985,11,25,11.765761
1985-11-26,1985,11,26,12.67418
1985-11-27,1985,11,27,12.603681
1985-11-28,1985,11,28,15.003021
1985-11-29,1985,11,29,16.245528
1985-11-30,1985,11,30,12.922195
1985-12-01,1985,12,1,13.731706
1985-12-02,1985,12,2,15.98033
1985-12-03,1985,12,3,13.660823
1985-12-04,1985,12,4,11.708917
1985-12-05,1985,12,5,11.748269
1985-12-06,1985,12,6,12.773572
1985-12-07,1985,12,7,11.827864
1985-12-08,1985,12,8,11.761405
1985-12-09,1985,12,9,12.776429
1985-12-10,1985,12,10,13.08211
1985-12-11,1985,12,11,9.9756751
1985-12-12,1985,12,12,13.147531
1985-12-13,1985,12,13,12.329086
1985-12-14,1985,12,14,11.869349
1985-12-15,1985,12,15,13.08906
1985-12-16,1985,12,16,12.964743
1985-12-17,1985,12,17,11.910892
1985-12-18,1985,12,18,18.272513
1985-12-19,1985,12,19,18.651848
1985-12-20,1985,12,20,17.629818
1985-12-21,1985,12,21,18.034752
1985-12-22,1985,12,22,14.810125
1985-12-23,1985,12,23,14.892921
1985-12-24,1985,12,24,15.940378
1985-12-25,1985,12,25,17.056817
1985-12-26,1985,12,26,14.24418
1985-12-27,1985,12,27,13.902584
1985-12-28,1985,12,28,12.801908
1985-12-29,1985,12,29,11.971032
1985-12-30,1985,12,30,13.741593
1985-12-31,1985,12,31,14.955056
1986-01-01,1986,1,1,15.65499
1986-01-02,1986,1,2,12.859865
1986-01-03,1986,1,3,15.624833
1986-01-04,1986,1,4,18.440775
1986-01-05,1986,1,5,18.921312
1986-01-06,1986,1,6,15.911705
1986-01-07,1986,1,7,15.754986
1986-01-08,1986,1,8,15.543647
1986-01-09,1986,1,9,16.843037
1986-01-10,1986,1,10,15.251762
1986-01-11,1986,1,11,13.13957
1986-01-12,1986,1,12,15.539451
1986-01-13,1986,1,13,15.126516
1986-01-14,1986,1,14,14.463448
1986-01-15,1986,1,15,14.359159
1986-01-16,1986,1,16,9.1312485
1986-01-17,1986,1,17,9.7362624
1986-01-18,1986,1,18,14.592144
1986-01-19,1986,1,19,15.246056
1986-01-20,1986,1,20,15.220208
1986-01-21,1986,1,21,17.048733
1986-01-22,1986,1,22,17.444353
1986-01-23,1986,1,23,15.340411
1986-01-24,1986,1,24,20.035945
1986-01-25,1986,1,25,19.906317
1986-01-26,1986,1,26,18.559729
1986-01-27,1986,1,27,18.667579
1986-01-28,1986,1,28,17.156455
1986-01-29,1986,1,29,15.785284
1986-01-30,1986,1,30,14.294598
1986-01-31,1986,1,31,17.442777
1986-02-01,1986,2,1,19.787562
1986-02-02,1986,2,2,18.685922
1986-02-03,1986,2,3,18.65099
1986-02-04,1986,2,4,18.994708
1986-02-05,1986,2,5,16.896191
1986-02-06,1986,2,6,16.367689
1986-02-07,1986,2,7,17.114238
1986-02-08,1986,2,8,12.397246
1986-02-09,1986,2,9,12.200684
1986-02-10,1986,2,10,12.198447
1986-02-11,1986,2,11,13.477342
1986-02-12,1986,2,12,14.914535
1986-02-13,1986,2,13,16.067039
1986-02-14,1986,2,14,11.388798
1986-02-15,1986,2,15,10.273929
1986-02-16,1986,2,16,10.47253
1986-02-17,1986,2,17,11.5928
1986-02-18,1986,2,18,15.216134
1986-02-19,1986,2,19,13.298289
1986-02-20,1986,2,20,13.960327
1986-02-21,1986,2,21,17.539989
1986-02-22,1986,2,22,17.315276
1986-02-23,1986,2,23,14.218564
1986-02-24,1986,2,24,11.756509
1986-02-25,1986,2,25,11.203242
1986-02-26,1986,2,26,10.210996
1986-02-27,1986,2,27,12.27493
1986-02-28,1986,2,28,16.171335
1986-03-01,1986,3,1,14.695087
1986-03-02,1986,3,2,13.111785
1986-03-03,1986,3,3,12.199171
1986-03-04,1986,3,4,12.336714
1986-03-05,1986,3,5,17.416391
1986-03-06,1986,3,6,15.231033
1986-03-07,1986,3,7,14.08913
1986-03-08,1986,3,8,11.871506
1986-03-09,1986,3,9,11.469897
1986-03-10,1986,3,10,6.4420717
1986-03-11,1986,3,11,9.7103984
1986-03-12,1986,3,12,12.871885
1986-03-13,1986,3,13,8.9562555
1986-03-14,1986,3,14,13.530054
1986-03-15,1986,3,15,12.435478
1986-03-16,1986,3,16,11.404629
1986-03-17,1986,3,17,10.009319
1986-03-18,1986,3,18,18.442112
1986-03-19,1986,3,19,17.253253
1986-03-20,1986,3,20,14.287965
1986-03-21,1986,3,21,15.927638
1986-03-22,1986,3,22,16.098126
1986-03-23,1986,3,23,15.092322
1986-03-24,1986,3,24,15.008382
1986-03-25,1986,3,25,17.960606
1986-03-26,1986,3,26,16.049835
1986-03-27,1986,3,27,14.211973
1986-03-28,1986,3,28,14.705234
1986-03-29,1986,3,29,14.099131
1986-03-30,1986,3,30,12.83694
1986-03-31,1986,3,31,12.507167
1986-04-01,1986,4,1,9.856122
1986-04-02,1986,4,2,8.2396506
1986-04-03,1986,4,3,9.0488669
1986-04-04,1986,4,4,4.6272237
1986-04-05,1986,4,5,8.4707137
1986-04-06,1986,4,6,10.65342
1986-04-07,1986,4,7,11.356777
1986-04-08,1986,4,8,13.086991
1986-04-09,1986,4,9,10.277769
1986-04-10,1986,4,10,11.065165
1986-04-11,1986,4,11,11.502419
1986-04-12,1986,4,12,6.6472804
1986-04-13,1986,4,13,7.3594003
1986-04-14,1986,4,14,13.954196
1986-04-15,1986,4,15,17.479006
1986-04-16,1986,4,16,13.534871
1986-04-17,1986,4,17,8.3399856
1986-04-18,1986,4,18,9.2349541
1986-04-19,1986,4,19,7.3144359
1986-04-20,1986,4,20,3.4301571
1986-04-21,1986,4,21,4.3557326
1986-04-22,1986,4,22,8.1304606
1986-04-23,1986,4,23,5.0682962
1986-04-24,1986,4,24,2.8716225
1986-04-25,1986,4,25,5.6209558
1986-04-26,1986,4,26,8.5529359
1986-04-27,1986,4,27,10.275312
1986-04-28,1986,4,28,10.176142
1986-04-29,1986,4,29,8.9828155
1986-04-30,1986,4,30,12.218546
1986-05-01,1986,5,1,11.653963
1986-05-02,1986,5,2,11.135249
1986-05-03,1986,5,3,11.804841
1986-05-04,1986,5,4,10.750387
1986-05-05,1986,5,5,10.062215
1986-05-06,1986,5,6,9.1514984
1986-05-07,1986,5,7,7.9620749
1986-05-08,1986,5,8,6.0042416
1986-05-09,1986,5,9,3.2887176
1986-05-10,1986,5,10,4.5117228
1986-05-11,1986,5,11,5.459161
1986-05-12,1986,5,12,2.4256484
1986-05-13,1986,5,13,4.6095844
1986-05-14,1986,5,14,5.4720647
1986-05-15,1986,5,15,3.7764565
1986-05-16,1986,5,16,3.9249959
1986-05-17,1986,5,17,4.462462
1986-05-18,1986,5,18,2.0563925
1986-05-19,1986,5,19,-0.47217876
1986-05-20,1986,5,20,2.8500352
1986-05-21,1986,5,21,1.6709746
1986-05-22,1986,5,22,3.2477959
1986-05-23,1986,5,23,-0.27571477
1986-05-24,1986,5,24,-0.40592324
1986-05-25,1986,5,25,5.5934776
1986-05-26,1986,5,26,3.0335525
1986-05-27,1986,5,27,-0.22594413
1986-05-28,1986,5,28,-0.62250053
1986-05-29,1986,5,29,-1.4811971
1986-05-30,1986,5,30,2.7009783
1986-05-31,1986,5,31,4.6915236
1986-06-01,1986,6,1,6.2516515
1986-06-02,1986,6,2,5.8348958
1986-06-03,1986,6,3,-0.072336831
1986-06-04,1986,6,4,-3.026728
1986-06-05,1986,6,5,-4.5874834
1986-06-06,1986,6,6,1.5824539
1986-06-07,1986,6,7,1.4465452
1986-06-08,1986,6,8,0.55396609
1986-06-09,1986,6,9,-0.40192789
1986-06-10,1986,6,10,-0.041319719
1986-06-11,1986,6,11,3.840017
1986-06-12,1986,6,12,2.3569271
1986-06-13,1986,6,13,0.093624183
1986-06-14,1986,6,14,2.092364
1986-06-15,1986,6,15,1.2117883
1986-06-16,1986,6,16,3.1118062
1986-06-17,1986,6,17,2.8380851
1986-06-18,1986,6,18,2.9147441
1986-06-19,1986,6,19,5.4536448
1986-06-20,1986,6,20,5.2253775
1986-06-21,1986,6,21,0.36629461
1986-06-22,1986,6,22,-0.40825862
1986-06-23,1986,6,23,1.9167266
1986-06-24,1986,6,24,4.8416348
1986-06-25,1986,6,25,5.5732039
1986-06-26,1986,6,26,6.0216931
1986-06-27,1986,6,27,3.8399006
1986-06-28,1986,6,28,3.6142628
1986-06-29,1986,6,29,1.3382735
1986-06-30,1986,6,30,4.2411628
1986-07-01,1986,7,1,7.0838552
1986-07-02,1986,7,2,8.4898995
1986-07-03,1986,7,3,8.5414132
1986-07-04,1986,7,4,7.8163402
1986-07-05,1986,7,5,8.1288455
1986-07-06,1986,7,6,9.0640668
1986-07-07,1986,7,7,9.3314625
1986-07-08,1986,7,8,6.6640138
1986-07-09,1986,7,9,5.6853687
1986-07-10,1986,7,10,6.658673
1986-07-11,1986,7,11,1.5461016
1986-07-12,1986,7,12,1.5133329
1986-07-13,1986,7,13,4.245173
1986-07-14,1986,7,14,1.5615921
1986-07-15,1986,7,15,0.2941082
1986-07-16,1986,7,16,3.6798915
1986-07-17,1986,7,17,0.97347817
1986-07-18,1986,7,18,1.6530404
1986-07-19,1986,7,19,0.69792859
1986-07-20,1986,7,20,4.425688
1986-07-21,1986,7,21,7.2326389
1986-07-22,1986,7,22,8.4139392
1986-07-23,1986,7,23,9.7511895
1986-07-24,1986,7,24,9.5157321
1986-07-25,1986,7,25,9.7356881
1986-07-26,1986,7,26,10.143358
1986-07-27,1986,7,27,9.4554914
1986-07-28,1986,7,28,6.8663729
1986-07-29,1986,7,29,0.62746049
1986-07-30,1986,7,30,2.0578055
1986-07-31,1986,7,31,5.3093006
1986-08-01,1986,8,1,6.9043864
1986-08-02,1986,8,2,2.0249148
1986-08-03,1986,8,3,0.17590479
1986-08-04,1986,8,4,-0.30864148
1986-08-05,1986,8,5,4.7843323
1986-08-06,1986,8,6,7.5746029
1986-08-07,1986,8,7,6.8758637
1986-08-08,1986,8,8,5.3440711
1986-08-09,1986,8,9,4.3941499
1986-08-10,1986,8,10,2.3054918
1986-08-11,1986,8,11,3.0671736
1986-08-12,1986,8,12,1.9309511
1986-08-13,1986,8,13,-0.19042291
1986-08-14,1986,8,14,0.78211241
1986-08-15,1986,8,15,0.37309652
1986-08-16,1986,8,16,-0.11487155
1986-08-17,1986,8,17,-1.1201899
1986-08-18,1986,8,18,-0.92700348
1986-08-19,1986,8,19,3.2519807
1986-08-20,1986,8,20,-1.4751966
1986-08-21,1986,8,21,-1.915164
1986-08-22,1986,8,22,0.037218156
1986-08-23,1986,8,23,-0.29139111
1986-08-24,1986,8,24,1.1720651
1986-08-25,1986,8,25,3.036186
1986-08-26,1986,8,26,8.2921182
1986-08-27,1986,8,27,7.699985
1986-08-28,1986,8,28,9.3344529
1986-08-29,1986,8,29,10.356638
1986-08-30,1986,8,30,4.1549305
1986-08-31,1986,8,31,4.8657625
1986-09-01,1986,9,1,4.8920778
1986-09-02,1986,9,2,0.22405276
1986-09-03,1986,9,3,1.6022399
1986-09-04,1986,9,4,9.8894806
1986-09-05,1986,9,5,5.2502331
1986-09-06,1986,9,6,6.5414468
1986-09-07,1986,9,7,10.72589
1986-09-08,1986,9,8,11.975357
1986-09-09,1986,9,9,12.083644
1986-09-10,1986,9,10,12.464688
1986-09-11,1986,9,11,9.1007515
1986-09-12,1986,9,12,3.6040447
1986-09-13,1986,9,13,0.035149706
1986-09-14,1986,9,14,-1.4806027
1986-09-15,1986,9,15,0.68322726
1986-09-16,1986,9,16,-2.6145595
1986-09-17,1986,9,17,1.9556826
1986-09-18,1986,9,18,3.8163323
1986-09-19,1986,9,19,6.8128065
1986-09-20,1986,9,20,3.5608405
1986-09-21,1986,9,21,3.1274701
1986-09-22,1986,9,22,5.9844694
1986-09-23,1986,9,23,1.7440093
1986-09-24,1986,9,24,2.7036328
1986-09-25,1986,9,25,2.1940877
1986-09-26,1986,9,26,2.9140738
1986-09-27,1986,9,27,2.5770778
1986-09-28,1986,9,28,2.7883376
1986-09-29,1986,9,29,8.7629199
1986-09-30,1986,9,30,4.2712933
1986-10-01,1986,10,1,9.6535581
1986-10-02,1986,10,2,7.1909332
1986-10-03,1986,10,3,9.476876
1986-10-04,1986,10,4,6.3551494
1986-10-05,1986,10,5,6.7376284
1986-10-06,1986,10,6,5.3540718
1986-10-07,1986,10,7,6.7808561
1986-10-08,1986,10,8,5.3617121
1986-10-09,1986,10,9,7.5629141
1986-10-10,1986,10,10,7.0869711
1986-10-11,1986,10,11,9.0618983
1986-10-12,1986,10,12,11.176603
1986-10-13,1986,10,13,8.7820754
1986-10-14,1986,10,14,8.5203796
1986-10-15,1986,10,15,5.307437
1986-10-16,1986,10,16,6.0303196
1986-10-17,1986,10,17,8.8463626
1986-10-18,1986,10,18,6.7078793
1986-10-19,1986,10,19,5.5127251
1986-10-20,1986,10,20,5.1769066
1986-10-21,1986,10,21,8.0498179
1986-10-22,1986,10,22,11.107068
1986-10-23,1986,10,23,11.969359
1986-10-24,1986,10,24,11.779361
1986-10-25,1986,10,25,11.348344
1986-10-26,1986,10,26,11.68086
1986-10-27,1986,10,27,9.4321466
1986-10-28,1986,10,28,10.228428
1986-10-29,1986,10,29,7.1649647
1986-10-30,1986,10,30,2.9821239
1986-10-31,1986,10,31,3.2205357
1986-11-01,1986,11,1,3.9467866
1986-11-02,1986,11,2,4.6397564
1986-11-03,1986,11,3,5.3829695
1986-11-04,1986,11,4,4.9761262
1986-11-05,1986,11,5,8.398615
1986-11-06,1986,11,6,11.593578
1986-11-07,1986,11,7,10.543697
1986-11-08,1986,11,8,6.5250905
1986-11-09,1986,11,9,10.052256
1986-11-10,1986,11,10,12.828342
1986-11-11,1986,11,11,15.333004
1986-11-12,1986,11,12,14.648384
1986-11-13,1986,11,13,12.785173
1986-11-14,1986,11,14,9.472579
1986-11-15,1986,11,15,10.929723
1986-11-16,1986,11,16,12.221336
1986-11-17,1986,11,17,9.5973632
1986-11-18,1986,11,18,7.5897514
1986-11-19,1986,11,19,10.74868
1986-11-20,1986,11,20,10.305212
1986-11-21,1986,11,21,10.64388
1986-11-22,1986,11,22,12.176711
1986-11-23,1986,11,23,12.108043
1986-11-24,1986,11,24,6.9474194
1986-11-25,1986,11,25,9.1816227
1986-11-26,1986,11,26,5.9627334
1986-11-27,1986,11,27,4.2383896
1986-11-28,1986,11,28,8.1476842
1986-11-29,1986,11,29,9.0900218
1986-11-30,1986,11,30,8.1134125
1986-12-01,1986,12,1,7.4507771
1986-12-02,1986,12,2,10.851686
1986-12-03,1986,12,3,13.364883
1986-12-04,1986,12,4,13.675784
1986-12-05,1986,12,5,14.27029
1986-12-06,1986,12,6,15.371124
1986-12-07,1986,12,7,16.586464
1986-12-08,1986,12,8,15.602436
1986-12-09,1986,12,9,14.683941
1986-12-10,1986,12,10,14.981826
1986-12-11,1986,12,11,15.080875
1986-12-12,1986,12,12,12.656488
1986-12-13,1986,12,13,11.387994
1986-12-14,1986,12,14,11.162959
1986-12-15,1986,12,15,10.970166
1986-12-16,1986,12,16,13.436946
1986-12-17,1986,12,17,15.806368
1986-12-18,1986,12,18,15.437706
1986-12-19,1986,12,19,12.33002
1986-12-20,1986,12,20,14.788168
1986-12-21,1986,12,21,18.400499
1986-12-22,1986,12,22,18.3963
1986-12-23,1986,12,23,13.297269
1986-12-24,1986,12,24,14.213705
1986-12-25,1986,12,25,15.312993
1986-12-26,1986,12,26,15.170538
1986-12-27,1986,12,27,16.492878
1986-12-28,1986,12,28,17.411361
1986-12-29,1986,12,29,15.640059
1986-12-30,1986,12,30,15.574513
1986-12-31,1986,12,31,14.071526
1987-01-01,1987,1,1,15.887065
1987-01-02,1987,1,2,14.353244
1987-01-03,1987,1,3,14.819384
1987-01-04,1987,1,4,12.427245
1987-01-05,1987,1,5,14.05123
1987-01-06,1987,1,6,13.673664
1987-01-07,1987,1,7,12.853403
1987-01-08,1987,1,8,13.294299
1987-01-09,1987,1,9,13.67038
1987-01-10,1987,1,10,13.46607
1987-01-11,1987,1,11,12.321399
1987-01-12,1987,1,12,13.484486
1987-01-13,1987,1,13,12.55858
1987-01-14,1987,1,14,15.627891
1987-01-15,1987,1,15,17.735977
1987-01-16,1987,1,16,17.340903
1987-01-17,1987,1,17,17.813674
1987-01-18,1987,1,18,18.738595
1987-01-19,1987,1,19,17.840595
1987-01-20,1987,1,20,17.968123
1987-01-21,1987,1,21,17.301877
1987-01-22,1987,1,22,16.446106
1987-01-23,1987,1,23,15.164711
1987-01-24,1987,1,24,15.71694
1987-01-25,1987,1,25,17.082985
1987-01-26,1987,1,26,17.424874
1987-01-27,1987,1,27,15.67234
1987-01-28,1987,1,28,16.869099
1987-01-29,1987,1,29,17.927668
1987-01-30,1987,1,30,15.588197
1987-01-31,1987,1,31,17.411699
1987-02-01,1987,2,1,18.998886
1987-02-02,1987,2,2,17.356795
1987-02-03,1987,2,3,15.895581
1987-02-04,1987,2,4,14.905152
1987-02-05,1987,2,5,13.52482
1987-02-06,1987,2,6,11.103359
1987-02-07,1987,2,7,9.9072804
1987-02-08,1987,2,8,16.053334
1987-02-09,1987,2,9,19.155193
1987-02-10,1987,2,10,19.217961
1987-02-11,1987,2,11,19.225239
1987-02-12,1987,2,12,18.895948
1987-02-13,1987,2,13,18.227386
1987-02-14,1987,2,14,18.399926
1987-02-15,1987,2,15,18.512335
1987-02-16,1987,2,16,19.045286
1987-02-17,1987,2,17,18.837786
1987-02-18,1987,2,18,16.06788
1987-02-19,1987,2,19,14.476911
1987-02-20,1987,2,20,12.713959
1987-02-21,1987,2,21,12.73979
1987-02-22,1987,2,22,12.689535
1987-02-23,1987,2,23,13.640879
1987-02-24,1987,2,24,13.735945
1987-02-25,1987,2,25,15.112197
1987-02-26,1987,2,26,17.090307
1987-02-27,1987,2,27,17.535043
1987-02-28,1987,2,28,18.384416
1987-03-01,1987,3,1,19.221696
1987-03-02,1987,3,2,18.609222
1987-03-03,1987,3,3,14.946265
1987-03-04,1987,3,4,15.614553
1987-03-05,1987,3,5,18.589751
1987-03-06,1987,3,6,19.406961
1987-03-07,1987,3,7,18.406688
1987-03-08,1987,3,8,16.369538
1987-03-09,1987,3,9,16.542759
1987-03-10,1987,3,10,17.034816
1987-03-11,1987,3,11,16.617225
1987-03-12,1987,3,12,15.329179
1987-03-13,1987,3,13,15.154605
1987-03-14,1987,3,14,15.834639
1987-03-15,1987,3,15,17.259948
1987-03-16,1987,3,16,17.931815
1987-03-17,1987,3,17,15.818576
1987-03-18,1987,3,18,15.074421
1987-03-19,1987,3,19,15.797198
1987-03-20,1987,3,20,17.03123
1987-03-21,1987,3,21,14.201491
1987-03-22,1987,3,22,8.5419855
1987-03-23,1987,3,23,8.0696974
1987-03-24,1987,3,24,5.8093917
1987-03-25,1987,3,25,5.3307311
1987-03-26,1987,3,26,9.0625271
1987-03-27,1987,3,27,7.7010396
1987-03-28,1987,3,28,10.413879
1987-03-29,1987,3,29,8.2356991
1987-03-30,1987,3,30,8.7893805
1987-03-31,1987,3,31,7.0255199
1987-04-01,1987,4,1,11.257478
1987-04-02,1987,4,2,15.592519
1987-04-03,1987,4,3,15.191919
1987-04-04,1987,4,4,15.850016
1987-04-05,1987,4,5,12.921166
1987-04-06,1987,4,6,12.596638
1987-04-07,1987,4,7,11.311936
1987-04-08,1987,4,8,12.609404
1987-04-09,1987,4,9,14.372087
1987-04-10,1987,4,10,8.3824528
1987-04-11,1987,4,11,9.1093032
1987-04-12,1987,4,12,7.9136694
1987-04-13,1987,4,13,10.234044
1987-04-14,1987,4,14,9.370381
1987-04-15,1987,4,15,4.6219929
1987-04-16,1987,4,16,4.6230986
1987-04-17,1987,4,17,9.5104029
1987-04-18,1987,4,18,14.623415
1987-04-19,1987,4,19,11.069629
1987-04-20,1987,4,20,11.029799
1987-04-21,1987,4,21,9.1815669
1987-04-22,1987,4,22,10.095734
1987-04-23,1987,4,23,13.24529
1987-04-24,1987,4,24,12.269902
1987-04-25,1987,4,25,13.329905
1987-04-26,1987,4,26,13.80687
1987-04-27,1987,4,27,14.496713
1987-04-28,1987,4,28,11.84453
1987-04-29,1987,4,29,10.482446
1987-04-30,1987,4,30,8.4770721
1987-05-01,1987,5,1,4.0530156
1987-05-02,1987,5,2,5.9884445
1987-05-03,1987,5,3,4.6512182
1987-05-04,1987,5,4,5.0745783
1987-05-05,1987,5,5,2.8280686
1987-05-06,1987,5,6,-0.5379359
1987-05-07,1987,5,7,-0.83756319
1987-05-08,1987,5,8,3.5589336
1987-05-09,1987,5,9,5.7339728
1987-05-10,1987,5,10,6.6272526
1987-05-11,1987,5,11,4.8703616
1987-05-12,1987,5,12,2.2577193
1987-05-13,1987,5,13,-0.25053303
1987-05-14,1987,5,14,0.36493445
1987-05-15,1987,5,15,3.7300293
1987-05-16,1987,5,16,2.5481523
1987-05-17,1987,5,17,1.5707516
1987-05-18,1987,5,18,2.1963175
1987-05-19,1987,5,19,1.4141294
1987-05-20,1987,5,20,1.4177045
1987-05-21,1987,5,21,1.6356975
1987-05-22,1987,5,22,1.565592
1987-05-23,1987,5,23,0.59156084
1987-05-24,1987,5,24,-0.3495285
1987-05-25,1987,5,25,1.7325794
1987-05-26,1987,5,26,1.1466826
1987-05-27,1987,5,27,0.2213255
1987-05-28,1987,5,28,3.5846742
1987-05-29,1987,5,29,2.994204
1987-05-30,1987,5,30,5.0211992
1987-05-31,1987,5,31,7.1705533
1987-06-01,1987,6,1,6.8966271
1987-06-02,1987,6,2,3.1809622
1987-06-03,1987,6,3,2.6244138
1987-06-04,1987,6,4,2.2656209
1987-06-05,1987,6,5,3.8205942
1987-06-06,1987,6,6,3.7212472
1987-06-07,1987,6,7,4.7644664
1987-06-08,1987,6,8,7.4830761
1987-06-09,1987,6,9,9.5261201
1987-06-10,1987,6,10,9.3377337
1987-06-11,1987,6,11,2.0850911
1987-06-12,1987,6,12,-3.4517398
1987-06-13,1987,6,13,-5.1097365
1987-06-14,1987,6,14,-4.819883
1987-06-15,1987,6,15,-2.0331892
1987-06-16,1987,6,16,2.0626181
1987-06-17,1987,6,17,4.3886203
1987-06-18,1987,6,18,6.1260687
1987-06-19,1987,6,19,7.8902263
1987-06-20,1987,6,20,7.4822842
1987-06-21,1987,6,21,5.3176007
1987-06-22,1987,6,22,6.0383038
1987-06-23,1987,6,23,7.3799121
1987-06-24,1987,6,24,9.1890023
1987-06-25,1987,6,25,10.168723
1987-06-26,1987,6,26,11.277207
1987-06-27,1987,6,27,7.1504157
1987-06-28,1987,6,28,-0.19379
1987-06-29,1987,6,29,2.1885985
1987-06-30,1987,6,30,1.6447074
1987-07-01,1987,7,1,0.36435803
1987-07-02,1987,7,2,-2.0555305
1987-07-03,1987,7,3,0.65981237
1987-07-04,1987,7,4,2.9048778
1987-07-05,1987,7,5,6.2524853
1987-07-06,1987,7,6,4.1969896
1987-07-07,1987,7,7,3.023595
1987-07-08,1987,7,8,2.7011245
1987-07-09,1987,7,9,0.22607891
1987-07-10,1987,7,10,0.29721371
1987-07-11,1987,7,11,-0.39168231
1987-07-12,1987,7,12,-0.6870229
1987-07-13,1987,7,13,1.4385584
1987-07-14,1987,7,14,1.0230017
1987-07-15,1987,7,15,-0.9612901
1987-07-16,1987,7,16,-2.8856842
1987-07-17,1987,7,17,-5.084051
1987-07-18,1987,7,18,-3.4408799
1987-07-19,1987,7,19,-0.44099676
1987-07-20,1987,7,20,1.8446939
1987-07-21,1987,7,21,6.0617169
1987-07-22,1987,7,22,-0.038919427
1987-07-23,1987,7,23,-1.670616
1987-07-24,1987,7,24,-2.4879151
1987-07-25,1987,7,25,-3.0947746
1987-07-26,1987,7,26,-2.6188756
1987-07-27,1987,7,27,-0.15588176
1987-07-28,1987,7,28,0.10504547
1987-07-29,1987,7,29,-0.98939521
1987-07-30,1987,7,30,4.7368366
1987-07-31,1987,7,31,2.322556
1987-08-01,1987,8,1,-1.917178
1987-08-02,1987,8,2,2.0645549
1987-08-03,1987,8,3,0.71981122
1987-08-04,1987,8,4,-3.6460981
1987-08-05,1987,8,5,0.092152097
1987-08-06,1987,8,6,5.0701265
1987-08-07,1987,8,7,5.5918239
1987-08-08,1987,8,8,-1.6904037
1987-08-09,1987,8,9,-2.5899351
1987-08-10,1987,8,10,-2.1412486
1987-08-11,1987,8,11,-1.6714407
1987-08-12,1987,8,12,-1.8360971
1987-08-13,1987,8,13,-0.55657107
1987-08-14,1987,8,14,-0.94024133
1987-08-15,1987,8,15,-3.4399946
1987-08-16,1987,8,16,-0.9486685
1987-08-17,1987,8,17,1.2826702
1987-08-18,1987,8,18,0.1832513
1987-08-19,1987,8,19,5.5448907
1987-08-20,1987,8,20,8.9087799
1987-08-21,1987,8,21,9.6943944
1987-08-22,1987,8,22,8.5830402
1987-08-23,1987,8,23,6.9348031
1987-08-24,1987,8,24,3.9339858
1987-08-25,1987,8,25,7.828445
1987-08-26,1987,8,26,7.7190913
1987-08-27,1987,8,27,1.3307049
1987-08-28,1987,8,28,-0.61982459
1987-08-29,1987,8,29,-1.4654811
1987-08-30,1987,8,30,3.2573781
1987-08-31,1987,8,31,0.27168336
1987-09-01,1987,9,1,-1.266918
1987-09-02,1987,9,2,2.5458988
1987-09-03,1987,9,3,7.230215
1987-09-04,1987,9,4,3.9353711
1987-09-05,1987,9,5,-0.50148148
1987-09-06,1987,9,6,2.1678285
1987-09-07,1987,9,7,1.0420885
1987-09-08,1987,9,8,-1.307774
1987-09-09,1987,9,9,-4.4626428
1987-09-10,1987,9,10,-1.8289868
1987-09-11,1987,9,11,5.4351023
1987-09-12,1987,9,12,6.8528649
1987-09-13,1987,9,13,4.4574816
1987-09-14,1987,9,14,0.2427907
1987-09-15,1987,9,15,1.4278825
1987-09-16,1987,9,16,8.5308822
1987-09-17,1987,9,17,7.3541964
1987-09-18,1987,9,18,7.0178808
1987-09-19,1987,9,19,8.4886352
1987-09-20,1987,9,20,4.0812688
1987-09-21,1987,9,21,5.0189997
1987-09-22,1987,9,22,5.9737779
1987-09-23,1987,9,23,8.7735111
1987-09-24,1987,9,24,10.310651
1987-09-25,1987,9,25,5.6981318
1987-09-26,1987,9,26,3.3960581
1987-09-27,1987,9,27,8.5661442
1987-09-28,1987,9,28,5.6499079
1987-09-29,1987,9,29,2.7496166
1987-09-30,1987,9,30,2.1751183
1987-10-01,1987,10,1,6.7700446
1987-10-02,1987,10,2,9.2588831
1987-10-03,1987,10,3,4.1174819
1987-10-04,1987,10,4,6.0056203
1987-10-05,1987,10,5,6.2902598
1987-10-06,1987,10,6,6.5852316
1987-10-07,1987,10,7,6.5175797
1987-10-08,1987,10,8,9.9962
1987-10-09,1987,10,9,5.687754
1987-10-10,1987,10,10,3.0263003
1987-10-11,1987,10,11,0.55808106
1987-10-12,1987,10,12,2.7071688
1987-10-13,1987,10,13,6.2725008
1987-10-14,1987,10,14,3.9848113
1987-10-15,1987,10,15,2.9180996
1987-10-16,1987,10,16,6.5011105
1987-10-17,1987,10,17,7.4394
1987-10-18,1987,10,18,6.0265126
1987-10-19,1987,10,19,9.5506868
1987-10-20,1987,10,20,7.7515212
1987-10-21,1987,10,21,9.4083532
1987-10-22,1987,10,22,10.893362
1987-10-23,1987,10,23,7.5238915
1987-10-24,1987,10,24,7.7080712
1987-10-25,1987,10,25,5.6129806
1987-10-26,1987,10,26,8.5865132
1987-10-27,1987,10,27,10.286589
1987-10-28,1987,10,28,12.182814
1987-10-29,1987,10,29,11.041428
1987-10-30,1987,10,30,7.8695195
1987-10-31,1987,10,31,6.8278664
1987-11-01,1987,11,1,8.8787518
1987-11-02,1987,11,2,11.473562
1987-11-03,1987,11,3,8.217973
1987-11-04,1987,11,4,6.0683059
1987-11-05,1987,11,5,4.8828089
1987-11-06,1987,11,6,5.7976294
1987-11-07,1987,11,7,6.2741977
1987-11-08,1987,11,8,8.7541129
1987-11-09,1987,11,9,12.896667
1987-11-10,1987,11,10,11.428223
1987-11-11,1987,11,11,9.9616641
1987-11-12,1987,11,12,12.643118
1987-11-13,1987,11,13,10.655532
1987-11-14,1987,11,14,12.685391
1987-11-15,1987,11,15,16.032542
1987-11-16,1987,11,16,14.803606
1987-11-17,1987,11,17,12.057679
1987-11-18,1987,11,18,11.869235
1987-11-19,1987,11,19,14.91204
1987-11-20,1987,11,20,14.655031
1987-11-21,1987,11,21,14.967938
1987-11-22,1987,11,22,11.651279
1987-11-23,1987,11,23,8.2165068
1987-11-24,1987,11,24,12.137231
1987-11-25,1987,11,25,14.592272
1987-11-26,1987,11,26,13.008385
1987-11-27,1987,11,27,14.876884
1987-11-28,1987,11,28,17.03732
1987-11-29,1987,11,29,16.224775
1987-11-30,1987,11,30,15.982945
1987-12-01,1987,12,1,14.086148
1987-12-02,1987,12,2,13.21971
1987-12-03,1987,12,3,11.399528
1987-12-04,1987,12,4,13.590199
1987-12-05,1987,12,5,11.118096
1987-12-06,1987,12,6,8.4289532
1987-12-07,1987,12,7,8.534738
1987-12-08,1987,12,8,11.135235
1987-12-09,1987,12,9,14.560276
1987-12-10,1987,12,10,9.7990114
1987-12-11,1987,12,11,11.172697
1987-12-12,1987,12,12,15.259445
1987-12-13,1987,12,13,11.751372
1987-12-14,1987,12,14,10.608093
1987-12-15,1987,12,15,10.524154
1987-12-16,1987,12,16,7.8013952
1987-12-17,1987,12,17,11.387995
1987-12-18,1987,12,18,10.745273
1987-12-19,1987,12,19,10.903805
1987-12-20,1987,12,20,15.862775
1987-12-21,1987,12,21,16.130114
1987-12-22,1987,12,22,14.475101
1987-12-23,1987,12,23,14.563007
1987-12-24,1987,12,24,14.086693
1987-12-25,1987,12,25,12.981722
1987-12-26,1987,12,26,12.969436
1987-12-27,1987,12,27,11.453985
1987-12-28,1987,12,28,11.039599
1987-12-29,1987,12,29,13.385366
1987-12-30,1987,12,30,16.846515
1987-12-31,1987,12,31,16.844538
1988-01-01,1988,1,1,15.572902
1988-01-02,1988,1,2,15.3842
1988-01-03,1988,1,3,14.689933
1988-01-04,1988,1,4,14.747521
1988-01-05,1988,1,5,16.124135
1988-01-06,1988,1,6,17.127185
1988-01-07,1988,1,7,15.398841
1988-01-08,1988,1,8,16.30735
1988-01-09,1988,1,9,14.648402
1988-01-10,1988,1,10,13.741532
1988-01-11,1988,1,11,12.051111
1988-01-12,1988,1,12,9.6980758
1988-01-13,1988,1,13,11.116783
1988-01-14,1988,1,14,13.83377
1988-01-15,1988,1,15,13.018527
1988-01-16,1988,1,16,13.109763
1988-01-17,1988,1,17,10.141396
1988-01-18,1988,1,18,10.599023
1988-01-19,1988,1,19,13.5926
1988-01-20,1988,1,20,11.738968
1988-01-21,1988,1,21,14.776455
1988-01-22,1988,1,22,15.749653
1988-01-23,1988,1,23,14.626685
1988-01-24,1988,1,24,13.520026
1988-01-25,1988,1,25,15.261473
1988-01-26,1988,1,26,14.963676
1988-01-27,1988,1,27,13.745487
1988-01-28,1988,1,28,13.876217
1988-01-29,1988,1,29,13.903112
1988-01-30,1988,1,30,12.583532
1988-01-31,1988,1,31,15.210119
1988-02-01,1988,2,1,14.047219
1988-02-02,1988,2,2,12.850728
1988-02-03,1988,2,3,16.442859
1988-02-04,1988,2,4,15.647296
1988-02-05,1988,2,5,14.450112
1988-02-06,1988,2,6,15.761708
1988-02-07,1988,2,7,15.921378
1988-02-08,1988,2,8,18.357174
1988-02-09,1988,2,9,16.243641
1988-02-10,1988,2,10,13.390784
1988-02-11,1988,2,11,12.712851
1988-02-12,1988,2,12,13.394082
1988-02-13,1988,2,13,13.38774
1988-02-14,1988,2,14,13.700988
1988-02-15,1988,2,15,13.770821
1988-02-16,1988,2,16,15.515814
1988-02-17,1988,2,17,16.012187
1988-02-18,1988,2,18,15.02642
1988-02-19,1988,2,19,16.538968
1988-02-20,1988,2,20,17.250974
1988-02-21,1988,2,21,15.856849
1988-02-22,1988,2,22,15.340016
1988-02-23,1988,2,23,13.653924
1988-02-24,1988,2,24,14.27678
1988-02-25,1988,2,25,12.685619
1988-02-26,1988,2,26,14.51232
1988-02-27,1988,2,27,13.815177
1988-02-28,1988,2,28,15.865574
1988-02-29,1988,2,29,14.730602
1988-03-01,1988,3,1,14.365465
1988-03-02,1988,3,2,16.750157
1988-03-03,1988,3,3,17.439201
1988-03-04,1988,3,4,15.025158
1988-03-05,1988,3,5,11.212584
1988-03-06,1988,3,6,13.175208
1988-03-07,1988,3,7,13.881042
1988-03-08,1988,3,8,15.091875
1988-03-09,1988,3,9,12.899026
1988-03-10,1988,3,10,7.6252598
1988-03-11,1988,3,11,8.0338951
1988-03-12,1988,3,12,13.208243
1988-03-13,1988,3,13,14.310726
1988-03-14,1988,3,14,14.448219
1988-03-15,1988,3,15,14.166232
1988-03-16,1988,3,16,16.583937
1988-03-17,1988,3,17,16.943829
1988-03-18,1988,3,18,18.107348
1988-03-19,1988,3,19,18.050496
1988-03-20,1988,3,20,16.357114
1988-03-21,1988,3,21,14.062233
1988-03-22,1988,3,22,12.110107
1988-03-23,1988,3,23,12.920926
1988-03-24,1988,3,24,14.324431
1988-03-25,1988,3,25,13.791187
1988-03-26,1988,3,26,13.052074
1988-03-27,1988,3,27,15.820445
1988-03-28,1988,3,28,17.314155
1988-03-29,1988,3,29,16.731609
1988-03-30,1988,3,30,14.282746
1988-03-31,1988,3,31,17.416829
1988-04-01,1988,4,1,17.792997
1988-04-02,1988,4,2,16.994158
1988-04-03,1988,4,3,15.759861
1988-04-04,1988,4,4,17.371104
1988-04-05,1988,4,5,14.327145
1988-04-06,1988,4,6,14.769448
1988-04-07,1988,4,7,15.690909
1988-04-08,1988,4,8,18.605622
1988-04-09,1988,4,9,14.978955
1988-04-10,1988,4,10,12.823782
1988-04-11,1988,4,11,10.578581
1988-04-12,1988,4,12,12.397344
1988-04-13,1988,4,13,14.458818
1988-04-14,1988,4,14,8.3366431
1988-04-15,1988,4,15,4.3534372
1988-04-16,1988,4,16,8.8184459
1988-04-17,1988,4,17,7.6543297
1988-04-18,1988,4,18,4.868245
1988-04-19,1988,4,19,7.9364056
1988-04-20,1988,4,20,6.7085894
1988-04-21,1988,4,21,3.9203562
1988-04-22,1988,4,22,9.4156612
1988-04-23,1988,4,23,8.670214
1988-04-24,1988,4,24,6.2684417
1988-04-25,1988,4,25,5.0529059
1988-04-26,1988,4,26,8.027513
1988-04-27,1988,4,27,9.2113904
1988-04-28,1988,4,28,10.095537
1988-04-29,1988,4,29,8.7903533
1988-04-30,1988,4,30,11.870509
1988-05-01,1988,5,1,11.959268
1988-05-02,1988,5,2,8.2537141
1988-05-03,1988,5,3,5.3088125
1988-05-04,1988,5,4,8.9523273
1988-05-05,1988,5,5,5.3903785
1988-05-06,1988,5,6,6.8893968
1988-05-07,1988,5,7,8.94199
1988-05-08,1988,5,8,9.9645881
1988-05-09,1988,5,9,6.8410377
1988-05-10,1988,5,10,8.1224086
1988-05-11,1988,5,11,4.3772752
1988-05-12,1988,5,12,7.8072945
1988-05-13,1988,5,13,8.970888
1988-05-14,1988,5,14,5.0783428
1988-05-15,1988,5,15,6.8128743
1988-05-16,1988,5,16,6.7721999
1988-05-17,1988,5,17,8.0719185
1988-05-18,1988,5,18,5.3945646
1988-05-19,1988,5,19,4.666167
1988-05-20,1988,5,20,4.5909641
1988-05-21,1988,5,21,3.1369329
1988-05-22,1988,5,22,0.5861209
1988-05-23,1988,5,23,3.1203986
1988-05-24,1988,5,24,5.7874441
1988-05-25,1988,5,25,6.7384922
1988-05-26,1988,5,26,5.8453024
1988-05-27,1988,5,27,6.6112545
1988-05-28,1988,5,28,4.8152152
1988-05-29,1988,5,29,3.3552568
1988-05-30,1988,5,30,1.606805
1988-05-31,1988,5,31,4.3994548
1988-06-01,1988,6,1,2.0483719
1988-06-02,1988,6,2,0.52972335
1988-06-03,1988,6,3,3.4711172
1988-06-04,1988,6,4,8.7611757
1988-06-05,1988,6,5,7.586985
1988-06-06,1988,6,6,5.8746699
1988-06-07,1988,6,7,2.4711485
1988-06-08,1988,6,8,1.7513743
1988-06-09,1988,6,9,7.2861286
1988-06-10,1988,6,10,8.9868024
1988-06-11,1988,6,11,6.440198
1988-06-12,1988,6,12,2.4512166
1988-06-13,1988,6,13,4.5757829
1988-06-14,1988,6,14,5.0546966
1988-06-15,1988,6,15,3.5098928
1988-06-16,1988,6,16,-1.0420768
1988-06-17,1988,6,17,-1.8347517
1988-06-18,1988,6,18,-1.6103468
1988-06-19,1988,6,19,-2.7062937
1988-06-20,1988,6,20,-1.9225783
1988-06-21,1988,6,21,2.344598
1988-06-22,1988,6,22,2.0219437
1988-06-23,1988,6,23,1.6481234
1988-06-24,1988,6,24,2.8296746
1988-06-25,1988,6,25,4.4978304
1988-06-26,1988,6,26,1.9115644
1988-06-27,1988,6,27,0.30606738
1988-06-28,1988,6,28,2.6148131
1988-06-29,1988,6,29,1.6540307
1988-06-30,1988,6,30,1.7550909
1988-07-01,1988,7,1,-0.25165723
1988-07-02,1988,7,2,-3.419437
1988-07-03,1988,7,3,-4.2364477
1988-07-04,1988,7,4,-6.2929925
1988-07-05,1988,7,5,-6.8233926
1988-07-06,1988,7,6,-6.4193085
1988-07-07,1988,7,7,0.20749464
1988-07-08,1988,7,8,1.783795
1988-07-09,1988,7,9,1.3149886
1988-07-10,1988,7,10,4.5596037
1988-07-11,1988,7,11,7.9013732
1988-07-12,1988,7,12,9.4476728
1988-07-13,1988,7,13,6.7497162
1988-07-14,1988,7,14,9.0555288
1988-07-15,1988,7,15,8.8430782
1988-07-16,1988,7,16,3.1199978
1988-07-17,1988,7,17,-1.7609494
1988-07-18,1988,7,18,0.99968505
1988-07-19,1988,7,19,0.18232114
1988-07-20,1988,7,20,2.6642661
1988-07-21,1988,7,21,2.0281235
1988-07-22,1988,7,22,1.550602
1988-07-23,1988,7,23,3.5874923
1988-07-24,1988,7,24,5.7378989
1988-07-25,1988,7,25,7.8352789
1988-07-26,1988,7,26,4.998797
1988-07-27,1988,7,27,-1.5297292
1988-07-28,1988,7,28,-0.10627148
1988-07-29,1988,7,29,-1.5952721
1988-07-30,1988,7,30,-2.7192034
1988-07-31,1988,7,31,-0.46548685
1988-08-01,1988,8,1,0.21265379
1988-08-02,1988,8,2,-3.0292553
1988-08-03,1988,8,3,2.8767773
1988-08-04,1988,8,4,3.023182
1988-08-05,1988,8,5,6.2925738
1988-08-06,1988,8,6,5.7255895
1988-08-07,1988,8,7,-0.98864299
1988-08-08,1988,8,8,0.94993923
1988-08-09,1988,8,9,8.7818018
1988-08-10,1988,8,10,6.4654089
1988-08-11,1988,8,11,0.57689035
1988-08-12,1988,8,12,2.2761419
1988-08-13,1988,8,13,-2.7453356
1988-08-14,1988,8,14,-4.0955636
1988-08-15,1988,8,15,-1.8369466
1988-08-16,1988,8,16,2.5932876
1988-08-17,1988,8,17,1.3769983
1988-08-18,1988,8,18,-0.059034542
1988-08-19,1988,8,19,-0.095043907
1988-08-20,1988,8,20,1.8038116
1988-08-21,1988,8,21,6.5092719
1988-08-22,1988,8,22,2.4473211
1988-08-23,1988,8,23,0.076397943
1988-08-24,1988,8,24,-2.1849261
1988-08-25,1988,8,25,-2.0204148
1988-08-26,1988,8,26,-2.3557662
1988-08-27,1988,8,27,-2.0283551
1988-08-28,1988,8,28,0.66112949
1988-08-29,1988,8,29,-0.70729807
1988-08-30,1988,8,30,0.0035649416
1988-08-31,1988,8,31,0.25739132
1988-09-01,1988,9,1,5.8466497
1988-09-02,1988,9,2,6.7584511
1988-09-03,1988,9,3,7.2389385
1988-09-04,1988,9,4,6.0851638
1988-09-05,1988,9,5,3.900425
1988-09-06,1988,9,6,6.2415321
1988-09-07,1988,9,7,4.2815078
1988-09-08,1988,9,8,-0.49152809
1988-09-09,1988,9,9,2.2947252
1988-09-10,1988,9,10,-0.44324021
1988-09-11,1988,9,11,-0.1079939
1988-09-12,1988,9,12,0.85407545
1988-09-13,1988,9,13,1.8703387
1988-09-14,1988,9,14,4.7462844
1988-09-15,1988,9,15,3.8145458
1988-09-16,1988,9,16,2.1570059
1988-09-17,1988,9,17,1.4377793
1988-09-18,1988,9,18,2.2847
1988-09-19,1988,9,19,2.5699505
1988-09-20,1988,9,20,2.0000548
1988-09-21,1988,9,21,0.8032854
1988-09-22,1988,9,22,-2.7148851
1988-09-23,1988,9,23,-1.6349516
1988-09-24,1988,9,24,2.6873836
1988-09-25,1988,9,25,2.5899146
1988-09-26,1988,9,26,0.10169255
1988-09-27,1988,9,27,7.3572626
1988-09-28,1988,9,28,10.59289
1988-09-29,1988,9,29,9.5171162
1988-09-30,1988,9,30,4.2625318
1988-10-01,1988,10,1,1.4347704
1988-10-02,1988,10,2,0.97125411
1988-10-03,1988,10,3,5.0261877
1988-10-04,1988,10,4,7.227469
1988-10-05,1988,10,5,10.342243
1988-10-06,1988,10,6,7.9621445
1988-10-07,1988,10,7,7.9948836
1988-10-08,1988,10,8,8.1154852
1988-10-09,1988,10,9,9.8504698
1988-10-10,1988,10,10,9.7287858
1988-10-11,1988,10,11,10.446125
1988-10-12,1988,10,12,10.963634
1988-10-13,1988,10,13,11.7041
1988-10-14,1988,10,14,7.2297894
1988-10-15,1988,10,15,8.3147195
1988-10-16,1988,10,16,5.3396528
1988-10-17,1988,10,17,6.0808283
1988-10-18,1988,10,18,3.4964836
1988-10-19,1988,10,19,3.1644137
1988-10-20,1988,10,20,7.4421017
1988-10-21,1988,10,21,5.6073858
1988-10-22,1988,10,22,4.8658875
1988-10-23,1988,10,23,7.2780174
1988-10-24,1988,10,24,3.9983753
1988-10-25,1988,10,25,4.4663205
1988-10-26,1988,10,26,9.0172978
1988-10-27,1988,10,27,11.274368
1988-10-28,1988,10,28,7.8039099
1988-10-29,1988,10,29,6.9327712
1988-10-30,1988,10,30,3.1572599
1988-10-31,1988,10,31,9.5605912
1988-11-01,1988,11,1,11.463018
1988-11-02,1988,11,2,11.526217
1988-11-03,1988,11,3,10.832405
1988-11-04,1988,11,4,13.991587
1988-11-05,1988,11,5,14.578884
1988-11-06,1988,11,6,14.202993
1988-11-07,1988,11,7,14.182599
1988-11-08,1988,11,8,13.577205
1988-11-09,1988,11,9,12.890581
1988-11-10,1988,11,10,12.35635
1988-11-11,1988,11,11,7.8993273
1988-11-12,1988,11,12,11.999564
1988-11-13,1988,11,13,14.842244
1988-11-14,1988,11,14,14.627561
1988-11-15,1988,11,15,11.271028
1988-11-16,1988,11,16,11.915536
1988-11-17,1988,11,17,11.781856
1988-11-18,1988,11,18,13.022464
1988-11-19,1988,11,19,7.8891709
1988-11-20,1988,11,20,1.2217781
1988-11-21,1988,11,21,8.7913067
1988-11-22,1988,11,22,12.76464
1988-11-23,1988,11,23,13.05981
1988-11-24,1988,11,24,12.056648
1988-11-25,1988,11,25,9.6305962
1988-11-26,1988,11,26,11.884953
1988-11-27,1988,11,27,13.759082
1988-11-28,1988,11,28,11.367308
1988-11-29,1988,11,29,10.772174
1988-11-30,1988,11,30,10.395737
1988-12-01,1988,12,1,11.878902
1988-12-02,1988,12,2,13.313514
1988-12-03,1988,12,3,13.448755
1988-12-04,1988,12,4,12.151951
1988-12-05,1988,12,5,12.965573
1988-12-06,1988,12,6,9.1833912
1988-12-07,1988,12,7,12.10214
1988-12-08,1988,12,8,13.490959
1988-12-09,1988,12,9,13.639594
1988-12-10,1988,12,10,12.378426
1988-12-11,1988,12,11,10.489102
1988-12-12,1988,12,12,7.4210356
1988-12-13,1988,12,13,13.719833
1988-12-14,1988,12,14,14.473996
1988-12-15,1988,12,15,15.246737
1988-12-16,1988,12,16,13.201891
1988-12-17,1988,12,17,10.202056
1988-12-18,1988,12,18,11.683347
1988-12-19,1988,12,19,15.094152
1988-12-20,1988,12,20,16.817528
1988-12-21,1988,12,21,14.697535
1988-12-22,1988,12,22,16.778435
1988-12-23,1988,12,23,16.477347
1988-12-24,1988,12,24,15.534316
1988-12-25,1988,12,25,15.012928
1988-12-26,1988,12,26,15.359131
1988-12-27,1988,12,27,14.583002
1988-12-28,1988,12,28,15.065872
1988-12-29,1988,12,29,17.286684
1988-12-30,1988,12,30,15.81931
1988-12-31,1988,12,31,15.831274
1989-01-01,1989,1,1,19.951102
1989-01-02,1989,1,2,20.743843
1989-01-03,1989,1,3,18.546323
1989-01-04,1989,1,4,17.158668
1989-01-05,1989,1,5,15.134762
1989-01-06,1989,1,6,13.449261
1989-01-07,1989,1,7,13.112149
1989-01-08,1989,1,8,13.620842
1989-01-09,1989,1,9,13.432179
1989-01-10,1989,1,10,13.551338
1989-01-11,1989,1,11,14.897144
1989-01-12,1989,1,12,15.8699
1989-01-13,1989,1,13,15.510163
1989-01-14,1989,1,14,15.567896
1989-01-15,1989,1,15,16.980975
1989-01-16,1989,1,16,17.455156
1989-01-17,1989,1,17,15.313574
1989-01-18,1989,1,18,12.800829
1989-01-19,1989,1,19,10.55764
1989-01-20,1989,1,20,13.738156
1989-01-21,1989,1,21,17.88009
1989-01-22,1989,1,22,16.946813
1989-01-23,1989,1,23,14.896427
1989-01-24,1989,1,24,17.966777
1989-01-25,1989,1,25,18.774208
1989-01-26,1989,1,26,21.418117
1989-01-27,1989,1,27,17.982392
1989-01-28,1989,1,28,12.152099
1989-01-29,1989,1,29,16.212167
1989-01-30,1989,1,30,15.010431
1989-01-31,1989,1,31,17.711555
1989-02-01,1989,2,1,17.740357
1989-02-02,1989,2,2,18.458141
1989-02-03,1989,2,3,17.758647
1989-02-04,1989,2,4,15.762546
1989-02-05,1989,2,5,16.929077
1989-02-06,1989,2,6,16.401708
1989-02-07,1989,2,7,17.667699
1989-02-08,1989,2,8,17.694613
1989-02-09,1989,2,9,17.296888
1989-02-10,1989,2,10,15.992472
1989-02-11,1989,2,11,15.94406
1989-02-12,1989,2,12,16.934271
1989-02-13,1989,2,13,17.852249
1989-02-14,1989,2,14,15.331143
1989-02-15,1989,2,15,14.5508
1989-02-16,1989,2,16,14.679492
1989-02-17,1989,2,17,15.75629
1989-02-18,1989,2,18,17.636616
1989-02-19,1989,2,19,17.163297
1989-02-20,1989,2,20,15.23314
1989-02-21,1989,2,21,15.284388
1989-02-22,1989,2,22,13.322501
1989-02-23,1989,2,23,15.570091
1989-02-24,1989,2,24,17.949233
1989-02-25,1989,2,25,16.355315
1989-02-26,1989,2,26,15.234525
1989-02-27,1989,2,27,15.3581
1989-02-28,1989,2,28,16.280978
1989-03-01,1989,3,1,15.071377
1989-03-02,1989,3,2,14.972686
1989-03-03,1989,3,3,11.990773
1989-03-04,1989,3,4,12.654047
1989-03-05,1989,3,5,14.949826
1989-03-06,1989,3,6,13.252559
1989-03-07,1989,3,7,13.922938
1989-03-08,1989,3,8,14.927208
1989-03-09,1989,3,9,12.497162
1989-03-10,1989,3,10,12.079191
1989-03-11,1989,3,11,15.256283
1989-03-12,1989,3,12,16.217263
1989-03-13,1989,3,13,17.935649
1989-03-14,1989,3,14,15.689495
1989-03-15,1989,3,15,10.504474
1989-03-16,1989,3,16,12.768015
1989-03-17,1989,3,17,14.071518
1989-03-18,1989,3,18,16.067486
1989-03-19,1989,3,19,17.538128
1989-03-20,1989,3,20,17.277115
1989-03-21,1989,3,21,13.936187
1989-03-22,1989,3,22,11.95615
1989-03-23,1989,3,23,12.014857
1989-03-24,1989,3,24,11.625573
1989-03-25,1989,3,25,11.028743
1989-03-26,1989,3,26,16.538839
1989-03-27,1989,3,27,13.138512
1989-03-28,1989,3,28,9.4164463
1989-03-29,1989,3,29,9.7725469
1989-03-30,1989,3,30,11.791025
1989-03-31,1989,3,31,14.091867
1989-04-01,1989,4,1,15.831352
1989-04-02,1989,4,2,9.1970632
1989-04-03,1989,4,3,11.479523
1989-04-04,1989,4,4,10.429753
1989-04-05,1989,4,5,13.871655
1989-04-06,1989,4,6,14.015747
1989-04-07,1989,4,7,15.967162
1989-04-08,1989,4,8,13.061751
1989-04-09,1989,4,9,7.3399007
1989-04-10,1989,4,10,14.175537
1989-04-11,1989,4,11,12.601479
1989-04-12,1989,4,12,11.892545
1989-04-13,1989,4,13,14.628039
1989-04-14,1989,4,14,14.705119
1989-04-15,1989,4,15,10.223867
1989-04-16,1989,4,16,11.646128
1989-04-17,1989,4,17,15.600734
1989-04-18,1989,4,18,16.871451
1989-04-19,1989,4,19,19.093083
1989-04-20,1989,4,20,15.814616
1989-04-21,1989,4,21,15.68488
1989-04-22,1989,4,22,14.000482
1989-04-23,1989,4,23,12.62049
1989-04-24,1989,4,24,10.126422
1989-04-25,1989,4,25,13.718005
1989-04-26,1989,4,26,16.33379
1989-04-27,1989,4,27,10.869043
1989-04-28,1989,4,28,4.5658777
1989-04-29,1989,4,29,0.51212623
1989-04-30,1989,4,30,1.3717925
1989-05-01,1989,5,1,1.1976217
1989-05-02,1989,5,2,1.9704603
1989-05-03,1989,5,3,-0.54969478
1989-05-04,1989,5,4,-0.34225049
1989-05-05,1989,5,5,3.9829707
1989-05-06,1989,5,6,5.716027
1989-05-07,1989,5,7,7.7312976
1989-05-08,1989,5,8,5.9157494
1989-05-09,1989,5,9,7.4180552
1989-05-10,1989,5,10,8.9022916
1989-05-11,1989,5,11,8.3244
1989-05-12,1989,5,12,7.7375392
1989-05-13,1989,5,13,6.4905272
1989-05-14,1989,5,14,0.63716714
1989-05-15,1989,5,15,6.0597316
1989-05-16,1989,5,16,8.5301695
1989-05-17,1989,5,17,7.9944777
1989-05-18,1989,5,18,9.7046827
1989-05-19,1989,5,19,9.5016785
1989-05-20,1989,5,20,10.216863
1989-05-21,1989,5,21,10.892698
1989-05-22,1989,5,22,7.6037786
1989-05-23,1989,5,23,8.0962991
1989-05-24,1989,5,24,9.2973504
1989-05-25,1989,5,25,9.7414011
1989-05-26,1989,5,26,8.4438049
1989-05-27,1989,5,27,7.6089361
1989-05-28,1989,5,28,5.3540292
1989-05-29,1989,5,29,6.296917
1989-05-30,1989,5,30,5.3454936
1989-05-31,1989,5,31,5.948638
1989-06-01,1989,6,1,2.7802873
1989-06-02,1989,6,2,4.7597895
1989-06-03,1989,6,3,7.0307215
1989-06-04,1989,6,4,7.9436903
1989-06-05,1989,6,5,7.5212293
1989-06-06,1989,6,6,5.8172634
1989-06-07,1989,6,7,2.784158
1989-06-08,1989,6,8,3.183983
1989-06-09,1989,6,9,6.3664837
1989-06-10,1989,6,10,5.3106423
1989-06-11,1989,6,11,6.8575377
1989-06-12,1989,6,12,7.3638774
1989-06-13,1989,6,13,5.6855178
1989-06-14,1989,6,14,4.6250864
1989-06-15,1989,6,15,5.0039845
1989-06-16,1989,6,16,3.8042494
1989-06-17,1989,6,17,8.3392416
1989-06-18,1989,6,18,7.4820524
1989-06-19,1989,6,19,5.6135888
1989-06-20,1989,6,20,4.0927317
1989-06-21,1989,6,21,1.2820206
1989-06-22,1989,6,22,5.667313
1989-06-23,1989,6,23,4.1238493
1989-06-24,1989,6,24,4.5913373
1989-06-25,1989,6,25,2.0069858
1989-06-26,1989,6,26,-2.165877
1989-06-27,1989,6,27,-2.0776176
1989-06-28,1989,6,28,3.2683554
1989-06-29,1989,6,29,1.24966
1989-06-30,1989,6,30,-2.6680032
1989-07-01,1989,7,1,-3.7520344
1989-07-02,1989,7,2,2.7586739
1989-07-03,1989,7,3,4.9124847
1989-07-04,1989,7,4,2.7456967
1989-07-05,1989,7,5,2.7403726
1989-07-06,1989,7,6,4.7566825
1989-07-07,1989,7,7,3.6182869
1989-07-08,1989,7,8,6.7017613
1989-07-09,1989,7,9,4.3128004
1989-07-10,1989,7,10,1.6264024
1989-07-11,1989,7,11,3.0456645
1989-07-12,1989,7,12,4.9604479
1989-07-13,1989,7,13,5.2256152
1989-07-14,1989,7,14,7.5829734
1989-07-15,1989,7,15,9.4799116
1989-07-16,1989,7,16,8.1145031
1989-07-17,1989,7,17,3.1015765
1989-07-18,1989,7,18,5.2788841
1989-07-19,1989,7,19,0.524777
1989-07-20,1989,7,20,1.4796952
1989-07-21,1989,7,21,5.8929904
1989-07-22,1989,7,22,2.684312
1989-07-23,1989,7,23,-4.118964
1989-07-24,1989,7,24,0.16708072
1989-07-25,1989,7,25,-1.8412902
1989-07-26,1989,7,26,-2.6190462
1989-07-27,1989,7,27,-3.5400337
1989-07-28,1989,7,28,-0.020128962
1989-07-29,1989,7,29,-2.6811979
1989-07-30,1989,7,30,0.1410923
1989-07-31,1989,7,31,2.1095422
1989-08-01,1989,8,1,0.89519249
1989-08-02,1989,8,2,2.4550993
1989-08-03,1989,8,3,-3.7708507
1989-08-04,1989,8,4,2.6377507
1989-08-05,1989,8,5,4.6692747
1989-08-06,1989,8,6,3.7098433
1989-08-07,1989,8,7,-1.0682801
1989-08-08,1989,8,8,1.2065785
1989-08-09,1989,8,9,4.8042148
1989-08-10,1989,8,10,6.6433996
1989-08-11,1989,8,11,7.0730318
1989-08-12,1989,8,12,2.8243876
1989-08-13,1989,8,13,8.0632679
1989-08-14,1989,8,14,7.5308337
1989-08-15,1989,8,15,5.8436663
1989-08-16,1989,8,16,0.18234457
1989-08-17,1989,8,17,3.2755002
1989-08-18,1989,8,18,2.0690355
1989-08-19,1989,8,19,-0.60648115
1989-08-20,1989,8,20,-1.5007374
1989-08-21,1989,8,21,-4.0309595
1989-08-22,1989,8,22,-2.2428394
1989-08-23,1989,8,23,-1.0079041
1989-08-24,1989,8,24,0.23573685
1989-08-25,1989,8,25,2.2947086
1989-08-26,1989,8,26,0.97952682
1989-08-27,1989,8,27,6.8165418
1989-08-28,1989,8,28,7.687778
1989-08-29,1989,8,29,2.5111613
1989-08-30,1989,8,30,-2.2400106
1989-08-31,1989,8,31,4.5825812
1989-09-01,1989,9,1,6.7901304
1989-09-02,1989,9,2,7.0344983
1989-09-03,1989,9,3,3.170316
1989-09-04,1989,9,4,-0.14346799
1989-09-05,1989,9,5,-1.4979299
1989-09-06,1989,9,6,-0.69665697
1989-09-07,1989,9,7,-0.029491488
1989-09-08,1989,9,8,-1.9065742
1989-09-09,1989,9,9,-2.4321564
1989-09-10,1989,9,10,-3.3340284
1989-09-11,1989,9,11,-2.6445977
1989-09-12,1989,9,12,-0.81306643
1989-09-13,1989,9,13,4.9979779
1989-09-14,1989,9,14,8.2477039
1989-09-15,1989,9,15,10.025091
1989-09-16,1989,9,16,11.355068
1989-09-17,1989,9,17,9.3236446
1989-09-18,1989,9,18,8.1641935
1989-09-19,1989,9,19,9.000503
1989-09-20,1989,9,20,6.99515
1989-09-21,1989,9,21,0.9522993
1989-09-22,1989,9,22,1.1593919
1989-09-23,1989,9,23,2.1228942
1989-09-24,1989,9,24,5.5173677
1989-09-25,1989,9,25,7.1805933
1989-09-26,1989,9,26,6.8167711
1989-09-27,1989,9,27,4.6291693
1989-09-28,1989,9,28,5.6773056
1989-09-29,1989,9,29,10.307997
1989-09-30,1989,9,30,8.9051019
1989-10-01,1989,10,1,4.369448
1989-10-02,1989,10,2,4.9742909
1989-10-03,1989,10,3,10.729321
1989-10-04,1989,10,4,7.1697021
1989-10-05,1989,10,5,9.218546
1989-10-06,1989,10,6,5.3864938
1989-10-07,1989,10,7,8.6376286
1989-10-08,1989,10,8,7.1150667
1989-10-09,1989,10,9,6.6621222
1989-10-10,1989,10,10,5.746185
1989-10-11,1989,10,11,9.638843
1989-10-12,1989,10,12,11.495406
1989-10-13,1989,10,13,9.9178962
1989-10-14,1989,10,14,7.0556212
1989-10-15,1989,10,15,8.0412503
1989-10-16,1989,10,16,11.617494
1989-10-17,1989,10,17,12.934761
1989-10-18,1989,10,18,14.029657
1989-10-19,1989,10,19,10.59186
1989-10-20,1989,10,20,9.1778295
1989-10-21,1989,10,21,13.385189
1989-10-22,1989,10,22,13.405097
1989-10-23,1989,10,23,8.1159641
1989-10-24,1989,10,24,8.6185819
1989-10-25,1989,10,25,2.7061941
1989-10-26,1989,10,26,9.267981
1989-10-27,1989,10,27,14.324773
1989-10-28,1989,10,28,8.6497918
1989-10-29,1989,10,29,7.0926619
1989-10-30,1989,10,30,6.6528831
1989-10-31,1989,10,31,10.1292
1989-11-01,1989,11,1,6.0495562
1989-11-02,1989,11,2,4.9959686
1989-11-03,1989,11,3,10.841859
1989-11-04,1989,11,4,14.212278
1989-11-05,1989,11,5,11.027174
1989-11-06,1989,11,6,9.5595153
1989-11-07,1989,11,7,7.6806891
1989-11-08,1989,11,8,8.6285758
1989-11-09,1989,11,9,10.942258
1989-11-10,1989,11,10,6.4882677
1989-11-11,1989,11,11,7.7474881
1989-11-12,1989,11,12,12.814844
1989-11-13,1989,11,13,14.355436
1989-11-14,1989,11,14,11.555872
1989-11-15,1989,11,15,12.409912
1989-11-16,1989,11,16,14.292438
1989-11-17,1989,11,17,13.828217
1989-11-18,1989,11,18,12.498333
1989-11-19,1989,11,19,13.595968
1989-11-20,1989,11,20,13.146103
1989-11-21,1989,11,21,13.084623
1989-11-22,1989,11,22,10.786098
1989-11-23,1989,11,23,13.16656
1989-11-24,1989,11,24,17.661275
1989-11-25,1989,11,25,14.853568
1989-11-26,1989,11,26,13.698301
1989-11-27,1989,11,27,13.582683
1989-11-28,1989,11,28,14.046279
1989-11-29,1989,11,29,13.230737
1989-11-30,1989,11,30,11.220156
1989-12-01,1989,12,1,11.456482
1989-12-02,1989,12,2,9.534141
1989-12-03,1989,12,3,11.376397
1989-12-04,1989,12,4,7.7174922
1989-12-05,1989,12,5,8.2464704
1989-12-06,1989,12,6,10.004372
1989-12-07,1989,12,7,12.557058
1989-12-08,1989,12,8,13.245867
1989-12-09,1989,12,9,13.9833
1989-12-10,1989,12,10,12.389207
1989-12-11,1989,12,11,12.775261
1989-12-12,1989,12,12,13.887872
1989-12-13,1989,12,13,15.773979
1989-12-14,1989,12,14,15.241379
1989-12-15,1989,12,15,12.749753
1989-12-16,1989,12,16,7.4213368
1989-12-17,1989,12,17,12.493873
1989-12-18,1989,12,18,15.271308
1989-12-19,1989,12,19,17.782474
1989-12-20,1989,12,20,15.418124
1989-12-21,1989,12,21,12.656666
1989-12-22,1989,12,22,14.312967
1989-12-23,1989,12,23,14.704148
1989-12-24,1989,12,24,15.860056
1989-12-25,1989,12,25,16.030724
1989-12-26,1989,12,26,15.813765
1989-12-27,1989,12,27,16.279667
1989-12-28,1989,12,28,16.134572
1989-12-29,1989,12,29,16.021411
1989-12-30,1989,12,30,16.640482
1989-12-31,1989,12,31,15.407729
1990-01-01,1990,1,1,15.053369
1990-01-02,1990,1,2,15.701852
1990-01-03,1990,1,3,16.090547
1990-01-04,1990,1,4,17.760894
1990-01-05,1990,1,5,17.758605
1990-01-06,1990,1,6,17.348656
1990-01-07,1990,1,7,17.855615
1990-01-08,1990,1,8,17.208999
1990-01-09,1990,1,9,17.373945
1990-01-10,1990,1,10,16.669989
1990-01-11,1990,1,11,16.293253
1990-01-12,1990,1,12,10.608724
1990-01-13,1990,1,13,13.323959
1990-01-14,1990,1,14,15.238258
1990-01-15,1990,1,15,14.18985
1990-01-16,1990,1,16,10.377667
1990-01-17,1990,1,17,10.536964
1990-01-18,1990,1,18,15.26386
1990-01-19,1990,1,19,13.387219
1990-01-20,1990,1,20,16.22442
1990-01-21,1990,1,21,14.518463
1990-01-22,1990,1,22,15.054972
1990-01-23,1990,1,23,13.812707
1990-01-24,1990,1,24,15.244176
1990-01-25,1990,1,25,18.89519
1990-01-26,1990,1,26,15.78025
1990-01-27,1990,1,27,17.151903
1990-01-28,1990,1,28,17.186032
1990-01-29,1990,1,29,16.428595
1990-01-30,1990,1,30,17.444237
1990-01-31,1990,1,31,19.771474
1990-02-01,1990,2,1,18.582701
1990-02-02,1990,2,2,16.950964
1990-02-03,1990,2,3,18.142141
1990-02-04,1990,2,4,19.447843
1990-02-05,1990,2,5,19.402511
1990-02-06,1990,2,6,17.834602
1990-02-07,1990,2,7,15.328888
1990-02-08,1990,2,8,15.469245
1990-02-09,1990,2,9,14.875948
1990-02-10,1990,2,10,14.469839
1990-02-11,1990,2,11,14.69217
1990-02-12,1990,2,12,14.807879
1990-02-13,1990,2,13,14.52799
1990-02-14,1990,2,14,12.92415
1990-02-15,1990,2,15,14.651814
1990-02-16,1990,2,16,12.630982
1990-02-17,1990,2,17,13.050317
1990-02-18,1990,2,18,12.478289
1990-02-19,1990,2,19,12.361456
1990-02-20,1990,2,20,13.929009
1990-02-21,1990,2,21,13.610427
1990-02-22,1990,2,22,12.333011
1990-02-23,1990,2,23,12.729272
1990-02-24,1990,2,24,12.092333
1990-02-25,1990,2,25,13.857019
1990-02-26,1990,2,26,15.530288
1990-02-27,1990,2,27,12.349511
1990-02-28,1990,2,28,9.705463
1990-03-01,1990,3,1,13.809557
1990-03-02,1990,3,2,13.835833
1990-03-03,1990,3,3,14.481163
1990-03-04,1990,3,4,12.389921
1990-03-05,1990,3,5,11.730338
1990-03-06,1990,3,6,13.488934
1990-03-07,1990,3,7,13.657302
1990-03-08,1990,3,8,13.187742
1990-03-09,1990,3,9,16.708427
1990-03-10,1990,3,10,17.97895
1990-03-11,1990,3,11,16.913495
1990-03-12,1990,3,12,15.86649
1990-03-13,1990,3,13,14.785555
1990-03-14,1990,3,14,13.912281
1990-03-15,1990,3,15,13.018786
1990-03-16,1990,3,16,12.192945
1990-03-17,1990,3,17,12.422854
1990-03-18,1990,3,18,12.788576
1990-03-19,1990,3,19,14.242713
1990-03-20,1990,3,20,16.072598
1990-03-21,1990,3,21,16.323699
1990-03-22,1990,3,22,10.637419
1990-03-23,1990,3,23,12.227189
1990-03-24,1990,3,24,10.966622
1990-03-25,1990,3,25,9.5022798
1990-03-26,1990,3,26,10.721945
1990-03-27,1990,3,27,10.807146
1990-03-28,1990,3,28,6.9334338
1990-03-29,1990,3,29,3.3777993
1990-03-30,1990,3,30,3.2065334
1990-03-31,1990,3,31,11.94586
1990-04-01,1990,4,1,9.4789221
1990-04-02,1990,4,2,9.8001214
1990-04-03,1990,4,3,7.0437628
1990-04-04,1990,4,4,6.6313138
1990-04-05,1990,4,5,4.3004382
1990-04-06,1990,4,6,6.8424407
1990-04-07,1990,4,7,6.866238
1990-04-08,1990,4,8,10.022415
1990-04-09,1990,4,9,10.392018
1990-04-10,1990,4,10,12.76422
1990-04-11,1990,4,11,13.251971
1990-04-12,1990,4,12,10.034553
1990-04-13,1990,4,13,10.435543
1990-04-14,1990,4,14,10.344432
1990-04-15,1990,4,15,6.6981565
1990-04-16,1990,4,16,4.4565746
1990-04-17,1990,4,17,8.997098
1990-04-18,1990,4,18,9.2169705
1990-04-19,1990,4,19,7.6477064
1990-04-20,1990,4,20,6.8432765
1990-04-21,1990,4,21,6.4440294
1990-04-22,1990,4,22,5.2161553
1990-04-23,1990,4,23,5.4060921
1990-04-24,1990,4,24,4.7580346
1990-04-25,1990,4,25,2.0102863
1990-04-26,1990,4,26,1.6920902
1990-04-27,1990,4,27,2.3039958
1990-04-28,1990,4,28,1.7821371
1990-04-29,1990,4,29,4.6110332
1990-04-30,1990,4,30,5.1971738
1990-05-01,1990,5,1,4.1954592
1990-05-02,1990,5,2,4.5328526
1990-05-03,1990,5,3,3.0741512
1990-05-04,1990,5,4,4.9578366
1990-05-05,1990,5,5,6.039843
1990-05-06,1990,5,6,6.0057714
1990-05-07,1990,5,7,6.1116075
1990-05-08,1990,5,8,7.4774682
1990-05-09,1990,5,9,2.2750381
1990-05-10,1990,5,10,4.8300635
1990-05-11,1990,5,11,5.2168432
1990-05-12,1990,5,12,4.0477971
1990-05-13,1990,5,13,2.7283122
1990-05-14,1990,5,14,2.5606872
1990-05-15,1990,5,15,5.0586926
1990-05-16,1990,5,16,1.7856048
1990-05-17,1990,5,17,4.482544
1990-05-18,1990,5,18,9.3552267
1990-05-19,1990,5,19,10.256408
1990-05-20,1990,5,20,4.9097425
1990-05-21,1990,5,21,11.283173
1990-05-22,1990,5,22,11.606754
1990-05-23,1990,5,23,10.743742
1990-05-24,1990,5,24,9.0227484
1990-05-25,1990,5,25,9.4460775
1990-05-26,1990,5,26,2.4471568
1990-05-27,1990,5,27,2.6710734
1990-05-28,1990,5,28,2.9093466
1990-05-29,1990,5,29,-2.2475975
1990-05-30,1990,5,30,-1.8701393
1990-05-31,1990,5,31,1.8644426
1990-06-01,1990,6,1,3.3061805
1990-06-02,1990,6,2,1.1940208
1990-06-03,1990,6,3,0.26067632
1990-06-04,1990,6,4,0.35711593
1990-06-05,1990,6,5,0.85424215
1990-06-06,1990,6,6,4.199538
1990-06-07,1990,6,7,6.2152716
1990-06-08,1990,6,8,6.2061968
1990-06-09,1990,6,9,6.8665406
1990-06-10,1990,6,10,6.9831056
1990-06-11,1990,6,11,3.9735538
1990-06-12,1990,6,12,3.4600058
1990-06-13,1990,6,13,4.4775116
1990-06-14,1990,6,14,5.2867835
1990-06-15,1990,6,15,9.8134437
1990-06-16,1990,6,16,9.9951947
1990-06-17,1990,6,17,7.6222359
1990-06-18,1990,6,18,3.3526287
1990-06-19,1990,6,19,4.7433383
1990-06-20,1990,6,20,8.6761458
1990-06-21,1990,6,21,8.5901171
1990-06-22,1990,6,22,1.9631722
1990-06-23,1990,6,23,0.34739329
1990-06-24,1990,6,24,3.055192
1990-06-25,1990,6,25,5.0544003
1990-06-26,1990,6,26,5.7137487
1990-06-27,1990,6,27,5.0153145
1990-06-28,1990,6,28,5.8435498
1990-06-29,1990,6,29,7.3259993
1990-06-30,1990,6,30,5.8445618
1990-07-01,1990,7,1,3.1180698
1990-07-02,1990,7,2,3.0197466
1990-07-03,1990,7,3,7.6671504
1990-07-04,1990,7,4,8.6690887
1990-07-05,1990,7,5,8.542704
1990-07-06,1990,7,6,5.2993941
1990-07-07,1990,7,7,-0.026961709
1990-07-08,1990,7,8,-1.6195223
1990-07-09,1990,7,9,0.12179007
1990-07-10,1990,7,10,3.7236197
1990-07-11,1990,7,11,6.617281
1990-07-12,1990,7,12,5.1005441
1990-07-13,1990,7,13,2.3374855
1990-07-14,1990,7,14,-1.7763084
1990-07-15,1990,7,15,-3.5276202
1990-07-16,1990,7,16,-4.0370054
1990-07-17,1990,7,17,-6.2968498
1990-07-18,1990,7,18,-4.7340528
1990-07-19,1990,7,19,-2.3270453
1990-07-20,1990,7,20,-5.5635005
1990-07-21,1990,7,21,-0.57798707
1990-07-22,1990,7,22,-0.14537678
1990-07-23,1990,7,23,-1.4003276
1990-07-24,1990,7,24,0.11969125
1990-07-25,1990,7,25,0.076718418
1990-07-26,1990,7,26,-1.6290152
1990-07-27,1990,7,27,3.397639
1990-07-28,1990,7,28,5.1991516
1990-07-29,1990,7,29,5.0381937
1990-07-30,1990,7,30,7.0232786
1990-07-31,1990,7,31,5.3457895
1990-08-01,1990,8,1,5.7504313
1990-08-02,1990,8,2,5.1545031
1990-08-03,1990,8,3,6.4530646
1990-08-04,1990,8,4,7.1139315
1990-08-05,1990,8,5,7.8086863
1990-08-06,1990,8,6,5.3055088
1990-08-07,1990,8,7,1.2025144
1990-08-08,1990,8,8,9.9902506
1990-08-09,1990,8,9,10.49657
1990-08-10,1990,8,10,9.227859
1990-08-11,1990,8,11,8.3162006
1990-08-12,1990,8,12,7.6264526
1990-08-13,1990,8,13,1.5511715
1990-08-14,1990,8,14,0.34957955
1990-08-15,1990,8,15,1.3308918
1990-08-16,1990,8,16,5.4177871
1990-08-17,1990,8,17,4.6102442
1990-08-18,1990,8,18,0.25446565
1990-08-19,1990,8,19,3.453655
1990-08-20,1990,8,20,5.8116818
1990-08-21,1990,8,21,6.9552719
1990-08-22,1990,8,22,5.5924561
1990-08-23,1990,8,23,5.8717373
1990-08-24,1990,8,24,5.020055
1990-08-25,1990,8,25,7.1340376
1990-08-26,1990,8,26,2.1471604
1990-08-27,1990,8,27,2.9958374
1990-08-28,1990,8,28,8.6457484
1990-08-29,1990,8,29,6.6883397
1990-08-30,1990,8,30,2.0565289
1990-08-31,1990,8,31,1.0191248
1990-09-01,1990,9,1,4.036032
1990-09-02,1990,9,2,2.5353561
1990-09-03,1990,9,3,2.8792714
1990-09-04,1990,9,4,7.2899798
1990-09-05,1990,9,5,3.4209458
1990-09-06,1990,9,6,1.6817954
1990-09-07,1990,9,7,4.6821038
1990-09-08,1990,9,8,6.3713013
1990-09-09,1990,9,9,8.6716488
1990-09-10,1990,9,10,3.9288976
1990-09-11,1990,9,11,0.3677915
1990-09-12,1990,9,12,0.54512116
1990-09-13,1990,9,13,7.6377161
1990-09-14,1990,9,14,10.467013
1990-09-15,1990,9,15,7.8571142
1990-09-16,1990,9,16,5.0586425
1990-09-17,1990,9,17,1.7610319
1990-09-18,1990,9,18,2.906372
1990-09-19,1990,9,19,0.35055448
1990-09-20,1990,9,20,-0.22624277
1990-09-21,1990,9,21,-1.4872862
1990-09-22,1990,9,22,0.23219926
1990-09-23,1990,9,23,6.7788453
1990-09-24,1990,9,24,9.698014
1990-09-25,1990,9,25,10.02486
1990-09-26,1990,9,26,5.2724118
1990-09-27,1990,9,27,4.4957335
1990-09-28,1990,9,28,5.8325581
1990-09-29,1990,9,29,13.609183
1990-09-30,1990,9,30,12.438382
1990-10-01,1990,10,1,7.3854431
1990-10-02,1990,10,2,8.0818904
1990-10-03,1990,10,3,6.8867657
1990-10-04,1990,10,4,4.3749537
1990-10-05,1990,10,5,4.258454
1990-10-06,1990,10,6,4.9166413
1990-10-07,1990,10,7,2.8926699
1990-10-08,1990,10,8,8.4471765
1990-10-09,1990,10,9,10.176262
1990-10-10,1990,10,10,3.8640837
1990-10-11,1990,10,11,0.30941502
1990-10-12,1990,10,12,7.4599225
1990-10-13,1990,10,13,4.8290561
1990-10-14,1990,10,14,5.321078
1990-10-15,1990,10,15,7.43592
1990-10-16,1990,10,16,6.0028573
1990-10-17,1990,10,17,7.4324466
1990-10-18,1990,10,18,7.3596066
1990-10-19,1990,10,19,10.480628
1990-10-20,1990,10,20,11.109742
1990-10-21,1990,10,21,9.8896943
1990-10-22,1990,10,22,9.5619465
1990-10-23,1990,10,23,10.057277
1990-10-24,1990,10,24,9.7498426
1990-10-25,1990,10,25,9.5101543
1990-10-26,1990,10,26,10.065492
1990-10-27,1990,10,27,10.242049
1990-10-28,1990,10,28,11.046985
1990-10-29,1990,10,29,9.370047
1990-10-30,1990,10,30,6.0238827
1990-10-31,1990,10,31,8.9511634
1990-11-01,1990,11,1,9.2489476
1990-11-02,1990,11,2,7.4416389
1990-11-03,1990,11,3,3.5217746
1990-11-04,1990,11,4,6.8739033
1990-11-05,1990,11,5,8.2901392
1990-11-06,1990,11,6,7.5242167
1990-11-07,1990,11,7,8.199513
1990-11-08,1990,11,8,11.277004
1990-11-09,1990,11,9,12.007349
1990-11-10,1990,11,10,8.5569165
1990-11-11,1990,11,11,9.0233361
1990-11-12,1990,11,12,6.6041742
1990-11-13,1990,11,13,3.9204473
1990-11-14,1990,11,14,8.6180513
1990-11-15,1990,11,15,12.018875
1990-11-16,1990,11,16,14.430041
1990-11-17,1990,11,17,12.471988
1990-11-18,1990,11,18,14.280608
1990-11-19,1990,11,19,10.762631
1990-11-20,1990,11,20,13.395028
1990-11-21,1990,11,21,15.796994
1990-11-22,1990,11,22,17.126274
1990-11-23,1990,11,23,16.380743
1990-11-24,1990,11,24,17.843963
1990-11-25,1990,11,25,14.700161
1990-11-26,1990,11,26,16.078548
1990-11-27,1990,11,27,17.634738
1990-11-28,1990,11,28,17.337166
1990-11-29,1990,11,29,12.424285
1990-11-30,1990,11,30,14.35074
1990-12-01,1990,12,1,11.504616
1990-12-02,1990,12,2,11.897172
1990-12-03,1990,12,3,17.389423
1990-12-04,1990,12,4,14.591438
1990-12-05,1990,12,5,10.617535
1990-12-06,1990,12,6,7.6646213
1990-12-07,1990,12,7,14.602772
1990-12-08,1990,12,8,13.196444
1990-12-09,1990,12,9,12.083058
1990-12-10,1990,12,10,9.7703139
1990-12-11,1990,12,11,8.1235563
1990-12-12,1990,12,12,3.6702067
1990-12-13,1990,12,13,11.72998
1990-12-14,1990,12,14,13.361663
1990-12-15,1990,12,15,16.76583
1990-12-16,1990,12,16,16.061304
1990-12-17,1990,12,17,14.38387
1990-12-18,1990,12,18,19.736056
1990-12-19,1990,12,19,19.055671
1990-12-20,1990,12,20,17.776283
1990-12-21,1990,12,21,13.297177
1990-12-22,1990,12,22,14.554605
1990-12-23,1990,12,23,16.984966
1990-12-24,1990,12,24,21.611938
1990-12-25,1990,12,25,20.165694
1990-12-26,1990,12,26,17.349392
1990-12-27,1990,12,27,17.783574
1990-12-28,1990,12,28,19.468324
1990-12-29,1990,12,29,19.096605
1990-12-30,1990,12,30,17.313831
1990-12-31,1990,12,31,15.421845
1991-01-01,1991,1,1,13.513661
1991-01-02,1991,1,2,15.154946
1991-01-03,1991,1,3,16.382909
1991-01-04,1991,1,4,17.764795
1991-01-05,1991,1,5,15.78223
1991-01-06,1991,1,6,16.458698
1991-01-07,1991,1,7,15.717906
1991-01-08,1991,1,8,16.904017
1991-01-09,1991,1,9,19.14387
1991-01-10,1991,1,10,18.901181
1991-01-11,1991,1,11,16.174812
1991-01-12,1991,1,12,15.498127
1991-01-13,1991,1,13,14.732483
1991-01-14,1991,1,14,14.325877
1991-01-15,1991,1,15,11.531593
1991-01-16,1991,1,16,15.670208
1991-01-17,1991,1,17,13.883942
1991-01-18,1991,1,18,12.573785
1991-01-19,1991,1,19,14.589783
1991-01-20,1991,1,20,9.316357
1991-01-21,1991,1,21,14.121023
1991-01-22,1991,1,22,15.170718
1991-01-23,1991,1,23,15.762314
1991-01-24,1991,1,24,18.085861
1991-01-25,1991,1,25,19.80352
1991-01-26,1991,1,26,18.150249
1991-01-27,1991,1,27,15.679781
1991-01-28,1991,1,28,10.526387
1991-01-29,1991,1,29,9.5589166
1991-01-30,1991,1,30,14.61961
1991-01-31,1991,1,31,12.785828
1991-02-01,1991,2,1,11.653331
1991-02-02,1991,2,2,12.020995
1991-02-03,1991,2,3,13.554799
1991-02-04,1991,2,4,15.176986
1991-02-05,1991,2,5,17.963353
1991-02-06,1991,2,6,17.931314
1991-02-07,1991,2,7,16.948143
1991-02-08,1991,2,8,16.430166
1991-02-09,1991,2,9,16.467363
1991-02-10,1991,2,10,14.296823
1991-02-11,1991,2,11,16.213616
1991-02-12,1991,2,12,15.424689
1991-02-13,1991,2,13,13.498096
1991-02-14,1991,2,14,14.817329
1991-02-15,1991,2,15,13.033962
1991-02-16,1991,2,16,14.863823
1991-02-17,1991,2,17,14.082025
1991-02-18,1991,2,18,13.173741
1991-02-19,1991,2,19,11.378281
1991-02-20,1991,2,20,14.507412
1991-02-21,1991,2,21,15.551873
1991-02-22,1991,2,22,19.133132
1991-02-23,1991,2,23,21.230324
1991-02-24,1991,2,24,21.613202
1991-02-25,1991,2,25,21.222838
1991-02-26,1991,2,26,18.010208
1991-02-27,1991,2,27,15.820377
1991-02-28,1991,2,28,13.105355
1991-03-01,1991,3,1,10.384303
1991-03-02,1991,3,2,14.184675
1991-03-03,1991,3,3,16.245318
1991-03-04,1991,3,4,17.340144
1991-03-05,1991,3,5,15.198302
1991-03-06,1991,3,6,12.922647
1991-03-07,1991,3,7,11.751625
1991-03-08,1991,3,8,13.35534
1991-03-09,1991,3,9,17.551818
1991-03-10,1991,3,10,17.402381
1991-03-11,1991,3,11,16.76214
1991-03-12,1991,3,12,15.295852
1991-03-13,1991,3,13,14.623667
1991-03-14,1991,3,14,13.817212
1991-03-15,1991,3,15,13.157076
1991-03-16,1991,3,16,13.210596
1991-03-17,1991,3,17,15.550008
1991-03-18,1991,3,18,13.37818
1991-03-19,1991,3,19,11.487485
1991-03-20,1991,3,20,14.599723
1991-03-21,1991,3,21,15.805019
1991-03-22,1991,3,22,14.963763
1991-03-23,1991,3,23,16.056855
1991-03-24,1991,3,24,19.160657
1991-03-25,1991,3,25,19.969262
1991-03-26,1991,3,26,20.138634
1991-03-27,1991,3,27,19.99786
1991-03-28,1991,3,28,16.897256
1991-03-29,1991,3,29,13.027858
1991-03-30,1991,3,30,8.4438987
1991-03-31,1991,3,31,15.482671
1991-04-01,1991,4,1,10.527814
1991-04-02,1991,4,2,11.043436
1991-04-03,1991,4,3,12.158135
1991-04-04,1991,4,4,16.767742
1991-04-05,1991,4,5,12.442571
1991-04-06,1991,4,6,9.3670568
1991-04-07,1991,4,7,13.315715
1991-04-08,1991,4,8,11.046898
1991-04-09,1991,4,9,9.6019605
1991-04-10,1991,4,10,10.913093
1991-04-11,1991,4,11,7.982902
1991-04-12,1991,4,12,7.0655218
1991-04-13,1991,4,13,5.7714522
1991-04-14,1991,4,14,5.3280275
1991-04-15,1991,4,15,4.6746016
1991-04-16,1991,4,16,2.9005685
1991-04-17,1991,4,17,1.2896839
1991-04-18,1991,4,18,5.7196512
1991-04-19,1991,4,19,8.9964045
1991-04-20,1991,4,20,9.4304964
1991-04-21,1991,4,21,8.8689165
1991-04-22,1991,4,22,9.3972198
1991-04-23,1991,4,23,11.110157
1991-04-24,1991,4,24,12.969634
1991-04-25,1991,4,25,12.847802
1991-04-26,1991,4,26,11.058015
1991-04-27,1991,4,27,9.1058591
1991-04-28,1991,4,28,7.1103266
1991-04-29,1991,4,29,8.7849054
1991-04-30,1991,4,30,5.4117195
1991-05-01,1991,5,1,4.7364674
1991-05-02,1991,5,2,6.2104612
1991-05-03,1991,5,3,4.0243547
1991-05-04,1991,5,4,4.6522201
1991-05-05,1991,5,5,7.1217504
1991-05-06,1991,5,6,7.0822413
1991-05-07,1991,5,7,8.0046317
1991-05-08,1991,5,8,9.2869752
1991-05-09,1991,5,9,7.775826
1991-05-10,1991,5,10,8.6230759
1991-05-11,1991,5,11,5.074791
1991-05-12,1991,5,12,3.1938294
1991-05-13,1991,5,13,7.3537713
1991-05-14,1991,5,14,9.329098
1991-05-15,1991,5,15,5.5679536
1991-05-16,1991,5,16,6.6946749
1991-05-17,1991,5,17,7.3948885
1991-05-18,1991,5,18,5.5014259
1991-05-19,1991,5,19,3.2939624
1991-05-20,1991,5,20,5.1180503
1991-05-21,1991,5,21,2.0490379
1991-05-22,1991,5,22,5.6688286
1991-05-23,1991,5,23,3.5211977
1991-05-24,1991,5,24,3.3918781
1991-05-25,1991,5,25,4.5866334
1991-05-26,1991,5,26,2.154148
1991-05-27,1991,5,27,3.5495752
1991-05-28,1991,5,28,5.0182025
1991-05-29,1991,5,29,6.5715593
1991-05-30,1991,5,30,7.5135644
1991-05-31,1991,5,31,10.878688
1991-06-01,1991,6,1,5.5167892
1991-06-02,1991,6,2,0.61649768
1991-06-03,1991,6,3,-1.3831034
1991-06-04,1991,6,4,-1.5180949
1991-06-05,1991,6,5,-2.2714572
1991-06-06,1991,6,6,-1.8872964
1991-06-07,1991,6,7,5.788149
1991-06-08,1991,6,8,7.0256739
1991-06-09,1991,6,9,5.9678455
1991-06-10,1991,6,10,7.0208909
1991-06-11,1991,6,11,6.4424739
1991-06-12,1991,6,12,7.2071311
1991-06-13,1991,6,13,7.5962894
1991-06-14,1991,6,14,7.2020604
1991-06-15,1991,6,15,5.0729458
1991-06-16,1991,6,16,1.5014464
1991-06-17,1991,6,17,-0.30318385
1991-06-18,1991,6,18,-2.1345676
1991-06-19,1991,6,19,-3.9337604
1991-06-20,1991,6,20,-4.2735086
1991-06-21,1991,6,21,-2.7405548
1991-06-22,1991,6,22,-1.1598503
1991-06-23,1991,6,23,2.4948291
1991-06-24,1991,6,24,3.66593
1991-06-25,1991,6,25,0.3046443
1991-06-26,1991,6,26,-0.92517072
1991-06-27,1991,6,27,0.89269174
1991-06-28,1991,6,28,4.8473085
1991-06-29,1991,6,29,5.5527495
1991-06-30,1991,6,30,6.3445055
1991-07-01,1991,7,1,5.9477476
1991-07-02,1991,7,2,5.8232608
1991-07-03,1991,7,3,6.0840335
1991-07-04,1991,7,4,2.4296157
1991-07-05,1991,7,5,-2.292297
1991-07-06,1991,7,6,1.1636542
1991-07-07,1991,7,7,1.0886728
1991-07-08,1991,7,8,0.15359018
1991-07-09,1991,7,9,0.046234921
1991-07-10,1991,7,10,-0.78112359
1991-07-11,1991,7,11,1.6616683
1991-07-12,1991,7,12,3.0387532
1991-07-13,1991,7,13,3.2638251
1991-07-14,1991,7,14,2.1124455
1991-07-15,1991,7,15,3.8105179
1991-07-16,1991,7,16,1.5920185
1991-07-17,1991,7,17,-1.4139959
1991-07-18,1991,7,18,-1.7520978
1991-07-19,1991,7,19,-1.4337924
1991-07-20,1991,7,20,-2.5087219
1991-07-21,1991,7,21,-3.7981166
1991-07-22,1991,7,22,4.401278
1991-07-23,1991,7,23,5.2003544
1991-07-24,1991,7,24,2.3926136
1991-07-25,1991,7,25,3.3054497
1991-07-26,1991,7,26,2.116885
1991-07-27,1991,7,27,-0.7324503
1991-07-28,1991,7,28,-1.8643717
1991-07-29,1991,7,29,-3.4643648
1991-07-30,1991,7,30,-5.8131852
1991-07-31,1991,7,31,-3.3667724
1991-08-01,1991,8,1,0.69704055
1991-08-02,1991,8,2,1.9617121
1991-08-03,1991,8,3,3.5119767
1991-08-04,1991,8,4,-3.0237414
1991-08-05,1991,8,5,-2.7991532
1991-08-06,1991,8,6,-3.7690201
1991-08-07,1991,8,7,-6.2873371
1991-08-08,1991,8,8,-6.2526923
1991-08-09,1991,8,9,-4.9351581
1991-08-10,1991,8,10,0.065075838
1991-08-11,1991,8,11,0.41042341
1991-08-12,1991,8,12,-2.1211626
1991-08-13,1991,8,13,5.2916248
1991-08-14,1991,8,14,6.972842
1991-08-15,1991,8,15,7.0077467
1991-08-16,1991,8,16,5.4954446
1991-08-17,1991,8,17,0.89547676
1991-08-18,1991,8,18,5.4215399
1991-08-19,1991,8,19,4.6538745
1991-08-20,1991,8,20,4.9653678
1991-08-21,1991,8,21,4.5567339
1991-08-22,1991,8,22,2.3519104
1991-08-23,1991,8,23,8.7838214
1991-08-24,1991,8,24,6.9752759
1991-08-25,1991,8,25,5.4928187
1991-08-26,1991,8,26,6.7934447
1991-08-27,1991,8,27,9.1649275
1991-08-28,1991,8,28,7.7914911
1991-08-29,1991,8,29,7.7385926
1991-08-30,1991,8,30,8.5007162
1991-08-31,1991,8,31,10.277228
1991-09-01,1991,9,1,4.8976837
1991-09-02,1991,9,2,6.6777455
1991-09-03,1991,9,3,8.8042784
1991-09-04,1991,9,4,5.4431817
1991-09-05,1991,9,5,1.1595331
1991-09-06,1991,9,6,6.995242
1991-09-07,1991,9,7,8.2681201
1991-09-08,1991,9,8,9.6692171
1991-09-09,1991,9,9,9.0746077
1991-09-10,1991,9,10,10.228352
1991-09-11,1991,9,11,13.804577
1991-09-12,1991,9,12,12.218669
1991-09-13,1991,9,13,8.2931989
1991-09-14,1991,9,14,6.0167693
1991-09-15,1991,9,15,5.1041002
1991-09-16,1991,9,16,3.191078
1991-09-17,1991,9,17,0.19632244
1991-09-18,1991,9,18,6.8918169
1991-09-19,1991,9,19,10.370706
1991-09-20,1991,9,20,4.7575892
1991-09-21,1991,9,21,3.1708101
1991-09-22,1991,9,22,7.3815849
1991-09-23,1991,9,23,7.8384492
1991-09-24,1991,9,24,5.1291817
1991-09-25,1991,9,25,6.648026
1991-09-26,1991,9,26,5.7058024
1991-09-27,1991,9,27,5.1494998
1991-09-28,1991,9,28,7.2622747
1991-09-29,1991,9,29,4.4029298
1991-09-30,1991,9,30,2.3180934
1991-10-01,1991,10,1,1.8884266
1991-10-02,1991,10,2,2.6584666
1991-10-03,1991,10,3,3.7967212
1991-10-04,1991,10,4,4.8027546
1991-10-05,1991,10,5,0.47419711
1991-10-06,1991,10,6,2.7844928
1991-10-07,1991,10,7,3.9694934
1991-10-08,1991,10,8,6.9712476
1991-10-09,1991,10,9,7.7623294
1991-10-10,1991,10,10,7.1848768
1991-10-11,1991,10,11,8.8805323
1991-10-12,1991,10,12,3.0011931
1991-10-13,1991,10,13,2.5948574
1991-10-14,1991,10,14,-1.0679183
1991-10-15,1991,10,15,-3.5515097
1991-10-16,1991,10,16,0.76216719
1991-10-17,1991,10,17,8.6009642
1991-10-18,1991,10,18,11.080051
1991-10-19,1991,10,19,13.08028
1991-10-20,1991,10,20,12.414988
1991-10-21,1991,10,21,10.944565
1991-10-22,1991,10,22,7.1994242
1991-10-23,1991,10,23,10.44292
1991-10-24,1991,10,24,9.0131982
1991-10-25,1991,10,25,8.5938427
1991-10-26,1991,10,26,8.7202223
1991-10-27,1991,10,27,9.1530759
1991-10-28,1991,10,28,9.6287815
1991-10-29,1991,10,29,11.14383
1991-10-30,1991,10,30,12.28201
1991-10-31,1991,10,31,9.1159864
1991-11-01,1991,11,1,12.841057
1991-11-02,1991,11,2,11.849527
1991-11-03,1991,11,3,8.8230636
1991-11-04,1991,11,4,7.8690608
1991-11-05,1991,11,5,6.4748075
1991-11-06,1991,11,6,10.49002
1991-11-07,1991,11,7,10.781576
1991-11-08,1991,11,8,10.910625
1991-11-09,1991,11,9,8.8706394
1991-11-10,1991,11,10,9.5234033
1991-11-11,1991,11,11,8.2719975
1991-11-12,1991,11,12,8.0222314
1991-11-13,1991,11,13,8.7818692
1991-11-14,1991,11,14,9.1852236
1991-11-15,1991,11,15,9.9858093
1991-11-16,1991,11,16,10.018658
1991-11-17,1991,11,17,8.5581163
1991-11-18,1991,11,18,11.817332
1991-11-19,1991,11,19,13.502542
1991-11-20,1991,11,20,14.649727
1991-11-21,1991,11,21,15.875981
1991-11-22,1991,11,22,9.8303201
1991-11-23,1991,11,23,9.684889
1991-11-24,1991,11,24,8.3408724
1991-11-25,1991,11,25,8.5931299
1991-11-26,1991,11,26,15.807792
1991-11-27,1991,11,27,13.895473
1991-11-28,1991,11,28,11.798551
1991-11-29,1991,11,29,14.456007
1991-11-30,1991,11,30,15.989484
1991-12-01,1991,12,1,16.636706
1991-12-02,1991,12,2,16.054372
1991-12-03,1991,12,3,14.495447
1991-12-04,1991,12,4,12.169032
1991-12-05,1991,12,5,14.861442
1991-12-06,1991,12,6,14.504276
1991-12-07,1991,12,7,12.919253
1991-12-08,1991,12,8,10.361716
1991-12-09,1991,12,9,8.0724829
1991-12-10,1991,12,10,3.1480273
1991-12-11,1991,12,11,2.3128006
1991-12-12,1991,12,12,6.4426014
1991-12-13,1991,12,13,8.7671351
1991-12-14,1991,12,14,8.6912394
1991-12-15,1991,12,15,9.4001342
1991-12-16,1991,12,16,10.277746
1991-12-17,1991,12,17,12.515227
1991-12-18,1991,12,18,14.495921
1991-12-19,1991,12,19,14.058213
1991-12-20,1991,12,20,14.132838
1991-12-21,1991,12,21,12.012849
1991-12-22,1991,12,22,12.718155
1991-12-23,1991,12,23,13.963084
1991-12-24,1991,12,24,14.008596
1991-12-25,1991,12,25,8.3091266
1991-12-26,1991,12,26,13.685869
1991-12-27,1991,12,27,14.508781
1991-12-28,1991,12,28,12.094997
1991-12-29,1991,12,29,11.731044
1991-12-30,1991,12,30,11.460126
1991-12-31,1991,12,31,11.727332
1992-01-01,1992,1,1,10.613728
1992-01-02,1992,1,2,13.848785
1992-01-03,1992,1,3,17.795666
1992-01-04,1992,1,4,20.348796
1992-01-05,1992,1,5,17.302115
1992-01-06,1992,1,6,14.291778
1992-01-07,1992,1,7,13.181006
1992-01-08,1992,1,8,15.926174
1992-01-09,1992,1,9,16.483844
1992-01-10,1992,1,10,17.955822
1992-01-11,1992,1,11,17.180869
1992-01-12,1992,1,12,17.647424
1992-01-13,1992,1,13,16.367717
1992-01-14,1992,1,14,15.00313
1992-01-15,1992,1,15,17.393779
1992-01-16,1992,1,16,16.541368
1992-01-17,1992,1,17,18.477161
1992-01-18,1992,1,18,19.129914
1992-01-19,1992,1,19,16.131882
1992-01-20,1992,1,20,17.452886
1992-01-21,1992,1,21,18.62124
1992-01-22,1992,1,22,17.483345
1992-01-23,1992,1,23,18.873156
1992-01-24,1992,1,24,16.749677
1992-01-25,1992,1,25,16.804844
1992-01-26,1992,1,26,15.1652
1992-01-27,1992,1,27,15.422778
1992-01-28,1992,1,28,14.847641
1992-01-29,1992,1,29,15.066678
1992-01-30,1992,1,30,14.927304
1992-01-31,1992,1,31,13.481753
1992-02-01,1992,2,1,11.471453
1992-02-02,1992,2,2,12.319705
1992-02-03,1992,2,3,13.52891
1992-02-04,1992,2,4,11.604286
1992-02-05,1992,2,5,15.593683
1992-02-06,1992,2,6,17.597768
1992-02-07,1992,2,7,16.26454
1992-02-08,1992,2,8,11.035364
1992-02-09,1992,2,9,9.6888387
1992-02-10,1992,2,10,9.1627532
1992-02-11,1992,2,11,10.067221
1992-02-12,1992,2,12,10.617844
1992-02-13,1992,2,13,11.879655
1992-02-14,1992,2,14,17.448565
1992-02-15,1992,2,15,18.578925
1992-02-16,1992,2,16,14.896776
1992-02-17,1992,2,17,16.547782
1992-02-18,1992,2,18,16.051009
1992-02-19,1992,2,19,14.032275
1992-02-20,1992,2,20,11.688865
1992-02-21,1992,2,21,11.640913
1992-02-22,1992,2,22,13.670241
1992-02-23,1992,2,23,15.327113
1992-02-24,1992,2,24,16.579401
1992-02-25,1992,2,25,13.774311
1992-02-26,1992,2,26,13.219054
1992-02-27,1992,2,27,16.807876
1992-02-28,1992,2,28,15.772701
1992-02-29,1992,2,29,16.234091
1992-03-01,1992,3,1,18.209466
1992-03-02,1992,3,2,16.79193
1992-03-03,1992,3,3,17.352988
1992-03-04,1992,3,4,19.496295
1992-03-05,1992,3,5,18.999996
1992-03-06,1992,3,6,17.074998
1992-03-07,1992,3,7,15.31937
1992-03-08,1992,3,8,13.862087
1992-03-09,1992,3,9,12.231533
1992-03-10,1992,3,10,17.492372
1992-03-11,1992,3,11,21.143945
1992-03-12,1992,3,12,16.931194
1992-03-13,1992,3,13,13.693509
1992-03-14,1992,3,14,16.014805
1992-03-15,1992,3,15,14.827848
1992-03-16,1992,3,16,14.206273
1992-03-17,1992,3,17,14.762506
1992-03-18,1992,3,18,15.630955
1992-03-19,1992,3,19,14.142736
1992-03-20,1992,3,20,9.4729295
1992-03-21,1992,3,21,12.777315
1992-03-22,1992,3,22,14.418683
1992-03-23,1992,3,23,15.681557
1992-03-24,1992,3,24,13.400347
1992-03-25,1992,3,25,8.2529653
1992-03-26,1992,3,26,6.1113884
1992-03-27,1992,3,27,6.5551445
1992-03-28,1992,3,28,9.8408069
1992-03-29,1992,3,29,12.796611
1992-03-30,1992,3,30,12.16139
1992-03-31,1992,3,31,14.015015
1992-04-01,1992,4,1,9.753318
1992-04-02,1992,4,2,5.3983252
1992-04-03,1992,4,3,7.8250099
1992-04-04,1992,4,4,9.4083954
1992-04-05,1992,4,5,6.758637
1992-04-06,1992,4,6,9.1050014
1992-04-07,1992,4,7,11.31604
1992-04-08,1992,4,8,10.211359
1992-04-09,1992,4,9,11.429667
1992-04-10,1992,4,10,7.8477717
1992-04-11,1992,4,11,8.7798711
1992-04-12,1992,4,12,13.050601
1992-04-13,1992,4,13,14.061034
1992-04-14,1992,4,14,14.211858
1992-04-15,1992,4,15,13.983695
1992-04-16,1992,4,16,12.135553
1992-04-17,1992,4,17,10.539249
1992-04-18,1992,4,18,5.792618
1992-04-19,1992,4,19,6.7505024
1992-04-20,1992,4,20,6.138801
1992-04-21,1992,4,21,3.6263653
1992-04-22,1992,4,22,2.3664098
1992-04-23,1992,4,23,3.8414579
1992-04-24,1992,4,24,4.0011071
1992-04-25,1992,4,25,6.9551862
1992-04-26,1992,4,26,8.3745596
1992-04-27,1992,4,27,10.688203
1992-04-28,1992,4,28,5.4846543
1992-04-29,1992,4,29,2.1545713
1992-04-30,1992,4,30,-1.5204745
1992-05-01,1992,5,1,-1.0971356
1992-05-02,1992,5,2,3.1356705
1992-05-03,1992,5,3,2.5926735
1992-05-04,1992,5,4,2.5134164
1992-05-05,1992,5,5,1.6268174
1992-05-06,1992,5,6,2.1013763
1992-05-07,1992,5,7,3.635328
1992-05-08,1992,5,8,4.3638081
1992-05-09,1992,5,9,3.2927239
1992-05-10,1992,5,10,0.64841628
1992-05-11,1992,5,11,0.34254479
1992-05-12,1992,5,12,4.4265371
1992-05-13,1992,5,13,7.9528531
1992-05-14,1992,5,14,7.8464092
1992-05-15,1992,5,15,6.6178834
1992-05-16,1992,5,16,4.9600384
1992-05-17,1992,5,17,4.3005171
1992-05-18,1992,5,18,6.5571126
1992-05-19,1992,5,19,6.0908549
1992-05-20,1992,5,20,5.5748549
1992-05-21,1992,5,21,2.1662255
1992-05-22,1992,5,22,1.4399047
1992-05-23,1992,5,23,4.7169632
1992-05-24,1992,5,24,2.7988922
1992-05-25,1992,5,25,2.0648904
1992-05-26,1992,5,26,1.1209534
1992-05-27,1992,5,27,-1.2481179
1992-05-28,1992,5,28,-5.1649913
1992-05-29,1992,5,29,-4.3557359
1992-05-30,1992,5,30,-3.0394981
1992-05-31,1992,5,31,0.49976897
1992-06-01,1992,6,1,1.4909213
1992-06-02,1992,6,2,1.7749987
1992-06-03,1992,6,3,3.1505679
1992-06-04,1992,6,4,2.0272707
1992-06-05,1992,6,5,-2.2786724
1992-06-06,1992,6,6,-2.9827136
1992-06-07,1992,6,7,-3.4871948
1992-06-08,1992,6,8,-5.4497763
1992-06-09,1992,6,9,-0.6166942
1992-06-10,1992,6,10,3.7354973
1992-06-11,1992,6,11,5.0163512
1992-06-12,1992,6,12,5.1780319
1992-06-13,1992,6,13,2.2707673
1992-06-14,1992,6,14,1.7341815
1992-06-15,1992,6,15,2.2176989
1992-06-16,1992,6,16,5.7092149
1992-06-17,1992,6,17,4.7175933
1992-06-18,1992,6,18,5.6534836
1992-06-19,1992,6,19,1.9151663
1992-06-20,1992,6,20,-1.1231077
1992-06-21,1992,6,21,0.41168412
1992-06-22,1992,6,22,1.7246814
1992-06-23,1992,6,23,1.2574634
1992-06-24,1992,6,24,-0.034037278
1992-06-25,1992,6,25,-2.5257122
1992-06-26,1992,6,26,-3.5513097
1992-06-27,1992,6,27,-0.13477
1992-06-28,1992,6,28,-1.5165498
1992-06-29,1992,6,29,-2.297917
1992-06-30,1992,6,30,-0.15188518
1992-07-01,1992,7,1,-2.3332005
1992-07-02,1992,7,2,-0.45914684
1992-07-03,1992,7,3,0.054061087
1992-07-04,1992,7,4,-2.5654789
1992-07-05,1992,7,5,-1.8376881
1992-07-06,1992,7,6,4.9579673
1992-07-07,1992,7,7,5.2952959
1992-07-08,1992,7,8,2.6745112
1992-07-09,1992,7,9,4.9155913
1992-07-10,1992,7,10,1.5966095
1992-07-11,1992,7,11,0.36661653
1992-07-12,1992,7,12,-0.60465746
1992-07-13,1992,7,13,-3.6582428
1992-07-14,1992,7,14,-3.9738358
1992-07-15,1992,7,15,0.54318041
1992-07-16,1992,7,16,-3.3320989
1992-07-17,1992,7,17,-2.8371378
1992-07-18,1992,7,18,-0.36520671
1992-07-19,1992,7,19,1.8623746
1992-07-20,1992,7,20,3.8330413
1992-07-21,1992,7,21,5.4699903
1992-07-22,1992,7,22,5.594194
1992-07-23,1992,7,23,4.5544793
1992-07-24,1992,7,24,4.0842614
1992-07-25,1992,7,25,-1.1225349
1992-07-26,1992,7,26,1.7695321
1992-07-27,1992,7,27,2.8658703
1992-07-28,1992,7,28,0.45824398
1992-07-29,1992,7,29,-2.0380095
1992-07-30,1992,7,30,-5.0051337
1992-07-31,1992,7,31,-6.6004173
1992-08-01,1992,8,1,-1.3300364
1992-08-02,1992,8,2,-2.4619837
1992-08-03,1992,8,3,2.1285292
1992-08-04,1992,8,4,4.8444213
1992-08-05,1992,8,5,5.5609349
1992-08-06,1992,8,6,0.76143531
1992-08-07,1992,8,7,-2.1774358
1992-08-08,1992,8,8,4.0107091
1992-08-09,1992,8,9,0.95930337
1992-08-10,1992,8,10,2.8045403
1992-08-11,1992,8,11,3.5851018
1992-08-12,1992,8,12,5.4610596
1992-08-13,1992,8,13,6.3639634
1992-08-14,1992,8,14,5.7844354
1992-08-15,1992,8,15,3.0399668
1992-08-16,1992,8,16,3.2273048
1992-08-17,1992,8,17,3.2629445
1992-08-18,1992,8,18,3.2711288
1992-08-19,1992,8,19,5.7111305
1992-08-20,1992,8,20,5.8215614
1992-08-21,1992,8,21,0.1697594
1992-08-22,1992,8,22,0.12903817
1992-08-23,1992,8,23,6.0815271
1992-08-24,1992,8,24,7.8796752
1992-08-25,1992,8,25,6.1442915
1992-08-26,1992,8,26,5.3921135
1992-08-27,1992,8,27,5.7801838
1992-08-28,1992,8,28,4.5781747
1992-08-29,1992,8,29,0.59852019
1992-08-30,1992,8,30,-0.84465342
1992-08-31,1992,8,31,0.99424809
1992-09-01,1992,9,1,0.81228118
1992-09-02,1992,9,2,3.2065124
1992-09-03,1992,9,3,4.6584588
1992-09-04,1992,9,4,5.5297621
1992-09-05,1992,9,5,7.4958423
1992-09-06,1992,9,6,7.685833
1992-09-07,1992,9,7,7.7125073
1992-09-08,1992,9,8,4.8700348
1992-09-09,1992,9,9,3.6936384
1992-09-10,1992,9,10,5.2339616
1992-09-11,1992,9,11,8.3361156
1992-09-12,1992,9,12,6.5137159
1992-09-13,1992,9,13,6.6648208
1992-09-14,1992,9,14,6.9702316
1992-09-15,1992,9,15,6.9501904
1992-09-16,1992,9,16,2.1320276
1992-09-17,1992,9,17,0.2304862
1992-09-18,1992,9,18,6.4987874
1992-09-19,1992,9,19,8.0491321
1992-09-20,1992,9,20,6.5088816
1992-09-21,1992,9,21,2.2542741
1992-09-22,1992,9,22,5.4424743
1992-09-23,1992,9,23,5.3203457
1992-09-24,1992,9,24,1.9274036
1992-09-25,1992,9,25,6.9021161
1992-09-26,1992,9,26,8.5823711
1992-09-27,1992,9,27,10.735259
1992-09-28,1992,9,28,10.734907
1992-09-29,1992,9,29,9.7219659
1992-09-30,1992,9,30,8.1271315
1992-10-01,1992,10,1,3.4999843
1992-10-02,1992,10,2,5.5501213
1992-10-03,1992,10,3,6.6022681
1992-10-04,1992,10,4,4.5211682
1992-10-05,1992,10,5,3.6137995
1992-10-06,1992,10,6,5.9810237
1992-10-07,1992,10,7,6.0009531
1992-10-08,1992,10,8,8.5721139
1992-10-09,1992,10,9,9.1409307
1992-10-10,1992,10,10,6.438128
1992-10-11,1992,10,11,4.5553234
1992-10-12,1992,10,12,9.6634786
1992-10-13,1992,10,13,11.878084
1992-10-14,1992,10,14,10.145852
1992-10-15,1992,10,15,5.6413727
1992-10-16,1992,10,16,4.7604246
1992-10-17,1992,10,17,10.479795
1992-10-18,1992,10,18,6.8281796
1992-10-19,1992,10,19,5.9955251
1992-10-20,1992,10,20,10.230203
1992-10-21,1992,10,21,10.741102
1992-10-22,1992,10,22,9.3026023
1992-10-23,1992,10,23,9.8583376
1992-10-24,1992,10,24,10.600844
1992-10-25,1992,10,25,8.6080821
1992-10-26,1992,10,26,10.597008
1992-10-27,1992,10,27,7.5555032
1992-10-28,1992,10,28,9.1133531
1992-10-29,1992,10,29,6.7480364
1992-10-30,1992,10,30,8.4838156
1992-10-31,1992,10,31,11.133531
1992-11-01,1992,11,1,6.7778438
1992-11-02,1992,11,2,2.5608924
1992-11-03,1992,11,3,7.0524562
1992-11-04,1992,11,4,11.678381
1992-11-05,1992,11,5,11.924141
1992-11-06,1992,11,6,11.3527
1992-11-07,1992,11,7,10.78672
1992-11-08,1992,11,8,8.7197316
1992-11-09,1992,11,9,6.7894937
1992-11-10,1992,11,10,6.9701608
1992-11-11,1992,11,11,8.8413987
1992-11-12,1992,11,12,11.908421
1992-11-13,1992,11,13,10.979807
1992-11-14,1992,11,14,9.492456
1992-11-15,1992,11,15,15.57584
1992-11-16,1992,11,16,16.70461
1992-11-17,1992,11,17,16.75502
1992-11-18,1992,11,18,13.451607
1992-11-19,1992,11,19,11.372535
1992-11-20,1992,11,20,10.074172
1992-11-21,1992,11,21,12.232308
1992-11-22,1992,11,22,11.530196
1992-11-23,1992,11,23,8.3773879
1992-11-24,1992,11,24,9.4499935
1992-11-25,1992,11,25,11.213807
1992-11-26,1992,11,26,8.1827726
1992-11-27,1992,11,27,8.1785343
1992-11-28,1992,11,28,9.8498446
1992-11-29,1992,11,29,12.678973
1992-11-30,1992,11,30,12.570565
1992-12-01,1992,12,1,13.120445
1992-12-02,1992,12,2,12.053066
1992-12-03,1992,12,3,9.5479699
1992-12-04,1992,12,4,9.863393
1992-12-05,1992,12,5,10.238987
1992-12-06,1992,12,6,12.748559
1992-12-07,1992,12,7,13.151871
1992-12-08,1992,12,8,12.518364
1992-12-09,1992,12,9,11.466339
1992-12-10,1992,12,10,14.139075
1992-12-11,1992,12,11,12.642221
1992-12-12,1992,12,12,12.450521
1992-12-13,1992,12,13,11.536377
1992-12-14,1992,12,14,16.979589
1992-12-15,1992,12,15,13.602657
1992-12-16,1992,12,16,12.783027
1992-12-17,1992,12,17,15.167536
1992-12-18,1992,12,18,12.351844
1992-12-19,1992,12,19,12.745819
1992-12-20,1992,12,20,13.829598
1992-12-21,1992,12,21,11.565237
1992-12-22,1992,12,22,10.875133
1992-12-23,1992,12,23,15.495138
1992-12-24,1992,12,24,18.291882
1992-12-25,1992,12,25,18.650139
1992-12-26,1992,12,26,18.479067
1992-12-27,1992,12,27,17.747759
1992-12-28,1992,12,28,15.199322
1992-12-29,1992,12,29,14.339546
1992-12-30,1992,12,30,14.178353
1992-12-31,1992,12,31,16.78463
1993-01-01,1993,1,1,18.526052
1993-01-02,1993,1,2,18.858901
1993-01-03,1993,1,3,17.518894
1993-01-04,1993,1,4,17.173502
1993-01-05,1993,1,5,18.228664
1993-01-06,1993,1,6,15.638089
1993-01-07,1993,1,7,11.923681
1993-01-08,1993,1,8,13.587552
1993-01-09,1993,1,9,13.923444
1993-01-10,1993,1,10,17.025607
1993-01-11,1993,1,11,15.801538
1993-01-12,1993,1,12,15.203153
1993-01-13,1993,1,13,15.241588
1993-01-14,1993,1,14,17.491372
1993-01-15,1993,1,15,17.373179
1993-01-16,1993,1,16,16.587029
1993-01-17,1993,1,17,19.890125
1993-01-18,1993,1,18,16.47656
1993-01-19,1993,1,19,15.338026
1993-01-20,1993,1,20,16.212983
1993-01-21,1993,1,21,14.476106
1993-01-22,1993,1,22,15.922096
1993-01-23,1993,1,23,17.534661
1993-01-24,1993,1,24,14.594445
1993-01-25,1993,1,25,18.017414
1993-01-26,1993,1,26,16.783411
1993-01-27,1993,1,27,15.320252
1993-01-28,1993,1,28,16.383598
1993-01-29,1993,1,29,16.273673
1993-01-30,1993,1,30,14.560148
1993-01-31,1993,1,31,19.132549
1993-02-01,1993,2,1,20.782458
1993-02-02,1993,2,2,18.555074
1993-02-03,1993,2,3,18.352062
1993-02-04,1993,2,4,16.337199
1993-02-05,1993,2,5,12.99526
1993-02-06,1993,2,6,12.403688
1993-02-07,1993,2,7,11.455325
1993-02-08,1993,2,8,15.000138
1993-02-09,1993,2,9,16.45596
1993-02-10,1993,2,10,16.227942
1993-02-11,1993,2,11,12.781681
1993-02-12,1993,2,12,13.812028
1993-02-13,1993,2,13,15.805125
1993-02-14,1993,2,14,18.318557
1993-02-15,1993,2,15,17.529364
1993-02-16,1993,2,16,15.918287
1993-02-17,1993,2,17,13.968294
1993-02-18,1993,2,18,14.140719
1993-02-19,1993,2,19,14.73202
1993-02-20,1993,2,20,16.422006
1993-02-21,1993,2,21,17.4743
1993-02-22,1993,2,22,16.365137
1993-02-23,1993,2,23,16.185371
1993-02-24,1993,2,24,14.402423
1993-02-25,1993,2,25,13.901184
1993-02-26,1993,2,26,14.898356
1993-02-27,1993,2,27,13.942384
1993-02-28,1993,2,28,13.733021
1993-03-01,1993,3,1,11.987878
1993-03-02,1993,3,2,14.121047
1993-03-03,1993,3,3,15.644749
1993-03-04,1993,3,4,14.43429
1993-03-05,1993,3,5,11.241318
1993-03-06,1993,3,6,10.512017
1993-03-07,1993,3,7,12.774956
1993-03-08,1993,3,8,15.373014
1993-03-09,1993,3,9,15.809357
1993-03-10,1993,3,10,16.360405
1993-03-11,1993,3,11,16.466926
1993-03-12,1993,3,12,18.118114
1993-03-13,1993,3,13,18.93863
1993-03-14,1993,3,14,17.577014
1993-03-15,1993,3,15,15.668468
1993-03-16,1993,3,16,16.386685
1993-03-17,1993,3,17,16.052113
1993-03-18,1993,3,18,16.896729
1993-03-19,1993,3,19,20.414092
1993-03-20,1993,3,20,17.86895
1993-03-21,1993,3,21,15.087654
1993-03-22,1993,3,22,18.192896
1993-03-23,1993,3,23,17.718305
1993-03-24,1993,3,24,16.667044
1993-03-25,1993,3,25,16.853392
1993-03-26,1993,3,26,17.899616
1993-03-27,1993,3,27,14.037521
1993-03-28,1993,3,28,14.00147
1993-03-29,1993,3,29,14.771694
1993-03-30,1993,3,30,14.664717
1993-03-31,1993,3,31,14.024574
1993-04-01,1993,4,1,12.607889
1993-04-02,1993,4,2,11.148737
1993-04-03,1993,4,3,8.5071306
1993-04-04,1993,4,4,9.007457
1993-04-05,1993,4,5,11.37271
1993-04-06,1993,4,6,12.717053
1993-04-07,1993,4,7,7.2567666
1993-04-08,1993,4,8,14.523908
1993-04-09,1993,4,9,17.099227
1993-04-10,1993,4,10,12.952821
1993-04-11,1993,4,11,8.2328045
1993-04-12,1993,4,12,11.549405
1993-04-13,1993,4,13,6.0981382
1993-04-14,1993,4,14,2.3945931
1993-04-15,1993,4,15,4.954952
1993-04-16,1993,4,16,6.2164976
1993-04-17,1993,4,17,4.4100687
1993-04-18,1993,4,18,5.0181196
1993-04-19,1993,4,19,3.5604368
1993-04-20,1993,4,20,2.3116886
1993-04-21,1993,4,21,7.2945858
1993-04-22,1993,4,22,6.731684
1993-04-23,1993,4,23,8.8266104
1993-04-24,1993,4,24,7.4078514
1993-04-25,1993,4,25,6.5705773
1993-04-26,1993,4,26,9.1322575
1993-04-27,1993,4,27,9.8983084
1993-04-28,1993,4,28,10.119041
1993-04-29,1993,4,29,10.642373
1993-04-30,1993,4,30,11.350811
1993-05-01,1993,5,1,9.6297563
1993-05-02,1993,5,2,8.8182878
1993-05-03,1993,5,3,5.4295532
1993-05-04,1993,5,4,0.83847978
1993-05-05,1993,5,5,0.75277554
1993-05-06,1993,5,6,-0.03691516
1993-05-07,1993,5,7,-1.0008254
1993-05-08,1993,5,8,1.5679901
1993-05-09,1993,5,9,0.8106059
1993-05-10,1993,5,10,-1.148631
1993-05-11,1993,5,11,-2.1084369
1993-05-12,1993,5,12,-1.9336
1993-05-13,1993,5,13,-2.0944241
1993-05-14,1993,5,14,4.4814124
1993-05-15,1993,5,15,7.2165173
1993-05-16,1993,5,16,8.0705683
1993-05-17,1993,5,17,9.3763525
1993-05-18,1993,5,18,10.945939
1993-05-19,1993,5,19,5.7683514
1993-05-20,1993,5,20,3.0278081
1993-05-21,1993,5,21,4.2268927
1993-05-22,1993,5,22,1.4731191
1993-05-23,1993,5,23,-0.77583429
1993-05-24,1993,5,24,-0.70693184
1993-05-25,1993,5,25,0.40721311
1993-05-26,1993,5,26,3.7379635
1993-05-27,1993,5,27,5.7554129
1993-05-28,1993,5,28,3.8147209
1993-05-29,1993,5,29,-1.1369197
1993-05-30,1993,5,30,-4.3094235
1993-05-31,1993,5,31,0.49996489
1993-06-01,1993,6,1,2.4634543
1993-06-02,1993,6,2,1.0358997
1993-06-03,1993,6,3,-0.98994168
1993-06-04,1993,6,4,1.561683
1993-06-05,1993,6,5,2.6423162
1993-06-06,1993,6,6,1.5018714
1993-06-07,1993,6,7,-1.1935769
1993-06-08,1993,6,8,7.6609538
1993-06-09,1993,6,9,7.0507051
1993-06-10,1993,6,10,4.4406509
1993-06-11,1993,6,11,4.7027474
1993-06-12,1993,6,12,2.8275599
1993-06-13,1993,6,13,1.2537929
1993-06-14,1993,6,14,-2.4686439
1993-06-15,1993,6,15,0.66288858
1993-06-16,1993,6,16,1.3827108
1993-06-17,1993,6,17,3.2158443
1993-06-18,1993,6,18,8.3488174
1993-06-19,1993,6,19,8.2902269
1993-06-20,1993,6,20,5.759486
1993-06-21,1993,6,21,2.6985595
1993-06-22,1993,6,22,0.32445808
1993-06-23,1993,6,23,0.70814421
1993-06-24,1993,6,24,2.7959722
1993-06-25,1993,6,25,6.5751489
1993-06-26,1993,6,26,2.6545399
1993-06-27,1993,6,27,2.3482831
1993-06-28,1993,6,28,1.4739037
1993-06-29,1993,6,29,3.4919845
1993-06-30,1993,6,30,2.9945315
1993-07-01,1993,7,1,-0.48986474
1993-07-02,1993,7,2,-2.9298569
1993-07-03,1993,7,3,-4.804173
1993-07-04,1993,7,4,-3.1010937
1993-07-05,1993,7,5,-4.4888311
1993-07-06,1993,7,6,-2.3996328
1993-07-07,1993,7,7,2.1002568
1993-07-08,1993,7,8,0.01106835
1993-07-09,1993,7,9,-1.4564879
1993-07-10,1993,7,10,-3.3684782
1993-07-11,1993,7,11,-1.3642393
1993-07-12,1993,7,12,-1.4607479
1993-07-13,1993,7,13,2.9054021
1993-07-14,1993,7,14,4.236017
1993-07-15,1993,7,15,3.7110584
1993-07-16,1993,7,16,3.676571
1993-07-17,1993,7,17,3.810263
1993-07-18,1993,7,18,4.0854017
1993-07-19,1993,7,19,2.5911904
1993-07-20,1993,7,20,2.8277486
1993-07-21,1993,7,21,6.0216468
1993-07-22,1993,7,22,6.8753274
1993-07-23,1993,7,23,6.2854597
1993-07-24,1993,7,24,7.6353098
1993-07-25,1993,7,25,3.5944126
1993-07-26,1993,7,26,1.79674
1993-07-27,1993,7,27,-3.0123492
1993-07-28,1993,7,28,-4.5572021
1993-07-29,1993,7,29,-4.4633517
1993-07-30,1993,7,30,1.7575578
1993-07-31,1993,7,31,7.1604016
1993-08-01,1993,8,1,3.890673
1993-08-02,1993,8,2,1.5489522
1993-08-03,1993,8,3,6.6000825
1993-08-04,1993,8,4,4.1247363
1993-08-05,1993,8,5,3.1717302
1993-08-06,1993,8,6,2.7942045
1993-08-07,1993,8,7,-1.3019059
1993-08-08,1993,8,8,-1.5764899
1993-08-09,1993,8,9,0.34536394
1993-08-10,1993,8,10,6.8667061
1993-08-11,1993,8,11,7.1895396
1993-08-12,1993,8,12,7.3192302
1993-08-13,1993,8,13,7.1851057
1993-08-14,1993,8,14,5.7028247
1993-08-15,1993,8,15,0.93422594
1993-08-16,1993,8,16,1.1115648
1993-08-17,1993,8,17,5.4093748
1993-08-18,1993,8,18,8.4173558
1993-08-19,1993,8,19,9.2604949
1993-08-20,1993,8,20,9.5817026
1993-08-21,1993,8,21,7.6376
1993-08-22,1993,8,22,8.0754148
1993-08-23,1993,8,23,8.5431529
1993-08-24,1993,8,24,6.5086098
1993-08-25,1993,8,25,3.3488581
1993-08-26,1993,8,26,3.1954597
1993-08-27,1993,8,27,4.7999427
1993-08-28,1993,8,28,3.216891
1993-08-29,1993,8,29,0.044789172
1993-08-30,1993,8,30,-2.4557215
1993-08-31,1993,8,31,-1.8466357
1993-09-01,1993,9,1,2.6018205
1993-09-02,1993,9,2,7.7299695
1993-09-03,1993,9,3,9.7470032
1993-09-04,1993,9,4,9.4859723
1993-09-05,1993,9,5,5.9168547
1993-09-06,1993,9,6,0.56001298
1993-09-07,1993,9,7,2.2239968
1993-09-08,1993,9,8,2.7496354
1993-09-09,1993,9,9,3.7857718
1993-09-10,1993,9,10,4.9203169
1993-09-11,1993,9,11,5.5574316
1993-09-12,1993,9,12,7.659891
1993-09-13,1993,9,13,6.7032058
1993-09-14,1993,9,14,10.169447
1993-09-15,1993,9,15,8.4956043
1993-09-16,1993,9,16,5.6160626
1993-09-17,1993,9,17,3.6926722
1993-09-18,1993,9,18,4.0618209
1993-09-19,1993,9,19,0.12214896
1993-09-20,1993,9,20,-0.055525633
1993-09-21,1993,9,21,1.0309377
1993-09-22,1993,9,22,-2.6113864
1993-09-23,1993,9,23,-2.2851594
1993-09-24,1993,9,24,-0.48038239
1993-09-25,1993,9,25,3.008587
1993-09-26,1993,9,26,6.9762742
1993-09-27,1993,9,27,8.4819062
1993-09-28,1993,9,28,3.3218764
1993-09-29,1993,9,29,0.72641873
1993-09-30,1993,9,30,1.1744752
1993-10-01,1993,10,1,1.4287572
1993-10-02,1993,10,2,3.3284364
1993-10-03,1993,10,3,3.6810748
1993-10-04,1993,10,4,6.8931787
1993-10-05,1993,10,5,11.93854
1993-10-06,1993,10,6,14.565115
1993-10-07,1993,10,7,13.237155
1993-10-08,1993,10,8,11.697433
1993-10-09,1993,10,9,13.340322
1993-10-10,1993,10,10,11.874048
1993-10-11,1993,10,11,12.025196
1993-10-12,1993,10,12,10.540926
1993-10-13,1993,10,13,11.555692
1993-10-14,1993,10,14,12.017591
1993-10-15,1993,10,15,8.1967533
1993-10-16,1993,10,16,3.8408938
1993-10-17,1993,10,17,2.5979264
1993-10-18,1993,10,18,4.4802051
1993-10-19,1993,10,19,6.2476037
1993-10-20,1993,10,20,5.1067112
1993-10-21,1993,10,21,4.3034501
1993-10-22,1993,10,22,4.9872755
1993-10-23,1993,10,23,3.3851851
1993-10-24,1993,10,24,7.4684805
1993-10-25,1993,10,25,8.7352432
1993-10-26,1993,10,26,10.539161
1993-10-27,1993,10,27,9.2733612
1993-10-28,1993,10,28,7.4615934
1993-10-29,1993,10,29,9.2554213
1993-10-30,1993,10,30,5.4013228
1993-10-31,1993,10,31,3.3368168
1993-11-01,1993,11,1,10.482474
1993-11-02,1993,11,2,11.989969
1993-11-03,1993,11,3,14.333137
1993-11-04,1993,11,4,7.4271286
1993-11-05,1993,11,5,7.9483572
1993-11-06,1993,11,6,8.3579065
1993-11-07,1993,11,7,12.765265
1993-11-08,1993,11,8,12.371756
1993-11-09,1993,11,9,12.937428
1993-11-10,1993,11,10,10.404437
1993-11-11,1993,11,11,9.4043083
1993-11-12,1993,11,12,9.230262
1993-11-13,1993,11,13,9.1230577
1993-11-14,1993,11,14,7.6610707
1993-11-15,1993,11,15,5.4173126
1993-11-16,1993,11,16,4.8563155
1993-11-17,1993,11,17,11.000459
1993-11-18,1993,11,18,11.054538
1993-11-19,1993,11,19,9.8281349
1993-11-20,1993,11,20,10.79271
1993-11-21,1993,11,21,12.669303
1993-11-22,1993,11,22,11.540257
1993-11-23,1993,11,23,10.93894
1993-11-24,1993,11,24,9.290521
1993-11-25,1993,11,25,9.8035003
1993-11-26,1993,11,26,13.712858
1993-11-27,1993,11,27,12.599389
1993-11-28,1993,11,28,8.8954017
1993-11-29,1993,11,29,5.2407223
1993-11-30,1993,11,30,4.3320889
1993-12-01,1993,12,1,9.9756474
1993-12-02,1993,12,2,11.241201
1993-12-03,1993,12,3,7.5037798
1993-12-04,1993,12,4,8.0950683
1993-12-05,1993,12,5,11.315915
1993-12-06,1993,12,6,12.294317
1993-12-07,1993,12,7,14.353082
1993-12-08,1993,12,8,15.157197
1993-12-09,1993,12,9,17.104614
1993-12-10,1993,12,10,18.468345
1993-12-11,1993,12,11,15.767986
1993-12-12,1993,12,12,11.376132
1993-12-13,1993,12,13,11.364875
1993-12-14,1993,12,14,10.026878
1993-12-15,1993,12,15,10.129621
1993-12-16,1993,12,16,14.528479
1993-12-17,1993,12,17,14.83274
1993-12-18,1993,12,18,13.311164
1993-12-19,1993,12,19,14.130466
1993-12-20,1993,12,20,16.609935
1993-12-21,1993,12,21,13.076724
1993-12-22,1993,12,22,17.375818
1993-12-23,1993,12,23,16.256643
1993-12-24,1993,12,24,16.522841
1993-12-25,1993,12,25,16.872352
1993-12-26,1993,12,26,15.126137
1993-12-27,1993,12,27,15.687923
1993-12-28,1993,12,28,15.142209
1993-12-29,1993,12,29,18.203965
1993-12-30,1993,12,30,16.239519
1993-12-31,1993,12,31,16.118716
1994-01-01,1994,1,1,16.729209
1994-01-02,1994,1,2,16.581487
1994-01-03,1994,1,3,15.727712
1994-01-04,1994,1,4,15.12681
1994-01-05,1994,1,5,16.35909
1994-01-06,1994,1,6,16.193421
1994-01-07,1994,1,7,14.762174
1994-01-08,1994,1,8,16.489131
1994-01-09,1994,1,9,18.19715
1994-01-10,1994,1,10,16.176113
1994-01-11,1994,1,11,15.138995
1994-01-12,1994,1,12,17.663419
1994-01-13,1994,1,13,20.457223
1994-01-14,1994,1,14,19.230099
1994-01-15,1994,1,15,16.204076
1994-01-16,1994,1,16,13.096521
1994-01-17,1994,1,17,13.002365
1994-01-18,1994,1,18,16.209383
1994-01-19,1994,1,19,16.0923
1994-01-20,1994,1,20,19.283461
1994-01-21,1994,1,21,17.741704
1994-01-22,1994,1,22,15.853819
1994-01-23,1994,1,23,14.401817
1994-01-24,1994,1,24,10.742817
1994-01-25,1994,1,25,15.790631
1994-01-26,1994,1,26,17.19087
1994-01-27,1994,1,27,17.832704
1994-01-28,1994,1,28,15.176432
1994-01-29,1994,1,29,15.880473
1994-01-30,1994,1,30,16.040431
1994-01-31,1994,1,31,14.4755
1994-02-01,1994,2,1,10.846198
1994-02-02,1994,2,2,12.304797
1994-02-03,1994,2,3,14.893043
1994-02-04,1994,2,4,15.355124
1994-02-05,1994,2,5,16.213151
1994-02-06,1994,2,6,15.291203
1994-02-07,1994,2,7,14.453271
1994-02-08,1994,2,8,13.052913
1994-02-09,1994,2,9,11.199581
1994-02-10,1994,2,10,13.439968
1994-02-11,1994,2,11,12.814036
1994-02-12,1994,2,12,14.787878
1994-02-13,1994,2,13,14.471449
1994-02-14,1994,2,14,16.144588
1994-02-15,1994,2,15,11.134743
1994-02-16,1994,2,16,10.143167
1994-02-17,1994,2,17,15.077242
1994-02-18,1994,2,18,17.514567
1994-02-19,1994,2,19,17.037608
1994-02-20,1994,2,20,15.322674
1994-02-21,1994,2,21,14.192267
1994-02-22,1994,2,22,14.368589
1994-02-23,1994,2,23,13.582256
1994-02-24,1994,2,24,13.610483
1994-02-25,1994,2,25,13.323073
1994-02-26,1994,2,26,12.388043
1994-02-27,1994,2,27,11.832918
1994-02-28,1994,2,28,12.547805
1994-03-01,1994,3,1,15.940163
1994-03-02,1994,3,2,16.985454
1994-03-03,1994,3,3,17.028243
1994-03-04,1994,3,4,18.968572
1994-03-05,1994,3,5,18.405048
1994-03-06,1994,3,6,18.381376
1994-03-07,1994,3,7,18.753757
1994-03-08,1994,3,8,17.268415
1994-03-09,1994,3,9,15.464981
1994-03-10,1994,3,10,16.576778
1994-03-11,1994,3,11,16.436968
1994-03-12,1994,3,12,14.285817
1994-03-13,1994,3,13,11.319104
1994-03-14,1994,3,14,8.2466397
1994-03-15,1994,3,15,7.7189752
1994-03-16,1994,3,16,11.14939
1994-03-17,1994,3,17,15.062059
1994-03-18,1994,3,18,14.28082
1994-03-19,1994,3,19,11.804634
1994-03-20,1994,3,20,16.629838
1994-03-21,1994,3,21,18.672223
1994-03-22,1994,3,22,15.580724
1994-03-23,1994,3,23,12.124271
1994-03-24,1994,3,24,8.218234
1994-03-25,1994,3,25,17.356484
1994-03-26,1994,3,26,16.045058
1994-03-27,1994,3,27,13.719369
1994-03-28,1994,3,28,13.206132
1994-03-29,1994,3,29,14.4011
1994-03-30,1994,3,30,13.270731
1994-03-31,1994,3,31,12.92744
1994-04-01,1994,4,1,12.182709
1994-04-02,1994,4,2,12.705119
1994-04-03,1994,4,3,12.550706
1994-04-04,1994,4,4,7.5920494
1994-04-05,1994,4,5,4.5463668
1994-04-06,1994,4,6,12.780422
1994-04-07,1994,4,7,9.6930329
1994-04-08,1994,4,8,5.7021954
1994-04-09,1994,4,9,7.2719299
1994-04-10,1994,4,10,10.849538
1994-04-11,1994,4,11,11.440443
1994-04-12,1994,4,12,12.948024
1994-04-13,1994,4,13,13.863957
1994-04-14,1994,4,14,14.90604
1994-04-15,1994,4,15,15.117366
1994-04-16,1994,4,16,12.805934
1994-04-17,1994,4,17,11.290715
1994-04-18,1994,4,18,10.241718
1994-04-19,1994,4,19,9.1171312
1994-04-20,1994,4,20,4.3925814
1994-04-21,1994,4,21,7.4360846
1994-04-22,1994,4,22,10.635174
1994-04-23,1994,4,23,11.360854
1994-04-24,1994,4,24,8.5155825
1994-04-25,1994,4,25,8.0725129
1994-04-26,1994,4,26,6.5723539
1994-04-27,1994,4,27,5.7178353
1994-04-28,1994,4,28,9.9976602
1994-04-29,1994,4,29,8.2162742
1994-04-30,1994,4,30,7.4658459
1994-05-01,1994,5,1,8.0250243
1994-05-02,1994,5,2,8.1383387
1994-05-03,1994,5,3,9.1039677
1994-05-04,1994,5,4,12.258241
1994-05-05,1994,5,5,10.628845
1994-05-06,1994,5,6,5.11965
1994-05-07,1994,5,7,8.0372576
1994-05-08,1994,5,8,5.5744808
1994-05-09,1994,5,9,5.5353395
1994-05-10,1994,5,10,6.075784
1994-05-11,1994,5,11,6.6567947
1994-05-12,1994,5,12,9.5090612
1994-05-13,1994,5,13,11.242515
1994-05-14,1994,5,14,11.331127
1994-05-15,1994,5,15,10.843214
1994-05-16,1994,5,16,7.7432511
1994-05-17,1994,5,17,6.1398991
1994-05-18,1994,5,18,5.650194
1994-05-19,1994,5,19,6.892509
1994-05-20,1994,5,20,8.3175385
1994-05-21,1994,5,21,8.2140139
1994-05-22,1994,5,22,5.8870189
1994-05-23,1994,5,23,0.8005726
1994-05-24,1994,5,24,0.42783999
1994-05-25,1994,5,25,3.8169084
1994-05-26,1994,5,26,3.8911279
1994-05-27,1994,5,27,-0.94869748
1994-05-28,1994,5,28,3.7342205
1994-05-29,1994,5,29,4.7271727
1994-05-30,1994,5,30,2.5987152
1994-05-31,1994,5,31,5.3286719
1994-06-01,1994,6,1,3.6469493
1994-06-02,1994,6,2,2.8946012
1994-06-03,1994,6,3,4.1696643
1994-06-04,1994,6,4,6.657725
1994-06-05,1994,6,5,2.868336
1994-06-06,1994,6,6,2.8004019
1994-06-07,1994,6,7,5.680107
1994-06-08,1994,6,8,8.6682743
1994-06-09,1994,6,9,10.883245
1994-06-10,1994,6,10,8.0682562
1994-06-11,1994,6,11,8.1877978
1994-06-12,1994,6,12,5.3979369
1994-06-13,1994,6,13,3.9912434
1994-06-14,1994,6,14,1.8619543
1994-06-15,1994,6,15,1.5443242
1994-06-16,1994,6,16,-0.1394853
1994-06-17,1994,6,17,-1.6786199
1994-06-18,1994,6,18,1.8483166
1994-06-19,1994,6,19,2.1424288
1994-06-20,1994,6,20,0.12319926
1994-06-21,1994,6,21,-0.63817285
1994-06-22,1994,6,22,-0.32453721
1994-06-23,1994,6,23,-1.9056668
1994-06-24,1994,6,24,-5.7129566
1994-06-25,1994,6,25,1.7977329
1994-06-26,1994,6,26,3.0408894
1994-06-27,1994,6,27,4.564759
1994-06-28,1994,6,28,3.7888074
1994-06-29,1994,6,29,-2.1637784
1994-06-30,1994,6,30,-3.926841
1994-07-01,1994,7,1,-3.0560992
1994-07-02,1994,7,2,-0.72648368
1994-07-03,1994,7,3,-1.3344245
1994-07-04,1994,7,4,-2.092115
1994-07-05,1994,7,5,-3.0224778
1994-07-06,1994,7,6,-3.2963875
1994-07-07,1994,7,7,-2.1880571
1994-07-08,1994,7,8,1.2865972
1994-07-09,1994,7,9,2.4711606
1994-07-10,1994,7,10,4.4401615
1994-07-11,1994,7,11,4.9227103
1994-07-12,1994,7,12,3.7961904
1994-07-13,1994,7,13,1.648747
1994-07-14,1994,7,14,7.2935114
1994-07-15,1994,7,15,8.475941
1994-07-16,1994,7,16,3.6792935
1994-07-17,1994,7,17,5.5791315
1994-07-18,1994,7,18,2.4097279
1994-07-19,1994,7,19,0.14344607
1994-07-20,1994,7,20,-1.1527656
1994-07-21,1994,7,21,-3.2100938
1994-07-22,1994,7,22,-2.5271628
1994-07-23,1994,7,23,0.89657599
1994-07-24,1994,7,24,0.94697151
1994-07-25,1994,7,25,0.42174116
1994-07-26,1994,7,26,-0.28824524
1994-07-27,1994,7,27,-3.619642
1994-07-28,1994,7,28,-0.3803124
1994-07-29,1994,7,29,-0.37251763
1994-07-30,1994,7,30,-1.3140455
1994-07-31,1994,7,31,-2.9293092
1994-08-01,1994,8,1,-3.427505
1994-08-02,1994,8,2,2.8434344
1994-08-03,1994,8,3,5.8397931
1994-08-04,1994,8,4,7.1887166
1994-08-05,1994,8,5,5.2865971
1994-08-06,1994,8,6,4.694703
1994-08-07,1994,8,7,1.9190163
1994-08-08,1994,8,8,-3.0719642
1994-08-09,1994,8,9,-1.1051219
1994-08-10,1994,8,10,5.5366466
1994-08-11,1994,8,11,9.3629238
1994-08-12,1994,8,12,2.0228613
1994-08-13,1994,8,13,0.98317745
1994-08-14,1994,8,14,4.7428593
1994-08-15,1994,8,15,2.9901284
1994-08-16,1994,8,16,7.6823169
1994-08-17,1994,8,17,4.4591039
1994-08-18,1994,8,18,1.1069002
1994-08-19,1994,8,19,1.3409149
1994-08-20,1994,8,20,5.0986131
1994-08-21,1994,8,21,3.3030241
1994-08-22,1994,8,22,4.1206036
1994-08-23,1994,8,23,9.3192277
1994-08-24,1994,8,24,3.8689204
1994-08-25,1994,8,25,2.5673292
1994-08-26,1994,8,26,7.0459899
1994-08-27,1994,8,27,8.1087446
1994-08-28,1994,8,28,4.7451755
1994-08-29,1994,8,29,4.876359
1994-08-30,1994,8,30,1.6871869
1994-08-31,1994,8,31,-1.6302012
1994-09-01,1994,9,1,-0.59774017
1994-09-02,1994,9,2,5.6220042
1994-09-03,1994,9,3,7.6460816
1994-09-04,1994,9,4,9.9220532
1994-09-05,1994,9,5,4.7666541
1994-09-06,1994,9,6,7.690057
1994-09-07,1994,9,7,11.644421
1994-09-08,1994,9,8,12.597238
1994-09-09,1994,9,9,10.249774
1994-09-10,1994,9,10,5.5008034
1994-09-11,1994,9,11,8.8851196
1994-09-12,1994,9,12,3.6309602
1994-09-13,1994,9,13,6.7932218
1994-09-14,1994,9,14,2.9717095
1994-09-15,1994,9,15,7.7021615
1994-09-16,1994,9,16,7.3365656
1994-09-17,1994,9,17,9.0853189
1994-09-18,1994,9,18,6.887588
1994-09-19,1994,9,19,5.2860777
1994-09-20,1994,9,20,4.6584645
1994-09-21,1994,9,21,7.2569132
1994-09-22,1994,9,22,6.944056
1994-09-23,1994,9,23,4.7415254
1994-09-24,1994,9,24,4.0208575
1994-09-25,1994,9,25,8.6842646
1994-09-26,1994,9,26,12.204399
1994-09-27,1994,9,27,13.533302
1994-09-28,1994,9,28,8.0864023
1994-09-29,1994,9,29,5.8359107
1994-09-30,1994,9,30,5.590968
1994-10-01,1994,10,1,5.6354352
1994-10-02,1994,10,2,3.241287
1994-10-03,1994,10,3,5.605262
1994-10-04,1994,10,4,6.5506722
1994-10-05,1994,10,5,10.473864
1994-10-06,1994,10,6,11.02786
1994-10-07,1994,10,7,8.9031232
1994-10-08,1994,10,8,7.9760569
1994-10-09,1994,10,9,8.230273
1994-10-10,1994,10,10,9.26972
1994-10-11,1994,10,11,4.202521
1994-10-12,1994,10,12,3.0808049
1994-10-13,1994,10,13,10.903705
1994-10-14,1994,10,14,11.640538
1994-10-15,1994,10,15,6.9218234
1994-10-16,1994,10,16,2.7685257
1994-10-17,1994,10,17,1.7317337
1994-10-18,1994,10,18,3.5670205
1994-10-19,1994,10,19,1.6439977
1994-10-20,1994,10,20,4.7799718
1994-10-21,1994,10,21,5.7547212
1994-10-22,1994,10,22,6.97609
1994-10-23,1994,10,23,5.7425215
1994-10-24,1994,10,24,7.7943346
1994-10-25,1994,10,25,9.2652359
1994-10-26,1994,10,26,8.6556559
1994-10-27,1994,10,27,8.0188695
1994-10-28,1994,10,28,8.516955
1994-10-29,1994,10,29,9.3193927
1994-10-30,1994,10,30,7.6209391
1994-10-31,1994,10,31,6.4877455
1994-11-01,1994,11,1,10.23435
1994-11-02,1994,11,2,10.556892
1994-11-03,1994,11,3,7.854657
1994-11-04,1994,11,4,5.5654668
1994-11-05,1994,11,5,7.6234134
1994-11-06,1994,11,6,8.0491698
1994-11-07,1994,11,7,10.132739
1994-11-08,1994,11,8,11.495609
1994-11-09,1994,11,9,15.025893
1994-11-10,1994,11,10,11.459584
1994-11-11,1994,11,11,10.322578
1994-11-12,1994,11,12,11.033306
1994-11-13,1994,11,13,12.282768
1994-11-14,1994,11,14,10.253012
1994-11-15,1994,11,15,10.257109
1994-11-16,1994,11,16,11.785462
1994-11-17,1994,11,17,12.73352
1994-11-18,1994,11,18,11.459771
1994-11-19,1994,11,19,12.541739
1994-11-20,1994,11,20,14.19252
1994-11-21,1994,11,21,15.018633
1994-11-22,1994,11,22,16.466919
1994-11-23,1994,11,23,16.751476
1994-11-24,1994,11,24,16.233545
1994-11-25,1994,11,25,15.435431
1994-11-26,1994,11,26,12.843741
1994-11-27,1994,11,27,8.0661444
1994-11-28,1994,11,28,5.5469364
1994-11-29,1994,11,29,10.842626
1994-11-30,1994,11,30,11.866016
1994-12-01,1994,12,1,12.589481
1994-12-02,1994,12,2,10.652399
1994-12-03,1994,12,3,6.2474502
1994-12-04,1994,12,4,10.927157
1994-12-05,1994,12,5,7.6436577
1994-12-06,1994,12,6,15.607144
1994-12-07,1994,12,7,18.575918
1994-12-08,1994,12,8,16.451802
1994-12-09,1994,12,9,17.877541
1994-12-10,1994,12,10,18.572836
1994-12-11,1994,12,11,18.326773
1994-12-12,1994,12,12,17.387962
1994-12-13,1994,12,13,14.626128
1994-12-14,1994,12,14,17.067081
1994-12-15,1994,12,15,16.703738
1994-12-16,1994,12,16,18.3018
1994-12-17,1994,12,17,18.684438
1994-12-18,1994,12,18,18.47261
1994-12-19,1994,12,19,17.539905
1994-12-20,1994,12,20,16.570202
1994-12-21,1994,12,21,16.526622
1994-12-22,1994,12,22,20.102253
1994-12-23,1994,12,23,15.869967
1994-12-24,1994,12,24,16.8587
1994-12-25,1994,12,25,17.670615
1994-12-26,1994,12,26,15.905383
1994-12-27,1994,12,27,15.316355
1994-12-28,1994,12,28,16.548435
1994-12-29,1994,12,29,19.512356
1994-12-30,1994,12,30,20.283946
1994-12-31,1994,12,31,17.034261
1995-01-01,1995,1,1,16.31424
1995-01-02,1995,1,2,16.583802
1995-01-03,1995,1,3,15.389982
1995-01-04,1995,1,4,15.708828
1995-01-05,1995,1,5,15.356933
1995-01-06,1995,1,6,15.128279
1995-01-07,1995,1,7,17.6739
1995-01-08,1995,1,8,16.499821
1995-01-09,1995,1,9,15.863111
1995-01-10,1995,1,10,9.2258905
1995-01-11,1995,1,11,10.506019
1995-01-12,1995,1,12,14.475257
1995-01-13,1995,1,13,16.291143
1995-01-14,1995,1,14,15.459859
1995-01-15,1995,1,15,14.658223
1995-01-16,1995,1,16,14.858289
1995-01-17,1995,1,17,14.671974
1995-01-18,1995,1,18,14.309588
1995-01-19,1995,1,19,15.987389
1995-01-20,1995,1,20,17.101657
1995-01-21,1995,1,21,19.389571
1995-01-22,1995,1,22,18.583351
1995-01-23,1995,1,23,19.855432
1995-01-24,1995,1,24,17.808972
1995-01-25,1995,1,25,17.691815
1995-01-26,1995,1,26,16.213105
1995-01-27,1995,1,27,18.503225
1995-01-28,1995,1,28,18.93672
1995-01-29,1995,1,29,15.742365
1995-01-30,1995,1,30,14.927905
1995-01-31,1995,1,31,10.432417
1995-02-01,1995,2,1,10.942203
1995-02-02,1995,2,2,12.364246
1995-02-03,1995,2,3,10.434975
1995-02-04,1995,2,4,15.349206
1995-02-05,1995,2,5,17.502642
1995-02-06,1995,2,6,16.353803
1995-02-07,1995,2,7,16.283188
1995-02-08,1995,2,8,15.767523
1995-02-09,1995,2,9,13.961747
1995-02-10,1995,2,10,13.177273
1995-02-11,1995,2,11,16.58235
1995-02-12,1995,2,12,16.230303
1995-02-13,1995,2,13,15.587297
1995-02-14,1995,2,14,15.733663
1995-02-15,1995,2,15,16.057716
1995-02-16,1995,2,16,13.214713
1995-02-17,1995,2,17,14.313478
1995-02-18,1995,2,18,16.807147
1995-02-19,1995,2,19,14.68033
1995-02-20,1995,2,20,11.933399
1995-02-21,1995,2,21,10.012394
1995-02-22,1995,2,22,10.063433
1995-02-23,1995,2,23,7.8641977
1995-02-24,1995,2,24,12.527705
1995-02-25,1995,2,25,12.552454
1995-02-26,1995,2,26,12.821129
1995-02-27,1995,2,27,13.029082
1995-02-28,1995,2,28,12.882736
1995-03-01,1995,3,1,13.451514
1995-03-02,1995,3,2,14.963131
1995-03-03,1995,3,3,15.54329
1995-03-04,1995,3,4,16.219969
1995-03-05,1995,3,5,15.109938
1995-03-06,1995,3,6,12.356003
1995-03-07,1995,3,7,8.9508686
1995-03-08,1995,3,8,15.448206
1995-03-09,1995,3,9,15.803481
1995-03-10,1995,3,10,15.901354
1995-03-11,1995,3,11,17.309572
1995-03-12,1995,3,12,17.177165
1995-03-13,1995,3,13,15.731188
1995-03-14,1995,3,14,12.580034
1995-03-15,1995,3,15,11.757509
1995-03-16,1995,3,16,14.112568
1995-03-17,1995,3,17,15.256533
1995-03-18,1995,3,18,15.391711
1995-03-19,1995,3,19,14.188268
1995-03-20,1995,3,20,15.526703
1995-03-21,1995,3,21,12.725821
1995-03-22,1995,3,22,9.1575349
1995-03-23,1995,3,23,12.256769
1995-03-24,1995,3,24,13.38306
1995-03-25,1995,3,25,14.516018
1995-03-26,1995,3,26,14.861132
1995-03-27,1995,3,27,13.101559
1995-03-28,1995,3,28,11.46915
1995-03-29,1995,3,29,13.43453
1995-03-30,1995,3,30,7.3283486
1995-03-31,1995,3,31,13.779568
1995-04-01,1995,4,1,14.904347
1995-04-02,1995,4,2,13.652163
1995-04-03,1995,4,3,15.245483
1995-04-04,1995,4,4,14.011602
1995-04-05,1995,4,5,13.805761
1995-04-06,1995,4,6,14.008346
1995-04-07,1995,4,7,11.523034
1995-04-08,1995,4,8,5.0301208
1995-04-09,1995,4,9,6.0648861
1995-04-10,1995,4,10,10.758705
1995-04-11,1995,4,11,17.97087
1995-04-12,1995,4,12,17.534842
1995-04-13,1995,4,13,9.5379046
1995-04-14,1995,4,14,8.9824028
1995-04-15,1995,4,15,6.431794
1995-04-16,1995,4,16,8.6827827
1995-04-17,1995,4,17,11.512563
1995-04-18,1995,4,18,9.347642
1995-04-19,1995,4,19,9.2739655
1995-04-20,1995,4,20,12.70143
1995-04-21,1995,4,21,13.450699
1995-04-22,1995,4,22,13.490131
1995-04-23,1995,4,23,12.375267
1995-04-24,1995,4,24,13.951185
1995-04-25,1995,4,25,11.166073
1995-04-26,1995,4,26,11.325188
1995-04-27,1995,4,27,4.9346487
1995-04-28,1995,4,28,4.7847611
1995-04-29,1995,4,29,4.7307247
1995-04-30,1995,4,30,8.7085043
1995-05-01,1995,5,1,6.9156138
1995-05-02,1995,5,2,9.915235
1995-05-03,1995,5,3,10.301912
1995-05-04,1995,5,4,9.0091418
1995-05-05,1995,5,5,4.5437569
1995-05-06,1995,5,6,6.0485125
1995-05-07,1995,5,7,8.629423
1995-05-08,1995,5,8,9.6761182
1995-05-09,1995,5,9,9.5367186
1995-05-10,1995,5,10,6.7505661
1995-05-11,1995,5,11,3.8529657
1995-05-12,1995,5,12,3.9088604
1995-05-13,1995,5,13,3.3235667
1995-05-14,1995,5,14,8.2120407
1995-05-15,1995,5,15,8.578636
1995-05-16,1995,5,16,5.7841114
1995-05-17,1995,5,17,7.6896141
1995-05-18,1995,5,18,11.270084
1995-05-19,1995,5,19,7.7046571
1995-05-20,1995,5,20,8.1352225
1995-05-21,1995,5,21,8.6949853
1995-05-22,1995,5,22,8.6445406
1995-05-23,1995,5,23,8.3941128
1995-05-24,1995,5,24,8.6667855
1995-05-25,1995,5,25,10.775003
1995-05-26,1995,5,26,7.8104314
1995-05-27,1995,5,27,7.1595576
1995-05-28,1995,5,28,5.8011798
1995-05-29,1995,5,29,9.5170266
1995-05-30,1995,5,30,8.1531423
1995-05-31,1995,5,31,7.6751303
1995-06-01,1995,6,1,6.8780216
1995-06-02,1995,6,2,7.4745671
1995-06-03,1995,6,3,9.1212082
1995-06-04,1995,6,4,7.083817
1995-06-05,1995,6,5,1.4806588
1995-06-06,1995,6,6,-1.6733737
1995-06-07,1995,6,7,-0.87571109
1995-06-08,1995,6,8,2.2602251
1995-06-09,1995,6,9,-0.1602809
1995-06-10,1995,6,10,1.6677612
1995-06-11,1995,6,11,6.2829498
1995-06-12,1995,6,12,7.066439
1995-06-13,1995,6,13,10.111351
1995-06-14,1995,6,14,8.0142481
1995-06-15,1995,6,15,1.4142424
1995-06-16,1995,6,16,-2.010093
1995-06-17,1995,6,17,-1.4754422
1995-06-18,1995,6,18,4.3388285
1995-06-19,1995,6,19,4.4477703
1995-06-20,1995,6,20,3.6448922
1995-06-21,1995,6,21,3.1508998
1995-06-22,1995,6,22,5.3714076
1995-06-23,1995,6,23,1.4713649
1995-06-24,1995,6,24,-1.1749381
1995-06-25,1995,6,25,3.8549255
1995-06-26,1995,6,26,2.1461196
1995-06-27,1995,6,27,-0.42931098
1995-06-28,1995,6,28,3.1118193
1995-06-29,1995,6,29,5.2926285
1995-06-30,1995,6,30,0.75233223
1995-07-01,1995,7,1,0.34446386
1995-07-02,1995,7,2,-1.9201823
1995-07-03,1995,7,3,0.18173848
1995-07-04,1995,7,4,-1.2005534
1995-07-05,1995,7,5,-3.1628636
1995-07-06,1995,7,6,-1.6507775
1995-07-07,1995,7,7,0.025409871
1995-07-08,1995,7,8,2.0658583
1995-07-09,1995,7,9,-1.4765833
1995-07-10,1995,7,10,1.7296629
1995-07-11,1995,7,11,-0.054972634
1995-07-12,1995,7,12,-0.31472317
1995-07-13,1995,7,13,-3.0130715
1995-07-14,1995,7,14,-4.0532978
1995-07-15,1995,7,15,-5.4152855
1995-07-16,1995,7,16,-2.2967527
1995-07-17,1995,7,17,-1.3404392
1995-07-18,1995,7,18,-3.5113936
1995-07-19,1995,7,19,-3.6790766
1995-07-20,1995,7,20,3.9455195
1995-07-21,1995,7,21,6.2870584
1995-07-22,1995,7,22,4.2482295
1995-07-23,1995,7,23,-2.2950588
1995-07-24,1995,7,24,-3.4706721
1995-07-25,1995,7,25,-2.3039311
1995-07-26,1995,7,26,-5.3122945
1995-07-27,1995,7,27,-5.8185329
1995-07-28,1995,7,28,-5.8842649
1995-07-29,1995,7,29,-4.9624569
1995-07-30,1995,7,30,-2.9147552
1995-07-31,1995,7,31,-2.5914639
1995-08-01,1995,8,1,-3.9697391
1995-08-02,1995,8,2,-2.398098
1995-08-03,1995,8,3,-2.9726368
1995-08-04,1995,8,4,-2.2690575
1995-08-05,1995,8,5,-2.8187425
1995-08-06,1995,8,6,-1.6864153
1995-08-07,1995,8,7,0.96303017
1995-08-08,1995,8,8,-0.029625496
1995-08-09,1995,8,9,-2.0116231
1995-08-10,1995,8,10,0.98086681
1995-08-11,1995,8,11,-2.4409009
1995-08-12,1995,8,12,-1.5606169
1995-08-13,1995,8,13,-3.2909638
1995-08-14,1995,8,14,-4.7322738
1995-08-15,1995,8,15,-4.270294
1995-08-16,1995,8,16,1.3213617
1995-08-17,1995,8,17,-2.0769748
1995-08-18,1995,8,18,4.0506643
1995-08-19,1995,8,19,4.9196642
1995-08-20,1995,8,20,3.6336862
1995-08-21,1995,8,21,3.181777
1995-08-22,1995,8,22,3.1793721
1995-08-23,1995,8,23,1.7987076
1995-08-24,1995,8,24,0.80245826
1995-08-25,1995,8,25,3.2964244
1995-08-26,1995,8,26,1.6233542
1995-08-27,1995,8,27,2.4358896
1995-08-28,1995,8,28,3.7373536
1995-08-29,1995,8,29,5.862447
1995-08-30,1995,8,30,8.9597514
1995-08-31,1995,8,31,7.5970979
1995-09-01,1995,9,1,9.7439609
1995-09-02,1995,9,2,11.618722
1995-09-03,1995,9,3,12.988974
1995-09-04,1995,9,4,12.190246
1995-09-05,1995,9,5,10.408238
1995-09-06,1995,9,6,8.0416504
1995-09-07,1995,9,7,4.5244486
1995-09-08,1995,9,8,4.8665997
1995-09-09,1995,9,9,3.4651786
1995-09-10,1995,9,10,2.2377367
1995-09-11,1995,9,11,1.3301444
1995-09-12,1995,9,12,3.9911042
1995-09-13,1995,9,13,1.792927
1995-09-14,1995,9,14,7.8966457
1995-09-15,1995,9,15,8.7122707
1995-09-16,1995,9,16,8.8033149
1995-09-17,1995,9,17,4.0158504
1995-09-18,1995,9,18,-0.62564708
1995-09-19,1995,9,19,1.465896
1995-09-20,1995,9,20,7.1353824
1995-09-21,1995,9,21,3.9353319
1995-09-22,1995,9,22,1.8729502
1995-09-23,1995,9,23,1.4255109
1995-09-24,1995,9,24,7.9437811
1995-09-25,1995,9,25,2.6157214
1995-09-26,1995,9,26,3.8933753
1995-09-27,1995,9,27,3.1831737
1995-09-28,1995,9,28,3.6990994
1995-09-29,1995,9,29,5.4397751
1995-09-30,1995,9,30,7.1178706
1995-10-01,1995,10,1,8.006985
1995-10-02,1995,10,2,7.2854903
1995-10-03,1995,10,3,1.9449663
1995-10-04,1995,10,4,2.2610794
1995-10-05,1995,10,5,5.5605987
1995-10-06,1995,10,6,0.579901
1995-10-07,1995,10,7,1.205552
1995-10-08,1995,10,8,5.1998608
1995-10-09,1995,10,9,8.5006783
1995-10-10,1995,10,10,6.4436708
1995-10-11,1995,10,11,4.0366925
1995-10-12,1995,10,12,0.87492749
1995-10-13,1995,10,13,6.325181
1995-10-14,1995,10,14,7.5923072
1995-10-15,1995,10,15,7.8148249
1995-10-16,1995,10,16,7.4505988
1995-10-17,1995,10,17,7.336002
1995-10-18,1995,10,18,7.6603234
1995-10-19,1995,10,19,6.3736608
1995-10-20,1995,10,20,11.099161
1995-10-21,1995,10,21,11.80457
1995-10-22,1995,10,22,8.2441412
1995-10-23,1995,10,23,9.8982537
1995-10-24,1995,10,24,8.2951344
1995-10-25,1995,10,25,8.2006919
1995-10-26,1995,10,26,8.7935678
1995-10-27,1995,10,27,9.8145182
1995-10-28,1995,10,28,10.443156
1995-10-29,1995,10,29,10.663731
1995-10-30,1995,10,30,13.015464
1995-10-31,1995,10,31,14.227864
1995-11-01,1995,11,1,12.050723
1995-11-02,1995,11,2,9.6125481
1995-11-03,1995,11,3,9.9906093
1995-11-04,1995,11,4,12.35649
1995-11-05,1995,11,5,11.380099
1995-11-06,1995,11,6,15.360664
1995-11-07,1995,11,7,14.361003
1995-11-08,1995,11,8,9.1731151
1995-11-09,1995,11,9,11.620791
1995-11-10,1995,11,10,12.137554
1995-11-11,1995,11,11,12.354871
1995-11-12,1995,11,12,11.770185
1995-11-13,1995,11,13,11.143997
1995-11-14,1995,11,14,9.9187647
1995-11-15,1995,11,15,10.268148
1995-11-16,1995,11,16,10.732563
1995-11-17,1995,11,17,14.242162
1995-11-18,1995,11,18,13.502206
1995-11-19,1995,11,19,15.383991
1995-11-20,1995,11,20,12.376354
1995-11-21,1995,11,21,12.513497
1995-11-22,1995,11,22,13.250987
1995-11-23,1995,11,23,13.123489
1995-11-24,1995,11,24,11.392998
1995-11-25,1995,11,25,10.898287
1995-11-26,1995,11,26,10.811987
1995-11-27,1995,11,27,15.633003
1995-11-28,1995,11,28,16.041796
1995-11-29,1995,11,29,13.290083
1995-11-30,1995,11,30,7.6485712
1995-12-01,1995,12,1,14.067606
1995-12-02,1995,12,2,15.218289
1995-12-03,1995,12,3,16.499435
1995-12-04,1995,12,4,16.909806
1995-12-05,1995,12,5,16.081183
1995-12-06,1995,12,6,13.252766
1995-12-07,1995,12,7,15.775284
1995-12-08,1995,12,8,12.929334
1995-12-09,1995,12,9,13.928477
1995-12-10,1995,12,10,12.358114
1995-12-11,1995,12,11,12.207798
1995-12-12,1995,12,12,13.852089
1995-12-13,1995,12,13,12.521839
1995-12-14,1995,12,14,12.83186
1995-12-15,1995,12,15,13.622187
1995-12-16,1995,12,16,15.877876
1995-12-17,1995,12,17,17.261956
1995-12-18,1995,12,18,19.783502
1995-12-19,1995,12,19,20.428334
1995-12-20,1995,12,20,13.588999
1995-12-21,1995,12,21,17.026827
1995-12-22,1995,12,22,18.971113
1995-12-23,1995,12,23,18.909671
1995-12-24,1995,12,24,19.319316
1995-12-25,1995,12,25,18.522954
1995-12-26,1995,12,26,17.948184
1995-12-27,1995,12,27,16.584367
1995-12-28,1995,12,28,16.650422
1995-12-29,1995,12,29,16.433074
1995-12-30,1995,12,30,15.575526
1995-12-31,1995,12,31,15.486421
1996-01-01,1996,1,1,15.734283
1996-01-02,1996,1,2,15.086347
1996-01-03,1996,1,3,10.724046
1996-01-04,1996,1,4,12.772702
1996-01-05,1996,1,5,16.690142
1996-01-06,1996,1,6,15.470764
1996-01-07,1996,1,7,14.980264
1996-01-08,1996,1,8,12.700145
1996-01-09,1996,1,9,15.556332
1996-01-10,1996,1,10,13.96669
1996-01-11,1996,1,11,10.822783
1996-01-12,1996,1,12,9.2763129
1996-01-13,1996,1,13,13.280243
1996-01-14,1996,1,14,13.95679
1996-01-15,1996,1,15,14.165626
1996-01-16,1996,1,16,15.625173
1996-01-17,1996,1,17,15.807902
1996-01-18,1996,1,18,14.213339
1996-01-19,1996,1,19,13.141611
1996-01-20,1996,1,20,12.216161
1996-01-21,1996,1,21,13.419465
1996-01-22,1996,1,22,11.731925
1996-01-23,1996,1,23,11.706782
1996-01-24,1996,1,24,11.591599
1996-01-25,1996,1,25,12.824629
1996-01-26,1996,1,26,13.24009
1996-01-27,1996,1,27,16.359664
1996-01-28,1996,1,28,18.013438
1996-01-29,1996,1,29,15.705248
1996-01-30,1996,1,30,15.665493
1996-01-31,1996,1,31,15.33313
1996-02-01,1996,2,1,14.536184
1996-02-02,1996,2,2,13.935332
1996-02-03,1996,2,3,11.96944
1996-02-04,1996,2,4,9.6114242
1996-02-05,1996,2,5,9.9069833
1996-02-06,1996,2,6,12.682309
1996-02-07,1996,2,7,13.452197
1996-02-08,1996,2,8,14.341933
1996-02-09,1996,2,9,12.713141
1996-02-10,1996,2,10,12.865511
1996-02-11,1996,2,11,15.728016
1996-02-12,1996,2,12,15.203596
1996-02-13,1996,2,13,14.52775
1996-02-14,1996,2,14,16.618348
1996-02-15,1996,2,15,17.444746
1996-02-16,1996,2,16,18.111479
1996-02-17,1996,2,17,16.125919
1996-02-18,1996,2,18,16.454399
1996-02-19,1996,2,19,11.835702
1996-02-20,1996,2,20,13.90048
1996-02-21,1996,2,21,13.670811
1996-02-22,1996,2,22,14.08144
1996-02-23,1996,2,23,15.546663
1996-02-24,1996,2,24,15.735402
1996-02-25,1996,2,25,16.302553
1996-02-26,1996,2,26,16.44301
1996-02-27,1996,2,27,15.398757
1996-02-28,1996,2,28,16.81073
1996-02-29,1996,2,29,15.260222
1996-03-01,1996,3,1,11.912281
1996-03-02,1996,3,2,15.281541
1996-03-03,1996,3,3,16.694696
1996-03-04,1996,3,4,14.478385
1996-03-05,1996,3,5,16.169401
1996-03-06,1996,3,6,17.483162
1996-03-07,1996,3,7,15.542103
1996-03-08,1996,3,8,15.675467
1996-03-09,1996,3,9,14.446137
1996-03-10,1996,3,10,13.398979
1996-03-11,1996,3,11,11.655261
1996-03-12,1996,3,12,9.0496081
1996-03-13,1996,3,13,11.675628
1996-03-14,1996,3,14,13.91311
1996-03-15,1996,3,15,14.108093
1996-03-16,1996,3,16,16.797168
1996-03-17,1996,3,17,19.236857
1996-03-18,1996,3,18,18.422302
1996-03-19,1996,3,19,15.952151
1996-03-20,1996,3,20,15.300397
1996-03-21,1996,3,21,13.95762
1996-03-22,1996,3,22,15.545741
1996-03-23,1996,3,23,17.226187
1996-03-24,1996,3,24,14.335298
1996-03-25,1996,3,25,10.085187
1996-03-26,1996,3,26,9.5325332
1996-03-27,1996,3,27,13.203417
1996-03-28,1996,3,28,13.48801
1996-03-29,1996,3,29,12.270464
1996-03-30,1996,3,30,12.071128
1996-03-31,1996,3,31,14.536006
1996-04-01,1996,4,1,10.617145
1996-04-02,1996,4,2,4.3589031
1996-04-03,1996,4,3,0.039521727
1996-04-04,1996,4,4,6.0578099
1996-04-05,1996,4,5,2.955176
1996-04-06,1996,4,6,7.3812942
1996-04-07,1996,4,7,11.403458
1996-04-08,1996,4,8,9.230881
1996-04-09,1996,4,9,11.154757
1996-04-10,1996,4,10,10.202937
1996-04-11,1996,4,11,6.7390646
1996-04-12,1996,4,12,10.313927
1996-04-13,1996,4,13,9.5213424
1996-04-14,1996,4,14,4.736031
1996-04-15,1996,4,15,2.4077766
1996-04-16,1996,4,16,9.4781614
1996-04-17,1996,4,17,11.973172
1996-04-18,1996,4,18,11.738652
1996-04-19,1996,4,19,9.4328727
1996-04-20,1996,4,20,8.8751145
1996-04-21,1996,4,21,7.5349498
1996-04-22,1996,4,22,8.7540212
1996-04-23,1996,4,23,7.951482
1996-04-24,1996,4,24,5.2722311
1996-04-25,1996,4,25,7.7760215
1996-04-26,1996,4,26,11.677268
1996-04-27,1996,4,27,11.065557
1996-04-28,1996,4,28,12.177586
1996-04-29,1996,4,29,10.810082
1996-04-30,1996,4,30,15.704427
1996-05-01,1996,5,1,16.047999
1996-05-02,1996,5,2,15.117107
1996-05-03,1996,5,3,16.420791
1996-05-04,1996,5,4,16.283041
1996-05-05,1996,5,5,13.509198
1996-05-06,1996,5,6,12.167533
1996-05-07,1996,5,7,9.5856538
1996-05-08,1996,5,8,11.026153
1996-05-09,1996,5,9,12.401193
1996-05-10,1996,5,10,17.153482
1996-05-11,1996,5,11,13.434501
1996-05-12,1996,5,12,11.367936
1996-05-13,1996,5,13,10.778045
1996-05-14,1996,5,14,10.656236
1996-05-15,1996,5,15,8.4133738
1996-05-16,1996,5,16,2.985756
1996-05-17,1996,5,17,4.0778703
1996-05-18,1996,5,18,5.6318082
1996-05-19,1996,5,19,3.6511187
1996-05-20,1996,5,20,2.0624858
1996-05-21,1996,5,21,2.6661236
1996-05-22,1996,5,22,3.3262952
1996-05-23,1996,5,23,3.0056965
1996-05-24,1996,5,24,-0.33694762
1996-05-25,1996,5,25,5.67539
1996-05-26,1996,5,26,8.8293905
1996-05-27,1996,5,27,8.9814898
1996-05-28,1996,5,28,6.3428523
1996-05-29,1996,5,29,6.4214254
1996-05-30,1996,5,30,1.9834898
1996-05-31,1996,5,31,4.2184402
1996-06-01,1996,6,1,4.64762
1996-06-02,1996,6,2,6.6371107
1996-06-03,1996,6,3,7.071719
1996-06-04,1996,6,4,10.409532
1996-06-05,1996,6,5,9.903885
1996-06-06,1996,6,6,7.454704
1996-06-07,1996,6,7,8.6926487
1996-06-08,1996,6,8,9.8777241
1996-06-09,1996,6,9,10.66503
1996-06-10,1996,6,10,10.535269
1996-06-11,1996,6,11,7.7320484
1996-06-12,1996,6,12,3.7060422
1996-06-13,1996,6,13,1.3464142
1996-06-14,1996,6,14,-1.3393815
1996-06-15,1996,6,15,-3.5866253
1996-06-16,1996,6,16,-5.4823523
1996-06-17,1996,6,17,-6.5981727
1996-06-18,1996,6,18,-5.7131802
1996-06-19,1996,6,19,-3.35358
1996-06-20,1996,6,20,-3.3319383
1996-06-21,1996,6,21,5.2224744
1996-06-22,1996,6,22,3.2480039
1996-06-23,1996,6,23,5.0692038
1996-06-24,1996,6,24,3.5244042
1996-06-25,1996,6,25,1.4934407
1996-06-26,1996,6,26,-1.2144279
1996-06-27,1996,6,27,-2.2801415
1996-06-28,1996,6,28,2.9554918
1996-06-29,1996,6,29,3.9599074
1996-06-30,1996,6,30,4.1720281
1996-07-01,1996,7,1,-0.53602534
1996-07-02,1996,7,2,-1.7646051
1996-07-03,1996,7,3,2.9359024
1996-07-04,1996,7,4,-2.0219544
1996-07-05,1996,7,5,0.65155267
1996-07-06,1996,7,6,2.0896678
1996-07-07,1996,7,7,-2.1592036
1996-07-08,1996,7,8,-2.6333296
1996-07-09,1996,7,9,0.46205435
1996-07-10,1996,7,10,3.2188903
1996-07-11,1996,7,11,5.1248555
1996-07-12,1996,7,12,6.5509758
1996-07-13,1996,7,13,5.4267779
1996-07-14,1996,7,14,7.1668655
1996-07-15,1996,7,15,6.5377631
1996-07-16,1996,7,16,4.8025172
1996-07-17,1996,7,17,5.1911187
1996-07-18,1996,7,18,5.1670035
1996-07-19,1996,7,19,4.2648415
1996-07-20,1996,7,20,5.33301
1996-07-21,1996,7,21,9.3401975
1996-07-22,1996,7,22,4.4342671
1996-07-23,1996,7,23,4.2280413
1996-07-24,1996,7,24,4.3293992
1996-07-25,1996,7,25,5.1489328
1996-07-26,1996,7,26,5.2810448
1996-07-27,1996,7,27,2.8576369
1996-07-28,1996,7,28,6.1682117
1996-07-29,1996,7,29,8.0984749
1996-07-30,1996,7,30,7.9311128
1996-07-31,1996,7,31,7.5586744
1996-08-01,1996,8,1,5.5720715
1996-08-02,1996,8,2,3.9417557
1996-08-03,1996,8,3,3.5382782
1996-08-04,1996,8,4,1.7061402
1996-08-05,1996,8,5,-0.5004894
1996-08-06,1996,8,6,2.5727012
1996-08-07,1996,8,7,4.4096091
1996-08-08,1996,8,8,-2.3352502
1996-08-09,1996,8,9,2.0656197
1996-08-10,1996,8,10,2.7471214
1996-08-11,1996,8,11,2.5655114
1996-08-12,1996,8,12,0.14793005
1996-08-13,1996,8,13,-3.8734567
1996-08-14,1996,8,14,3.1898765
1996-08-15,1996,8,15,8.3443055
1996-08-16,1996,8,16,9.0888207
1996-08-17,1996,8,17,9.4178117
1996-08-18,1996,8,18,6.4845131
1996-08-19,1996,8,19,1.5884122
1996-08-20,1996,8,20,6.0174057
1996-08-21,1996,8,21,6.1261792
1996-08-22,1996,8,22,6.5013398
1996-08-23,1996,8,23,4.9690274
1996-08-24,1996,8,24,-2.5518499
1996-08-25,1996,8,25,-3.8924634
1996-08-26,1996,8,26,-3.2992074
1996-08-27,1996,8,27,-1.8428956
1996-08-28,1996,8,28,2.3752871
1996-08-29,1996,8,29,5.8460206
1996-08-30,1996,8,30,5.3783944
1996-08-31,1996,8,31,2.2025155
1996-09-01,1996,9,1,1.1943787
1996-09-02,1996,9,2,-1.2243016
1996-09-03,1996,9,3,-0.048311983
1996-09-04,1996,9,4,0.39012352
1996-09-05,1996,9,5,4.9510777
1996-09-06,1996,9,6,5.3870939
1996-09-07,1996,9,7,-1.6122652
1996-09-08,1996,9,8,0.36987171
1996-09-09,1996,9,9,4.4965852
1996-09-10,1996,9,10,9.4043833
1996-09-11,1996,9,11,8.5039356
1996-09-12,1996,9,12,7.2026374
1996-09-13,1996,9,13,7.9889442
1996-09-14,1996,9,14,9.648199
1996-09-15,1996,9,15,10.285024
1996-09-16,1996,9,16,12.453173
1996-09-17,1996,9,17,11.12744
1996-09-18,1996,9,18,1.9729613
1996-09-19,1996,9,19,5.4206735
1996-09-20,1996,9,20,5.5536613
1996-09-21,1996,9,21,6.3326715
1996-09-22,1996,9,22,8.0413402
1996-09-23,1996,9,23,4.7908876
1996-09-24,1996,9,24,3.7458585
1996-09-25,1996,9,25,2.9054453
1996-09-26,1996,9,26,3.2601359
1996-09-27,1996,9,27,7.8971086
1996-09-28,1996,9,28,10.191863
1996-09-29,1996,9,29,11.967684
1996-09-30,1996,9,30,10.687092
1996-10-01,1996,10,1,10.300135
1996-10-02,1996,10,2,8.8482304
1996-10-03,1996,10,3,5.900292
1996-10-04,1996,10,4,1.7561229
1996-10-05,1996,10,5,5.5760397
1996-10-06,1996,10,6,9.7418807
1996-10-07,1996,10,7,9.5434811
1996-10-08,1996,10,8,7.4156531
1996-10-09,1996,10,9,6.031203
1996-10-10,1996,10,10,0.86932917
1996-10-11,1996,10,11,3.9268753
1996-10-12,1996,10,12,6.2831312
1996-10-13,1996,10,13,9.464276
1996-10-14,1996,10,14,11.431882
1996-10-15,1996,10,15,7.7827943
1996-10-16,1996,10,16,4.3298093
1996-10-17,1996,10,17,5.9157356
1996-10-18,1996,10,18,4.7773769
1996-10-19,1996,10,19,5.4778605
1996-10-20,1996,10,20,8.580938
1996-10-21,1996,10,21,7.8566499
1996-10-22,1996,10,22,9.7499982
1996-10-23,1996,10,23,5.6141581
1996-10-24,1996,10,24,6.5470428
1996-10-25,1996,10,25,9.6013577
1996-10-26,1996,10,26,9.0247386
1996-10-27,1996,10,27,12.236583
1996-10-28,1996,10,28,13.496706
1996-10-29,1996,10,29,11.841203
1996-10-30,1996,10,30,10.10733
1996-10-31,1996,10,31,7.1304123
1996-11-01,1996,11,1,7.6645802
1996-11-02,1996,11,2,11.266789
1996-11-03,1996,11,3,12.505407
1996-11-04,1996,11,4,11.832814
1996-11-05,1996,11,5,9.977957
1996-11-06,1996,11,6,8.0809987
1996-11-07,1996,11,7,8.3436244
1996-11-08,1996,11,8,5.0964383
1996-11-09,1996,11,9,11.160564
1996-11-10,1996,11,10,16.481897
1996-11-11,1996,11,11,15.174015
1996-11-12,1996,11,12,13.024932
1996-11-13,1996,11,13,13.097024
1996-11-14,1996,11,14,11.722974
1996-11-15,1996,11,15,11.527647
1996-11-16,1996,11,16,12.734413
1996-11-17,1996,11,17,11.340508
1996-11-18,1996,11,18,11.309315
1996-11-19,1996,11,19,14.468824
1996-11-20,1996,11,20,15.083388
1996-11-21,1996,11,21,12.222978
1996-11-22,1996,11,22,12.607154
1996-11-23,1996,11,23,16.007757
1996-11-24,1996,11,24,15.593794
1996-11-25,1996,11,25,14.337879
1996-11-26,1996,11,26,14.012742
1996-11-27,1996,11,27,14.780755
1996-11-28,1996,11,28,12.56803
1996-11-29,1996,11,29,14.300014
1996-11-30,1996,11,30,18.786502
1996-12-01,1996,12,1,13.532936
1996-12-02,1996,12,2,13.035195
1996-12-03,1996,12,3,12.778213
1996-12-04,1996,12,4,11.917238
1996-12-05,1996,12,5,8.735341
1996-12-06,1996,12,6,10.675685
1996-12-07,1996,12,7,13.039986
1996-12-08,1996,12,8,6.1442444
1996-12-09,1996,12,9,6.2563998
1996-12-10,1996,12,10,8.8024413
1996-12-11,1996,12,11,8.8502407
1996-12-12,1996,12,12,13.320724
1996-12-13,1996,12,13,14.924948
1996-12-14,1996,12,14,14.54807
1996-12-15,1996,12,15,15.219062
1996-12-16,1996,12,16,15.183513
1996-12-17,1996,12,17,17.559697
1996-12-18,1996,12,18,15.770443
1996-12-19,1996,12,19,13.702979
1996-12-20,1996,12,20,12.457353
1996-12-21,1996,12,21,14.878019
1996-12-22,1996,12,22,17.333967
1996-12-23,1996,12,23,15.751218
1996-12-24,1996,12,24,16.762244
1996-12-25,1996,12,25,16.328581
1996-12-26,1996,12,26,19.468396
1996-12-27,1996,12,27,19.479878
1996-12-28,1996,12,28,16.378407
1996-12-29,1996,12,29,16.064805
1996-12-30,1996,12,30,15.173813
1996-12-31,1996,12,31,14.444081
1997-01-01,1997,1,1,17.404281
1997-01-02,1997,1,2,18.617374
1997-01-03,1997,1,3,20.273393
1997-01-04,1997,1,4,18.529664
1997-01-05,1997,1,5,15.682982
1997-01-06,1997,1,6,14.162738
1997-01-07,1997,1,7,10.927118
1997-01-08,1997,1,8,18.001922
1997-01-09,1997,1,9,20.025335
1997-01-10,1997,1,10,18.49189
1997-01-11,1997,1,11,16.220114
1997-01-12,1997,1,12,14.090691
1997-01-13,1997,1,13,16.542817
1997-01-14,1997,1,14,17.766478
1997-01-15,1997,1,15,19.971741
1997-01-16,1997,1,16,19.960954
1997-01-17,1997,1,17,15.19221
1997-01-18,1997,1,18,16.069865
1997-01-19,1997,1,19,18.148526
1997-01-20,1997,1,20,17.156999
1997-01-21,1997,1,21,15.710079
1997-01-22,1997,1,22,14.491611
1997-01-23,1997,1,23,15.833537
1997-01-24,1997,1,24,19.202475
1997-01-25,1997,1,25,15.987663
1997-01-26,1997,1,26,14.976943
1997-01-27,1997,1,27,13.052433
1997-01-28,1997,1,28,10.40483
1997-01-29,1997,1,29,13.870059
1997-01-30,1997,1,30,17.562106
1997-01-31,1997,1,31,15.41099
1997-02-01,1997,2,1,9.2412492
1997-02-02,1997,2,2,12.235729
1997-02-03,1997,2,3,9.0056164
1997-02-04,1997,2,4,10.389739
1997-02-05,1997,2,5,12.706255
1997-02-06,1997,2,6,15.588201
1997-02-07,1997,2,7,14.204331
1997-02-08,1997,2,8,16.168488
1997-02-09,1997,2,9,13.696988
1997-02-10,1997,2,10,17.879867
1997-02-11,1997,2,11,17.615416
1997-02-12,1997,2,12,16.732295
1997-02-13,1997,2,13,18.781114
1997-02-14,1997,2,14,18.247727
1997-02-15,1997,2,15,15.394817
1997-02-16,1997,2,16,16.007735
1997-02-17,1997,2,17,14.512743
1997-02-18,1997,2,18,12.099079
1997-02-19,1997,2,19,16.526982
1997-02-20,1997,2,20,16.220799
1997-02-21,1997,2,21,13.783001
1997-02-22,1997,2,22,16.418024
1997-02-23,1997,2,23,17.301916
1997-02-24,1997,2,24,17.127293
1997-02-25,1997,2,25,17.817762
1997-02-26,1997,2,26,20.892642
1997-02-27,1997,2,27,21.932619
1997-02-28,1997,2,28,23.225415
1997-03-01,1997,3,1,21.32028
1997-03-02,1997,3,2,19.570011
1997-03-03,1997,3,3,16.593935
1997-03-04,1997,3,4,18.477794
1997-03-05,1997,3,5,16.546034
1997-03-06,1997,3,6,14.820919
1997-03-07,1997,3,7,14.490262
1997-03-08,1997,3,8,16.64448
1997-03-09,1997,3,9,16.087097
1997-03-10,1997,3,10,16.146467
1997-03-11,1997,3,11,18.392363
1997-03-12,1997,3,12,19.270731
1997-03-13,1997,3,13,19.484371
1997-03-14,1997,3,14,18.730033
1997-03-15,1997,3,15,16.30111
1997-03-16,1997,3,16,14.838602
1997-03-17,1997,3,17,14.402352
1997-03-18,1997,3,18,12.40928
1997-03-19,1997,3,19,10.759892
1997-03-20,1997,3,20,11.521489
1997-03-21,1997,3,21,9.8791024
1997-03-22,1997,3,22,5.3689739
1997-03-23,1997,3,23,9.6705497
1997-03-24,1997,3,24,9.1947818
1997-03-25,1997,3,25,11.387511
1997-03-26,1997,3,26,11.982639
1997-03-27,1997,3,27,13.478093
1997-03-28,1997,3,28,17.266502
1997-03-29,1997,3,29,18.180673
1997-03-30,1997,3,30,17.962961
1997-03-31,1997,3,31,16.173116
1997-04-01,1997,4,1,14.104584
1997-04-02,1997,4,2,13.955476
1997-04-03,1997,4,3,13.811636
1997-04-04,1997,4,4,17.567069
1997-04-05,1997,4,5,17.20031
1997-04-06,1997,4,6,16.457153
1997-04-07,1997,4,7,16.029832
1997-04-08,1997,4,8,15.200902
1997-04-09,1997,4,9,16.294691
1997-04-10,1997,4,10,17.615908
1997-04-11,1997,4,11,19.100756
1997-04-12,1997,4,12,18.081426
1997-04-13,1997,4,13,15.3742
1997-04-14,1997,4,14,13.820751
1997-04-15,1997,4,15,12.175522
1997-04-16,1997,4,16,11.749556
1997-04-17,1997,4,17,10.994988
1997-04-18,1997,4,18,8.4943689
1997-04-19,1997,4,19,9.3182509
1997-04-20,1997,4,20,11.010431
1997-04-21,1997,4,21,9.6691691
1997-04-22,1997,4,22,9.9509221
1997-04-23,1997,4,23,6.4594296
1997-04-24,1997,4,24,8.8512019
1997-04-25,1997,4,25,13.494199
1997-04-26,1997,4,26,10.168721
1997-04-27,1997,4,27,9.9099956
1997-04-28,1997,4,28,12.946578
1997-04-29,1997,4,29,8.9227697
1997-04-30,1997,4,30,12.460039
1997-05-01,1997,5,1,10.017968
1997-05-02,1997,5,2,14.875885
1997-05-03,1997,5,3,17.948266
1997-05-04,1997,5,4,17.7406
1997-05-05,1997,5,5,16.011742
1997-05-06,1997,5,6,16.192096
1997-05-07,1997,5,7,16.011693
1997-05-08,1997,5,8,16.202349
1997-05-09,1997,5,9,15.318488
1997-05-10,1997,5,10,12.575956
1997-05-11,1997,5,11,13.672415
1997-05-12,1997,5,12,12.584848
1997-05-13,1997,5,13,11.302261
1997-05-14,1997,5,14,11.528241
1997-05-15,1997,5,15,11.983103
1997-05-16,1997,5,16,6.7910826
1997-05-17,1997,5,17,3.3514129
1997-05-18,1997,5,18,1.0433835
1997-05-19,1997,5,19,0.082409437
1997-05-20,1997,5,20,-0.52092199
1997-05-21,1997,5,21,-1.0169865
1997-05-22,1997,5,22,3.2037545
1997-05-23,1997,5,23,7.7579867
1997-05-24,1997,5,24,4.1847314
1997-05-25,1997,5,25,6.6795528
1997-05-26,1997,5,26,4.6523223
1997-05-27,1997,5,27,2.9474192
1997-05-28,1997,5,28,5.9873731
1997-05-29,1997,5,29,1.4373485
1997-05-30,1997,5,30,0.80465352
1997-05-31,1997,5,31,5.8494923
1997-06-01,1997,6,1,3.5872942
1997-06-02,1997,6,2,3.6825798
1997-06-03,1997,6,3,0.83436483
1997-06-04,1997,6,4,-0.81862743
1997-06-05,1997,6,5,-2.5933524
1997-06-06,1997,6,6,2.2539574
1997-06-07,1997,6,7,4.911046
1997-06-08,1997,6,8,3.0230774
1997-06-09,1997,6,9,2.8453404
1997-06-10,1997,6,10,1.1766827
1997-06-11,1997,6,11,-1.4904613
1997-06-12,1997,6,12,-1.3548031
1997-06-13,1997,6,13,-4.2648221
1997-06-14,1997,6,14,-1.1814873
1997-06-15,1997,6,15,2.128273
1997-06-16,1997,6,16,2.992017
1997-06-17,1997,6,17,3.3744762
1997-06-18,1997,6,18,0.34054341
1997-06-19,1997,6,19,-1.0317064
1997-06-20,1997,6,20,-1.0362919
1997-06-21,1997,6,21,-1.4944311
1997-06-22,1997,6,22,-2.4719141
1997-06-23,1997,6,23,-3.2784923
1997-06-24,1997,6,24,-3.5783991
1997-06-25,1997,6,25,-3.5676487
1997-06-26,1997,6,26,-2.9455171
1997-06-27,1997,6,27,-2.0533683
1997-06-28,1997,6,28,-3.6699191
1997-06-29,1997,6,29,-1.9131788
1997-06-30,1997,6,30,1.1917692
1997-07-01,1997,7,1,-0.16024052
1997-07-02,1997,7,2,-1.9610826
1997-07-03,1997,7,3,-2.2472763
1997-07-04,1997,7,4,4.0959157
1997-07-05,1997,7,5,4.4306806
1997-07-06,1997,7,6,2.48458
1997-07-07,1997,7,7,1.6927385
1997-07-08,1997,7,8,-2.0026164
1997-07-09,1997,7,9,-1.0545762
1997-07-10,1997,7,10,0.95408698
1997-07-11,1997,7,11,4.8106832
1997-07-12,1997,7,12,-1.4902636
1997-07-13,1997,7,13,3.0195203
1997-07-14,1997,7,14,4.9426412
1997-07-15,1997,7,15,0.40923807
1997-07-16,1997,7,16,2.0758402
1997-07-17,1997,7,17,4.3408113
1997-07-18,1997,7,18,3.2827536
1997-07-19,1997,7,19,2.9993431
1997-07-20,1997,7,20,6.7716255
1997-07-21,1997,7,21,5.0192871
1997-07-22,1997,7,22,6.2763431
1997-07-23,1997,7,23,7.2263055
1997-07-24,1997,7,24,9.0967791
1997-07-25,1997,7,25,8.2034493
1997-07-26,1997,7,26,9.1413491
1997-07-27,1997,7,27,10.444306
1997-07-28,1997,7,28,7.1303678
1997-07-29,1997,7,29,2.4090112
1997-07-30,1997,7,30,-1.2633614
1997-07-31,1997,7,31,-3.6192176
1997-08-01,1997,8,1,-1.7675998
1997-08-02,1997,8,2,-2.2892381
1997-08-03,1997,8,3,-4.1389371
1997-08-04,1997,8,4,1.1693487
1997-08-05,1997,8,5,2.5966395
1997-08-06,1997,8,6,2.081497
1997-08-07,1997,8,7,5.9100253
1997-08-08,1997,8,8,8.8998894
1997-08-09,1997,8,9,9.8662781
1997-08-10,1997,8,10,8.3601186
1997-08-11,1997,8,11,7.3468801
1997-08-12,1997,8,12,7.8410152
1997-08-13,1997,8,13,4.8031325
1997-08-14,1997,8,14,3.4966516
1997-08-15,1997,8,15,1.9445661
1997-08-16,1997,8,16,-0.18786478
1997-08-17,1997,8,17,-1.5080406
1997-08-18,1997,8,18,-3.9806443
1997-08-19,1997,8,19,-5.6180909
1997-08-20,1997,8,20,-2.7161779
1997-08-21,1997,8,21,-3.7417998
1997-08-22,1997,8,22,1.9668255
1997-08-23,1997,8,23,2.0895927
1997-08-24,1997,8,24,6.7866588
1997-08-25,1997,8,25,8.504206
1997-08-26,1997,8,26,10.376085
1997-08-27,1997,8,27,11.147038
1997-08-28,1997,8,28,12.528211
1997-08-29,1997,8,29,9.2561251
1997-08-30,1997,8,30,4.4264015
1997-08-31,1997,8,31,2.8263787
1997-09-01,1997,9,1,5.0807482
1997-09-02,1997,9,2,3.2174777
1997-09-03,1997,9,3,1.631053
1997-09-04,1997,9,4,1.7301716
1997-09-05,1997,9,5,6.7697709
1997-09-06,1997,9,6,3.3856722
1997-09-07,1997,9,7,0.93120162
1997-09-08,1997,9,8,-1.3445986
1997-09-09,1997,9,9,-0.99682077
1997-09-10,1997,9,10,2.1149491
1997-09-11,1997,9,11,0.96988719
1997-09-12,1997,9,12,-1.0562024
1997-09-13,1997,9,13,0.7742236
1997-09-14,1997,9,14,4.8589848
1997-09-15,1997,9,15,10.335941
1997-09-16,1997,9,16,10.183478
1997-09-17,1997,9,17,9.1711397
1997-09-18,1997,9,18,10.620084
1997-09-19,1997,9,19,2.2183006
1997-09-20,1997,9,20,7.2280046
1997-09-21,1997,9,21,7.3022014
1997-09-22,1997,9,22,4.1563373
1997-09-23,1997,9,23,2.9126331
1997-09-24,1997,9,24,3.4411803
1997-09-25,1997,9,25,8.6978748
1997-09-26,1997,9,26,5.6936848
1997-09-27,1997,9,27,1.9766542
1997-09-28,1997,9,28,3.7148637
1997-09-29,1997,9,29,6.9872331
1997-09-30,1997,9,30,4.127909
1997-10-01,1997,10,1,7.7432179
1997-10-02,1997,10,2,3.3449655
1997-10-03,1997,10,3,0.095285204
1997-10-04,1997,10,4,-3.1583199
1997-10-05,1997,10,5,-2.7807666
1997-10-06,1997,10,6,2.9770635
1997-10-07,1997,10,7,4.5967569
1997-10-08,1997,10,8,4.1408483
1997-10-09,1997,10,9,3.377521
1997-10-10,1997,10,10,1.7110603
1997-10-11,1997,10,11,2.4921593
1997-10-12,1997,10,12,5.7707054
1997-10-13,1997,10,13,4.4987515
1997-10-14,1997,10,14,-0.1302515
1997-10-15,1997,10,15,1.5405137
1997-10-16,1997,10,16,2.6167884
1997-10-17,1997,10,17,5.1170268
1997-10-18,1997,10,18,5.3128068
1997-10-19,1997,10,19,5.7167772
1997-10-20,1997,10,20,8.1550225
1997-10-21,1997,10,21,7.6587838
1997-10-22,1997,10,22,6.3401207
1997-10-23,1997,10,23,9.2277091
1997-10-24,1997,10,24,7.340831
1997-10-25,1997,10,25,6.1626334
1997-10-26,1997,10,26,5.4112531
1997-10-27,1997,10,27,3.149177
1997-10-28,1997,10,28,1.9689811
1997-10-29,1997,10,29,2.3386684
1997-10-30,1997,10,30,0.35376747
1997-10-31,1997,10,31,8.8035552
1997-11-01,1997,11,1,9.0634749
1997-11-02,1997,11,2,7.1085574
1997-11-03,1997,11,3,9.0675595
1997-11-04,1997,11,4,6.2120513
1997-11-05,1997,11,5,6.751862
1997-11-06,1997,11,6,8.8018922
1997-11-07,1997,11,7,11.052855
1997-11-08,1997,11,8,7.872672
1997-11-09,1997,11,9,9.1511676
1997-11-10,1997,11,10,6.8044407
1997-11-11,1997,11,11,4.5939017
1997-11-12,1997,11,12,0.29781818
1997-11-13,1997,11,13,5.2827651
1997-11-14,1997,11,14,7.6582426
1997-11-15,1997,11,15,8.6946415
1997-11-16,1997,11,16,8.458089
1997-11-17,1997,11,17,10.196609
1997-11-18,1997,11,18,11.153492
1997-11-19,1997,11,19,9.3087492
1997-11-20,1997,11,20,9.1050812
1997-11-21,1997,11,21,10.636027
1997-11-22,1997,11,22,11.14379
1997-11-23,1997,11,23,12.827487
1997-11-24,1997,11,24,11.120055
1997-11-25,1997,11,25,8.9574428
1997-11-26,1997,11,26,8.4113976
1997-11-27,1997,11,27,11.382794
1997-11-28,1997,11,28,13.119251
1997-11-29,1997,11,29,9.5258756
1997-11-30,1997,11,30,10.970301
1997-12-01,1997,12,1,10.96741
1997-12-02,1997,12,2,9.4168459
1997-12-03,1997,12,3,10.130613
1997-12-04,1997,12,4,10.431746
1997-12-05,1997,12,5,12.781928
1997-12-06,1997,12,6,13.913883
1997-12-07,1997,12,7,15.85133
1997-12-08,1997,12,8,15.375339
1997-12-09,1997,12,9,14.234202
1997-12-10,1997,12,10,14.221298
1997-12-11,1997,12,11,14.590548
1997-12-12,1997,12,12,8.7220065
1997-12-13,1997,12,13,11.187894
1997-12-14,1997,12,14,14.679412
1997-12-15,1997,12,15,16.549503
1997-12-16,1997,12,16,14.305909
1997-12-17,1997,12,17,14.476337
1997-12-18,1997,12,18,14.47442
1997-12-19,1997,12,19,13.72469
1997-12-20,1997,12,20,14.375882
1997-12-21,1997,12,21,10.805934
1997-12-22,1997,12,22,12.517883
1997-12-23,1997,12,23,14.871535
1997-12-24,1997,12,24,15.683945
1997-12-25,1997,12,25,13.961035
1997-12-26,1997,12,26,10.472649
1997-12-27,1997,12,27,11.501916
1997-12-28,1997,12,28,14.18186
1997-12-29,1997,12,29,13.913738
1997-12-30,1997,12,30,15.894685
1997-12-31,1997,12,31,13.175361
1998-01-01,1998,1,1,16.626721
1998-01-02,1998,1,2,17.889314
1998-01-03,1998,1,3,19.5965
1998-01-04,1998,1,4,18.557003
1998-01-05,1998,1,5,16.073477
1998-01-06,1998,1,6,17.195224
1998-01-07,1998,1,7,18.607967
1998-01-08,1998,1,8,17.26342
1998-01-09,1998,1,9,15.55075
1998-01-10,1998,1,10,15.229126
1998-01-11,1998,1,11,15.944142
1998-01-12,1998,1,12,19.208994
1998-01-13,1998,1,13,14.850461
1998-01-14,1998,1,14,16.046818
1998-01-15,1998,1,15,19.974307
1998-01-16,1998,1,16,20.412574
1998-01-17,1998,1,17,22.907605
1998-01-18,1998,1,18,20.103373
1998-01-19,1998,1,19,17.317558
1998-01-20,1998,1,20,15.515882
1998-01-21,1998,1,21,14.247997
1998-01-22,1998,1,22,19.079029
1998-01-23,1998,1,23,16.304086
1998-01-24,1998,1,24,17.966666
1998-01-25,1998,1,25,15.47127
1998-01-26,1998,1,26,13.018507
1998-01-27,1998,1,27,11.401047
1998-01-28,1998,1,28,15.399654
1998-01-29,1998,1,29,14.831923
1998-01-30,1998,1,30,17.953495
1998-01-31,1998,1,31,20.907891
1998-02-01,1998,2,1,17.68196
1998-02-02,1998,2,2,12.734932
1998-02-03,1998,2,3,12.77753
1998-02-04,1998,2,4,12.653857
1998-02-05,1998,2,5,12.585217
1998-02-06,1998,2,6,13.85143
1998-02-07,1998,2,7,14.087693
1998-02-08,1998,2,8,12.855726
1998-02-09,1998,2,9,11.983822
1998-02-10,1998,2,10,11.671641
1998-02-11,1998,2,11,14.621569
1998-02-12,1998,2,12,14.231111
1998-02-13,1998,2,13,12.613789
1998-02-14,1998,2,14,16.111197
1998-02-15,1998,2,15,17.956741
1998-02-16,1998,2,16,15.978022
1998-02-17,1998,2,17,12.822795
1998-02-18,1998,2,18,12.260949
1998-02-19,1998,2,19,11.965683
1998-02-20,1998,2,20,12.713085
1998-02-21,1998,2,21,12.848181
1998-02-22,1998,2,22,12.423457
1998-02-23,1998,2,23,9.3302198
1998-02-24,1998,2,24,10.219759
1998-02-25,1998,2,25,12.039885
1998-02-26,1998,2,26,11.798847
1998-02-27,1998,2,27,14.602794
1998-02-28,1998,2,28,16.709598
1998-03-01,1998,3,1,17.349346
1998-03-02,1998,3,2,14.957839
1998-03-03,1998,3,3,15.378637
1998-03-04,1998,3,4,11.801714
1998-03-05,1998,3,5,10.751905
1998-03-06,1998,3,6,9.7312152
1998-03-07,1998,3,7,11.219697
1998-03-08,1998,3,8,15.27649
1998-03-09,1998,3,9,14.310273
1998-03-10,1998,3,10,12.162805
1998-03-11,1998,3,11,9.8191855
1998-03-12,1998,3,12,11.616872
1998-03-13,1998,3,13,13.487652
1998-03-14,1998,3,14,11.34649
1998-03-15,1998,3,15,13.499643
1998-03-16,1998,3,16,11.882652
1998-03-17,1998,3,17,10.849817
1998-03-18,1998,3,18,13.808224
1998-03-19,1998,3,19,15.884271
1998-03-20,1998,3,20,13.351288
1998-03-21,1998,3,21,13.362095
1998-03-22,1998,3,22,13.09638
1998-03-23,1998,3,23,12.748564
1998-03-24,1998,3,24,14.901466
1998-03-25,1998,3,25,15.167988
1998-03-26,1998,3,26,10.815241
1998-03-27,1998,3,27,9.6551359
1998-03-28,1998,3,28,12.500674
1998-03-29,1998,3,29,14.903786
1998-03-30,1998,3,30,15.905934
1998-03-31,1998,3,31,17.100487
1998-04-01,1998,4,1,16.572781
1998-04-02,1998,4,2,18.517807
1998-04-03,1998,4,3,17.714212
1998-04-04,1998,4,4,13.491336
1998-04-05,1998,4,5,11.148327
1998-04-06,1998,4,6,7.0892442
1998-04-07,1998,4,7,12.100937
1998-04-08,1998,4,8,9.2354301
1998-04-09,1998,4,9,4.7728082
1998-04-10,1998,4,10,3.4669165
1998-04-11,1998,4,11,4.6398125
1998-04-12,1998,4,12,5.4731424
1998-04-13,1998,4,13,4.304544
1998-04-14,1998,4,14,3.1878696
1998-04-15,1998,4,15,3.3385252
1998-04-16,1998,4,16,3.0343422
1998-04-17,1998,4,17,6.6330879
1998-04-18,1998,4,18,9.0088018
1998-04-19,1998,4,19,6.371541
1998-04-20,1998,4,20,5.258633
1998-04-21,1998,4,21,3.4209873
1998-04-22,1998,4,22,1.6327906
1998-04-23,1998,4,23,3.0179342
1998-04-24,1998,4,24,4.9596017
1998-04-25,1998,4,25,4.223914
1998-04-26,1998,4,26,2.5359583
1998-04-27,1998,4,27,1.7364749
1998-04-28,1998,4,28,1.5739341
1998-04-29,1998,4,29,6.7975244
1998-04-30,1998,4,30,7.0641674
1998-05-01,1998,5,1,3.799672
1998-05-02,1998,5,2,4.09359
1998-05-03,1998,5,3,5.4323688
1998-05-04,1998,5,4,4.4420835
1998-05-05,1998,5,5,5.2344336
1998-05-06,1998,5,6,7.5347547
1998-05-07,1998,5,7,6.8815999
1998-05-08,1998,5,8,6.6356213
1998-05-09,1998,5,9,7.0418602
1998-05-10,1998,5,10,5.4378834
1998-05-11,1998,5,11,1.4471141
1998-05-12,1998,5,12,1.1258007
1998-05-13,1998,5,13,1.3652248
1998-05-14,1998,5,14,0.93218606
1998-05-15,1998,5,15,6.5178652
1998-05-16,1998,5,16,9.7481878
1998-05-17,1998,5,17,9.7641979
1998-05-18,1998,5,18,10.656242
1998-05-19,1998,5,19,10.553945
1998-05-20,1998,5,20,10.435008
1998-05-21,1998,5,21,9.8967766
1998-05-22,1998,5,22,8.5958913
1998-05-23,1998,5,23,4.5711823
1998-05-24,1998,5,24,3.3577451
1998-05-25,1998,5,25,2.3319547
1998-05-26,1998,5,26,5.0723165
1998-05-27,1998,5,27,2.6426476
1998-05-28,1998,5,28,1.4266504
1998-05-29,1998,5,29,0.43288343
1998-05-30,1998,5,30,5.2213849
1998-05-31,1998,5,31,4.3763653
1998-06-01,1998,6,1,5.8014148
1998-06-02,1998,6,2,7.1954807
1998-06-03,1998,6,3,8.8983904
1998-06-04,1998,6,4,9.2682092
1998-06-05,1998,6,5,1.8319836
1998-06-06,1998,6,6,1.1071511
1998-06-07,1998,6,7,1.1603919
1998-06-08,1998,6,8,4.5993899
1998-06-09,1998,6,9,0.97824478
1998-06-10,1998,6,10,-0.53189441
1998-06-11,1998,6,11,1.5320765
1998-06-12,1998,6,12,3.1139534
1998-06-13,1998,6,13,2.2371121
1998-06-14,1998,6,14,1.9717754
1998-06-15,1998,6,15,-1.7930214
1998-06-16,1998,6,16,-1.0984762
1998-06-17,1998,6,17,1.0339832
1998-06-18,1998,6,18,0.60424153
1998-06-19,1998,6,19,1.6406394
1998-06-20,1998,6,20,0.48760429
1998-06-21,1998,6,21,5.8009732
1998-06-22,1998,6,22,2.6463636
1998-06-23,1998,6,23,1.9883561
1998-06-24,1998,6,24,6.4342443
1998-06-25,1998,6,25,8.1412752
1998-06-26,1998,6,26,6.443749
1998-06-27,1998,6,27,5.3046787
1998-06-28,1998,6,28,2.7974897
1998-06-29,1998,6,29,-0.36370885
1998-06-30,1998,6,30,-1.0233974
1998-07-01,1998,7,1,1.7976298
1998-07-02,1998,7,2,4.6141576
1998-07-03,1998,7,3,5.0700425
1998-07-04,1998,7,4,4.8826761
1998-07-05,1998,7,5,1.9513683
1998-07-06,1998,7,6,1.3325714
1998-07-07,1998,7,7,-0.38314044
1998-07-08,1998,7,8,2.3358311
1998-07-09,1998,7,9,7.3215031
1998-07-10,1998,7,10,7.2629702
1998-07-11,1998,7,11,6.5195704
1998-07-12,1998,7,12,6.6184101
1998-07-13,1998,7,13,8.2221151
1998-07-14,1998,7,14,4.736713
1998-07-15,1998,7,15,4.2998744
1998-07-16,1998,7,16,0.96643282
1998-07-17,1998,7,17,0.15665727
1998-07-18,1998,7,18,6.6804983
1998-07-19,1998,7,19,4.5378671
1998-07-20,1998,7,20,1.6094955
1998-07-21,1998,7,21,2.6930307
1998-07-22,1998,7,22,3.4015185
1998-07-23,1998,7,23,0.90098541
1998-07-24,1998,7,24,-0.16486851
1998-07-25,1998,7,25,7.266309
1998-07-26,1998,7,26,5.5873308
1998-07-27,1998,7,27,2.6541697
1998-07-28,1998,7,28,4.9851447
1998-07-29,1998,7,29,9.2174096
1998-07-30,1998,7,30,6.5020298
1998-07-31,1998,7,31,6.8676087
1998-08-01,1998,8,1,7.4831674
1998-08-02,1998,8,2,6.716089
1998-08-03,1998,8,3,3.5375642
1998-08-04,1998,8,4,5.7074732
1998-08-05,1998,8,5,5.7080179
1998-08-06,1998,8,6,4.7378248
1998-08-07,1998,8,7,3.042922
1998-08-08,1998,8,8,2.7107993
1998-08-09,1998,8,9,0.98646343
1998-08-10,1998,8,10,-1.2471798
1998-08-11,1998,8,11,-0.077917692
1998-08-12,1998,8,12,-0.26558668
1998-08-13,1998,8,13,3.3703745
1998-08-14,1998,8,14,2.8430552
1998-08-15,1998,8,15,2.3624712
1998-08-16,1998,8,16,1.9328139
1998-08-17,1998,8,17,4.5336995
1998-08-18,1998,8,18,2.4669471
1998-08-19,1998,8,19,0.69836501
1998-08-20,1998,8,20,4.4808209
1998-08-21,1998,8,21,5.9941383
1998-08-22,1998,8,22,3.1417279
1998-08-23,1998,8,23,3.699662
1998-08-24,1998,8,24,0.092854897
1998-08-25,1998,8,25,4.6252826
1998-08-26,1998,8,26,7.7445587
1998-08-27,1998,8,27,7.9421507
1998-08-28,1998,8,28,6.5570538
1998-08-29,1998,8,29,9.164558
1998-08-30,1998,8,30,10.159123
1998-08-31,1998,8,31,5.656439
1998-09-01,1998,9,1,3.4482973
1998-09-02,1998,9,2,3.2125807
1998-09-03,1998,9,3,3.2425515
1998-09-04,1998,9,4,3.8949864
1998-09-05,1998,9,5,4.493534
1998-09-06,1998,9,6,2.8959365
1998-09-07,1998,9,7,2.4078506
1998-09-08,1998,9,8,1.6385092
1998-09-09,1998,9,9,7.8854217
1998-09-10,1998,9,10,1.603777
1998-09-11,1998,9,11,-0.41874026
1998-09-12,1998,9,12,1.0449219
1998-09-13,1998,9,13,4.5464792
1998-09-14,1998,9,14,3.832597
1998-09-15,1998,9,15,7.4685382
1998-09-16,1998,9,16,5.0294365
1998-09-17,1998,9,17,3.373083
1998-09-18,1998,9,18,2.7058957
1998-09-19,1998,9,19,4.4679023
1998-09-20,1998,9,20,9.151005
1998-09-21,1998,9,21,9.9351296
1998-09-22,1998,9,22,2.4283799
1998-09-23,1998,9,23,3.8464895
1998-09-24,1998,9,24,6.9827708
1998-09-25,1998,9,25,3.9135644
1998-09-26,1998,9,26,-0.94557684
1998-09-27,1998,9,27,0.34890387
1998-09-28,1998,9,28,2.2292833
1998-09-29,1998,9,29,7.6796769
1998-09-30,1998,9,30,7.2480126
1998-10-01,1998,10,1,7.1095056
1998-10-02,1998,10,2,8.68589
1998-10-03,1998,10,3,6.5110753
1998-10-04,1998,10,4,6.6347545
1998-10-05,1998,10,5,7.6889592
1998-10-06,1998,10,6,7.9500936
1998-10-07,1998,10,7,8.6753625
1998-10-08,1998,10,8,9.9221842
1998-10-09,1998,10,9,8.1324045
1998-10-10,1998,10,10,6.9588856
1998-10-11,1998,10,11,9.7227385
1998-10-12,1998,10,12,7.2479499
1998-10-13,1998,10,13,9.189574
1998-10-14,1998,10,14,11.768437
1998-10-15,1998,10,15,11.977195
1998-10-16,1998,10,16,11.40987
1998-10-17,1998,10,17,12.640045
1998-10-18,1998,10,18,13.080557
1998-10-19,1998,10,19,11.756372
1998-10-20,1998,10,20,13.060249
1998-10-21,1998,10,21,12.915726
1998-10-22,1998,10,22,8.117723
1998-10-23,1998,10,23,14.99644
1998-10-24,1998,10,24,12.077548
1998-10-25,1998,10,25,11.811333
1998-10-26,1998,10,26,11.260309
1998-10-27,1998,10,27,14.320798
1998-10-28,1998,10,28,14.889597
1998-10-29,1998,10,29,15.385323
1998-10-30,1998,10,30,14.259586
1998-10-31,1998,10,31,12.740963
1998-11-01,1998,11,1,12.03077
1998-11-02,1998,11,2,12.441799
1998-11-03,1998,11,3,12.364542
1998-11-04,1998,11,4,12.25865
1998-11-05,1998,11,5,10.263399
1998-11-06,1998,11,6,7.3194532
1998-11-07,1998,11,7,8.8864527
1998-11-08,1998,11,8,10.495551
1998-11-09,1998,11,9,11.146427
1998-11-10,1998,11,10,10.462326
1998-11-11,1998,11,11,11.652668
1998-11-12,1998,11,12,14.751014
1998-11-13,1998,11,13,13.18999
1998-11-14,1998,11,14,12.970579
1998-11-15,1998,11,15,9.5634318
1998-11-16,1998,11,16,8.6214022
1998-11-17,1998,11,17,16.65608
1998-11-18,1998,11,18,14.830228
1998-11-19,1998,11,19,14.469908
1998-11-20,1998,11,20,17.123306
1998-11-21,1998,11,21,16.749192
1998-11-22,1998,11,22,16.888446
1998-11-23,1998,11,23,11.559036
1998-11-24,1998,11,24,6.0464901
1998-11-25,1998,11,25,10.933539
1998-11-26,1998,11,26,13.041329
1998-11-27,1998,11,27,10.985486
1998-11-28,1998,11,28,11.740513
1998-11-29,1998,11,29,13.441718
1998-11-30,1998,11,30,12.154871
1998-12-01,1998,12,1,11.373311
1998-12-02,1998,12,2,14.686989
1998-12-03,1998,12,3,13.243591
1998-12-04,1998,12,4,14.859736
1998-12-05,1998,12,5,17.16782
1998-12-06,1998,12,6,13.970136
1998-12-07,1998,12,7,13.511782
1998-12-08,1998,12,8,12.408766
1998-12-09,1998,12,9,19.632375
1998-12-10,1998,12,10,18.006239
1998-12-11,1998,12,11,14.397354
1998-12-12,1998,12,12,10.593328
1998-12-13,1998,12,13,13.032238
1998-12-14,1998,12,14,14.178759
1998-12-15,1998,12,15,12.294817
1998-12-16,1998,12,16,17.997169
1998-12-17,1998,12,17,16.920503
1998-12-18,1998,12,18,14.442404
1998-12-19,1998,12,19,11.720225
1998-12-20,1998,12,20,7.3014555
1998-12-21,1998,12,21,10.948755
1998-12-22,1998,12,22,17.026644
1998-12-23,1998,12,23,18.171619
1998-12-24,1998,12,24,17.294803
1998-12-25,1998,12,25,16.625616
1998-12-26,1998,12,26,17.581282
1998-12-27,1998,12,27,15.774572
1998-12-28,1998,12,28,15.144342
1998-12-29,1998,12,29,17.588922
1998-12-30,1998,12,30,17.162498
1998-12-31,1998,12,31,15.651431
1999-01-01,1999,1,1,17.67995
1999-01-02,1999,1,2,16.391161
1999-01-03,1999,1,3,14.29381
1999-01-04,1999,1,4,12.312205
1999-01-05,1999,1,5,12.855914
1999-01-06,1999,1,6,15.361486
1999-01-07,1999,1,7,14.435356
1999-01-08,1999,1,8,14.546318
1999-01-09,1999,1,9,15.063909
1999-01-10,1999,1,10,14.097586
1999-01-11,1999,1,11,13.366149
1999-01-12,1999,1,12,13.952033
1999-01-13,1999,1,13,15.289247
1999-01-14,1999,1,14,17.11677
1999-01-15,1999,1,15,16.576912
1999-01-16,1999,1,16,13.181854
1999-01-17,1999,1,17,9.2576806
1999-01-18,1999,1,18,13.002475
1999-01-19,1999,1,19,13.533064
1999-01-20,1999,1,20,12.867685
1999-01-21,1999,1,21,13.298694
1999-01-22,1999,1,22,14.668744
1999-01-23,1999,1,23,12.732335
1999-01-24,1999,1,24,17.276125
1999-01-25,1999,1,25,18.22905
1999-01-26,1999,1,26,16.320693
1999-01-27,1999,1,27,15.882046
1999-01-28,1999,1,28,16.699051
1999-01-29,1999,1,29,15.280431
1999-01-30,1999,1,30,13.540572
1999-01-31,1999,1,31,14.28622
1999-02-01,1999,2,1,9.4262209
1999-02-02,1999,2,2,15.111287
1999-02-03,1999,2,3,15.280074
1999-02-04,1999,2,4,18.043705
1999-02-05,1999,2,5,16.840934
1999-02-06,1999,2,6,11.87142
1999-02-07,1999,2,7,17.080648
1999-02-08,1999,2,8,18.961079
1999-02-09,1999,2,9,18.333086
1999-02-10,1999,2,10,18.85286
1999-02-11,1999,2,11,15.835271
1999-02-12,1999,2,12,11.29983
1999-02-13,1999,2,13,14.773764
1999-02-14,1999,2,14,14.953834
1999-02-15,1999,2,15,13.489969
1999-02-16,1999,2,16,17.614805
1999-02-17,1999,2,17,18.724058
1999-02-18,1999,2,18,20.260283
1999-02-19,1999,2,19,17.095165
1999-02-20,1999,2,20,16.170526
1999-02-21,1999,2,21,15.795481
1999-02-22,1999,2,22,15.277413
1999-02-23,1999,2,23,17.409713
1999-02-24,1999,2,24,19.080625
1999-02-25,1999,2,25,15.137867
1999-02-26,1999,2,26,15.845806
1999-02-27,1999,2,27,17.842666
1999-02-28,1999,2,28,13.712678
1999-03-01,1999,3,1,11.892433
1999-03-02,1999,3,2,14.549157
1999-03-03,1999,3,3,14.152374
1999-03-04,1999,3,4,12.800554
1999-03-05,1999,3,5,11.818281
1999-03-06,1999,3,6,8.1640132
1999-03-07,1999,3,7,9.4653912
1999-03-08,1999,3,8,13.206932
1999-03-09,1999,3,9,16.043222
1999-03-10,1999,3,10,16.816511
1999-03-11,1999,3,11,17.237775
1999-03-12,1999,3,12,14.806311
1999-03-13,1999,3,13,11.008119
1999-03-14,1999,3,14,13.210019
1999-03-15,1999,3,15,10.938301
1999-03-16,1999,3,16,11.923
1999-03-17,1999,3,17,11.988373
1999-03-18,1999,3,18,11.622515
1999-03-19,1999,3,19,12.268506
1999-03-20,1999,3,20,14.206197
1999-03-21,1999,3,21,15.21168
1999-03-22,1999,3,22,15.756617
1999-03-23,1999,3,23,13.973407
1999-03-24,1999,3,24,13.016182
1999-03-25,1999,3,25,15.849168
1999-03-26,1999,3,26,14.939085
1999-03-27,1999,3,27,9.9600201
1999-03-28,1999,3,28,8.8104644
1999-03-29,1999,3,29,10.152455
1999-03-30,1999,3,30,10.749497
1999-03-31,1999,3,31,14.043772
1999-04-01,1999,4,1,8.2176786
1999-04-02,1999,4,2,7.8151071
1999-04-03,1999,4,3,8.323263
1999-04-04,1999,4,4,9.4282213
1999-04-05,1999,4,5,12.648997
1999-04-06,1999,4,6,12.40787
1999-04-07,1999,4,7,11.282986
1999-04-08,1999,4,8,10.731766
1999-04-09,1999,4,9,9.1169721
1999-04-10,1999,4,10,9.2097817
1999-04-11,1999,4,11,12.07208
1999-04-12,1999,4,12,12.963491
1999-04-13,1999,4,13,11.342299
1999-04-14,1999,4,14,9.6435333
1999-04-15,1999,4,15,7.7286302
1999-04-16,1999,4,16,14.1782
1999-04-17,1999,4,17,15.236334
1999-04-18,1999,4,18,13.546841
1999-04-19,1999,4,19,13.373113
1999-04-20,1999,4,20,11.897399
1999-04-21,1999,4,21,12.116477
1999-04-22,1999,4,22,12.713512
1999-04-23,1999,4,23,15.0535
1999-04-24,1999,4,24,13.633081
1999-04-25,1999,4,25,7.9575621
1999-04-26,1999,4,26,3.7411517
1999-04-27,1999,4,27,11.762053
1999-04-28,1999,4,28,10.754521
1999-04-29,1999,4,29,10.991587
1999-04-30,1999,4,30,11.92389
1999-05-01,1999,5,1,12.250153
1999-05-02,1999,5,2,11.492582
1999-05-03,1999,5,3,7.1605445
1999-05-04,1999,5,4,6.2715147
1999-05-05,1999,5,5,6.7408281
1999-05-06,1999,5,6,8.8522372
1999-05-07,1999,5,7,13.412125
1999-05-08,1999,5,8,11.978547
1999-05-09,1999,5,9,10.679153
1999-05-10,1999,5,10,11.030613
1999-05-11,1999,5,11,11.875316
1999-05-12,1999,5,12,13.205379
1999-05-13,1999,5,13,11.62121
1999-05-14,1999,5,14,12.138151
1999-05-15,1999,5,15,11.992992
1999-05-16,1999,5,16,9.4485959
1999-05-17,1999,5,17,10.424174
1999-05-18,1999,5,18,13.839735
1999-05-19,1999,5,19,15.924318
1999-05-20,1999,5,20,13.115001
1999-05-21,1999,5,21,11.06812
1999-05-22,1999,5,22,9.6285767
1999-05-23,1999,5,23,5.1451486
1999-05-24,1999,5,24,6.2770287
1999-05-25,1999,5,25,4.4577416
1999-05-26,1999,5,26,1.0525884
1999-05-27,1999,5,27,0.42877658
1999-05-28,1999,5,28,0.045318338
1999-05-29,1999,5,29,6.7045383
1999-05-30,1999,5,30,8.9605629
1999-05-31,1999,5,31,8.2288996
1999-06-01,1999,6,1,6.5936097
1999-06-02,1999,6,2,4.2292762
1999-06-03,1999,6,3,5.4482547
1999-06-04,1999,6,4,5.0575017
1999-06-05,1999,6,5,4.7545076
1999-06-06,1999,6,6,5.1221202
1999-06-07,1999,6,7,3.8074569
1999-06-08,1999,6,8,-0.045636963
1999-06-09,1999,6,9,1.2083414
1999-06-10,1999,6,10,4.1205358
1999-06-11,1999,6,11,2.7404223
1999-06-12,1999,6,12,2.5816501
1999-06-13,1999,6,13,5.7641691
1999-06-14,1999,6,14,2.7738681
1999-06-15,1999,6,15,3.1816979
1999-06-16,1999,6,16,2.7059129
1999-06-17,1999,6,17,-0.38581821
1999-06-18,1999,6,18,1.5689118
1999-06-19,1999,6,19,5.9125471
1999-06-20,1999,6,20,5.3283858
1999-06-21,1999,6,21,0.41816703
1999-06-22,1999,6,22,-1.173397
1999-06-23,1999,6,23,-1.1402103
1999-06-24,1999,6,24,-1.5025878
1999-06-25,1999,6,25,1.7384118
1999-06-26,1999,6,26,4.6549548
1999-06-27,1999,6,27,2.1049813
1999-06-28,1999,6,28,-1.7444665
1999-06-29,1999,6,29,-0.80350611
1999-06-30,1999,6,30,-1.2280682
1999-07-01,1999,7,1,-4.1728061
1999-07-02,1999,7,2,-5.0320109
1999-07-03,1999,7,3,-3.3008145
1999-07-04,1999,7,4,1.390752
1999-07-05,1999,7,5,5.6981698
1999-07-06,1999,7,6,6.2198202
1999-07-07,1999,7,7,3.8950804
1999-07-08,1999,7,8,3.4063184
1999-07-09,1999,7,9,4.0754102
1999-07-10,1999,7,10,1.0792459
1999-07-11,1999,7,11,-3.6339155
1999-07-12,1999,7,12,-3.0209175
1999-07-13,1999,7,13,-2.5945175
1999-07-14,1999,7,14,-5.6691251
1999-07-15,1999,7,15,-6.6194926
1999-07-16,1999,7,16,-3.1931541
1999-07-17,1999,7,17,0.91387412
1999-07-18,1999,7,18,-1.5443374
1999-07-19,1999,7,19,-2.9383536
1999-07-20,1999,7,20,-1.8379537
1999-07-21,1999,7,21,-1.787249
1999-07-22,1999,7,22,1.9013951
1999-07-23,1999,7,23,3.5908034
1999-07-24,1999,7,24,5.5048578
1999-07-25,1999,7,25,6.3369875
1999-07-26,1999,7,26,5.4393857
1999-07-27,1999,7,27,5.7892355
1999-07-28,1999,7,28,2.7595664
1999-07-29,1999,7,29,-3.4546458
1999-07-30,1999,7,30,7.4200661
1999-07-31,1999,7,31,8.4928765
1999-08-01,1999,8,1,8.045964
1999-08-02,1999,8,2,9.9474749
1999-08-03,1999,8,3,7.1544431
1999-08-04,1999,8,4,7.0783152
1999-08-05,1999,8,5,0.14548234
1999-08-06,1999,8,6,-1.4209793
1999-08-07,1999,8,7,3.0693567
1999-08-08,1999,8,8,5.2701003
1999-08-09,1999,8,9,9.1684986
1999-08-10,1999,8,10,10.018761
1999-08-11,1999,8,11,6.0930304
1999-08-12,1999,8,12,3.09278
1999-08-13,1999,8,13,-2.7196754
1999-08-14,1999,8,14,1.2745896
1999-08-15,1999,8,15,3.3407061
1999-08-16,1999,8,16,3.211344
1999-08-17,1999,8,17,3.6057271
1999-08-18,1999,8,18,4.6870961
1999-08-19,1999,8,19,1.0372535
1999-08-20,1999,8,20,-1.0633332
1999-08-21,1999,8,21,-0.58622558
1999-08-22,1999,8,22,2.2731224
1999-08-23,1999,8,23,-0.46895232
1999-08-24,1999,8,24,-2.8838909
1999-08-25,1999,8,25,3.5534041
1999-08-26,1999,8,26,5.8203457
1999-08-27,1999,8,27,2.5213834
1999-08-28,1999,8,28,2.685977
1999-08-29,1999,8,29,0.58957027
1999-08-30,1999,8,30,-2.0771678
1999-08-31,1999,8,31,-1.0477402
1999-09-01,1999,9,1,-0.93291357
1999-09-02,1999,9,2,3.6185139
1999-09-03,1999,9,3,1.8447803
1999-09-04,1999,9,4,2.3770679
1999-09-05,1999,9,5,-0.30307169
1999-09-06,1999,9,6,-0.80662274
1999-09-07,1999,9,7,-5.0221391
1999-09-08,1999,9,8,-4.6206455
1999-09-09,1999,9,9,0.0031158489
1999-09-10,1999,9,10,0.57343136
1999-09-11,1999,9,11,1.9283395
1999-09-12,1999,9,12,0.19294319
1999-09-13,1999,9,13,-2.7271376
1999-09-14,1999,9,14,0.33409097
1999-09-15,1999,9,15,5.7280711
1999-09-16,1999,9,16,9.9941245
1999-09-17,1999,9,17,10.82565
1999-09-18,1999,9,18,9.228781
1999-09-19,1999,9,19,10.888599
1999-09-20,1999,9,20,10.426862
1999-09-21,1999,9,21,10.526424
1999-09-22,1999,9,22,11.246303
1999-09-23,1999,9,23,8.5272371
1999-09-24,1999,9,24,5.6059467
1999-09-25,1999,9,25,4.9172506
1999-09-26,1999,9,26,5.9363064
1999-09-27,1999,9,27,5.3552729
1999-09-28,1999,9,28,3.611839
1999-09-29,1999,9,29,10.809921
1999-09-30,1999,9,30,5.4315793
1999-10-01,1999,10,1,2.4637645
1999-10-02,1999,10,2,4.8875005
1999-10-03,1999,10,3,5.858781
1999-10-04,1999,10,4,6.9882607
1999-10-05,1999,10,5,4.9367035
1999-10-06,1999,10,6,3.6392248
1999-10-07,1999,10,7,7.0248853
1999-10-08,1999,10,8,9.5766823
1999-10-09,1999,10,9,7.2475421
1999-10-10,1999,10,10,5.7536736
1999-10-11,1999,10,11,5.2168347
1999-10-12,1999,10,12,3.1052371
1999-10-13,1999,10,13,6.5978856
1999-10-14,1999,10,14,4.4621735
1999-10-15,1999,10,15,4.2334997
1999-10-16,1999,10,16,4.6365205
1999-10-17,1999,10,17,8.5696961
1999-10-18,1999,10,18,10.175907
1999-10-19,1999,10,19,10.513283
1999-10-20,1999,10,20,10.62485
1999-10-21,1999,10,21,10.894111
1999-10-22,1999,10,22,10.461563
1999-10-23,1999,10,23,9.8963618
1999-10-24,1999,10,24,10.769874
1999-10-25,1999,10,25,12.155837
1999-10-26,1999,10,26,9.4283528
1999-10-27,1999,10,27,6.8924511
1999-10-28,1999,10,28,8.1958674
1999-10-29,1999,10,29,10.492516
1999-10-30,1999,10,30,11.41906
1999-10-31,1999,10,31,8.3937223
1999-11-01,1999,11,1,4.3845829
1999-11-02,1999,11,2,8.2168083
1999-11-03,1999,11,3,5.2904769
1999-11-04,1999,11,4,9.3341572
1999-11-05,1999,11,5,11.51211
1999-11-06,1999,11,6,9.0444112
1999-11-07,1999,11,7,7.6333247
1999-11-08,1999,11,8,6.0192077
1999-11-09,1999,11,9,9.1658788
1999-11-10,1999,11,10,11.646701
1999-11-11,1999,11,11,10.980781
1999-11-12,1999,11,12,10.800183
1999-11-13,1999,11,13,14.51592
1999-11-14,1999,11,14,12.06162
1999-11-15,1999,11,15,10.483309
1999-11-16,1999,11,16,12.970505
1999-11-17,1999,11,17,10.760115
1999-11-18,1999,11,18,11.201858
1999-11-19,1999,11,19,13.084606
1999-11-20,1999,11,20,13.073252
1999-11-21,1999,11,21,9.1791156
1999-11-22,1999,11,22,14.728388
1999-11-23,1999,11,23,13.57964
1999-11-24,1999,11,24,10.24521
1999-11-25,1999,11,25,12.100909
1999-11-26,1999,11,26,14.353249
1999-11-27,1999,11,27,15.628086
1999-11-28,1999,11,28,15.816821
1999-11-29,1999,11,29,13.234277
1999-11-30,1999,11,30,9.4300342
1999-12-01,1999,12,1,7.2611307
1999-12-02,1999,12,2,13.995761
1999-12-03,1999,12,3,16.86066
1999-12-04,1999,12,4,13.118391
1999-12-05,1999,12,5,10.661117
1999-12-06,1999,12,6,9.8083989
1999-12-07,1999,12,7,10.331439
1999-12-08,1999,12,8,14.16649
1999-12-09,1999,12,9,13.117746
1999-12-10,1999,12,10,8.0863352
1999-12-11,1999,12,11,11.314869
1999-12-12,1999,12,12,11.045464
1999-12-13,1999,12,13,12.938215
1999-12-14,1999,12,14,14.345389
1999-12-15,1999,12,15,15.542684
1999-12-16,1999,12,16,14.429922
1999-12-17,1999,12,17,11.726775
1999-12-18,1999,12,18,10.497399
1999-12-19,1999,12,19,13.933229
1999-12-20,1999,12,20,14.460397
1999-12-21,1999,12,21,14.509501
1999-12-22,1999,12,22,17.99366
1999-12-23,1999,12,23,15.470147
1999-12-24,1999,12,24,13.772528
1999-12-25,1999,12,25,16.952527
1999-12-26,1999,12,26,17.641719
1999-12-27,1999,12,27,17.502705
1999-12-28,1999,12,28,14.02686
1999-12-29,1999,12,29,14.946742
1999-12-30,1999,12,30,16.350441
1999-12-31,1999,12,31,16.729189
2000-01-01,2000,1,1,16.050131
2000-01-02,2000,1,2,16.708454
2000-01-03,2000,1,3,13.499616
2000-01-04,2000,1,4,14.907497
2000-01-05,2000,1,5,15.897602
2000-01-06,2000,1,6,15.476196
2000-01-07,2000,1,7,14.473371
2000-01-08,2000,1,8,14.382869
2000-01-09,2000,1,9,16.005
2000-01-10,2000,1,10,17.861396
2000-01-11,2000,1,11,16.959912
2000-01-12,2000,1,12,15.65134
2000-01-13,2000,1,13,15.450695
2000-01-14,2000,1,14,14.550803
2000-01-15,2000,1,15,13.740158
2000-01-16,2000,1,16,12.439433
2000-01-17,2000,1,17,14.683484
2000-01-18,2000,1,18,19.119709
2000-01-19,2000,1,19,21.474982
2000-01-20,2000,1,20,20.335363
2000-01-21,2000,1,21,17.177526
2000-01-22,2000,1,22,16.365241
2000-01-23,2000,1,23,16.178751
2000-01-24,2000,1,24,17.368059
2000-01-25,2000,1,25,18.325075
2000-01-26,2000,1,26,19.123549
2000-01-27,2000,1,27,16.265135
2000-01-28,2000,1,28,13.736308
2000-01-29,2000,1,29,13.022608
2000-01-30,2000,1,30,14.361191
2000-01-31,2000,1,31,14.418385
2000-02-01,2000,2,1,12.904292
2000-02-02,2000,2,2,12.00215
2000-02-03,2000,2,3,14.779396
2000-02-04,2000,2,4,13.499379
2000-02-05,2000,2,5,11.727907
2000-02-06,2000,2,6,16.203324
2000-02-07,2000,2,7,14.335764
2000-02-08,2000,2,8,14.230541
2000-02-09,2000,2,9,14.007848
2000-02-10,2000,2,10,14.597271
2000-02-11,2000,2,11,13.959113
2000-02-12,2000,2,12,8.1142841
2000-02-13,2000,2,13,11.177745
2000-02-14,2000,2,14,14.365344
2000-02-15,2000,2,15,15.527704
2000-02-16,2000,2,16,17.795121
2000-02-17,2000,2,17,16.110973
2000-02-18,2000,2,18,16.76452
2000-02-19,2000,2,19,14.542885
2000-02-20,2000,2,20,14.469685
2000-02-21,2000,2,21,15.275664
2000-02-22,2000,2,22,13.677083
2000-02-23,2000,2,23,14.779328
2000-02-24,2000,2,24,13.770676
2000-02-25,2000,2,25,13.079958
2000-02-26,2000,2,26,9.3056647
2000-02-27,2000,2,27,4.2603848
2000-02-28,2000,2,28,11.47991
2000-02-29,2000,2,29,11.955438
2000-03-01,2000,3,1,10.857878
2000-03-02,2000,3,2,12.356227
2000-03-03,2000,3,3,13.592679
2000-03-04,2000,3,4,12.783474
2000-03-05,2000,3,5,16.160687
2000-03-06,2000,3,6,15.819786
2000-03-07,2000,3,7,15.190467
2000-03-08,2000,3,8,14.12386
2000-03-09,2000,3,9,13.470865
2000-03-10,2000,3,10,12.681749
2000-03-11,2000,3,11,13.021246
2000-03-12,2000,3,12,12.029051
2000-03-13,2000,3,13,11.745975
2000-03-14,2000,3,14,13.06637
2000-03-15,2000,3,15,11.111496
2000-03-16,2000,3,16,10.931925
2000-03-17,2000,3,17,12.988417
2000-03-18,2000,3,18,13.564536
2000-03-19,2000,3,19,10.235124
2000-03-20,2000,3,20,7.2009945
2000-03-21,2000,3,21,14.599055
2000-03-22,2000,3,22,12.657382
2000-03-23,2000,3,23,9.175412
2000-03-24,2000,3,24,18.660302
2000-03-25,2000,3,25,14.062427
2000-03-26,2000,3,26,11.248123
2000-03-27,2000,3,27,11.112183
2000-03-28,2000,3,28,14.864179
2000-03-29,2000,3,29,13.509686
2000-03-30,2000,3,30,11.192855
2000-03-31,2000,3,31,17.946618
2000-04-01,2000,4,1,13.983403
2000-04-02,2000,4,2,13.362842
2000-04-03,2000,4,3,9.6757449
2000-04-04,2000,4,4,13.068625
2000-04-05,2000,4,5,13.396765
2000-04-06,2000,4,6,12.082679
2000-04-07,2000,4,7,11.656564
2000-04-08,2000,4,8,12.472284
2000-04-09,2000,4,9,12.665978
2000-04-10,2000,4,10,16.176646
2000-04-11,2000,4,11,18.831249
2000-04-12,2000,4,12,18.403484
2000-04-13,2000,4,13,10.570045
2000-04-14,2000,4,14,6.2997865
2000-04-15,2000,4,15,7.7417593
2000-04-16,2000,4,16,6.2105735
2000-04-17,2000,4,17,6.3281228
2000-04-18,2000,4,18,6.9250505
2000-04-19,2000,4,19,10.221995
2000-04-20,2000,4,20,10.776925
2000-04-21,2000,4,21,11.707849
2000-04-22,2000,4,22,14.060644
2000-04-23,2000,4,23,15.134211
2000-04-24,2000,4,24,11.668134
2000-04-25,2000,4,25,8.7723311
2000-04-26,2000,4,26,8.8676493
2000-04-27,2000,4,27,10.481964
2000-04-28,2000,4,28,13.826532
2000-04-29,2000,4,29,11.928653
2000-04-30,2000,4,30,10.558463
2000-05-01,2000,5,1,3.3045549
2000-05-02,2000,5,2,5.3682923
2000-05-03,2000,5,3,1.2203623
2000-05-04,2000,5,4,0.076854286
2000-05-05,2000,5,5,3.3155677
2000-05-06,2000,5,6,6.6040862
2000-05-07,2000,5,7,4.3411489
2000-05-08,2000,5,8,6.4752792
2000-05-09,2000,5,9,8.1787408
2000-05-10,2000,5,10,6.3881821
2000-05-11,2000,5,11,4.9319123
2000-05-12,2000,5,12,7.2006842
2000-05-13,2000,5,13,5.7188291
2000-05-14,2000,5,14,3.7223688
2000-05-15,2000,5,15,0.55362311
2000-05-16,2000,5,16,1.8002524
2000-05-17,2000,5,17,6.4779484
2000-05-18,2000,5,18,5.2905603
2000-05-19,2000,5,19,4.9583208
2000-05-20,2000,5,20,3.6865399
2000-05-21,2000,5,21,8.2074587
2000-05-22,2000,5,22,8.9037427
2000-05-23,2000,5,23,8.4379749
2000-05-24,2000,5,24,1.7762079
2000-05-25,2000,5,25,-0.37782247
2000-05-26,2000,5,26,4.7094505
2000-05-27,2000,5,27,5.8707966
2000-05-28,2000,5,28,3.9308411
2000-05-29,2000,5,29,0.70500071
2000-05-30,2000,5,30,7.1426593
2000-05-31,2000,5,31,5.2002183
2000-06-01,2000,6,1,6.3870266
2000-06-02,2000,6,2,4.2953437
2000-06-03,2000,6,3,6.1135866
2000-06-04,2000,6,4,4.8262608
2000-06-05,2000,6,5,3.4057932
2000-06-06,2000,6,6,2.170712
2000-06-07,2000,6,7,1.6673074
2000-06-08,2000,6,8,5.0484267
2000-06-09,2000,6,9,3.46924
2000-06-10,2000,6,10,2.7985183
2000-06-11,2000,6,11,3.7932637
2000-06-12,2000,6,12,0.39105659
2000-06-13,2000,6,13,0.076435724
2000-06-14,2000,6,14,-0.42813478
2000-06-15,2000,6,15,-2.0909712
2000-06-16,2000,6,16,-4.3171272
2000-06-17,2000,6,17,-4.7324336
2000-06-18,2000,6,18,-4.2909767
2000-06-19,2000,6,19,-3.6087287
2000-06-20,2000,6,20,-3.4800256
2000-06-21,2000,6,21,-0.59719751
2000-06-22,2000,6,22,0.27862487
2000-06-23,2000,6,23,-0.40774228
2000-06-24,2000,6,24,-4.2061823
2000-06-25,2000,6,25,-4.1571021
2000-06-26,2000,6,26,-2.2144085
2000-06-27,2000,6,27,-3.5145113
2000-06-28,2000,6,28,-5.3264024
2000-06-29,2000,6,29,-1.5655874
2000-06-30,2000,6,30,1.4730075
2000-07-01,2000,7,1,-1.7236767
2000-07-02,2000,7,2,-3.1649309
2000-07-03,2000,7,3,2.6342039
2000-07-04,2000,7,4,6.1033441
2000-07-05,2000,7,5,6.7701838
2000-07-06,2000,7,6,3.7559996
2000-07-07,2000,7,7,-1.0275043
2000-07-08,2000,7,8,-2.6803558
2000-07-09,2000,7,9,-4.160824
2000-07-10,2000,7,10,-7.2972793
2000-07-11,2000,7,11,-7.4701711
2000-07-12,2000,7,12,-0.5924073
2000-07-13,2000,7,13,2.795562
2000-07-14,2000,7,14,1.5499651
2000-07-15,2000,7,15,2.2614673
2000-07-16,2000,7,16,4.2734452
2000-07-17,2000,7,17,2.7937991
2000-07-18,2000,7,18,-0.69623505
2000-07-19,2000,7,19,3.1158422
2000-07-20,2000,7,20,0.81003501
2000-07-21,2000,7,21,-3.5689829
2000-07-22,2000,7,22,-1.8638775
2000-07-23,2000,7,23,3.06282
2000-07-24,2000,7,24,3.3559033
2000-07-25,2000,7,25,6.0148009
2000-07-26,2000,7,26,7.4859132
2000-07-27,2000,7,27,5.0127984
2000-07-28,2000,7,28,4.5961857
2000-07-29,2000,7,29,4.086604
2000-07-30,2000,7,30,4.3941079
2000-07-31,2000,7,31,5.0595937
2000-08-01,2000,8,1,2.6683145
2000-08-02,2000,8,2,3.40106
2000-08-03,2000,8,3,6.908096
2000-08-04,2000,8,4,2.8903646
2000-08-05,2000,8,5,2.1316252
2000-08-06,2000,8,6,3.8791912
2000-08-07,2000,8,7,5.3754679
2000-08-08,2000,8,8,5.1804764
2000-08-09,2000,8,9,6.5459928
2000-08-10,2000,8,10,2.8181698
2000-08-11,2000,8,11,1.4203226
2000-08-12,2000,8,12,2.3239726
2000-08-13,2000,8,13,2.1894928
2000-08-14,2000,8,14,-1.6731628
2000-08-15,2000,8,15,3.4053066
2000-08-16,2000,8,16,5.2333357
2000-08-17,2000,8,17,6.8449267
2000-08-18,2000,8,18,8.7725339
2000-08-19,2000,8,19,7.670639
2000-08-20,2000,8,20,7.5746974
2000-08-21,2000,8,21,3.4029165
2000-08-22,2000,8,22,2.7426735
2000-08-23,2000,8,23,0.071263886
2000-08-24,2000,8,24,-1.1365442
2000-08-25,2000,8,25,-1.4166015
2000-08-26,2000,8,26,-1.7207625
2000-08-27,2000,8,27,-2.1238681
2000-08-28,2000,8,28,-0.72981187
2000-08-29,2000,8,29,1.9997065
2000-08-30,2000,8,30,-0.11323504
2000-08-31,2000,8,31,4.9674466
2000-09-01,2000,9,1,4.5926595
2000-09-02,2000,9,2,3.570365
2000-09-03,2000,9,3,6.2295346
2000-09-04,2000,9,4,5.0320576
2000-09-05,2000,9,5,4.0708975
2000-09-06,2000,9,6,3.9693119
2000-09-07,2000,9,7,2.9054821
2000-09-08,2000,9,8,1.9467564
2000-09-09,2000,9,9,0.50133429
2000-09-10,2000,9,10,-1.9688963
2000-09-11,2000,9,11,-2.7419867
2000-09-12,2000,9,12,-0.47539632
2000-09-13,2000,9,13,-1.5759047
2000-09-14,2000,9,14,-1.4756073
2000-09-15,2000,9,15,1.7302395
2000-09-16,2000,9,16,1.8642919
2000-09-17,2000,9,17,1.1708103
2000-09-18,2000,9,18,2.3420953
2000-09-19,2000,9,19,2.8222978
2000-09-20,2000,9,20,-2.4115885
2000-09-21,2000,9,21,3.8962036
2000-09-22,2000,9,22,7.1331849
2000-09-23,2000,9,23,2.3305939
2000-09-24,2000,9,24,5.5442353
2000-09-25,2000,9,25,7.7153829
2000-09-26,2000,9,26,11.473626
2000-09-27,2000,9,27,11.320735
2000-09-28,2000,9,28,7.5489983
2000-09-29,2000,9,29,9.236847
2000-09-30,2000,9,30,9.9860216
2000-10-01,2000,10,1,10.763488
2000-10-02,2000,10,2,2.5084772
2000-10-03,2000,10,3,2.5089913
2000-10-04,2000,10,4,6.4604312
2000-10-05,2000,10,5,9.7907604
2000-10-06,2000,10,6,7.9818162
2000-10-07,2000,10,7,9.871031
2000-10-08,2000,10,8,4.0784115
2000-10-09,2000,10,9,6.7048312
2000-10-10,2000,10,10,7.0570142
2000-10-11,2000,10,11,6.1132419
2000-10-12,2000,10,12,5.8766586
2000-10-13,2000,10,13,8.5405723
2000-10-14,2000,10,14,8.4831675
2000-10-15,2000,10,15,5.5889173
2000-10-16,2000,10,16,11.085707
2000-10-17,2000,10,17,10.981567
2000-10-18,2000,10,18,11.203515
2000-10-19,2000,10,19,12.540169
2000-10-20,2000,10,20,13.324685
2000-10-21,2000,10,21,8.4771084
2000-10-22,2000,10,22,8.1410307
2000-10-23,2000,10,23,8.1827543
2000-10-24,2000,10,24,5.3206971
2000-10-25,2000,10,25,4.2054822
2000-10-26,2000,10,26,8.4413435
2000-10-27,2000,10,27,13.789745
2000-10-28,2000,10,28,13.137185
2000-10-29,2000,10,29,13.046634
2000-10-30,2000,10,30,11.551503
2000-10-31,2000,10,31,8.2798575
2000-11-01,2000,11,1,6.6215798
2000-11-02,2000,11,2,9.7148825
2000-11-03,2000,11,3,6.2340484
2000-11-04,2000,11,4,6.7928553
2000-11-05,2000,11,5,5.7814385
2000-11-06,2000,11,6,6.3917975
2000-11-07,2000,11,7,5.2171644
2000-11-08,2000,11,8,3.30432
2000-11-09,2000,11,9,5.6715403
2000-11-10,2000,11,10,4.9135955
2000-11-11,2000,11,11,4.023178
2000-11-12,2000,11,12,3.1217903
2000-11-13,2000,11,13,3.2844517
2000-11-14,2000,11,14,7.5235793
2000-11-15,2000,11,15,8.8451183
2000-11-16,2000,11,16,10.326535
2000-11-17,2000,11,17,12.483185
2000-11-18,2000,11,18,10.778551
2000-11-19,2000,11,19,9.8629617
2000-11-20,2000,11,20,11.889124
2000-11-21,2000,11,21,12.523843
2000-11-22,2000,11,22,12.148733
2000-11-23,2000,11,23,11.077197
2000-11-24,2000,11,24,12.134446
2000-11-25,2000,11,25,14.198084
2000-11-26,2000,11,26,12.264484
2000-11-27,2000,11,27,12.803902
2000-11-28,2000,11,28,12.92192
2000-11-29,2000,11,29,13.368403
2000-11-30,2000,11,30,13.662176
2000-12-01,2000,12,1,13.297251
2000-12-02,2000,12,2,11.915244
2000-12-03,2000,12,3,10.259589
2000-12-04,2000,12,4,12.712172
2000-12-05,2000,12,5,17.951239
2000-12-06,2000,12,6,16.065923
2000-12-07,2000,12,7,14.829408
2000-12-08,2000,12,8,15.410047
2000-12-09,2000,12,9,18.776537
2000-12-10,2000,12,10,14.784936
2000-12-11,2000,12,11,15.541312
2000-12-12,2000,12,12,16.222144
2000-12-13,2000,12,13,13.233632
2000-12-14,2000,12,14,10.167016
2000-12-15,2000,12,15,11.616582
2000-12-16,2000,12,16,17.284353
2000-12-17,2000,12,17,18.580983
2000-12-18,2000,12,18,18.495485
2000-12-19,2000,12,19,16.935318
2000-12-20,2000,12,20,14.876503
2000-12-21,2000,12,21,12.640881
2000-12-22,2000,12,22,12.07841
2000-12-23,2000,12,23,15.072096
2000-12-24,2000,12,24,14.991097
2000-12-25,2000,12,25,12.262652
2000-12-26,2000,12,26,10.800548
2000-12-27,2000,12,27,12.725042
2000-12-28,2000,12,28,11.529653
2000-12-29,2000,12,29,13.939037
2000-12-30,2000,12,30,16.377822
2000-12-31,2000,12,31,15.7931
2001-01-01,2001,1,1,16.826322
2001-01-02,2001,1,2,17.265087
2001-01-03,2001,1,3,15.504922
2001-01-04,2001,1,4,17.540479
2001-01-05,2001,1,5,17.81257
2001-01-06,2001,1,6,15.262636
2001-01-07,2001,1,7,11.441608
2001-01-08,2001,1,8,11.374235
2001-01-09,2001,1,9,10.1916
2001-01-10,2001,1,10,13.053291
2001-01-11,2001,1,11,17.59968
2001-01-12,2001,1,12,15.48724
2001-01-13,2001,1,13,14.538679
2001-01-14,2001,1,14,18.995967
2001-01-15,2001,1,15,18.447602
2001-01-16,2001,1,16,17.124932
2001-01-17,2001,1,17,13.959418
2001-01-18,2001,1,18,13.342794
2001-01-19,2001,1,19,17.077907
2001-01-20,2001,1,20,15.545958
2001-01-21,2001,1,21,13.692844
2001-01-22,2001,1,22,16.155831
2001-01-23,2001,1,23,15.684962
2001-01-24,2001,1,24,17.171459
2001-01-25,2001,1,25,17.376976
2001-01-26,2001,1,26,15.883874
2001-01-27,2001,1,27,13.340626
2001-01-28,2001,1,28,14.13308
2001-01-29,2001,1,29,13.846062
2001-01-30,2001,1,30,12.793603
2001-01-31,2001,1,31,15.611053
2001-02-01,2001,2,1,17.506426
2001-02-02,2001,2,2,16.841423
2001-02-03,2001,2,3,17.387562
2001-02-04,2001,2,4,16.12959
2001-02-05,2001,2,5,18.486589
2001-02-06,2001,2,6,20.497312
2001-02-07,2001,2,7,18.812455
2001-02-08,2001,2,8,18.200381
2001-02-09,2001,2,9,15.524807
2001-02-10,2001,2,10,19.464307
2001-02-11,2001,2,11,17.808408
2001-02-12,2001,2,12,20.243701
2001-02-13,2001,2,13,17.940911
2001-02-14,2001,2,14,16.543835
2001-02-15,2001,2,15,17.754155
2001-02-16,2001,2,16,17.474585
2001-02-17,2001,2,17,18.244911
2001-02-18,2001,2,18,18.620627
2001-02-19,2001,2,19,19.700019
2001-02-20,2001,2,20,17.669345
2001-02-21,2001,2,21,17.26325
2001-02-22,2001,2,22,15.631888
2001-02-23,2001,2,23,14.4878
2001-02-24,2001,2,24,15.408151
2001-02-25,2001,2,25,17.293783
2001-02-26,2001,2,26,17.004442
2001-02-27,2001,2,27,17.386534
2001-02-28,2001,2,28,17.836386
2001-03-01,2001,3,1,17.88329
2001-03-02,2001,3,2,18.349394
2001-03-03,2001,3,3,18.198931
2001-03-04,2001,3,4,15.159557
2001-03-05,2001,3,5,13.622179
2001-03-06,2001,3,6,17.578447
2001-03-07,2001,3,7,15.898156
2001-03-08,2001,3,8,16.491508
2001-03-09,2001,3,9,13.914951
2001-03-10,2001,3,10,13.92618
2001-03-11,2001,3,11,15.980024
2001-03-12,2001,3,12,14.735115
2001-03-13,2001,3,13,19.471628
2001-03-14,2001,3,14,20.285521
2001-03-15,2001,3,15,19.34223
2001-03-16,2001,3,16,19.698017
2001-03-17,2001,3,17,18.850748
2001-03-18,2001,3,18,17.322868
2001-03-19,2001,3,19,15.651732
2001-03-20,2001,3,20,11.159608
2001-03-21,2001,3,21,7.5963749
2001-03-22,2001,3,22,5.579109
2001-03-23,2001,3,23,4.5111905
2001-03-24,2001,3,24,7.8838321
2001-03-25,2001,3,25,9.7380959
2001-03-26,2001,3,26,9.8653032
2001-03-27,2001,3,27,10.776858
2001-03-28,2001,3,28,12.508378
2001-03-29,2001,3,29,14.186681
2001-03-30,2001,3,30,13.752599
2001-03-31,2001,3,31,14.890119
2001-04-01,2001,4,1,15.314329
2001-04-02,2001,4,2,14.993121
2001-04-03,2001,4,3,13.135169
2001-04-04,2001,4,4,10.268413
2001-04-05,2001,4,5,10.907747
2001-04-06,2001,4,6,13.052264
2001-04-07,2001,4,7,10.754621
2001-04-08,2001,4,8,12.615356
2001-04-09,2001,4,9,13.488636
2001-04-10,2001,4,10,12.007127
2001-04-11,2001,4,11,13.081977
2001-04-12,2001,4,12,15.460686
2001-04-13,2001,4,13,10.006623
2001-04-14,2001,4,14,10.94266
2001-04-15,2001,4,15,16.126982
2001-04-16,2001,4,16,16.1372
2001-04-17,2001,4,17,12.748007
2001-04-18,2001,4,18,11.525238
2001-04-19,2001,4,19,11.375179
2001-04-20,2001,4,20,11.037312
2001-04-21,2001,4,21,9.7100217
2001-04-22,2001,4,22,3.9641924
2001-04-23,2001,4,23,0.34053896
2001-04-24,2001,4,24,2.5065799
2001-04-25,2001,4,25,6.0772894
2001-04-26,2001,4,26,4.5927138
2001-04-27,2001,4,27,2.6162969
2001-04-28,2001,4,28,-1.9107967
2001-04-29,2001,4,29,-1.6186156
2001-04-30,2001,4,30,-0.56849913
2001-05-01,2001,5,1,2.6855427
2001-05-02,2001,5,2,7.0114397
2001-05-03,2001,5,3,8.4956301
2001-05-04,2001,5,4,10.738774
2001-05-05,2001,5,5,8.4830247
2001-05-06,2001,5,6,5.3458304
2001-05-07,2001,5,7,3.2537416
2001-05-08,2001,5,8,4.1872888
2001-05-09,2001,5,9,1.4411551
2001-05-10,2001,5,10,-1.2829853
2001-05-11,2001,5,11,-1.3208765
2001-05-12,2001,5,12,-0.11591298
2001-05-13,2001,5,13,3.5519427
2001-05-14,2001,5,14,1.9567169
2001-05-15,2001,5,15,-1.6571106
2001-05-16,2001,5,16,0.28589836
2001-05-17,2001,5,17,2.4525035
2001-05-18,2001,5,18,2.9841631
2001-05-19,2001,5,19,4.7810107
2001-05-20,2001,5,20,2.9314803
2001-05-21,2001,5,21,0.024181451
2001-05-22,2001,5,22,3.653361
2001-05-23,2001,5,23,5.66371
2001-05-24,2001,5,24,6.3292431
2001-05-25,2001,5,25,4.2022425
2001-05-26,2001,5,26,4.8073852
2001-05-27,2001,5,27,5.8749684
2001-05-28,2001,5,28,4.1865761
2001-05-29,2001,5,29,2.1378959
2001-05-30,2001,5,30,0.3450329
2001-05-31,2001,5,31,0.9841766
2001-06-01,2001,6,1,-0.38774522
2001-06-02,2001,6,2,-0.53748061
2001-06-03,2001,6,3,-0.23822279
2001-06-04,2001,6,4,2.4843701
2001-06-05,2001,6,5,-0.34459652
2001-06-06,2001,6,6,3.7870732
2001-06-07,2001,6,7,7.4640428
2001-06-08,2001,6,8,6.955269
2001-06-09,2001,6,9,6.0815455
2001-06-10,2001,6,10,10.079947
2001-06-11,2001,6,11,6.2247175
2001-06-12,2001,6,12,7.1968455
2001-06-13,2001,6,13,2.7123019
2001-06-14,2001,6,14,1.7127695
2001-06-15,2001,6,15,-0.86018982
2001-06-16,2001,6,16,-2.8613259
2001-06-17,2001,6,17,-4.4229192
2001-06-18,2001,6,18,-3.0996139
2001-06-19,2001,6,19,0.39774569
2001-06-20,2001,6,20,2.6735843
2001-06-21,2001,6,21,2.2088192
2001-06-22,2001,6,22,4.216525
2001-06-23,2001,6,23,-1.3466597
2001-06-24,2001,6,24,-2.1994999
2001-06-25,2001,6,25,4.7330952
2001-06-26,2001,6,26,6.7503897
2001-06-27,2001,6,27,8.7193401
2001-06-28,2001,6,28,6.2627768
2001-06-29,2001,6,29,1.2381623
2001-06-30,2001,6,30,3.2632981
2001-07-01,2001,7,1,1.66505
2001-07-02,2001,7,2,2.5643543
2001-07-03,2001,7,3,4.7607678
2001-07-04,2001,7,4,5.5012866
2001-07-05,2001,7,5,8.2350721
2001-07-06,2001,7,6,7.0329283
2001-07-07,2001,7,7,5.0030182
2001-07-08,2001,7,8,0.7089254
2001-07-09,2001,7,9,-2.0154438
2001-07-10,2001,7,10,-2.4309091
2001-07-11,2001,7,11,-1.6595089
2001-07-12,2001,7,12,0.29577325
2001-07-13,2001,7,13,-0.59820025
2001-07-14,2001,7,14,2.9922509
2001-07-15,2001,7,15,4.9359858
2001-07-16,2001,7,16,2.0774657
2001-07-17,2001,7,17,-1.6046746
2001-07-18,2001,7,18,-1.3859704
2001-07-19,2001,7,19,-1.4262426
2001-07-20,2001,7,20,-3.6644436
2001-07-21,2001,7,21,-2.6107606
2001-07-22,2001,7,22,2.8307133
2001-07-23,2001,7,23,0.65380925
2001-07-24,2001,7,24,-2.6260281
2001-07-25,2001,7,25,-5.0501678
2001-07-26,2001,7,26,-1.7274039
2001-07-27,2001,7,27,3.5371474
2001-07-28,2001,7,28,4.5796891
2001-07-29,2001,7,29,-0.92663915
2001-07-30,2001,7,30,-2.4090225
2001-07-31,2001,7,31,0.28378916
2001-08-01,2001,8,1,2.3915503
2001-08-02,2001,8,2,4.7098438
2001-08-03,2001,8,3,5.5380717
2001-08-04,2001,8,4,2.0506875
2001-08-05,2001,8,5,-2.2419251
2001-08-06,2001,8,6,1.3135057
2001-08-07,2001,8,7,6.7403351
2001-08-08,2001,8,8,6.1292808
2001-08-09,2001,8,9,6.4872942
2001-08-10,2001,8,10,10.19868
2001-08-11,2001,8,11,6.3637999
2001-08-12,2001,8,12,1.2201017
2001-08-13,2001,8,13,4.2398993
2001-08-14,2001,8,14,0.18857097
2001-08-15,2001,8,15,-0.68629426
2001-08-16,2001,8,16,-0.1519092
2001-08-17,2001,8,17,-0.66823419
2001-08-18,2001,8,18,-1.7953433
2001-08-19,2001,8,19,2.141503
2001-08-20,2001,8,20,9.0031334
2001-08-21,2001,8,21,10.436762
2001-08-22,2001,8,22,11.025953
2001-08-23,2001,8,23,9.3728616
2001-08-24,2001,8,24,5.9923994
2001-08-25,2001,8,25,-0.064942708
2001-08-26,2001,8,26,-2.8367599
2001-08-27,2001,8,27,-3.2143469
2001-08-28,2001,8,28,0.12890702
2001-08-29,2001,8,29,1.7994042
2001-08-30,2001,8,30,2.002089
2001-08-31,2001,8,31,2.182632
2001-09-01,2001,9,1,0.50042636
2001-09-02,2001,9,2,0.56931394
2001-09-03,2001,9,3,-1.8776567
2001-09-04,2001,9,4,1.963931
2001-09-05,2001,9,5,3.3144176
2001-09-06,2001,9,6,1.7029897
2001-09-07,2001,9,7,2.9373567
2001-09-08,2001,9,8,2.2506822
2001-09-09,2001,9,9,3.9540301
2001-09-10,2001,9,10,9.0608398
2001-09-11,2001,9,11,9.6168217
2001-09-12,2001,9,12,3.4815663
2001-09-13,2001,9,13,2.9605143
2001-09-14,2001,9,14,5.4832381
2001-09-15,2001,9,15,7.0459964
2001-09-16,2001,9,16,8.345332
2001-09-17,2001,9,17,3.6971367
2001-09-18,2001,9,18,6.254629
2001-09-19,2001,9,19,7.6810935
2001-09-20,2001,9,20,9.0380409
2001-09-21,2001,9,21,8.944041
2001-09-22,2001,9,22,7.3270468
2001-09-23,2001,9,23,3.6395515
2001-09-24,2001,9,24,4.9093612
2001-09-25,2001,9,25,5.6151075
2001-09-26,2001,9,26,1.6933262
2001-09-27,2001,9,27,-1.4805267
2001-09-28,2001,9,28,4.2094316
2001-09-29,2001,9,29,1.4628554
2001-09-30,2001,9,30,0.83974144
2001-10-01,2001,10,1,7.0952473
2001-10-02,2001,10,2,9.8186162
2001-10-03,2001,10,3,7.1187731
2001-10-04,2001,10,4,7.1763215
2001-10-05,2001,10,5,10.270865
2001-10-06,2001,10,6,4.9926463
2001-10-07,2001,10,7,2.545983
2001-10-08,2001,10,8,8.1575708
2001-10-09,2001,10,9,9.737707
2001-10-10,2001,10,10,9.4085037
2001-10-11,2001,10,11,9.6029143
2001-10-12,2001,10,12,11.281525
2001-10-13,2001,10,13,12.40421
2001-10-14,2001,10,14,12.323914
2001-10-15,2001,10,15,12.158676
2001-10-16,2001,10,16,12.691819
2001-10-17,2001,10,17,11.645855
2001-10-18,2001,10,18,10.79592
2001-10-19,2001,10,19,8.3782827
2001-10-20,2001,10,20,6.7333628
2001-10-21,2001,10,21,10.450883
2001-10-22,2001,10,22,10.546727
2001-10-23,2001,10,23,10.854447
2001-10-24,2001,10,24,11.048788
2001-10-25,2001,10,25,9.9888635
2001-10-26,2001,10,26,9.417667
2001-10-27,2001,10,27,7.3221964
2001-10-28,2001,10,28,5.8748721
2001-10-29,2001,10,29,9.3154571
2001-10-30,2001,10,30,12.538072
2001-10-31,2001,10,31,12.464207
2001-11-01,2001,11,1,12.115729
2001-11-02,2001,11,2,11.698672
2001-11-03,2001,11,3,9.8703234
2001-11-04,2001,11,4,7.598911
2001-11-05,2001,11,5,5.252769
2001-11-06,2001,11,6,4.1431145
2001-11-07,2001,11,7,7.3521118
2001-11-08,2001,11,8,7.8090007
2001-11-09,2001,11,9,5.0539438
2001-11-10,2001,11,10,6.3755435
2001-11-11,2001,11,11,9.6797631
2001-11-12,2001,11,12,8.7439053
2001-11-13,2001,11,13,6.277311
2001-11-14,2001,11,14,6.0155978
2001-11-15,2001,11,15,9.0715107
2001-11-16,2001,11,16,11.194982
2001-11-17,2001,11,17,12.196484
2001-11-18,2001,11,18,11.868369
2001-11-19,2001,11,19,12.329672
2001-11-20,2001,11,20,9.0251912
2001-11-21,2001,11,21,12.711485
2001-11-22,2001,11,22,13.186051
2001-11-23,2001,11,23,6.653731
2001-11-24,2001,11,24,11.060979
2001-11-25,2001,11,25,10.809824
2001-11-26,2001,11,26,13.039324
2001-11-27,2001,11,27,12.93778
2001-11-28,2001,11,28,12.756256
2001-11-29,2001,11,29,13.68028
2001-11-30,2001,11,30,15.091314
2001-12-01,2001,12,1,11.312456
2001-12-02,2001,12,2,8.5324494
2001-12-03,2001,12,3,11.214724
2001-12-04,2001,12,4,13.726055
2001-12-05,2001,12,5,15.33445
2001-12-06,2001,12,6,14.968381
2001-12-07,2001,12,7,16.236948
2001-12-08,2001,12,8,17.2353
2001-12-09,2001,12,9,15.540186
2001-12-10,2001,12,10,14.946774
2001-12-11,2001,12,11,16.468492
2001-12-12,2001,12,12,16.500932
2001-12-13,2001,12,13,14.565701
2001-12-14,2001,12,14,16.809672
2001-12-15,2001,12,15,19.410233
2001-12-16,2001,12,16,21.336103
2001-12-17,2001,12,17,20.243969
2001-12-18,2001,12,18,16.163469
2001-12-19,2001,12,19,15.856244
2001-12-20,2001,12,20,13.996222
2001-12-21,2001,12,21,12.083845
2001-12-22,2001,12,22,16.968151
2001-12-23,2001,12,23,19.228717
2001-12-24,2001,12,24,18.911359
2001-12-25,2001,12,25,17.345266
2001-12-26,2001,12,26,17.24714
2001-12-27,2001,12,27,17.731111
2001-12-28,2001,12,28,17.738897
2001-12-29,2001,12,29,16.088341
2001-12-30,2001,12,30,15.350075
2001-12-31,2001,12,31,15.066097
2002-01-01,2002,1,1,13.915822
2002-01-02,2002,1,2,14.820855
2002-01-03,2002,1,3,14.703488
2002-01-04,2002,1,4,10.80401
2002-01-05,2002,1,5,14.69818
2002-01-06,2002,1,6,16.193035
2002-01-07,2002,1,7,14.358798
2002-01-08,2002,1,8,14.530512
2002-01-09,2002,1,9,18.010912
2002-01-10,2002,1,10,18.743666
2002-01-11,2002,1,11,19.148705
2002-01-12,2002,1,12,17.333192
2002-01-13,2002,1,13,13.686539
2002-01-14,2002,1,14,16.561304
2002-01-15,2002,1,15,15.050115
2002-01-16,2002,1,16,13.455794
2002-01-17,2002,1,17,13.910517
2002-01-18,2002,1,18,13.744132
2002-01-19,2002,1,19,13.191851
2002-01-20,2002,1,20,14.329459
2002-01-21,2002,1,21,14.900159
2002-01-22,2002,1,22,15.588912
2002-01-23,2002,1,23,14.945056
2002-01-24,2002,1,24,15.698029
2002-01-25,2002,1,25,13.782026
2002-01-26,2002,1,26,12.509465
2002-01-27,2002,1,27,17.260362
2002-01-28,2002,1,28,15.888463
2002-01-29,2002,1,29,16.373657
2002-01-30,2002,1,30,13.30478
2002-01-31,2002,1,31,17.09517
2002-02-01,2002,2,1,20.029789
2002-02-02,2002,2,2,20.185885
2002-02-03,2002,2,3,18.864024
2002-02-04,2002,2,4,16.892263
2002-02-05,2002,2,5,14.689938
2002-02-06,2002,2,6,14.103779
2002-02-07,2002,2,7,12.368197
2002-02-08,2002,2,8,12.652388
2002-02-09,2002,2,9,13.159706
2002-02-10,2002,2,10,12.459615
2002-02-11,2002,2,11,13.882186
2002-02-12,2002,2,12,15.708128
2002-02-13,2002,2,13,14.904554
2002-02-14,2002,2,14,15.030297
2002-02-15,2002,2,15,15.693923
2002-02-16,2002,2,16,17.003779
2002-02-17,2002,2,17,15.16615
2002-02-18,2002,2,18,15.268683
2002-02-19,2002,2,19,14.17012
2002-02-20,2002,2,20,14.507226
2002-02-21,2002,2,21,15.052202
2002-02-22,2002,2,22,15.549112
2002-02-23,2002,2,23,15.394475
2002-02-24,2002,2,24,15.982112
2002-02-25,2002,2,25,15.473684
2002-02-26,2002,2,26,15.028423
2002-02-27,2002,2,27,12.742336
2002-02-28,2002,2,28,13.014299
2002-03-01,2002,3,1,16.923987
2002-03-02,2002,3,2,16.36186
2002-03-03,2002,3,3,15.088883
2002-03-04,2002,3,4,17.137408
2002-03-05,2002,3,5,17.240044
2002-03-06,2002,3,6,16.830079
2002-03-07,2002,3,7,15.143627
2002-03-08,2002,3,8,14.100383
2002-03-09,2002,3,9,15.374273
2002-03-10,2002,3,10,14.310652
2002-03-11,2002,3,11,16.004903
2002-03-12,2002,3,12,16.041452
2002-03-13,2002,3,13,13.029426
2002-03-14,2002,3,14,11.769176
2002-03-15,2002,3,15,10.852941
2002-03-16,2002,3,16,10.747647
2002-03-17,2002,3,17,13.247795
2002-03-18,2002,3,18,12.222666
2002-03-19,2002,3,19,12.824215
2002-03-20,2002,3,20,19.236285
2002-03-21,2002,3,21,17.277181
2002-03-22,2002,3,22,15.664828
2002-03-23,2002,3,23,14.136711
2002-03-24,2002,3,24,12.248879
2002-03-25,2002,3,25,12.4929
2002-03-26,2002,3,26,12.026676
2002-03-27,2002,3,27,12.964453
2002-03-28,2002,3,28,9.7637945
2002-03-29,2002,3,29,4.503535
2002-03-30,2002,3,30,8.004854
2002-03-31,2002,3,31,14.363998
2002-04-01,2002,4,1,11.923183
2002-04-02,2002,4,2,11.374541
2002-04-03,2002,4,3,12.365828
2002-04-04,2002,4,4,13.046876
2002-04-05,2002,4,5,13.829338
2002-04-06,2002,4,6,6.5301465
2002-04-07,2002,4,7,10.540256
2002-04-08,2002,4,8,10.788814
2002-04-09,2002,4,9,8.8294823
2002-04-10,2002,4,10,5.6994748
2002-04-11,2002,4,11,6.2118955
2002-04-12,2002,4,12,4.4594124
2002-04-13,2002,4,13,6.5046061
2002-04-14,2002,4,14,8.9949585
2002-04-15,2002,4,15,6.1308921
2002-04-16,2002,4,16,5.1114586
2002-04-17,2002,4,17,8.9156027
2002-04-18,2002,4,18,12.287957
2002-04-19,2002,4,19,7.7318723
2002-04-20,2002,4,20,12.303026
2002-04-21,2002,4,21,9.5496438
2002-04-22,2002,4,22,6.1185946
2002-04-23,2002,4,23,9.038192
2002-04-24,2002,4,24,4.0229175
2002-04-25,2002,4,25,6.0710615
2002-04-26,2002,4,26,11.378804
2002-04-27,2002,4,27,12.66802
2002-04-28,2002,4,28,7.6966531
2002-04-29,2002,4,29,4.3975336
2002-04-30,2002,4,30,9.5784826
2002-05-01,2002,5,1,7.9541226
2002-05-02,2002,5,2,9.225954
2002-05-03,2002,5,3,10.270863
2002-05-04,2002,5,4,10.432485
2002-05-05,2002,5,5,11.330976
2002-05-06,2002,5,6,13.186521
2002-05-07,2002,5,7,12.36911
2002-05-08,2002,5,8,13.235017
2002-05-09,2002,5,9,13.877537
2002-05-10,2002,5,10,11.169019
2002-05-11,2002,5,11,11.533811
2002-05-12,2002,5,12,12.188667
2002-05-13,2002,5,13,8.1920067
2002-05-14,2002,5,14,4.6072419
2002-05-15,2002,5,15,1.3445
2002-05-16,2002,5,16,2.6707771
2002-05-17,2002,5,17,2.0635946
2002-05-18,2002,5,18,-0.388606
2002-05-19,2002,5,19,-1.7666078
2002-05-20,2002,5,20,-1.5574808
2002-05-21,2002,5,21,5.1020726
2002-05-22,2002,5,22,4.8366767
2002-05-23,2002,5,23,7.5295221
2002-05-24,2002,5,24,7.7145243
2002-05-25,2002,5,25,3.1727418
2002-05-26,2002,5,26,1.0812273
2002-05-27,2002,5,27,-0.9548208
2002-05-28,2002,5,28,-0.56829146
2002-05-29,2002,5,29,-0.56062189
2002-05-30,2002,5,30,-2.0411901
2002-05-31,2002,5,31,-0.35109297
2002-06-01,2002,6,1,-1.0579479
2002-06-02,2002,6,2,0.89495507
2002-06-03,2002,6,3,-0.35083983
2002-06-04,2002,6,4,-1.7617636
2002-06-05,2002,6,5,-4.1122043
2002-06-06,2002,6,6,-4.2343235
2002-06-07,2002,6,7,-2.7882898
2002-06-08,2002,6,8,1.4330344
2002-06-09,2002,6,9,1.7003941
2002-06-10,2002,6,10,6.5844682
2002-06-11,2002,6,11,3.8921026
2002-06-12,2002,6,12,1.7495961
2002-06-13,2002,6,13,0.29187866
2002-06-14,2002,6,14,1.1359036
2002-06-15,2002,6,15,2.2130711
2002-06-16,2002,6,16,3.5625424
2002-06-17,2002,6,17,1.7019923
2002-06-18,2002,6,18,3.4764732
2002-06-19,2002,6,19,8.0190299
2002-06-20,2002,6,20,8.4364952
2002-06-21,2002,6,21,10.855171
2002-06-22,2002,6,22,11.46826
2002-06-23,2002,6,23,9.5665484
2002-06-24,2002,6,24,10.084169
2002-06-25,2002,6,25,7.1472168
2002-06-26,2002,6,26,3.6303587
2002-06-27,2002,6,27,-0.7883191
2002-06-28,2002,6,28,-3.0832963
2002-06-29,2002,6,29,-3.9571508
2002-06-30,2002,6,30,-2.3531304
2002-07-01,2002,7,1,0.013731136
2002-07-02,2002,7,2,-0.66297633
2002-07-03,2002,7,3,-2.8257237
2002-07-04,2002,7,4,0.24147455
2002-07-05,2002,7,5,2.2026935
2002-07-06,2002,7,6,2.1798971
2002-07-07,2002,7,7,3.5063674
2002-07-08,2002,7,8,2.5016852
2002-07-09,2002,7,9,0.15566722
2002-07-10,2002,7,10,1.3897149
2002-07-11,2002,7,11,2.5606637
2002-07-12,2002,7,12,4.7416808
2002-07-13,2002,7,13,6.4231685
2002-07-14,2002,7,14,6.2178102
2002-07-15,2002,7,15,5.6731876
2002-07-16,2002,7,16,6.4221095
2002-07-17,2002,7,17,5.6575769
2002-07-18,2002,7,18,6.6360492
2002-07-19,2002,7,19,2.1520791
2002-07-20,2002,7,20,-0.73619559
2002-07-21,2002,7,21,-2.4139394
2002-07-22,2002,7,22,-3.5519862
2002-07-23,2002,7,23,-3.3611043
2002-07-24,2002,7,24,-4.4075476
2002-07-25,2002,7,25,-1.0364869
2002-07-26,2002,7,26,-3.0545225
2002-07-27,2002,7,27,1.7319829
2002-07-28,2002,7,28,6.2412406
2002-07-29,2002,7,29,2.4894589
2002-07-30,2002,7,30,-3.1238532
2002-07-31,2002,7,31,-2.1984636
2002-08-01,2002,8,1,-0.44931874
2002-08-02,2002,8,2,3.6698191
2002-08-03,2002,8,3,1.2547215
2002-08-04,2002,8,4,-0.03880546
2002-08-05,2002,8,5,-2.1691806
2002-08-06,2002,8,6,0.74942099
2002-08-07,2002,8,7,-0.41100662
2002-08-08,2002,8,8,-0.52783831
2002-08-09,2002,8,9,5.5243449
2002-08-10,2002,8,10,6.5711458
2002-08-11,2002,8,11,6.4108513
2002-08-12,2002,8,12,7.1918611
2002-08-13,2002,8,13,7.2013345
2002-08-14,2002,8,14,7.0959294
2002-08-15,2002,8,15,7.2595078
2002-08-16,2002,8,16,7.4461915
2002-08-17,2002,8,17,3.9847229
2002-08-18,2002,8,18,-1.7859417
2002-08-19,2002,8,19,-5.1968147
2002-08-20,2002,8,20,-1.6992473
2002-08-21,2002,8,21,4.0104472
2002-08-22,2002,8,22,1.4945923
2002-08-23,2002,8,23,1.2398484
2002-08-24,2002,8,24,2.2731707
2002-08-25,2002,8,25,4.7857504
2002-08-26,2002,8,26,6.4732719
2002-08-27,2002,8,27,2.7860133
2002-08-28,2002,8,28,-2.7669234
2002-08-29,2002,8,29,-0.76334707
2002-08-30,2002,8,30,-0.62302436
2002-08-31,2002,8,31,3.4870311
2002-09-01,2002,9,1,7.2450291
2002-09-02,2002,9,2,6.6699907
2002-09-03,2002,9,3,5.9823706
2002-09-04,2002,9,4,3.7095658
2002-09-05,2002,9,5,-0.46520169
2002-09-06,2002,9,6,-1.1816375
2002-09-07,2002,9,7,3.6769456
2002-09-08,2002,9,8,3.7195991
2002-09-09,2002,9,9,5.31427
2002-09-10,2002,9,10,0.45617862
2002-09-11,2002,9,11,2.4824686
2002-09-12,2002,9,12,6.3434925
2002-09-13,2002,9,13,3.0710132
2002-09-14,2002,9,14,2.0951033
2002-09-15,2002,9,15,1.8804432
2002-09-16,2002,9,16,-0.22861097
2002-09-17,2002,9,17,1.5952341
2002-09-18,2002,9,18,0.31269675
2002-09-19,2002,9,19,0.07427341
2002-09-20,2002,9,20,4.6107591
2002-09-21,2002,9,21,7.4104822
2002-09-22,2002,9,22,6.0120925
2002-09-23,2002,9,23,8.0767729
2002-09-24,2002,9,24,8.7792119
2002-09-25,2002,9,25,7.9117641
2002-09-26,2002,9,26,10.766553
2002-09-27,2002,9,27,7.9919962
2002-09-28,2002,9,28,6.962073
2002-09-29,2002,9,29,4.870859
2002-09-30,2002,9,30,8.3631421
2002-10-01,2002,10,1,9.233823
2002-10-02,2002,10,2,4.1137213
2002-10-03,2002,10,3,5.3429686
2002-10-04,2002,10,4,3.990915
2002-10-05,2002,10,5,7.4793605
2002-10-06,2002,10,6,2.2583139
2002-10-07,2002,10,7,4.0169089
2002-10-08,2002,10,8,5.3201131
2002-10-09,2002,10,9,8.2250659
2002-10-10,2002,10,10,9.093011
2002-10-11,2002,10,11,7.7568554
2002-10-12,2002,10,12,12.307158
2002-10-13,2002,10,13,10.933781
2002-10-14,2002,10,14,8.0430725
2002-10-15,2002,10,15,6.7989795
2002-10-16,2002,10,16,10.060997
2002-10-17,2002,10,17,10.819768
2002-10-18,2002,10,18,7.1142239
2002-10-19,2002,10,19,7.3948244
2002-10-20,2002,10,20,0.22903134
2002-10-21,2002,10,21,8.2594603
2002-10-22,2002,10,22,11.111716
2002-10-23,2002,10,23,6.8266613
2002-10-24,2002,10,24,7.5992662
2002-10-25,2002,10,25,5.6736113
2002-10-26,2002,10,26,5.7619826
2002-10-27,2002,10,27,6.2726891
2002-10-28,2002,10,28,7.1382837
2002-10-29,2002,10,29,9.2712355
2002-10-30,2002,10,30,10.675895
2002-10-31,2002,10,31,11.173029
2002-11-01,2002,11,1,9.2229531
2002-11-02,2002,11,2,4.8622328
2002-11-03,2002,11,3,6.9131433
2002-11-04,2002,11,4,8.2295219
2002-11-05,2002,11,5,10.202541
2002-11-06,2002,11,6,7.8387794
2002-11-07,2002,11,7,6.5150676
2002-11-08,2002,11,8,4.1736567
2002-11-09,2002,11,9,2.0521906
2002-11-10,2002,11,10,7.1311691
2002-11-11,2002,11,11,10.243962
2002-11-12,2002,11,12,10.435846
2002-11-13,2002,11,13,10.288704
2002-11-14,2002,11,14,11.949915
2002-11-15,2002,11,15,14.10783
2002-11-16,2002,11,16,11.753991
2002-11-17,2002,11,17,8.4520841
2002-11-18,2002,11,18,8.4594268
2002-11-19,2002,11,19,6.9899093
2002-11-20,2002,11,20,7.335976
2002-11-21,2002,11,21,14.644974
2002-11-22,2002,11,22,15.555189
2002-11-23,2002,11,23,16.081762
2002-11-24,2002,11,24,12.538759
2002-11-25,2002,11,25,13.839626
2002-11-26,2002,11,26,10.552701
2002-11-27,2002,11,27,12.805169
2002-11-28,2002,11,28,13.543484
2002-11-29,2002,11,29,11.931273
2002-11-30,2002,11,30,9.6765966
2002-12-01,2002,12,1,10.818419
2002-12-02,2002,12,2,11.736315
2002-12-03,2002,12,3,11.823974
2002-12-04,2002,12,4,10.964303
2002-12-05,2002,12,5,11.06681
2002-12-06,2002,12,6,12.011625
2002-12-07,2002,12,7,12.001131
2002-12-08,2002,12,8,11.659763
2002-12-09,2002,12,9,10.988877
2002-12-10,2002,12,10,13.337324
2002-12-11,2002,12,11,16.256936
2002-12-12,2002,12,12,17.303384
2002-12-13,2002,12,13,15.424545
2002-12-14,2002,12,14,16.392392
2002-12-15,2002,12,15,12.259629
2002-12-16,2002,12,16,13.659777
2002-12-17,2002,12,17,14.90229
2002-12-18,2002,12,18,11.666682
2002-12-19,2002,12,19,11.314928
2002-12-20,2002,12,20,12.415501
2002-12-21,2002,12,21,12.572615
2002-12-22,2002,12,22,9.1816613
2002-12-23,2002,12,23,10.867238
2002-12-24,2002,12,24,13.714153
2002-12-25,2002,12,25,16.82699
2002-12-26,2002,12,26,15.561924
2002-12-27,2002,12,27,15.646115
2002-12-28,2002,12,28,13.428534
2002-12-29,2002,12,29,14.620924
2002-12-30,2002,12,30,15.830202
2002-12-31,2002,12,31,15.757387
2003-01-01,2003,1,1,15.960716
2003-01-02,2003,1,2,15.073765
2003-01-03,2003,1,3,14.89207
2003-01-04,2003,1,4,14.532966
2003-01-05,2003,1,5,15.916635
2003-01-06,2003,1,6,18.425276
2003-01-07,2003,1,7,15.154277
2003-01-08,2003,1,8,15.837647
2003-01-09,2003,1,9,17.535073
2003-01-10,2003,1,10,17.111768
2003-01-11,2003,1,11,16.62519
2003-01-12,2003,1,12,18.309501
2003-01-13,2003,1,13,16.432992
2003-01-14,2003,1,14,15.317035
2003-01-15,2003,1,15,16.027082
2003-01-16,2003,1,16,15.741213
2003-01-17,2003,1,17,14.754735
2003-01-18,2003,1,18,15.751028
2003-01-19,2003,1,19,13.350653
2003-01-20,2003,1,20,9.9535222
2003-01-21,2003,1,21,9.1929395
2003-01-22,2003,1,22,6.2405739
2003-01-23,2003,1,23,12.347158
2003-01-24,2003,1,24,17.153724
2003-01-25,2003,1,25,17.228164
2003-01-26,2003,1,26,18.492834
2003-01-27,2003,1,27,18.635838
2003-01-28,2003,1,28,19.649524
2003-01-29,2003,1,29,21.047135
2003-01-30,2003,1,30,20.116085
2003-01-31,2003,1,31,16.389513
2003-02-01,2003,2,1,17.168057
2003-02-02,2003,2,2,16.073205
2003-02-03,2003,2,3,17.234348
2003-02-04,2003,2,4,16.762777
2003-02-05,2003,2,5,18.171522
2003-02-06,2003,2,6,15.783044
2003-02-07,2003,2,7,16.478174
2003-02-08,2003,2,8,16.046333
2003-02-09,2003,2,9,16.571904
2003-02-10,2003,2,10,15.626013
2003-02-11,2003,2,11,14.489087
2003-02-12,2003,2,12,15.825309
2003-02-13,2003,2,13,19.785243
2003-02-14,2003,2,14,13.730828
2003-02-15,2003,2,15,12.402423
2003-02-16,2003,2,16,13.389135
2003-02-17,2003,2,17,13.261186
2003-02-18,2003,2,18,10.680491
2003-02-19,2003,2,19,8.9995207
2003-02-20,2003,2,20,9.7087555
2003-02-21,2003,2,21,13.66861
2003-02-22,2003,2,22,14.061656
2003-02-23,2003,2,23,16.636226
2003-02-24,2003,2,24,18.402195
2003-02-25,2003,2,25,16.914955
2003-02-26,2003,2,26,14.375746
2003-02-27,2003,2,27,13.729448
2003-02-28,2003,2,28,13.93799
2003-03-01,2003,3,1,15.107429
2003-03-02,2003,3,2,14.815908
2003-03-03,2003,3,3,17.930177
2003-03-04,2003,3,4,17.293089
2003-03-05,2003,3,5,12.491084
2003-03-06,2003,3,6,16.155892
2003-03-07,2003,3,7,16.198003
2003-03-08,2003,3,8,15.934442
2003-03-09,2003,3,9,14.661056
2003-03-10,2003,3,10,15.747602
2003-03-11,2003,3,11,15.848007
2003-03-12,2003,3,12,14.034594
2003-03-13,2003,3,13,13.341916
2003-03-14,2003,3,14,11.153909
2003-03-15,2003,3,15,12.831531
2003-03-16,2003,3,16,18.485806
2003-03-17,2003,3,17,17.892524
2003-03-18,2003,3,18,15.854777
2003-03-19,2003,3,19,13.223662
2003-03-20,2003,3,20,15.582431
2003-03-21,2003,3,21,18.230691
2003-03-22,2003,3,22,14.147054
2003-03-23,2003,3,23,12.78984
2003-03-24,2003,3,24,14.638879
2003-03-25,2003,3,25,16.571183
2003-03-26,2003,3,26,14.495512
2003-03-27,2003,3,27,13.72583
2003-03-28,2003,3,28,14.509206
2003-03-29,2003,3,29,14.096106
2003-03-30,2003,3,30,12.618648
2003-03-31,2003,3,31,20.1103
2003-04-01,2003,4,1,13.750758
2003-04-02,2003,4,2,11.180561
2003-04-03,2003,4,3,10.33161
2003-04-04,2003,4,4,10.637196
2003-04-05,2003,4,5,14.245265
2003-04-06,2003,4,6,14.067271
2003-04-07,2003,4,7,13.663625
2003-04-08,2003,4,8,11.513899
2003-04-09,2003,4,9,13.261247
2003-04-10,2003,4,10,16.234076
2003-04-11,2003,4,11,16.906145
2003-04-12,2003,4,12,17.771288
2003-04-13,2003,4,13,18.454329
2003-04-14,2003,4,14,16.072495
2003-04-15,2003,4,15,14.256566
2003-04-16,2003,4,16,10.278838
2003-04-17,2003,4,17,6.0186629
2003-04-18,2003,4,18,4.5278157
2003-04-19,2003,4,19,8.8476387
2003-04-20,2003,4,20,10.181594
2003-04-21,2003,4,21,7.5587673
2003-04-22,2003,4,22,10.121373
2003-04-23,2003,4,23,10.850546
2003-04-24,2003,4,24,10.634869
2003-04-25,2003,4,25,6.9744609
2003-04-26,2003,4,26,8.1148584
2003-04-27,2003,4,27,9.4620409
2003-04-28,2003,4,28,9.9426187
2003-04-29,2003,4,29,4.5077667
2003-04-30,2003,4,30,8.2019796
2003-05-01,2003,5,1,10.649644
2003-05-02,2003,5,2,16.33848
2003-05-03,2003,5,3,13.341195
2003-05-04,2003,5,4,10.99703
2003-05-05,2003,5,5,13.238336
2003-05-06,2003,5,6,14.929642
2003-05-07,2003,5,7,14.914929
2003-05-08,2003,5,8,13.088883
2003-05-09,2003,5,9,9.9013259
2003-05-10,2003,5,10,9.3089083
2003-05-11,2003,5,11,11.793872
2003-05-12,2003,5,12,11.263447
2003-05-13,2003,5,13,10.04341
2003-05-14,2003,5,14,5.8918948
2003-05-15,2003,5,15,7.5750271
2003-05-16,2003,5,16,7.0336915
2003-05-17,2003,5,17,4.8400124
2003-05-18,2003,5,18,7.4736777
2003-05-19,2003,5,19,6.2103568
2003-05-20,2003,5,20,2.7881581
2003-05-21,2003,5,21,0.9270668
2003-05-22,2003,5,22,0.68736306
2003-05-23,2003,5,23,6.909469
2003-05-24,2003,5,24,6.8563655
2003-05-25,2003,5,25,6.4202628
2003-05-26,2003,5,26,4.3399795
2003-05-27,2003,5,27,5.8168687
2003-05-28,2003,5,28,7.7559192
2003-05-29,2003,5,29,7.9158923
2003-05-30,2003,5,30,7.6073651
2003-05-31,2003,5,31,7.5312093
2003-06-01,2003,6,1,6.5225973
2003-06-02,2003,6,2,2.4936004
2003-06-03,2003,6,3,4.5344569
2003-06-04,2003,6,4,4.8820702
2003-06-05,2003,6,5,1.6949425
2003-06-06,2003,6,6,5.4609759
2003-06-07,2003,6,7,7.3888473
2003-06-08,2003,6,8,5.4457594
2003-06-09,2003,6,9,3.8628202
2003-06-10,2003,6,10,-0.30932581
2003-06-11,2003,6,11,1.512224
2003-06-12,2003,6,12,0.14157165
2003-06-13,2003,6,13,2.4160755
2003-06-14,2003,6,14,2.0554104
2003-06-15,2003,6,15,0.5532965
2003-06-16,2003,6,16,3.1828318
2003-06-17,2003,6,17,2.4826731
2003-06-18,2003,6,18,2.5925545
2003-06-19,2003,6,19,6.9991438
2003-06-20,2003,6,20,3.7068981
2003-06-21,2003,6,21,5.5028031
2003-06-22,2003,6,22,4.0176383
2003-06-23,2003,6,23,2.8964419
2003-06-24,2003,6,24,5.9294825
2003-06-25,2003,6,25,6.6468823
2003-06-26,2003,6,26,5.3228453
2003-06-27,2003,6,27,1.4031495
2003-06-28,2003,6,28,7.6562494
2003-06-29,2003,6,29,9.2258306
2003-06-30,2003,6,30,6.3605251
2003-07-01,2003,7,1,6.7063072
2003-07-02,2003,7,2,6.2933325
2003-07-03,2003,7,3,5.2066753
2003-07-04,2003,7,4,1.3321452
2003-07-05,2003,7,5,-0.77322439
2003-07-06,2003,7,6,-1.0389055
2003-07-07,2003,7,7,-1.8672108
2003-07-08,2003,7,8,-3.9934755
2003-07-09,2003,7,9,-0.7006171
2003-07-10,2003,7,10,-0.14663855
2003-07-11,2003,7,11,2.9539546
2003-07-12,2003,7,12,3.7658896
2003-07-13,2003,7,13,3.7232561
2003-07-14,2003,7,14,-2.2581133
2003-07-15,2003,7,15,-0.22755606
2003-07-16,2003,7,16,5.3160988
2003-07-17,2003,7,17,6.0492452
2003-07-18,2003,7,18,6.2554133
2003-07-19,2003,7,19,6.8483454
2003-07-20,2003,7,20,1.0589627
2003-07-21,2003,7,21,-0.87126333
2003-07-22,2003,7,22,-2.4609115
2003-07-23,2003,7,23,-0.9022054
2003-07-24,2003,7,24,-1.3365736
2003-07-25,2003,7,25,-1.8242222
2003-07-26,2003,7,26,1.1287768
2003-07-27,2003,7,27,-1.6917204
2003-07-28,2003,7,28,-0.36511628
2003-07-29,2003,7,29,5.6457339
2003-07-30,2003,7,30,9.1749391
2003-07-31,2003,7,31,6.1799192
2003-08-01,2003,8,1,-1.4869071
2003-08-02,2003,8,2,3.9590262
2003-08-03,2003,8,3,1.8750664
2003-08-04,2003,8,4,-3.2542684
2003-08-05,2003,8,5,-4.5090596
2003-08-06,2003,8,6,1.390144
2003-08-07,2003,8,7,1.5077641
2003-08-08,2003,8,8,4.609067
2003-08-09,2003,8,9,8.5665334
2003-08-10,2003,8,10,9.2012137
2003-08-11,2003,8,11,7.8019754
2003-08-12,2003,8,12,6.1240259
2003-08-13,2003,8,13,3.0432314
2003-08-14,2003,8,14,3.9696388
2003-08-15,2003,8,15,5.6435527
2003-08-16,2003,8,16,9.4331939
2003-08-17,2003,8,17,11.041514
2003-08-18,2003,8,18,7.2707089
2003-08-19,2003,8,19,2.7411242
2003-08-20,2003,8,20,3.0289361
2003-08-21,2003,8,21,1.1738349
2003-08-22,2003,8,22,0.60039261
2003-08-23,2003,8,23,-0.075131133
2003-08-24,2003,8,24,2.7701532
2003-08-25,2003,8,25,8.1271092
2003-08-26,2003,8,26,8.4009324
2003-08-27,2003,8,27,6.6351883
2003-08-28,2003,8,28,6.2293619
2003-08-29,2003,8,29,6.0184783
2003-08-30,2003,8,30,3.8559322
2003-08-31,2003,8,31,6.683075
2003-09-01,2003,9,1,10.879319
2003-09-02,2003,9,2,11.487687
2003-09-03,2003,9,3,8.8548042
2003-09-04,2003,9,4,6.7721051
2003-09-05,2003,9,5,2.5282839
2003-09-06,2003,9,6,0.47940695
2003-09-07,2003,9,7,-2.2359104
2003-09-08,2003,9,8,-3.7879035
2003-09-09,2003,9,9,-1.1952305
2003-09-10,2003,9,10,6.5871172
2003-09-11,2003,9,11,7.173726
2003-09-12,2003,9,12,6.5671934
2003-09-13,2003,9,13,10.157413
2003-09-14,2003,9,14,5.5983224
2003-09-15,2003,9,15,6.4843711
2003-09-16,2003,9,16,8.7107376
2003-09-17,2003,9,17,6.4233558
2003-09-18,2003,9,18,2.7759092
2003-09-19,2003,9,19,3.4631735
2003-09-20,2003,9,20,9.1394526
2003-09-21,2003,9,21,9.2992335
2003-09-22,2003,9,22,4.328096
2003-09-23,2003,9,23,6.9702771
2003-09-24,2003,9,24,6.8988691
2003-09-25,2003,9,25,4.6174967
2003-09-26,2003,9,26,5.3641199
2003-09-27,2003,9,27,2.7483744
2003-09-28,2003,9,28,8.2427927
2003-09-29,2003,9,29,9.7701964
2003-09-30,2003,9,30,7.0593009
2003-10-01,2003,10,1,7.5264204
2003-10-02,2003,10,2,8.6900578
2003-10-03,2003,10,3,8.9919303
2003-10-04,2003,10,4,9.9910501
2003-10-05,2003,10,5,10.889096
2003-10-06,2003,10,6,9.0839767
2003-10-07,2003,10,7,4.5893768
2003-10-08,2003,10,8,3.5318762
2003-10-09,2003,10,9,6.880054
2003-10-10,2003,10,10,7.8395444
2003-10-11,2003,10,11,10.381916
2003-10-12,2003,10,12,12.247355
2003-10-13,2003,10,13,13.218608
2003-10-14,2003,10,14,14.035264
2003-10-15,2003,10,15,9.3878514
2003-10-16,2003,10,16,8.565859
2003-10-17,2003,10,17,8.4444734
2003-10-18,2003,10,18,9.4201436
2003-10-19,2003,10,19,11.125574
2003-10-20,2003,10,20,10.220547
2003-10-21,2003,10,21,7.8116194
2003-10-22,2003,10,22,12.369764
2003-10-23,2003,10,23,8.3003332
2003-10-24,2003,10,24,6.9293362
2003-10-25,2003,10,25,4.6986894
2003-10-26,2003,10,26,6.0715985
2003-10-27,2003,10,27,11.302057
2003-10-28,2003,10,28,14.186112
2003-10-29,2003,10,29,14.189156
2003-10-30,2003,10,30,11.342528
2003-10-31,2003,10,31,11.57119
2003-11-01,2003,11,1,10.966347
2003-11-02,2003,11,2,10.794714
2003-11-03,2003,11,3,9.5768618
2003-11-04,2003,11,4,10.536575
2003-11-05,2003,11,5,12.729862
2003-11-06,2003,11,6,12.687909
2003-11-07,2003,11,7,10.778372
2003-11-08,2003,11,8,9.9379367
2003-11-09,2003,11,9,13.24149
2003-11-10,2003,11,10,12.717364
2003-11-11,2003,11,11,6.4526324
2003-11-12,2003,11,12,10.771118
2003-11-13,2003,11,13,14.814226
2003-11-14,2003,11,14,11.930951
2003-11-15,2003,11,15,6.7452877
2003-11-16,2003,11,16,5.8520291
2003-11-17,2003,11,17,4.995278
2003-11-18,2003,11,18,12.592869
2003-11-19,2003,11,19,13.862122
2003-11-20,2003,11,20,14.717713
2003-11-21,2003,11,21,14.617836
2003-11-22,2003,11,22,13.130302
2003-11-23,2003,11,23,13.307518
2003-11-24,2003,11,24,10.657523
2003-11-25,2003,11,25,11.601784
2003-11-26,2003,11,26,10.976626
2003-11-27,2003,11,27,11.690613
2003-11-28,2003,11,28,12.402221
2003-11-29,2003,11,29,11.474994
2003-11-30,2003,11,30,14.099611
2003-12-01,2003,12,1,12.15325
2003-12-02,2003,12,2,11.528034
2003-12-03,2003,12,3,11.058554
2003-12-04,2003,12,4,8.8030114
2003-12-05,2003,12,5,13.553263
2003-12-06,2003,12,6,13.359625
2003-12-07,2003,12,7,10.460753
2003-12-08,2003,12,8,7.9616916
2003-12-09,2003,12,9,12.427405
2003-12-10,2003,12,10,8.1195156
2003-12-11,2003,12,11,11.773457
2003-12-12,2003,12,12,11.774686
2003-12-13,2003,12,13,11.866754
2003-12-14,2003,12,14,8.8641074
2003-12-15,2003,12,15,10.39815
2003-12-16,2003,12,16,15.880307
2003-12-17,2003,12,17,17.660323
2003-12-18,2003,12,18,16.568716
2003-12-19,2003,12,19,15.511682
2003-12-20,2003,12,20,16.159674
2003-12-21,2003,12,21,12.204622
2003-12-22,2003,12,22,16.715719
2003-12-23,2003,12,23,16.358526
2003-12-24,2003,12,24,15.521073
2003-12-25,2003,12,25,16.255552
2003-12-26,2003,12,26,13.197654
2003-12-27,2003,12,27,11.240169
2003-12-28,2003,12,28,15.282751
2003-12-29,2003,12,29,13.857975
2003-12-30,2003,12,30,14.58394
2003-12-31,2003,12,31,15.581255
2004-01-01,2004,1,1,16.58016
2004-01-02,2004,1,2,17.19235
2004-01-03,2004,1,3,15.597732
2004-01-04,2004,1,4,17.108425
2004-01-05,2004,1,5,17.433016
2004-01-06,2004,1,6,17.137431
2004-01-07,2004,1,7,18.05482
2004-01-08,2004,1,8,17.863641
2004-01-09,2004,1,9,17.071829
2004-01-10,2004,1,10,17.10094
2004-01-11,2004,1,11,18.803443
2004-01-12,2004,1,12,17.995739
2004-01-13,2004,1,13,17.587318
2004-01-14,2004,1,14,18.59078
2004-01-15,2004,1,15,14.743509
2004-01-16,2004,1,16,13.474979
2004-01-17,2004,1,17,14.38149
2004-01-18,2004,1,18,14.910672
2004-01-19,2004,1,19,16.316419
2004-01-20,2004,1,20,16.302039
2004-01-21,2004,1,21,16.448842
2004-01-22,2004,1,22,15.824253
2004-01-23,2004,1,23,15.1793
2004-01-24,2004,1,24,16.316595
2004-01-25,2004,1,25,17.722319
2004-01-26,2004,1,26,17.512395
2004-01-27,2004,1,27,16.808117
2004-01-28,2004,1,28,17.172736
2004-01-29,2004,1,29,17.178344
2004-01-30,2004,1,30,15.567736
2004-01-31,2004,1,31,16.700745
2004-02-01,2004,2,1,16.993574
2004-02-02,2004,2,2,13.505905
2004-02-03,2004,2,3,14.88785
2004-02-04,2004,2,4,15.696406
2004-02-05,2004,2,5,18.735612
2004-02-06,2004,2,6,18.533312
2004-02-07,2004,2,7,17.035611
2004-02-08,2004,2,8,14.365774
2004-02-09,2004,2,9,19.069896
2004-02-10,2004,2,10,18.967117
2004-02-11,2004,2,11,13.705495
2004-02-12,2004,2,12,14.41616
2004-02-13,2004,2,13,16.388037
2004-02-14,2004,2,14,14.998357
2004-02-15,2004,2,15,13.442012
2004-02-16,2004,2,16,11.298924
2004-02-17,2004,2,17,13.947151
2004-02-18,2004,2,18,15.529415
2004-02-19,2004,2,19,17.346395
2004-02-20,2004,2,20,13.914332
2004-02-21,2004,2,21,13.511148
2004-02-22,2004,2,22,15.790361
2004-02-23,2004,2,23,14.27991
2004-02-24,2004,2,24,12.789842
2004-02-25,2004,2,25,13.10819
2004-02-26,2004,2,26,14.288016
2004-02-27,2004,2,27,14.742425
2004-02-28,2004,2,28,11.712342
2004-02-29,2004,2,29,13.126002
2004-03-01,2004,3,1,9.5372912
2004-03-02,2004,3,2,12.690741
2004-03-03,2004,3,3,17.954783
2004-03-04,2004,3,4,14.248105
2004-03-05,2004,3,5,13.104385
2004-03-06,2004,3,6,11.663737
2004-03-07,2004,3,7,14.163451
2004-03-08,2004,3,8,14.838522
2004-03-09,2004,3,9,15.22913
2004-03-10,2004,3,10,14.850006
2004-03-11,2004,3,11,13.406091
2004-03-12,2004,3,12,13.891427
2004-03-13,2004,3,13,13.980473
2004-03-14,2004,3,14,15.393866
2004-03-15,2004,3,15,16.78796
2004-03-16,2004,3,16,14.805378
2004-03-17,2004,3,17,15.774181
2004-03-18,2004,3,18,15.965038
2004-03-19,2004,3,19,17.700084
2004-03-20,2004,3,20,17.933865
2004-03-21,2004,3,21,17.076911
2004-03-22,2004,3,22,17.237921
2004-03-23,2004,3,23,18.088359
2004-03-24,2004,3,24,19.397008
2004-03-25,2004,3,25,16.599449
2004-03-26,2004,3,26,15.933791
2004-03-27,2004,3,27,15.598958
2004-03-28,2004,3,28,12.184335
2004-03-29,2004,3,29,12.933094
2004-03-30,2004,3,30,10.915225
2004-03-31,2004,3,31,9.2454575
2004-04-01,2004,4,1,7.6825469
2004-04-02,2004,4,2,9.9951691
2004-04-03,2004,4,3,13.128625
2004-04-04,2004,4,4,13.708864
2004-04-05,2004,4,5,11.19027
2004-04-06,2004,4,6,10.677724
2004-04-07,2004,4,7,14.196402
2004-04-08,2004,4,8,16.037268
2004-04-09,2004,4,9,15.778759
2004-04-10,2004,4,10,15.198557
2004-04-11,2004,4,11,13.897586
2004-04-12,2004,4,12,10.493565
2004-04-13,2004,4,13,10.208107
2004-04-14,2004,4,14,8.1165896
2004-04-15,2004,4,15,6.657611
2004-04-16,2004,4,16,6.9552658
2004-04-17,2004,4,17,9.9423511
2004-04-18,2004,4,18,7.5403336
2004-04-19,2004,4,19,9.39102
2004-04-20,2004,4,20,5.8878842
2004-04-21,2004,4,21,1.951616
2004-04-22,2004,4,22,-0.24333919
2004-04-23,2004,4,23,1.1979926
2004-04-24,2004,4,24,2.0818013
2004-04-25,2004,4,25,1.5993764
2004-04-26,2004,4,26,4.22231
2004-04-27,2004,4,27,7.9375759
2004-04-28,2004,4,28,5.5635503
2004-04-29,2004,4,29,2.8057354
2004-04-30,2004,4,30,10.341797
2004-05-01,2004,5,1,8.8198301
2004-05-02,2004,5,2,5.7690921
2004-05-03,2004,5,3,5.0883549
2004-05-04,2004,5,4,6.6632511
2004-05-05,2004,5,5,7.8334592
2004-05-06,2004,5,6,9.7559652
2004-05-07,2004,5,7,10.364596
2004-05-08,2004,5,8,10.502224
2004-05-09,2004,5,9,9.0139888
2004-05-10,2004,5,10,8.4790648
2004-05-11,2004,5,11,5.6001241
2004-05-12,2004,5,12,4.0162917
2004-05-13,2004,5,13,3.8130619
2004-05-14,2004,5,14,6.8797985
2004-05-15,2004,5,15,7.9081713
2004-05-16,2004,5,16,7.156398
2004-05-17,2004,5,17,6.6731739
2004-05-18,2004,5,18,7.0301796
2004-05-19,2004,5,19,7.9462428
2004-05-20,2004,5,20,3.197285
2004-05-21,2004,5,21,1.4020866
2004-05-22,2004,5,22,1.0694177
2004-05-23,2004,5,23,0.012577184
2004-05-24,2004,5,24,0.92406893
2004-05-25,2004,5,25,1.4451159
2004-05-26,2004,5,26,5.535113
2004-05-27,2004,5,27,5.944967
2004-05-28,2004,5,28,5.0850567
2004-05-29,2004,5,29,1.5438973
2004-05-30,2004,5,30,5.1553075
2004-05-31,2004,5,31,4.5873347
2004-06-01,2004,6,1,3.8355622
2004-06-02,2004,6,2,7.6759397
2004-06-03,2004,6,3,9.9271906
2004-06-04,2004,6,4,8.2399065
2004-06-05,2004,6,5,3.5718603
2004-06-06,2004,6,6,2.2623386
2004-06-07,2004,6,7,6.4638137
2004-06-08,2004,6,8,3.072526
2004-06-09,2004,6,9,0.044680519
2004-06-10,2004,6,10,-4.5882547
2004-06-11,2004,6,11,-1.9168021
2004-06-12,2004,6,12,4.2332242
2004-06-13,2004,6,13,5.6481237
2004-06-14,2004,6,14,3.7970386
2004-06-15,2004,6,15,7.4752918
2004-06-16,2004,6,16,2.1528625
2004-06-17,2004,6,17,5.1644115
2004-06-18,2004,6,18,5.3866992
2004-06-19,2004,6,19,3.8143333
2004-06-20,2004,6,20,-1.3057392
2004-06-21,2004,6,21,2.7141758
2004-06-22,2004,6,22,-0.24823547
2004-06-23,2004,6,23,4.6819464
2004-06-24,2004,6,24,4.1003113
2004-06-25,2004,6,25,1.0327565
2004-06-26,2004,6,26,1.2837753
2004-06-27,2004,6,27,4.2505187
2004-06-28,2004,6,28,4.3420414
2004-06-29,2004,6,29,2.9724022
2004-06-30,2004,6,30,3.0355761
2004-07-01,2004,7,1,5.0732982
2004-07-02,2004,7,2,4.1938204
2004-07-03,2004,7,3,5.0953509
2004-07-04,2004,7,4,6.2257051
2004-07-05,2004,7,5,10.291495
2004-07-06,2004,7,6,8.2854761
2004-07-07,2004,7,7,4.7962327
2004-07-08,2004,7,8,3.6316724
2004-07-09,2004,7,9,0.29539333
2004-07-10,2004,7,10,5.7326173
2004-07-11,2004,7,11,4.3919658
2004-07-12,2004,7,12,0.47534907
2004-07-13,2004,7,13,-2.1661391
2004-07-14,2004,7,14,-2.8397351
2004-07-15,2004,7,15,-2.4615613
2004-07-16,2004,7,16,3.8346836
2004-07-17,2004,7,17,4.4904372
2004-07-18,2004,7,18,2.9763378
2004-07-19,2004,7,19,0.66222586
2004-07-20,2004,7,20,2.5238507
2004-07-21,2004,7,21,-2.0776377
2004-07-22,2004,7,22,-2.0232513
2004-07-23,2004,7,23,-2.3111716
2004-07-24,2004,7,24,2.6305662
2004-07-25,2004,7,25,0.88779705
2004-07-26,2004,7,26,2.3491532
2004-07-27,2004,7,27,-1.5444604
2004-07-28,2004,7,28,-3.7598628
2004-07-29,2004,7,29,1.5339699
2004-07-30,2004,7,30,6.1218593
2004-07-31,2004,7,31,5.3227384
2004-08-01,2004,8,1,2.8213522
2004-08-02,2004,8,2,-3.5454623
2004-08-03,2004,8,3,-5.1108077
2004-08-04,2004,8,4,-4.3205119
2004-08-05,2004,8,5,-5.2462919
2004-08-06,2004,8,6,-1.4333651
2004-08-07,2004,8,7,5.6396509
2004-08-08,2004,8,8,8.2957639
2004-08-09,2004,8,9,6.7545773
2004-08-10,2004,8,10,6.1955198
2004-08-11,2004,8,11,1.1985966
2004-08-12,2004,8,12,6.8188692
2004-08-13,2004,8,13,5.4789318
2004-08-14,2004,8,14,-0.051249678
2004-08-15,2004,8,15,-0.61654403
2004-08-16,2004,8,16,-2.332384
2004-08-17,2004,8,17,-3.3323475
2004-08-18,2004,8,18,-2.0450125
2004-08-19,2004,8,19,-3.1469472
2004-08-20,2004,8,20,-4.4943513
2004-08-21,2004,8,21,1.0634455
2004-08-22,2004,8,22,1.4414546
2004-08-23,2004,8,23,5.5603537
2004-08-24,2004,8,24,7.3198981
2004-08-25,2004,8,25,7.234091
2004-08-26,2004,8,26,6.8422283
2004-08-27,2004,8,27,3.9662247
2004-08-28,2004,8,28,6.3289097
2004-08-29,2004,8,29,11.075352
2004-08-30,2004,8,30,11.775239
2004-08-31,2004,8,31,10.473911
2004-09-01,2004,9,1,8.7654458
2004-09-02,2004,9,2,11.097234
2004-09-03,2004,9,3,11.401947
2004-09-04,2004,9,4,3.8567408
2004-09-05,2004,9,5,2.4205828
2004-09-06,2004,9,6,1.9011106
2004-09-07,2004,9,7,-1.2887132
2004-09-08,2004,9,8,-1.5651203
2004-09-09,2004,9,9,2.5441723
2004-09-10,2004,9,10,1.8358273
2004-09-11,2004,9,11,1.7214687
2004-09-12,2004,9,12,11.579053
2004-09-13,2004,9,13,12.477879
2004-09-14,2004,9,14,10.343474
2004-09-15,2004,9,15,10.968413
2004-09-16,2004,9,16,10.395628
2004-09-17,2004,9,17,7.3106098
2004-09-18,2004,9,18,2.7764414
2004-09-19,2004,9,19,3.8002363
2004-09-20,2004,9,20,6.8516266
2004-09-21,2004,9,21,2.1736754
2004-09-22,2004,9,22,6.5396395
2004-09-23,2004,9,23,10.379431
2004-09-24,2004,9,24,11.110451
2004-09-25,2004,9,25,9.9721688
2004-09-26,2004,9,26,9.8336495
2004-09-27,2004,9,27,7.3234101
2004-09-28,2004,9,28,9.0301433
2004-09-29,2004,9,29,7.2683238
2004-09-30,2004,9,30,9.1377716
2004-10-01,2004,10,1,10.670426
2004-10-02,2004,10,2,10.677377
2004-10-03,2004,10,3,11.269709
2004-10-04,2004,10,4,12.499467
2004-10-05,2004,10,5,12.18843
2004-10-06,2004,10,6,9.9973364
2004-10-07,2004,10,7,5.7156203
2004-10-08,2004,10,8,4.4940325
2004-10-09,2004,10,9,3.7118737
2004-10-10,2004,10,10,6.1367295
2004-10-11,2004,10,11,1.6867954
2004-10-12,2004,10,12,0.19861584
2004-10-13,2004,10,13,6.1317556
2004-10-14,2004,10,14,4.5037227
2004-10-15,2004,10,15,2.4888615
2004-10-16,2004,10,16,2.3262736
2004-10-17,2004,10,17,3.0669628
2004-10-18,2004,10,18,7.2881151
2004-10-19,2004,10,19,10.029074
2004-10-20,2004,10,20,7.9837339
2004-10-21,2004,10,21,7.4808913
2004-10-22,2004,10,22,5.7551531
2004-10-23,2004,10,23,4.856719
2004-10-24,2004,10,24,2.6338308
2004-10-25,2004,10,25,4.3735256
2004-10-26,2004,10,26,4.9375684
2004-10-27,2004,10,27,9.5006094
2004-10-28,2004,10,28,10.391078
2004-10-29,2004,10,29,6.2478967
2004-10-30,2004,10,30,6.9612052
2004-10-31,2004,10,31,10.562216
2004-11-01,2004,11,1,10.666087
2004-11-02,2004,11,2,7.4202643
2004-11-03,2004,11,3,5.7077951
2004-11-04,2004,11,4,2.9078358
2004-11-05,2004,11,5,7.0770288
2004-11-06,2004,11,6,10.993122
2004-11-07,2004,11,7,9.6065002
2004-11-08,2004,11,8,6.3551501
2004-11-09,2004,11,9,7.5641166
2004-11-10,2004,11,10,9.4800765
2004-11-11,2004,11,11,8.6265571
2004-11-12,2004,11,12,6.3499402
2004-11-13,2004,11,13,3.7951166
2004-11-14,2004,11,14,5.9287205
2004-11-15,2004,11,15,5.1830737
2004-11-16,2004,11,16,8.917601
2004-11-17,2004,11,17,11.511265
2004-11-18,2004,11,18,10.656936
2004-11-19,2004,11,19,11.341009
2004-11-20,2004,11,20,12.155111
2004-11-21,2004,11,21,10.357616
2004-11-22,2004,11,22,10.586107
2004-11-23,2004,11,23,8.2210417
2004-11-24,2004,11,24,7.3239553
2004-11-25,2004,11,25,7.7255603
2004-11-26,2004,11,26,8.6028234
2004-11-27,2004,11,27,13.894156
2004-11-28,2004,11,28,12.905577
2004-11-29,2004,11,29,13.828814
2004-11-30,2004,11,30,13.693988
2004-12-01,2004,12,1,12.358596
2004-12-02,2004,12,2,11.071342
2004-12-03,2004,12,3,8.3216481
2004-12-04,2004,12,4,12.597567
2004-12-05,2004,12,5,13.620318
2004-12-06,2004,12,6,11.918617
2004-12-07,2004,12,7,11.948736
2004-12-08,2004,12,8,13.703907
2004-12-09,2004,12,9,14.965173
2004-12-10,2004,12,10,15.943976
2004-12-11,2004,12,11,15.496287
2004-12-12,2004,12,12,17.277391
2004-12-13,2004,12,13,14.862
2004-12-14,2004,12,14,13.921749
2004-12-15,2004,12,15,10.505799
2004-12-16,2004,12,16,13.39799
2004-12-17,2004,12,17,12.683202
2004-12-18,2004,12,18,13.259625
2004-12-19,2004,12,19,13.553338
2004-12-20,2004,12,20,13.827236
2004-12-21,2004,12,21,15.068961
2004-12-22,2004,12,22,16.786566
2004-12-23,2004,12,23,12.933231
2004-12-24,2004,12,24,13.724822
2004-12-25,2004,12,25,16.425409
2004-12-26,2004,12,26,16.609328
2004-12-27,2004,12,27,15.405925
2004-12-28,2004,12,28,11.54953
2004-12-29,2004,12,29,14.557741
2004-12-30,2004,12,30,15.76856
2004-12-31,2004,12,31,16.262642
2005-01-01,2005,1,1,17.514118
2005-01-02,2005,1,2,19.094572
2005-01-03,2005,1,3,20.796926
2005-01-04,2005,1,4,18.531647
2005-01-05,2005,1,5,16.020664
2005-01-06,2005,1,6,18.835279
2005-01-07,2005,1,7,17.350604
2005-01-08,2005,1,8,17.205011
2005-01-09,2005,1,9,20.0963
2005-01-10,2005,1,10,19.722517
2005-01-11,2005,1,11,19.395703
2005-01-12,2005,1,12,17.877822
2005-01-13,2005,1,13,18.876699
2005-01-14,2005,1,14,14.428272
2005-01-15,2005,1,15,16.074299
2005-01-16,2005,1,16,17.243332
2005-01-17,2005,1,17,15.359684
2005-01-18,2005,1,18,14.857872
2005-01-19,2005,1,19,15.189346
2005-01-20,2005,1,20,14.519859
2005-01-21,2005,1,21,11.54671
2005-01-22,2005,1,22,14.908954
2005-01-23,2005,1,23,14.555143
2005-01-24,2005,1,24,14.866225
2005-01-25,2005,1,25,15.924054
2005-01-26,2005,1,26,12.523919
2005-01-27,2005,1,27,13.900651
2005-01-28,2005,1,28,13.85432
2005-01-29,2005,1,29,7.967385
2005-01-30,2005,1,30,1.6758845
2005-01-31,2005,1,31,6.4487711
2005-02-01,2005,2,1,11.821115
2005-02-02,2005,2,2,14.204458
2005-02-03,2005,2,3,15.176869
2005-02-04,2005,2,4,17.394632
2005-02-05,2005,2,5,16.400231
2005-02-06,2005,2,6,15.537975
2005-02-07,2005,2,7,15.710502
2005-02-08,2005,2,8,16.113705
2005-02-09,2005,2,9,18.395156
2005-02-10,2005,2,10,17.358177
2005-02-11,2005,2,11,16.802914
2005-02-12,2005,2,12,14.877545
2005-02-13,2005,2,13,14.052208
2005-02-14,2005,2,14,14.827649
2005-02-15,2005,2,15,13.795104
2005-02-16,2005,2,16,15.476753
2005-02-17,2005,2,17,16.545445
2005-02-18,2005,2,18,18.384422
2005-02-19,2005,2,19,18.648929
2005-02-20,2005,2,20,16.732167
2005-02-21,2005,2,21,18.504288
2005-02-22,2005,2,22,16.958081
2005-02-23,2005,2,23,16.815015
2005-02-24,2005,2,24,16.379898
2005-02-25,2005,2,25,17.128608
2005-02-26,2005,2,26,17.079327
2005-02-27,2005,2,27,15.506707
2005-02-28,2005,2,28,14.885412
2005-03-01,2005,3,1,14.394751
2005-03-02,2005,3,2,16.961723
2005-03-03,2005,3,3,18.768722
2005-03-04,2005,3,4,15.729991
2005-03-05,2005,3,5,16.499153
2005-03-06,2005,3,6,11.978681
2005-03-07,2005,3,7,7.408845
2005-03-08,2005,3,8,8.4289552
2005-03-09,2005,3,9,12.329395
2005-03-10,2005,3,10,14.012428
2005-03-11,2005,3,11,13.342629
2005-03-12,2005,3,12,6.5022515
2005-03-13,2005,3,13,9.1114542
2005-03-14,2005,3,14,12.496801
2005-03-15,2005,3,15,11.619941
2005-03-16,2005,3,16,13.70582
2005-03-17,2005,3,17,10.023439
2005-03-18,2005,3,18,17.253747
2005-03-19,2005,3,19,14.212361
2005-03-20,2005,3,20,11.990614
2005-03-21,2005,3,21,11.725698
2005-03-22,2005,3,22,12.851989
2005-03-23,2005,3,23,15.815111
2005-03-24,2005,3,24,14.41851
2005-03-25,2005,3,25,14.341898
2005-03-26,2005,3,26,10.286578
2005-03-27,2005,3,27,14.063334
2005-03-28,2005,3,28,11.684293
2005-03-29,2005,3,29,12.533044
2005-03-30,2005,3,30,10.959002
2005-03-31,2005,3,31,10.986052
2005-04-01,2005,4,1,5.5976129
2005-04-02,2005,4,2,7.4833806
2005-04-03,2005,4,3,11.016862
2005-04-04,2005,4,4,10.828749
2005-04-05,2005,4,5,9.2614329
2005-04-06,2005,4,6,9.4195007
2005-04-07,2005,4,7,9.282534
2005-04-08,2005,4,8,11.001463
2005-04-09,2005,4,9,11.407296
2005-04-10,2005,4,10,9.6164593
2005-04-11,2005,4,11,9.4769815
2005-04-12,2005,4,12,8.7308514
2005-04-13,2005,4,13,7.2559626
2005-04-14,2005,4,14,9.5600381
2005-04-15,2005,4,15,16.280092
2005-04-16,2005,4,16,14.754492
2005-04-17,2005,4,17,14.358861
2005-04-18,2005,4,18,12.785364
2005-04-19,2005,4,19,11.448427
2005-04-20,2005,4,20,10.81013
2005-04-21,2005,4,21,11.389908
2005-04-22,2005,4,22,10.820503
2005-04-23,2005,4,23,7.7234424
2005-04-24,2005,4,24,4.7532988
2005-04-25,2005,4,25,4.8014759
2005-04-26,2005,4,26,4.2123149
2005-04-27,2005,4,27,5.4602038
2005-04-28,2005,4,28,3.6837306
2005-04-29,2005,4,29,8.5274549
2005-04-30,2005,4,30,10.782568
2005-05-01,2005,5,1,11.075113
2005-05-02,2005,5,2,9.117425
2005-05-03,2005,5,3,5.2776062
2005-05-04,2005,5,4,1.8207547
2005-05-05,2005,5,5,2.8313442
2005-05-06,2005,5,6,1.3975327
2005-05-07,2005,5,7,5.3027578
2005-05-08,2005,5,8,4.3965251
2005-05-09,2005,5,9,5.3470021
2005-05-10,2005,5,10,2.7085721
2005-05-11,2005,5,11,6.7835177
2005-05-12,2005,5,12,4.9237406
2005-05-13,2005,5,13,2.0187234
2005-05-14,2005,5,14,0.97584705
2005-05-15,2005,5,15,-1.3247919
2005-05-16,2005,5,16,0.020932275
2005-05-17,2005,5,17,-2.6563636
2005-05-18,2005,5,18,-2.4538987
2005-05-19,2005,5,19,-3.5684856
2005-05-20,2005,5,20,-2.2789041
2005-05-21,2005,5,21,1.8340183
2005-05-22,2005,5,22,2.8212769
2005-05-23,2005,5,23,-2.0970301
2005-05-24,2005,5,24,-1.3748552
2005-05-25,2005,5,25,1.0435556
2005-05-26,2005,5,26,1.3641396
2005-05-27,2005,5,27,3.7022903
2005-05-28,2005,5,28,5.136324
2005-05-29,2005,5,29,3.2479444
2005-05-30,2005,5,30,8.9383736
2005-05-31,2005,5,31,9.3860915
2005-06-01,2005,6,1,7.4163703
2005-06-02,2005,6,2,1.4203072
2005-06-03,2005,6,3,1.1459488
2005-06-04,2005,6,4,2.0229474
2005-06-05,2005,6,5,4.9964807
2005-06-06,2005,6,6,7.2552319
2005-06-07,2005,6,7,4.0778887
2005-06-08,2005,6,8,5.8327025
2005-06-09,2005,6,9,5.2869775
2005-06-10,2005,6,10,0.53943423
2005-06-11,2005,6,11,0.14029689
2005-06-12,2005,6,12,1.5904682
2005-06-13,2005,6,13,-0.29824609
2005-06-14,2005,6,14,-0.29747712
2005-06-15,2005,6,15,-0.0062124631
2005-06-16,2005,6,16,2.1781278
2005-06-17,2005,6,17,2.8933735
2005-06-18,2005,6,18,1.8671618
2005-06-19,2005,6,19,2.5794588
2005-06-20,2005,6,20,4.4207142
2005-06-21,2005,6,21,1.8944524
2005-06-22,2005,6,22,4.6018964
2005-06-23,2005,6,23,6.438669
2005-06-24,2005,6,24,3.9132705
2005-06-25,2005,6,25,2.0185673
2005-06-26,2005,6,26,3.7838185
2005-06-27,2005,6,27,0.088818412
2005-06-28,2005,6,28,1.9342767
2005-06-29,2005,6,29,1.9107205
2005-06-30,2005,6,30,5.3289045
2005-07-01,2005,7,1,3.2854309
2005-07-02,2005,7,2,-1.0311751
2005-07-03,2005,7,3,-1.2760403
2005-07-04,2005,7,4,-2.0041855
2005-07-05,2005,7,5,5.7190662
2005-07-06,2005,7,6,6.6573229
2005-07-07,2005,7,7,6.2679272
2005-07-08,2005,7,8,4.273032
2005-07-09,2005,7,9,8.2658199
2005-07-10,2005,7,10,7.5988071
2005-07-11,2005,7,11,10.194872
2005-07-12,2005,7,12,4.1982211
2005-07-13,2005,7,13,-1.4885493
2005-07-14,2005,7,14,-3.6323286
2005-07-15,2005,7,15,-4.0597129
2005-07-16,2005,7,16,-3.7370052
2005-07-17,2005,7,17,-2.2292311
2005-07-18,2005,7,18,1.9653243
2005-07-19,2005,7,19,2.7379823
2005-07-20,2005,7,20,0.40611451
2005-07-21,2005,7,21,-2.9814769
2005-07-22,2005,7,22,-0.39823883
2005-07-23,2005,7,23,1.1867073
2005-07-24,2005,7,24,1.8281207
2005-07-25,2005,7,25,4.1868007
2005-07-26,2005,7,26,5.9837282
2005-07-27,2005,7,27,5.7967298
2005-07-28,2005,7,28,7.1811205
2005-07-29,2005,7,29,4.2470058
2005-07-30,2005,7,30,0.095838109
2005-07-31,2005,7,31,1.4377462
2005-08-01,2005,8,1,0.8842066
2005-08-02,2005,8,2,2.5940018
2005-08-03,2005,8,3,4.1382017
2005-08-04,2005,8,4,3.0610767
2005-08-05,2005,8,5,-1.8944593
2005-08-06,2005,8,6,5.7236572
2005-08-07,2005,8,7,8.2943746
2005-08-08,2005,8,8,8.2160929
2005-08-09,2005,8,9,9.7655476
2005-08-10,2005,8,10,8.7876191
2005-08-11,2005,8,11,8.6056281
2005-08-12,2005,8,12,6.990313
2005-08-13,2005,8,13,0.99686272
2005-08-14,2005,8,14,1.4175927
2005-08-15,2005,8,15,3.5627745
2005-08-16,2005,8,16,-0.94723476
2005-08-17,2005,8,17,2.7826794
2005-08-18,2005,8,18,4.7486757
2005-08-19,2005,8,19,7.4238044
2005-08-20,2005,8,20,6.3681737
2005-08-21,2005,8,21,1.6255159
2005-08-22,2005,8,22,0.20458286
2005-08-23,2005,8,23,-0.55462367
2005-08-24,2005,8,24,4.8912922
2005-08-25,2005,8,25,5.2221835
2005-08-26,2005,8,26,1.8119631
2005-08-27,2005,8,27,-0.007865976
2005-08-28,2005,8,28,-1.7905704
2005-08-29,2005,8,29,-4.6324089
2005-08-30,2005,8,30,-4.0740511
2005-08-31,2005,8,31,-2.8162201
2005-09-01,2005,9,1,-3.644987
2005-09-02,2005,9,2,3.6335503
2005-09-03,2005,9,3,-3.3579812
2005-09-04,2005,9,4,-0.076828001
2005-09-05,2005,9,5,3.16125
2005-09-06,2005,9,6,6.7632292
2005-09-07,2005,9,7,8.1854643
2005-09-08,2005,9,8,5.0648063
2005-09-09,2005,9,9,0.14505087
2005-09-10,2005,9,10,-3.4407954
2005-09-11,2005,9,11,-4.243506
2005-09-12,2005,9,12,-4.2526585
2005-09-13,2005,9,13,-0.42503809
2005-09-14,2005,9,14,-0.87329375
2005-09-15,2005,9,15,1.7856432
2005-09-16,2005,9,16,3.993194
2005-09-17,2005,9,17,5.0755344
2005-09-18,2005,9,18,8.1657714
2005-09-19,2005,9,19,9.2345276
2005-09-20,2005,9,20,8.1904112
2005-09-21,2005,9,21,6.7270639
2005-09-22,2005,9,22,5.8225273
2005-09-23,2005,9,23,1.2310234
2005-09-24,2005,9,24,2.5958315
2005-09-25,2005,9,25,5.5066502
2005-09-26,2005,9,26,7.6783677
2005-09-27,2005,9,27,7.3440541
2005-09-28,2005,9,28,3.6523013
2005-09-29,2005,9,29,-0.76204131
2005-09-30,2005,9,30,5.9292675
2005-10-01,2005,10,1,8.7654573
2005-10-02,2005,10,2,3.4776516
2005-10-03,2005,10,3,2.9773472
2005-10-04,2005,10,4,0.57891461
2005-10-05,2005,10,5,5.9672836
2005-10-06,2005,10,6,4.949262
2005-10-07,2005,10,7,5.1163813
2005-10-08,2005,10,8,9.6394613
2005-10-09,2005,10,9,10.994312
2005-10-10,2005,10,10,11.209214
2005-10-11,2005,10,11,8.1458501
2005-10-12,2005,10,12,6.791079
2005-10-13,2005,10,13,5.3596401
2005-10-14,2005,10,14,8.6662101
2005-10-15,2005,10,15,4.8780273
2005-10-16,2005,10,16,5.6259438
2005-10-17,2005,10,17,8.3214935
2005-10-18,2005,10,18,12.550929
2005-10-19,2005,10,19,14.655225
2005-10-20,2005,10,20,11.306922
2005-10-21,2005,10,21,9.3027769
2005-10-22,2005,10,22,9.4504388
2005-10-23,2005,10,23,7.586123
2005-10-24,2005,10,24,2.9624744
2005-10-25,2005,10,25,4.0571146
2005-10-26,2005,10,26,3.976277
2005-10-27,2005,10,27,3.7501061
2005-10-28,2005,10,28,1.9133134
2005-10-29,2005,10,29,5.5189339
2005-10-30,2005,10,30,8.6817965
2005-10-31,2005,10,31,11.000862
2005-11-01,2005,11,1,10.353297
2005-11-02,2005,11,2,10.093625
2005-11-03,2005,11,3,8.9810752
2005-11-04,2005,11,4,10.384405
2005-11-05,2005,11,5,10.218416
2005-11-06,2005,11,6,9.6234534
2005-11-07,2005,11,7,11.610421
2005-11-08,2005,11,8,13.271554
2005-11-09,2005,11,9,13.028901
2005-11-10,2005,11,10,14.010743
2005-11-11,2005,11,11,15.283864
2005-11-12,2005,11,12,12.910021
2005-11-13,2005,11,13,12.160342
2005-11-14,2005,11,14,9.8552743
2005-11-15,2005,11,15,12.353141
2005-11-16,2005,11,16,10.734008
2005-11-17,2005,11,17,8.3666899
2005-11-18,2005,11,18,11.356113
2005-11-19,2005,11,19,13.61347
2005-11-20,2005,11,20,13.257519
2005-11-21,2005,11,21,12.436509
2005-11-22,2005,11,22,11.185214
2005-11-23,2005,11,23,5.2707701
2005-11-24,2005,11,24,9.61199
2005-11-25,2005,11,25,12.552087
2005-11-26,2005,11,26,12.643571
2005-11-27,2005,11,27,11.028393
2005-11-28,2005,11,28,10.786707
2005-11-29,2005,11,29,8.9625035
2005-11-30,2005,11,30,9.9818977
2005-12-01,2005,12,1,13.785789
2005-12-02,2005,12,2,12.733664
2005-12-03,2005,12,3,10.018721
2005-12-04,2005,12,4,7.3601369
2005-12-05,2005,12,5,6.7280606
2005-12-06,2005,12,6,11.348982
2005-12-07,2005,12,7,10.040042
2005-12-08,2005,12,8,9.6755408
2005-12-09,2005,12,9,14.108967
2005-12-10,2005,12,10,18.019184
2005-12-11,2005,12,11,19.191287
2005-12-12,2005,12,12,15.999001
2005-12-13,2005,12,13,15.706534
2005-12-14,2005,12,14,17.050456
2005-12-15,2005,12,15,16.253975
2005-12-16,2005,12,16,13.9731
2005-12-17,2005,12,17,15.181492
2005-12-18,2005,12,18,13.784397
2005-12-19,2005,12,19,13.905506
2005-12-20,2005,12,20,17.463292
2005-12-21,2005,12,21,14.558001
2005-12-22,2005,12,22,14.115377
2005-12-23,2005,12,23,15.057418
2005-12-24,2005,12,24,17.65383
2005-12-25,2005,12,25,19.033722
2005-12-26,2005,12,26,17.929518
2005-12-27,2005,12,27,14.35824
2005-12-28,2005,12,28,16.196795
2005-12-29,2005,12,29,15.150741
2005-12-30,2005,12,30,15.094413
2005-12-31,2005,12,31,14.422011
2006-01-01,2006,1,1,12.389916
2006-01-02,2006,1,2,15.319916
2006-01-03,2006,1,3,16.714058
2006-01-04,2006,1,4,16.030492
2006-01-05,2006,1,5,17.170503
2006-01-06,2006,1,6,18.170778
2006-01-07,2006,1,7,15.254803
2006-01-08,2006,1,8,17.232825
2006-01-09,2006,1,9,15.264707
2006-01-10,2006,1,10,15.662726
2006-01-11,2006,1,11,16.329168
2006-01-12,2006,1,12,18.78554
2006-01-13,2006,1,13,18.647305
2006-01-14,2006,1,14,15.830808
2006-01-15,2006,1,15,16.076599
2006-01-16,2006,1,16,19.683156
2006-01-17,2006,1,17,18.948901
2006-01-18,2006,1,18,16.846217
2006-01-19,2006,1,19,14.784361
2006-01-20,2006,1,20,14.899345
2006-01-21,2006,1,21,14.778234
2006-01-22,2006,1,22,13.05266
2006-01-23,2006,1,23,13.53588
2006-01-24,2006,1,24,14.013753
2006-01-25,2006,1,25,18.887713
2006-01-26,2006,1,26,19.664184
2006-01-27,2006,1,27,19.564224
2006-01-28,2006,1,28,19.266602
2006-01-29,2006,1,29,19.44102
2006-01-30,2006,1,30,19.317238
2006-01-31,2006,1,31,19.12771
2006-02-01,2006,2,1,18.900231
2006-02-02,2006,2,2,17.826557
2006-02-03,2006,2,3,15.933032
2006-02-04,2006,2,4,15.989015
2006-02-05,2006,2,5,17.497256
2006-02-06,2006,2,6,17.436531
2006-02-07,2006,2,7,15.177381
2006-02-08,2006,2,8,16.858715
2006-02-09,2006,2,9,19.439257
2006-02-10,2006,2,10,20.725876
2006-02-11,2006,2,11,17.510415
2006-02-12,2006,2,12,16.085752
2006-02-13,2006,2,13,17.330928
2006-02-14,2006,2,14,14.217987
2006-02-15,2006,2,15,13.07628
2006-02-16,2006,2,16,14.375293
2006-02-17,2006,2,17,16.564096
2006-02-18,2006,2,18,16.865177
2006-02-19,2006,2,19,15.489134
2006-02-20,2006,2,20,15.846478
2006-02-21,2006,2,21,15.034394
2006-02-22,2006,2,22,10.729526
2006-02-23,2006,2,23,14.530504
2006-02-24,2006,2,24,16.242901
2006-02-25,2006,2,25,14.552797
2006-02-26,2006,2,26,10.116335
2006-02-27,2006,2,27,10.38718
2006-02-28,2006,2,28,9.980013
2006-03-01,2006,3,1,9.106449
2006-03-02,2006,3,2,6.786261
2006-03-03,2006,3,3,13.605429
2006-03-04,2006,3,4,15.284496
2006-03-05,2006,3,5,14.862556
2006-03-06,2006,3,6,13.278709
2006-03-07,2006,3,7,10.044645
2006-03-08,2006,3,8,12.470387
2006-03-09,2006,3,9,16.068755
2006-03-10,2006,3,10,15.635925
2006-03-11,2006,3,11,16.069916
2006-03-12,2006,3,12,15.996107
2006-03-13,2006,3,13,11.311511
2006-03-14,2006,3,14,13.254622
2006-03-15,2006,3,15,10.711056
2006-03-16,2006,3,16,12.432963
2006-03-17,2006,3,17,13.648166
2006-03-18,2006,3,18,19.298463
2006-03-19,2006,3,19,16.108441
2006-03-20,2006,3,20,16.009799
2006-03-21,2006,3,21,13.574478
2006-03-22,2006,3,22,15.695827
2006-03-23,2006,3,23,14.689691
2006-03-24,2006,3,24,13.236639
2006-03-25,2006,3,25,16.383743
2006-03-26,2006,3,26,13.572237
2006-03-27,2006,3,27,12.986757
2006-03-28,2006,3,28,15.630238
2006-03-29,2006,3,29,14.543532
2006-03-30,2006,3,30,12.087888
2006-03-31,2006,3,31,14.58959
2006-04-01,2006,4,1,16.39482
2006-04-02,2006,4,2,12.660108
2006-04-03,2006,4,3,13.451154
2006-04-04,2006,4,4,13.891235
2006-04-05,2006,4,5,13.046564
2006-04-06,2006,4,6,13.97876
2006-04-07,2006,4,7,9.6812262
2006-04-08,2006,4,8,15.076956
2006-04-09,2006,4,9,13.119102
2006-04-10,2006,4,10,11.755525
2006-04-11,2006,4,11,11.55614
2006-04-12,2006,4,12,8.3664901
2006-04-13,2006,4,13,3.6227359
2006-04-14,2006,4,14,4.5857978
2006-04-15,2006,4,15,7.4538188
2006-04-16,2006,4,16,11.912289
2006-04-17,2006,4,17,14.654246
2006-04-18,2006,4,18,8.8320836
2006-04-19,2006,4,19,8.6543447
2006-04-20,2006,4,20,6.0784613
2006-04-21,2006,4,21,12.902771
2006-04-22,2006,4,22,14.920753
2006-04-23,2006,4,23,15.699354
2006-04-24,2006,4,24,12.64865
2006-04-25,2006,4,25,14.867398
2006-04-26,2006,4,26,17.702125
2006-04-27,2006,4,27,15.44426
2006-04-28,2006,4,28,12.035888
2006-04-29,2006,4,29,14.373418
2006-04-30,2006,4,30,15.360063
2006-05-01,2006,5,1,15.064741
2006-05-02,2006,5,2,14.738462
2006-05-03,2006,5,3,13.578768
2006-05-04,2006,5,4,10.079915
2006-05-05,2006,5,5,9.028998
2006-05-06,2006,5,6,10.401812
2006-05-07,2006,5,7,12.029295
2006-05-08,2006,5,8,13.374875
2006-05-09,2006,5,9,14.825195
2006-05-10,2006,5,10,15.771851
2006-05-11,2006,5,11,14.738886
2006-05-12,2006,5,12,14.488515
2006-05-13,2006,5,13,16.159292
2006-05-14,2006,5,14,14.224239
2006-05-15,2006,5,15,10.981026
2006-05-16,2006,5,16,5.306711
2006-05-17,2006,5,17,8.1063651
2006-05-18,2006,5,18,8.1059518
2006-05-19,2006,5,19,5.3965579
2006-05-20,2006,5,20,3.6856784
2006-05-21,2006,5,21,5.1432917
2006-05-22,2006,5,22,5.9255904
2006-05-23,2006,5,23,6.0351442
2006-05-24,2006,5,24,6.4576032
2006-05-25,2006,5,25,5.1339839
2006-05-26,2006,5,26,4.5830506
2006-05-27,2006,5,27,6.0106138
2006-05-28,2006,5,28,7.6466181
2006-05-29,2006,5,29,3.4883492
2006-05-30,2006,5,30,2.2003242
2006-05-31,2006,5,31,7.276426
2006-06-01,2006,6,1,4.0307948
2006-06-02,2006,6,2,2.4786665
2006-06-03,2006,6,3,0.43624791
2006-06-04,2006,6,4,1.4960416
2006-06-05,2006,6,5,1.0157033
2006-06-06,2006,6,6,2.3218573
2006-06-07,2006,6,7,2.5711659
2006-06-08,2006,6,8,-0.10342014
2006-06-09,2006,6,9,-1.8062538
2006-06-10,2006,6,10,-1.1906996
2006-06-11,2006,6,11,2.7586713
2006-06-12,2006,6,12,2.0542194
2006-06-13,2006,6,13,1.9957733
2006-06-14,2006,6,14,3.8932422
2006-06-15,2006,6,15,5.4048313
2006-06-16,2006,6,16,7.0548987
2006-06-17,2006,6,17,3.43714
2006-06-18,2006,6,18,6.0099529
2006-06-19,2006,6,19,2.3635658
2006-06-20,2006,6,20,-0.28672537
2006-06-21,2006,6,21,5.2323378
2006-06-22,2006,6,22,7.8657109
2006-06-23,2006,6,23,6.7573637
2006-06-24,2006,6,24,1.3666379
2006-06-25,2006,6,25,3.1732314
2006-06-26,2006,6,26,6.3511986
2006-06-27,2006,6,27,6.7056628
2006-06-28,2006,6,28,4.3457106
2006-06-29,2006,6,29,5.4130993
2006-06-30,2006,6,30,3.4260037
2006-07-01,2006,7,1,7.447775
2006-07-02,2006,7,2,9.5957209
2006-07-03,2006,7,3,10.137818
2006-07-04,2006,7,4,10.098946
2006-07-05,2006,7,5,9.7531658
2006-07-06,2006,7,6,4.248905
2006-07-07,2006,7,7,-1.9306388
2006-07-08,2006,7,8,-4.2360873
2006-07-09,2006,7,9,-2.2742055
2006-07-10,2006,7,10,1.9566692
2006-07-11,2006,7,11,0.88758111
2006-07-12,2006,7,12,-0.068617721
2006-07-13,2006,7,13,1.9723075
2006-07-14,2006,7,14,7.4933613
2006-07-15,2006,7,15,6.1734456
2006-07-16,2006,7,16,6.5708572
2006-07-17,2006,7,17,7.6968359
2006-07-18,2006,7,18,9.0120677
2006-07-19,2006,7,19,9.4085335
2006-07-20,2006,7,20,5.6925718
2006-07-21,2006,7,21,0.80382525
2006-07-22,2006,7,22,-1.7001418
2006-07-23,2006,7,23,-0.42654183
2006-07-24,2006,7,24,-0.41835186
2006-07-25,2006,7,25,-2.2529412
2006-07-26,2006,7,26,-4.1507644
2006-07-27,2006,7,27,-4.8332852
2006-07-28,2006,7,28,-1.9349195
2006-07-29,2006,7,29,-0.0026347478
2006-07-30,2006,7,30,-2.1394511
2006-07-31,2006,7,31,1.0012127
2006-08-01,2006,8,1,2.6766355
2006-08-02,2006,8,2,1.4304606
2006-08-03,2006,8,3,5.3209472
2006-08-04,2006,8,4,1.7488437
2006-08-05,2006,8,5,2.7332196
2006-08-06,2006,8,6,2.0686664
2006-08-07,2006,8,7,-0.9681034
2006-08-08,2006,8,8,-3.3317973
2006-08-09,2006,8,9,-3.9287794
2006-08-10,2006,8,10,-2.123471
2006-08-11,2006,8,11,-1.416712
2006-08-12,2006,8,12,1.8838743
2006-08-13,2006,8,13,1.0206314
2006-08-14,2006,8,14,0.53839263
2006-08-15,2006,8,15,1.147506
2006-08-16,2006,8,16,-0.17983677
2006-08-17,2006,8,17,-0.28293766
2006-08-18,2006,8,18,5.8076298
2006-08-19,2006,8,19,5.7011257
2006-08-20,2006,8,20,6.8931946
2006-08-21,2006,8,21,8.4679872
2006-08-22,2006,8,22,8.3674836
2006-08-23,2006,8,23,9.198712
2006-08-24,2006,8,24,8.7344928
2006-08-25,2006,8,25,4.4016251
2006-08-26,2006,8,26,2.2585584
2006-08-27,2006,8,27,2.5217903
2006-08-28,2006,8,28,5.3024445
2006-08-29,2006,8,29,5.8693328
2006-08-30,2006,8,30,0.96251653
2006-08-31,2006,8,31,0.29460507
2006-09-01,2006,9,1,-1.5254311
2006-09-02,2006,9,2,2.2264183
2006-09-03,2006,9,3,1.6995513
2006-09-04,2006,9,4,5.4801803
2006-09-05,2006,9,5,6.1870667
2006-09-06,2006,9,6,3.2586349
2006-09-07,2006,9,7,3.2740114
2006-09-08,2006,9,8,2.9912317
2006-09-09,2006,9,9,6.9711247
2006-09-10,2006,9,10,4.0261478
2006-09-11,2006,9,11,2.4651459
2006-09-12,2006,9,12,3.9072244
2006-09-13,2006,9,13,1.179801
2006-09-14,2006,9,14,1.8355817
2006-09-15,2006,9,15,3.9478004
2006-09-16,2006,9,16,5.6795832
2006-09-17,2006,9,17,6.227788
2006-09-18,2006,9,18,7.4571967
2006-09-19,2006,9,19,2.8021051
2006-09-20,2006,9,20,7.9317245
2006-09-21,2006,9,21,3.2366281
2006-09-22,2006,9,22,1.0191971
2006-09-23,2006,9,23,9.0283837
2006-09-24,2006,9,24,10.328398
2006-09-25,2006,9,25,10.569393
2006-09-26,2006,9,26,5.0348936
2006-09-27,2006,9,27,8.3896139
2006-09-28,2006,9,28,11.092812
2006-09-29,2006,9,29,11.806119
2006-09-30,2006,9,30,9.3454209
2006-10-01,2006,10,1,6.9396965
2006-10-02,2006,10,2,8.0443534
2006-10-03,2006,10,3,7.063285
2006-10-04,2006,10,4,1.2311687
2006-10-05,2006,10,5,9.3080689
2006-10-06,2006,10,6,5.4441466
2006-10-07,2006,10,7,9.1798271
2006-10-08,2006,10,8,11.611947
2006-10-09,2006,10,9,11.830946
2006-10-10,2006,10,10,9.2384682
2006-10-11,2006,10,11,10.330279
2006-10-12,2006,10,12,6.3822309
2006-10-13,2006,10,13,4.8953944
2006-10-14,2006,10,14,-0.15619524
2006-10-15,2006,10,15,6.2487833
2006-10-16,2006,10,16,7.7533397
2006-10-17,2006,10,17,6.8936554
2006-10-18,2006,10,18,6.2153316
2006-10-19,2006,10,19,6.9514586
2006-10-20,2006,10,20,9.5258181
2006-10-21,2006,10,21,11.430665
2006-10-22,2006,10,22,11.157563
2006-10-23,2006,10,23,11.159396
2006-10-24,2006,10,24,6.9824419
2006-10-25,2006,10,25,12.040195
2006-10-26,2006,10,26,11.54412
2006-10-27,2006,10,27,5.897653
2006-10-28,2006,10,28,5.3164903
2006-10-29,2006,10,29,7.6594664
2006-10-30,2006,10,30,4.8836569
2006-10-31,2006,10,31,5.0346896
2006-11-01,2006,11,1,6.6203659
2006-11-02,2006,11,2,7.4033607
2006-11-03,2006,11,3,9.9538309
2006-11-04,2006,11,4,8.7639762
2006-11-05,2006,11,5,4.7773323
2006-11-06,2006,11,6,10.606385
2006-11-07,2006,11,7,9.2326826
2006-11-08,2006,11,8,8.2661336
2006-11-09,2006,11,9,12.113359
2006-11-10,2006,11,10,14.092923
2006-11-11,2006,11,11,14.130019
2006-11-12,2006,11,12,11.316929
2006-11-13,2006,11,13,11.318897
2006-11-14,2006,11,14,10.521339
2006-11-15,2006,11,15,8.4499412
2006-11-16,2006,11,16,7.8064763
2006-11-17,2006,11,17,6.432854
2006-11-18,2006,11,18,9.2068206
2006-11-19,2006,11,19,15.012654
2006-11-20,2006,11,20,12.762113
2006-11-21,2006,11,21,14.766649
2006-11-22,2006,11,22,14.833965
2006-11-23,2006,11,23,12.570666
2006-11-24,2006,11,24,12.342677
2006-11-25,2006,11,25,12.721249
2006-11-26,2006,11,26,11.457524
2006-11-27,2006,11,27,10.416503
2006-11-28,2006,11,28,12.376449
2006-11-29,2006,11,29,15.30281
2006-11-30,2006,11,30,14.183846
2006-12-01,2006,12,1,11.141683
2006-12-02,2006,12,2,12.970588
2006-12-03,2006,12,3,14.461483
2006-12-04,2006,12,4,14.973516
2006-12-05,2006,12,5,15.740011
2006-12-06,2006,12,6,16.4788
2006-12-07,2006,12,7,14.098327
2006-12-08,2006,12,8,12.495708
2006-12-09,2006,12,9,13.657863
2006-12-10,2006,12,10,13.143987
2006-12-11,2006,12,11,12.788953
2006-12-12,2006,12,12,13.989191
2006-12-13,2006,12,13,10.956623
2006-12-14,2006,12,14,12.838271
2006-12-15,2006,12,15,11.70636
2006-12-16,2006,12,16,10.65631
2006-12-17,2006,12,17,13.383899
2006-12-18,2006,12,18,13.099767
2006-12-19,2006,12,19,13.317559
2006-12-20,2006,12,20,12.308639
2006-12-21,2006,12,21,13.51877
2006-12-22,2006,12,22,14.787945
2006-12-23,2006,12,23,12.715502
2006-12-24,2006,12,24,9.8752387
2006-12-25,2006,12,25,13.922925
2006-12-26,2006,12,26,15.692549
2006-12-27,2006,12,27,16.336925
2006-12-28,2006,12,28,19.121706
2006-12-29,2006,12,29,21.101727
2006-12-30,2006,12,30,20.968652
2006-12-31,2006,12,31,20.735968
2007-01-01,2007,1,1,16.663985
2007-01-02,2007,1,2,15.059217
2007-01-03,2007,1,3,15.673273
2007-01-04,2007,1,4,17.065045
2007-01-05,2007,1,5,18.89364
2007-01-06,2007,1,6,17.719154
2007-01-07,2007,1,7,15.978787
2007-01-08,2007,1,8,18.285032
2007-01-09,2007,1,9,17.402969
2007-01-10,2007,1,10,17.372388
2007-01-11,2007,1,11,16.923826
2007-01-12,2007,1,12,20.204259
2007-01-13,2007,1,13,18.477415
2007-01-14,2007,1,14,17.763934
2007-01-15,2007,1,15,16.807618
2007-01-16,2007,1,16,15.160027
2007-01-17,2007,1,17,13.778546
2007-01-18,2007,1,18,14.897018
2007-01-19,2007,1,19,12.59902
2007-01-20,2007,1,20,16.277775
2007-01-21,2007,1,21,16.362667
2007-01-22,2007,1,22,13.019262
2007-01-23,2007,1,23,14.998815
2007-01-24,2007,1,24,17.092967
2007-01-25,2007,1,25,14.634657
2007-01-26,2007,1,26,12.915235
2007-01-27,2007,1,27,14.105757
2007-01-28,2007,1,28,13.625602
2007-01-29,2007,1,29,11.946525
2007-01-30,2007,1,30,14.294147
2007-01-31,2007,1,31,14.597981
2007-02-01,2007,2,1,15.57234
2007-02-02,2007,2,2,14.364856
2007-02-03,2007,2,3,12.447469
2007-02-04,2007,2,4,15.372093
2007-02-05,2007,2,5,14.107556
2007-02-06,2007,2,6,12.356251
2007-02-07,2007,2,7,13.318329
2007-02-08,2007,2,8,14.579
2007-02-09,2007,2,9,14.0174
2007-02-10,2007,2,10,17.143896
2007-02-11,2007,2,11,14.916078
2007-02-12,2007,2,12,15.732974
2007-02-13,2007,2,13,14.171585
2007-02-14,2007,2,14,12.169455
2007-02-15,2007,2,15,9.4607525
2007-02-16,2007,2,16,5.1156369
2007-02-17,2007,2,17,5.6353387
2007-02-18,2007,2,18,7.3975082
2007-02-19,2007,2,19,9.171903
2007-02-20,2007,2,20,8.8789366
2007-02-21,2007,2,21,7.2945291
2007-02-22,2007,2,22,11.167325
2007-02-23,2007,2,23,14.939985
2007-02-24,2007,2,24,19.285972
2007-02-25,2007,2,25,19.141828
2007-02-26,2007,2,26,15.817748
2007-02-27,2007,2,27,14.608143
2007-02-28,2007,2,28,10.351867
2007-03-01,2007,3,1,9.1222825
2007-03-02,2007,3,2,12.671442
2007-03-03,2007,3,3,11.706361
2007-03-04,2007,3,4,16.079898
2007-03-05,2007,3,5,16.895343
2007-03-06,2007,3,6,16.20882
2007-03-07,2007,3,7,13.566354
2007-03-08,2007,3,8,10.994046
2007-03-09,2007,3,9,12.244966
2007-03-10,2007,3,10,15.648487
2007-03-11,2007,3,11,16.176065
2007-03-12,2007,3,12,16.880878
2007-03-13,2007,3,13,14.731541
2007-03-14,2007,3,14,12.723184
2007-03-15,2007,3,15,11.960706
2007-03-16,2007,3,16,13.691217
2007-03-17,2007,3,17,19.110707
2007-03-18,2007,3,18,20.276998
2007-03-19,2007,3,19,18.861291
2007-03-20,2007,3,20,15.660745
2007-03-21,2007,3,21,12.341246
2007-03-22,2007,3,22,8.4582742
2007-03-23,2007,3,23,13.702763
2007-03-24,2007,3,24,14.22546
2007-03-25,2007,3,25,11.733816
2007-03-26,2007,3,26,9.388777
2007-03-27,2007,3,27,7.9622432
2007-03-28,2007,3,28,8.82172
2007-03-29,2007,3,29,6.972157
2007-03-30,2007,3,30,7.4826829
2007-03-31,2007,3,31,15.069605
2007-04-01,2007,4,1,11.433022
2007-04-02,2007,4,2,11.243292
2007-04-03,2007,4,3,12.039158
2007-04-04,2007,4,4,11.516071
2007-04-05,2007,4,5,11.266158
2007-04-06,2007,4,6,12.604635
2007-04-07,2007,4,7,16.425005
2007-04-08,2007,4,8,15.895485
2007-04-09,2007,4,9,10.483416
2007-04-10,2007,4,10,6.8163236
2007-04-11,2007,4,11,4.4521411
2007-04-12,2007,4,12,11.139463
2007-04-13,2007,4,13,9.5702652
2007-04-14,2007,4,14,6.6659496
2007-04-15,2007,4,15,11.910316
2007-04-16,2007,4,16,9.9407065
2007-04-17,2007,4,17,13.589298
2007-04-18,2007,4,18,13.81249
2007-04-19,2007,4,19,10.106447
2007-04-20,2007,4,20,12.958017
2007-04-21,2007,4,21,12.574005
2007-04-22,2007,4,22,5.7232603
2007-04-23,2007,4,23,4.3716087
2007-04-24,2007,4,24,3.4588046
2007-04-25,2007,4,25,3.2233437
2007-04-26,2007,4,26,7.8501301
2007-04-27,2007,4,27,9.3375587
2007-04-28,2007,4,28,9.8162241
2007-04-29,2007,4,29,9.9315947
2007-04-30,2007,4,30,7.053314
2007-05-01,2007,5,1,4.1414418
2007-05-02,2007,5,2,8.4828607
2007-05-03,2007,5,3,7.3168032
2007-05-04,2007,5,4,4.6180668
2007-05-05,2007,5,5,4.8951632
2007-05-06,2007,5,6,3.5152669
2007-05-07,2007,5,7,3.5773535
2007-05-08,2007,5,8,7.2608657
2007-05-09,2007,5,9,8.4929625
2007-05-10,2007,5,10,7.2133166
2007-05-11,2007,5,11,8.772315
2007-05-12,2007,5,12,8.8167583
2007-05-13,2007,5,13,6.3690615
2007-05-14,2007,5,14,7.7503494
2007-05-15,2007,5,15,3.1818751
2007-05-16,2007,5,16,3.9907837
2007-05-17,2007,5,17,4.0143071
2007-05-18,2007,5,18,2.7905809
2007-05-19,2007,5,19,6.6603269
2007-05-20,2007,5,20,4.6265855
2007-05-21,2007,5,21,0.35143864
2007-05-22,2007,5,22,0.068947718
2007-05-23,2007,5,23,4.1624896
2007-05-24,2007,5,24,6.2784032
2007-05-25,2007,5,25,5.4158063
2007-05-26,2007,5,26,3.3222019
2007-05-27,2007,5,27,3.3495154
2007-05-28,2007,5,28,3.7252927
2007-05-29,2007,5,29,0.76722524
2007-05-30,2007,5,30,0.32420441
2007-05-31,2007,5,31,-3.1086709
2007-06-01,2007,6,1,-1.9161639
2007-06-02,2007,6,2,2.5033571
2007-06-03,2007,6,3,4.2047041
2007-06-04,2007,6,4,4.6294157
2007-06-05,2007,6,5,3.8653292
2007-06-06,2007,6,6,1.4173312
2007-06-07,2007,6,7,0.6591851
2007-06-08,2007,6,8,0.92915701
2007-06-09,2007,6,9,-1.5743801
2007-06-10,2007,6,10,0.71701785
2007-06-11,2007,6,11,-1.5166816
2007-06-12,2007,6,12,-1.0598703
2007-06-13,2007,6,13,-0.57236289
2007-06-14,2007,6,14,-1.6187376
2007-06-15,2007,6,15,0.92137323
2007-06-16,2007,6,16,2.0682767
2007-06-17,2007,6,17,-0.99020093
2007-06-18,2007,6,18,-0.55374621
2007-06-19,2007,6,19,-1.2064801
2007-06-20,2007,6,20,-2.7959326
2007-06-21,2007,6,21,-2.5848141
2007-06-22,2007,6,22,-5.8319198
2007-06-23,2007,6,23,-4.112925
2007-06-24,2007,6,24,-0.34837384
2007-06-25,2007,6,25,2.6293393
2007-06-26,2007,6,26,0.01232578
2007-06-27,2007,6,27,5.1411141
2007-06-28,2007,6,28,6.5236526
2007-06-29,2007,6,29,7.1399446
2007-06-30,2007,6,30,8.3202357
2007-07-01,2007,7,1,7.5942804
2007-07-02,2007,7,2,6.0997104
2007-07-03,2007,7,3,3.4072423
2007-07-04,2007,7,4,1.0953048
2007-07-05,2007,7,5,-0.19977596
2007-07-06,2007,7,6,-0.97071836
2007-07-07,2007,7,7,-2.2489728
2007-07-08,2007,7,8,-5.7973278
2007-07-09,2007,7,9,-6.8853962
2007-07-10,2007,7,10,-4.1103456
2007-07-11,2007,7,11,-1.8888434
2007-07-12,2007,7,12,-2.9142183
2007-07-13,2007,7,13,-4.8374785
2007-07-14,2007,7,14,-0.4156947
2007-07-15,2007,7,15,0.47353916
2007-07-16,2007,7,16,-1.5306356
2007-07-17,2007,7,17,0.024971401
2007-07-18,2007,7,18,3.5013134
2007-07-19,2007,7,19,1.4583051
2007-07-20,2007,7,20,0.45827834
2007-07-21,2007,7,21,-2.9976098
2007-07-22,2007,7,22,-6.5694623
2007-07-23,2007,7,23,-6.014094
2007-07-24,2007,7,24,-5.3665469
2007-07-25,2007,7,25,0.49113841
2007-07-26,2007,7,26,2.6010153
2007-07-27,2007,7,27,1.7905161
2007-07-28,2007,7,28,1.8245367
2007-07-29,2007,7,29,2.0597966
2007-07-30,2007,7,30,2.6857238
2007-07-31,2007,7,31,0.073325105
2007-08-01,2007,8,1,-1.7297485
2007-08-02,2007,8,2,-4.8630497
2007-08-03,2007,8,3,-2.6050555
2007-08-04,2007,8,4,1.8261201
2007-08-05,2007,8,5,-1.8420661
2007-08-06,2007,8,6,-4.3723621
2007-08-07,2007,8,7,1.3489341
2007-08-08,2007,8,8,-3.1952108
2007-08-09,2007,8,9,-6.4901768
2007-08-10,2007,8,10,0.47291086
2007-08-11,2007,8,11,5.7892786
2007-08-12,2007,8,12,-0.27959747
2007-08-13,2007,8,13,-0.3182976
2007-08-14,2007,8,14,-4.2137492
2007-08-15,2007,8,15,-6.8444377
2007-08-16,2007,8,16,-4.7838069
2007-08-17,2007,8,17,-2.6413479
2007-08-18,2007,8,18,-1.4060443
2007-08-19,2007,8,19,2.7193357
2007-08-20,2007,8,20,6.5353655
2007-08-21,2007,8,21,3.7797556
2007-08-22,2007,8,22,2.0710959
2007-08-23,2007,8,23,-3.4600549
2007-08-24,2007,8,24,-3.894841
2007-08-25,2007,8,25,-5.4840454
2007-08-26,2007,8,26,-1.008229
2007-08-27,2007,8,27,3.0290668
2007-08-28,2007,8,28,2.8581632
2007-08-29,2007,8,29,2.9365689
2007-08-30,2007,8,30,4.9922056
2007-08-31,2007,8,31,7.6264473
2007-09-01,2007,9,1,7.9240094
2007-09-02,2007,9,2,8.4522168
2007-09-03,2007,9,3,6.9569771
2007-09-04,2007,9,4,5.3925911
2007-09-05,2007,9,5,8.5815217
2007-09-06,2007,9,6,10.320539
2007-09-07,2007,9,7,10.121799
2007-09-08,2007,9,8,7.6607091
2007-09-09,2007,9,9,4.3833877
2007-09-10,2007,9,10,4.2496198
2007-09-11,2007,9,11,5.6714541
2007-09-12,2007,9,12,6.0953961
2007-09-13,2007,9,13,3.2082275
2007-09-14,2007,9,14,4.2235153
2007-09-15,2007,9,15,5.0185817
2007-09-16,2007,9,16,4.31396
2007-09-17,2007,9,17,1.4020258
2007-09-18,2007,9,18,3.0466786
2007-09-19,2007,9,19,0.48463772
2007-09-20,2007,9,20,0.37050557
2007-09-21,2007,9,21,0.17237175
2007-09-22,2007,9,22,1.7071352
2007-09-23,2007,9,23,3.3326791
2007-09-24,2007,9,24,7.1688032
2007-09-25,2007,9,25,5.8586146
2007-09-26,2007,9,26,3.6317666
2007-09-27,2007,9,27,6.5138905
2007-09-28,2007,9,28,9.7790948
2007-09-29,2007,9,29,11.549495
2007-09-30,2007,9,30,11.380918
2007-10-01,2007,10,1,6.3413574
2007-10-02,2007,10,2,11.266021
2007-10-03,2007,10,3,8.3428312
2007-10-04,2007,10,4,7.1836944
2007-10-05,2007,10,5,4.391239
2007-10-06,2007,10,6,5.9394584
2007-10-07,2007,10,7,10.002438
2007-10-08,2007,10,8,7.7966866
2007-10-09,2007,10,9,2.9234564
2007-10-10,2007,10,10,5.2075205
2007-10-11,2007,10,11,1.8019005
2007-10-12,2007,10,12,4.2889788
2007-10-13,2007,10,13,1.4649939
2007-10-14,2007,10,14,2.364204
2007-10-15,2007,10,15,2.733455
2007-10-16,2007,10,16,10.917151
2007-10-17,2007,10,17,11.164656
2007-10-18,2007,10,18,10.978344
2007-10-19,2007,10,19,8.476408
2007-10-20,2007,10,20,7.8489281
2007-10-21,2007,10,21,10.608168
2007-10-22,2007,10,22,9.6048442
2007-10-23,2007,10,23,13.560863
2007-10-24,2007,10,24,11.775391
2007-10-25,2007,10,25,9.6873372
2007-10-26,2007,10,26,11.27491
2007-10-27,2007,10,27,12.384811
2007-10-28,2007,10,28,8.6990081
2007-10-29,2007,10,29,8.8634931
2007-10-30,2007,10,30,7.5852255
2007-10-31,2007,10,31,4.0282984
2007-11-01,2007,11,1,7.3283372
2007-11-02,2007,11,2,6.633855
2007-11-03,2007,11,3,8.4645369
2007-11-04,2007,11,4,11.40099
2007-11-05,2007,11,5,10.270063
2007-11-06,2007,11,6,14.430746
2007-11-07,2007,11,7,13.642456
2007-11-08,2007,11,8,11.050857
2007-11-09,2007,11,9,4.6545596
2007-11-10,2007,11,10,3.9469678
2007-11-11,2007,11,11,7.0554933
2007-11-12,2007,11,12,7.2982079
2007-11-13,2007,11,13,6.3432042
2007-11-14,2007,11,14,12.62123
2007-11-15,2007,11,15,11.578983
2007-11-16,2007,11,16,9.6010219
2007-11-17,2007,11,17,9.3744724
2007-11-18,2007,11,18,12.169372
2007-11-19,2007,11,19,16.837081
2007-11-20,2007,11,20,18.469835
2007-11-21,2007,11,21,16.781212
2007-11-22,2007,11,22,11.329872
2007-11-23,2007,11,23,13.407369
2007-11-24,2007,11,24,11.33648
2007-11-25,2007,11,25,12.220786
2007-11-26,2007,11,26,14.099852
2007-11-27,2007,11,27,13.659581
2007-11-28,2007,11,28,16.775414
2007-11-29,2007,11,29,15.544121
2007-11-30,2007,11,30,13.150801
2007-12-01,2007,12,1,12.978186
2007-12-02,2007,12,2,15.463304
2007-12-03,2007,12,3,12.417508
2007-12-04,2007,12,4,9.2726927
2007-12-05,2007,12,5,10.833152
2007-12-06,2007,12,6,9.5163637
2007-12-07,2007,12,7,10.838316
2007-12-08,2007,12,8,10.445246
2007-12-09,2007,12,9,10.61146
2007-12-10,2007,12,10,11.540987
2007-12-11,2007,12,11,16.034803
2007-12-12,2007,12,12,16.79294
2007-12-13,2007,12,13,12.262518
2007-12-14,2007,12,14,14.060788
2007-12-15,2007,12,15,14.877489
2007-12-16,2007,12,16,14.04205
2007-12-17,2007,12,17,12.742722
2007-12-18,2007,12,18,16.191615
2007-12-19,2007,12,19,18.075178
2007-12-20,2007,12,20,17.340994
2007-12-21,2007,12,21,18.273068
2007-12-22,2007,12,22,17.63371
2007-12-23,2007,12,23,16.432636
2007-12-24,2007,12,24,16.196548
2007-12-25,2007,12,25,11.758922
2007-12-26,2007,12,26,12.118635
2007-12-27,2007,12,27,11.685351
2007-12-28,2007,12,28,11.704606
2007-12-29,2007,12,29,13.056066
2007-12-30,2007,12,30,13.777824
2007-12-31,2007,12,31,17.240263
2008-01-01,2008,1,1,17.283839
2008-01-02,2008,1,2,16.457624
2008-01-03,2008,1,3,18.067719
2008-01-04,2008,1,4,19.477114
2008-01-05,2008,1,5,21.193544
2008-01-06,2008,1,6,19.897322
2008-01-07,2008,1,7,19.036789
2008-01-08,2008,1,8,18.558125
2008-01-09,2008,1,9,13.888812
2008-01-10,2008,1,10,10.536528
2008-01-11,2008,1,11,17.68957
2008-01-12,2008,1,12,17.472399
2008-01-13,2008,1,13,15.484505
2008-01-14,2008,1,14,18.452289
2008-01-15,2008,1,15,19.769723
2008-01-16,2008,1,16,19.889242
2008-01-17,2008,1,17,17.54758
2008-01-18,2008,1,18,15.224761
2008-01-19,2008,1,19,17.058902
2008-01-20,2008,1,20,16.96942
2008-01-21,2008,1,21,15.035623
2008-01-22,2008,1,22,14.353068
2008-01-23,2008,1,23,15.267506
2008-01-24,2008,1,24,14.973767
2008-01-25,2008,1,25,13.930383
2008-01-26,2008,1,26,12.824904
2008-01-27,2008,1,27,15.683499
2008-01-28,2008,1,28,15.376157
2008-01-29,2008,1,29,15.081955
2008-01-30,2008,1,30,14.791214
2008-01-31,2008,1,31,13.169261
2008-02-01,2008,2,1,13.075716
2008-02-02,2008,2,2,16.042568
2008-02-03,2008,2,3,17.994617
2008-02-04,2008,2,4,15.288572
2008-02-05,2008,2,5,16.449465
2008-02-06,2008,2,6,12.207839
2008-02-07,2008,2,7,12.021841
2008-02-08,2008,2,8,12.33923
2008-02-09,2008,2,9,11.996844
2008-02-10,2008,2,10,15.508545
2008-02-11,2008,2,11,17.822575
2008-02-12,2008,2,12,16.014372
2008-02-13,2008,2,13,14.355085
2008-02-14,2008,2,14,13.435782
2008-02-15,2008,2,15,14.084918
2008-02-16,2008,2,16,15.328321
2008-02-17,2008,2,17,16.246898
2008-02-18,2008,2,18,16.422851
2008-02-19,2008,2,19,17.644821
2008-02-20,2008,2,20,15.417187
2008-02-21,2008,2,21,13.021908
2008-02-22,2008,2,22,12.703641
2008-02-23,2008,2,23,12.295843
2008-02-24,2008,2,24,12.590338
2008-02-25,2008,2,25,11.752161
2008-02-26,2008,2,26,12.110172
2008-02-27,2008,2,27,12.227552
2008-02-28,2008,2,28,13.866832
2008-02-29,2008,2,29,13.439677
2008-03-01,2008,3,1,12.348048
2008-03-02,2008,3,2,13.349833
2008-03-03,2008,3,3,14.120765
2008-03-04,2008,3,4,13.936946
2008-03-05,2008,3,5,12.090843
2008-03-06,2008,3,6,10.923848
2008-03-07,2008,3,7,9.1256836
2008-03-08,2008,3,8,7.1132588
2008-03-09,2008,3,9,10.068475
2008-03-10,2008,3,10,11.495783
2008-03-11,2008,3,11,10.344128
2008-03-12,2008,3,12,14.913014
2008-03-13,2008,3,13,15.831638
2008-03-14,2008,3,14,15.918015
2008-03-15,2008,3,15,13.981868
2008-03-16,2008,3,16,12.267596
2008-03-17,2008,3,17,14.758765
2008-03-18,2008,3,18,15.460063
2008-03-19,2008,3,19,13.023434
2008-03-20,2008,3,20,18.458994
2008-03-21,2008,3,21,15.869282
2008-03-22,2008,3,22,16.074735
2008-03-23,2008,3,23,15.157574
2008-03-24,2008,3,24,14.861849
2008-03-25,2008,3,25,12.996029
2008-03-26,2008,3,26,13.888756
2008-03-27,2008,3,27,13.425014
2008-03-28,2008,3,28,13.364876
2008-03-29,2008,3,29,12.91843
2008-03-30,2008,3,30,10.907488
2008-03-31,2008,3,31,13.600357
2008-04-01,2008,4,1,12.376995
2008-04-02,2008,4,2,14.490303
2008-04-03,2008,4,3,14.491028
2008-04-04,2008,4,4,15.591916
2008-04-05,2008,4,5,15.276208
2008-04-06,2008,4,6,12.192027
2008-04-07,2008,4,7,7.7060322
2008-04-08,2008,4,8,14.21858
2008-04-09,2008,4,9,12.737604
2008-04-10,2008,4,10,10.703134
2008-04-11,2008,4,11,5.0488983
2008-04-12,2008,4,12,4.7637443
2008-04-13,2008,4,13,4.0349526
2008-04-14,2008,4,14,10.125961
2008-04-15,2008,4,15,7.1838822
2008-04-16,2008,4,16,9.6353614
2008-04-17,2008,4,17,13.444799
2008-04-18,2008,4,18,14.165368
2008-04-19,2008,4,19,15.641372
2008-04-20,2008,4,20,14.918077
2008-04-21,2008,4,21,13.86974
2008-04-22,2008,4,22,12.740998
2008-04-23,2008,4,23,12.361045
2008-04-24,2008,4,24,12.596316
2008-04-25,2008,4,25,8.9564067
2008-04-26,2008,4,26,8.8219791
2008-04-27,2008,4,27,4.3781088
2008-04-28,2008,4,28,1.7785988
2008-04-29,2008,4,29,2.0617608
2008-04-30,2008,4,30,2.3945365
2008-05-01,2008,5,1,2.900164
2008-05-02,2008,5,2,5.6036512
2008-05-03,2008,5,3,6.047725
2008-05-04,2008,5,4,6.7074062
2008-05-05,2008,5,5,7.1746776
2008-05-06,2008,5,6,4.9375467
2008-05-07,2008,5,7,3.2099995
2008-05-08,2008,5,8,4.1813168
2008-05-09,2008,5,9,4.6629741
2008-05-10,2008,5,10,5.3915728
2008-05-11,2008,5,11,7.4086532
2008-05-12,2008,5,12,7.9485488
2008-05-13,2008,5,13,8.3888533
2008-05-14,2008,5,14,8.5313653
2008-05-15,2008,5,15,10.250168
2008-05-16,2008,5,16,10.382366
2008-05-17,2008,5,17,5.8389629
2008-05-18,2008,5,18,4.0051033
2008-05-19,2008,5,19,4.9015609
2008-05-20,2008,5,20,5.6360341
2008-05-21,2008,5,21,4.4114666
2008-05-22,2008,5,22,5.5496749
2008-05-23,2008,5,23,4.9390419
2008-05-24,2008,5,24,9.4280161
2008-05-25,2008,5,25,7.2815354
2008-05-26,2008,5,26,2.8677545
2008-05-27,2008,5,27,0.5584246
2008-05-28,2008,5,28,-1.1873872
2008-05-29,2008,5,29,-2.4674942
2008-05-30,2008,5,30,1.8267336
2008-05-31,2008,5,31,1.7929799
2008-06-01,2008,6,1,1.6136067
2008-06-02,2008,6,2,1.6399348
2008-06-03,2008,6,3,1.5074979
2008-06-04,2008,6,4,0.8030652
2008-06-05,2008,6,5,0.77890793
2008-06-06,2008,6,6,3.3414955
2008-06-07,2008,6,7,-0.95471713
2008-06-08,2008,6,8,-3.0879258
2008-06-09,2008,6,9,1.1715014
2008-06-10,2008,6,10,2.7510874
2008-06-11,2008,6,11,1.4081124
2008-06-12,2008,6,12,2.0267603
2008-06-13,2008,6,13,2.826645
2008-06-14,2008,6,14,3.079142
2008-06-15,2008,6,15,4.7313164
2008-06-16,2008,6,16,6.5027358
2008-06-17,2008,6,17,4.6434109
2008-06-18,2008,6,18,0.013725059
2008-06-19,2008,6,19,-3.3868817
2008-06-20,2008,6,20,-2.7764245
2008-06-21,2008,6,21,-1.1487123
2008-06-22,2008,6,22,-0.79032061
2008-06-23,2008,6,23,-1.0867632
2008-06-24,2008,6,24,1.570709
2008-06-25,2008,6,25,2.4539618
2008-06-26,2008,6,26,2.2347758
2008-06-27,2008,6,27,4.5377756
2008-06-28,2008,6,28,7.5100745
2008-06-29,2008,6,29,6.8574519
2008-06-30,2008,6,30,5.62856
2008-07-01,2008,7,1,3.5724278
2008-07-02,2008,7,2,5.0257015
2008-07-03,2008,7,3,8.3027492
2008-07-04,2008,7,4,5.8264614
2008-07-05,2008,7,5,1.2558932
2008-07-06,2008,7,6,0.54001635
2008-07-07,2008,7,7,1.8790097
2008-07-08,2008,7,8,4.044486
2008-07-09,2008,7,9,5.3692575
2008-07-10,2008,7,10,6.2746752
2008-07-11,2008,7,11,5.2258444
2008-07-12,2008,7,12,1.2911696
2008-07-13,2008,7,13,1.3466162
2008-07-14,2008,7,14,6.0030455
2008-07-15,2008,7,15,8.4358893
2008-07-16,2008,7,16,3.8332819
2008-07-17,2008,7,17,-1.7812118
2008-07-18,2008,7,18,2.624941
2008-07-19,2008,7,19,3.2943954
2008-07-20,2008,7,20,1.0687833
2008-07-21,2008,7,21,-1.1403393
2008-07-22,2008,7,22,-0.074263312
2008-07-23,2008,7,23,-3.8487273
2008-07-24,2008,7,24,0.83177445
2008-07-25,2008,7,25,0.37837449
2008-07-26,2008,7,26,0.71867423
2008-07-27,2008,7,27,-2.1067999
2008-07-28,2008,7,28,1.7173706
2008-07-29,2008,7,29,1.6860686
2008-07-30,2008,7,30,1.8159171
2008-07-31,2008,7,31,0.051663924
2008-08-01,2008,8,1,-1.639287
2008-08-02,2008,8,2,-0.59447499
2008-08-03,2008,8,3,3.4151874
2008-08-04,2008,8,4,-1.7377351
2008-08-05,2008,8,5,2.900669
2008-08-06,2008,8,6,1.0273895
2008-08-07,2008,8,7,2.1657831
2008-08-08,2008,8,8,3.4699956
2008-08-09,2008,8,9,5.7002082
2008-08-10,2008,8,10,1.506068
2008-08-11,2008,8,11,-2.6082092
2008-08-12,2008,8,12,2.4212328
2008-08-13,2008,8,13,3.1349188
2008-08-14,2008,8,14,-0.01390086
2008-08-15,2008,8,15,-1.1466657
2008-08-16,2008,8,16,-1.5374083
2008-08-17,2008,8,17,-0.70395008
2008-08-18,2008,8,18,-2.7755579
2008-08-19,2008,8,19,-4.600009
2008-08-20,2008,8,20,-2.9746573
2008-08-21,2008,8,21,-1.5971406
2008-08-22,2008,8,22,2.7824637
2008-08-23,2008,8,23,1.050587
2008-08-24,2008,8,24,2.6497606
2008-08-25,2008,8,25,4.4834952
2008-08-26,2008,8,26,1.1820152
2008-08-27,2008,8,27,-2.844519
2008-08-28,2008,8,28,-2.5063151
2008-08-29,2008,8,29,2.367045
2008-08-30,2008,8,30,5.0445656
2008-08-31,2008,8,31,3.3923104
2008-09-01,2008,9,1,2.4306317
2008-09-02,2008,9,2,0.2277438
2008-09-03,2008,9,3,-1.2636363
2008-09-04,2008,9,4,-1.3138583
2008-09-05,2008,9,5,-1.7075641
2008-09-06,2008,9,6,0.31999992
2008-09-07,2008,9,7,2.0064621
2008-09-08,2008,9,8,1.4257298
2008-09-09,2008,9,9,2.6135351
2008-09-10,2008,9,10,0.53998569
2008-09-11,2008,9,11,1.1182362
2008-09-12,2008,9,12,2.5537366
2008-09-13,2008,9,13,7.4586791
2008-09-14,2008,9,14,5.7763863
2008-09-15,2008,9,15,7.3852169
2008-09-16,2008,9,16,10.310048
2008-09-17,2008,9,17,7.1074321
2008-09-18,2008,9,18,2.5356256
2008-09-19,2008,9,19,3.7935454
2008-09-20,2008,9,20,10.090333
2008-09-21,2008,9,21,12.421402
2008-09-22,2008,9,22,9.2316149
2008-09-23,2008,9,23,6.2420737
2008-09-24,2008,9,24,8.7146142
2008-09-25,2008,9,25,9.8047821
2008-09-26,2008,9,26,6.3850835
2008-09-27,2008,9,27,3.9030419
2008-09-28,2008,9,28,4.4834345
2008-09-29,2008,9,29,8.1145644
2008-09-30,2008,9,30,6.4798805
2008-10-01,2008,10,1,2.5046124
2008-10-02,2008,10,2,5.5404387
2008-10-03,2008,10,3,2.0015158
2008-10-04,2008,10,4,4.7074513
2008-10-05,2008,10,5,4.9565244
2008-10-06,2008,10,6,9.337266
2008-10-07,2008,10,7,9.6293246
2008-10-08,2008,10,8,10.624872
2008-10-09,2008,10,9,10.730075
2008-10-10,2008,10,10,7.9292988
2008-10-11,2008,10,11,4.5795457
2008-10-12,2008,10,12,3.9734859
2008-10-13,2008,10,13,4.5715711
2008-10-14,2008,10,14,3.9310772
2008-10-15,2008,10,15,7.1177017
2008-10-16,2008,10,16,8.8700178
2008-10-17,2008,10,17,9.222533
2008-10-18,2008,10,18,10.369913
2008-10-19,2008,10,19,10.011783
2008-10-20,2008,10,20,6.1437387
2008-10-21,2008,10,21,5.789066
2008-10-22,2008,10,22,6.9341796
2008-10-23,2008,10,23,10.297239
2008-10-24,2008,10,24,10.428291
2008-10-25,2008,10,25,7.4214839
2008-10-26,2008,10,26,10.244299
2008-10-27,2008,10,27,6.4735826
2008-10-28,2008,10,28,4.3338493
2008-10-29,2008,10,29,10.41732
2008-10-30,2008,10,30,10.58673
2008-10-31,2008,10,31,10.892111
2008-11-01,2008,11,1,8.595537
2008-11-02,2008,11,2,10.261662
2008-11-03,2008,11,3,9.3341548
2008-11-04,2008,11,4,10.349623
2008-11-05,2008,11,5,9.8960069
2008-11-06,2008,11,6,11.507755
2008-11-07,2008,11,7,8.5866352
2008-11-08,2008,11,8,9.4255474
2008-11-09,2008,11,9,12.500887
2008-11-10,2008,11,10,13.599466
2008-11-11,2008,11,11,14.288578
2008-11-12,2008,11,12,15.179746
2008-11-13,2008,11,13,13.493237
2008-11-14,2008,11,14,12.473591
2008-11-15,2008,11,15,11.180069
2008-11-16,2008,11,16,12.896918
2008-11-17,2008,11,17,13.7256
2008-11-18,2008,11,18,13.482437
2008-11-19,2008,11,19,14.983343
2008-11-20,2008,11,20,16.105787
2008-11-21,2008,11,21,15.488906
2008-11-22,2008,11,22,14.188919
2008-11-23,2008,11,23,14.407599
2008-11-24,2008,11,24,16.112109
2008-11-25,2008,11,25,14.352129
2008-11-26,2008,11,26,16.527927
2008-11-27,2008,11,27,14.357949
2008-11-28,2008,11,28,12.862975
2008-11-29,2008,11,29,13.939098
2008-11-30,2008,11,30,14.701757
2008-12-01,2008,12,1,13.498735
2008-12-02,2008,12,2,14.572438
2008-12-03,2008,12,3,12.268037
2008-12-04,2008,12,4,12.766761
2008-12-05,2008,12,5,13.806918
2008-12-06,2008,12,6,14.797382
2008-12-07,2008,12,7,15.143312
2008-12-08,2008,12,8,13.644214
2008-12-09,2008,12,9,13.653131
2008-12-10,2008,12,10,16.430822
2008-12-11,2008,12,11,15.488262
2008-12-12,2008,12,12,13.390145
2008-12-13,2008,12,13,14.862992
2008-12-14,2008,12,14,17.373636
2008-12-15,2008,12,15,16.041077
2008-12-16,2008,12,16,14.64976
2008-12-17,2008,12,17,14.610677
2008-12-18,2008,12,18,14.874846
2008-12-19,2008,12,19,15.361407
2008-12-20,2008,12,20,12.865956
2008-12-21,2008,12,21,14.791816
2008-12-22,2008,12,22,15.082441
2008-12-23,2008,12,23,16.63141
2008-12-24,2008,12,24,16.799985
2008-12-25,2008,12,25,16.64755
2008-12-26,2008,12,26,14.53426
2008-12-27,2008,12,27,11.208881
2008-12-28,2008,12,28,13.896123
2008-12-29,2008,12,29,17.022526
2008-12-30,2008,12,30,17.128522
2008-12-31,2008,12,31,17.036228
2009-01-01,2009,1,1,14.549264
2009-01-02,2009,1,2,16.507355
2009-01-03,2009,1,3,18.85166
2009-01-04,2009,1,4,17.885604
2009-01-05,2009,1,5,15.006443
2009-01-06,2009,1,6,11.996344
2009-01-07,2009,1,7,12.725266
2009-01-08,2009,1,8,14.006595
2009-01-09,2009,1,9,15.747415
2009-01-10,2009,1,10,17.078884
2009-01-11,2009,1,11,15.181754
2009-01-12,2009,1,12,15.222342
2009-01-13,2009,1,13,17.067979
2009-01-14,2009,1,14,15.228663
2009-01-15,2009,1,15,16.586204
2009-01-16,2009,1,16,18.553859
2009-01-17,2009,1,17,14.736536
2009-01-18,2009,1,18,14.342889
2009-01-19,2009,1,19,16.886711
2009-01-20,2009,1,20,16.679412
2009-01-21,2009,1,21,16.386021
2009-01-22,2009,1,22,14.81827
2009-01-23,2009,1,23,15.330251
2009-01-24,2009,1,24,13.442844
2009-01-25,2009,1,25,16.36646
2009-01-26,2009,1,26,15.889143
2009-01-27,2009,1,27,17.70049
2009-01-28,2009,1,28,19.766892
2009-01-29,2009,1,29,18.691676
2009-01-30,2009,1,30,17.379827
2009-01-31,2009,1,31,15.761859
2009-02-01,2009,2,1,14.629622
2009-02-02,2009,2,2,12.53823
2009-02-03,2009,2,3,14.380326
2009-02-04,2009,2,4,14.685493
2009-02-05,2009,2,5,13.167137
2009-02-06,2009,2,6,17.393027
2009-02-07,2009,2,7,13.638593
2009-02-08,2009,2,8,16.126545
2009-02-09,2009,2,9,14.03009
2009-02-10,2009,2,10,12.796361
2009-02-11,2009,2,11,16.950568
2009-02-12,2009,2,12,17.468458
2009-02-13,2009,2,13,16.587384
2009-02-14,2009,2,14,17.241756
2009-02-15,2009,2,15,12.534516
2009-02-16,2009,2,16,13.44867
2009-02-17,2009,2,17,17.583296
2009-02-18,2009,2,18,14.012287
2009-02-19,2009,2,19,13.249554
2009-02-20,2009,2,20,12.828642
2009-02-21,2009,2,21,9.0734785
2009-02-22,2009,2,22,14.927834
2009-02-23,2009,2,23,15.51108
2009-02-24,2009,2,24,15.25407
2009-02-25,2009,2,25,16.294006
2009-02-26,2009,2,26,15.97829
2009-02-27,2009,2,27,14.956879
2009-02-28,2009,2,28,11.845483
2009-03-01,2009,3,1,12.222975
2009-03-02,2009,3,2,14.476341
2009-03-03,2009,3,3,11.035758
2009-03-04,2009,3,4,15.251618
2009-03-05,2009,3,5,15.907565
2009-03-06,2009,3,6,15.13195
2009-03-07,2009,3,7,16.254592
2009-03-08,2009,3,8,14.734067
2009-03-09,2009,3,9,16.164934
2009-03-10,2009,3,10,15.275519
2009-03-11,2009,3,11,14.826917
2009-03-12,2009,3,12,16.054079
2009-03-13,2009,3,13,17.801583
2009-03-14,2009,3,14,16.895626
2009-03-15,2009,3,15,18.900546
2009-03-16,2009,3,16,13.029733
2009-03-17,2009,3,17,18.221019
2009-03-18,2009,3,18,17.586873
2009-03-19,2009,3,19,16.573521
2009-03-20,2009,3,20,16.854541
2009-03-21,2009,3,21,16.326185
2009-03-22,2009,3,22,14.610081
2009-03-23,2009,3,23,14.726526
2009-03-24,2009,3,24,13.928998
2009-03-25,2009,3,25,13.78298
2009-03-26,2009,3,26,14.088654
2009-03-27,2009,3,27,13.925078
2009-03-28,2009,3,28,14.976937
2009-03-29,2009,3,29,13.629899
2009-03-30,2009,3,30,13.817592
2009-03-31,2009,3,31,16.297023
2009-04-01,2009,4,1,13.864761
2009-04-02,2009,4,2,10.06961
2009-04-03,2009,4,3,9.2191362
2009-04-04,2009,4,4,10.777978
2009-04-05,2009,4,5,14.453058
2009-04-06,2009,4,6,16.64056
2009-04-07,2009,4,7,16.573187
2009-04-08,2009,4,8,16.839462
2009-04-09,2009,4,9,17.149601
2009-04-10,2009,4,10,17.443892
2009-04-11,2009,4,11,15.645538
2009-04-12,2009,4,12,14.135101
2009-04-13,2009,4,13,15.827343
2009-04-14,2009,4,14,19.316835
2009-04-15,2009,4,15,17.460882
2009-04-16,2009,4,16,17.006842
2009-04-17,2009,4,17,14.407043
2009-04-18,2009,4,18,17.070222
2009-04-19,2009,4,19,15.616255
2009-04-20,2009,4,20,15.005663
2009-04-21,2009,4,21,14.563683
2009-04-22,2009,4,22,14.134784
2009-04-23,2009,4,23,13.086267
2009-04-24,2009,4,24,12.680875
2009-04-25,2009,4,25,13.100111
2009-04-26,2009,4,26,15.391242
2009-04-27,2009,4,27,15.509235
2009-04-28,2009,4,28,14.39557
2009-04-29,2009,4,29,14.258726
2009-04-30,2009,4,30,16.083886
2009-05-01,2009,5,1,13.733521
2009-05-02,2009,5,2,15.974339
2009-05-03,2009,5,3,12.730356
2009-05-04,2009,5,4,7.5740377
2009-05-05,2009,5,5,13.614908
2009-05-06,2009,5,6,11.215664
2009-05-07,2009,5,7,9.9611352
2009-05-08,2009,5,8,10.81516
2009-05-09,2009,5,9,10.371982
2009-05-10,2009,5,10,10.101666
2009-05-11,2009,5,11,8.8031278
2009-05-12,2009,5,12,9.4889593
2009-05-13,2009,5,13,6.348523
2009-05-14,2009,5,14,9.0641853
2009-05-15,2009,5,15,8.7797234
2009-05-16,2009,5,16,8.0958045
2009-05-17,2009,5,17,5.3286077
2009-05-18,2009,5,18,6.6658818
2009-05-19,2009,5,19,11.569553
2009-05-20,2009,5,20,9.4128651
2009-05-21,2009,5,21,9.9773434
2009-05-22,2009,5,22,10.488854
2009-05-23,2009,5,23,8.6800014
2009-05-24,2009,5,24,8.1529969
2009-05-25,2009,5,25,3.9528254
2009-05-26,2009,5,26,3.2090943
2009-05-27,2009,5,27,2.8909253
2009-05-28,2009,5,28,3.2766473
2009-05-29,2009,5,29,1.3012679
2009-05-30,2009,5,30,0.68648637
2009-05-31,2009,5,31,3.5664839
2009-06-01,2009,6,1,5.4184285
2009-06-02,2009,6,2,7.022527
2009-06-03,2009,6,3,6.5032049
2009-06-04,2009,6,4,3.5337539
2009-06-05,2009,6,5,7.2237581
2009-06-06,2009,6,6,7.9487735
2009-06-07,2009,6,7,6.783357
2009-06-08,2009,6,8,4.4219275
2009-06-09,2009,6,9,5.3452872
2009-06-10,2009,6,10,5.0790103
2009-06-11,2009,6,11,7.4455338
2009-06-12,2009,6,12,9.3893048
2009-06-13,2009,6,13,8.8606887
2009-06-14,2009,6,14,3.1215337
2009-06-15,2009,6,15,0.79130513
2009-06-16,2009,6,16,3.8860437
2009-06-17,2009,6,17,2.0620847
2009-06-18,2009,6,18,2.7519858
2009-06-19,2009,6,19,1.2360334
2009-06-20,2009,6,20,-0.96248975
2009-06-21,2009,6,21,-1.414856
2009-06-22,2009,6,22,-0.11829203
2009-06-23,2009,6,23,-1.9463303
2009-06-24,2009,6,24,-0.30298056
2009-06-25,2009,6,25,0.37146222
2009-06-26,2009,6,26,2.1238906
2009-06-27,2009,6,27,4.6537556
2009-06-28,2009,6,28,-2.7133862
2009-06-29,2009,6,29,-2.8487107
2009-06-30,2009,6,30,-2.2964244
2009-07-01,2009,7,1,-3.1332144
2009-07-02,2009,7,2,-0.017902534
2009-07-03,2009,7,3,2.8479556
2009-07-04,2009,7,4,-0.99353766
2009-07-05,2009,7,5,0.1697535
2009-07-06,2009,7,6,-0.1283697
2009-07-07,2009,7,7,2.6365816
2009-07-08,2009,7,8,1.4253113
2009-07-09,2009,7,9,1.8230194
2009-07-10,2009,7,10,-2.0155542
2009-07-11,2009,7,11,4.3501109
2009-07-12,2009,7,12,1.9103915
2009-07-13,2009,7,13,0.03083755
2009-07-14,2009,7,14,4.2002802
2009-07-15,2009,7,15,1.6977914
2009-07-16,2009,7,16,3.8836346
2009-07-17,2009,7,17,5.0091785
2009-07-18,2009,7,18,1.9402271
2009-07-19,2009,7,19,1.3250552
2009-07-20,2009,7,20,-0.04529448
2009-07-21,2009,7,21,-4.6863605
2009-07-22,2009,7,22,-6.3896165
2009-07-23,2009,7,23,-4.0333261
2009-07-24,2009,7,24,-0.41529411
2009-07-25,2009,7,25,0.43321477
2009-07-26,2009,7,26,0.019025931
2009-07-27,2009,7,27,1.0553591
2009-07-28,2009,7,28,-1.807349
2009-07-29,2009,7,29,3.0500141
2009-07-30,2009,7,30,3.2247714
2009-07-31,2009,7,31,-1.5375546
2009-08-01,2009,8,1,-0.42277957
2009-08-02,2009,8,2,4.9461875
2009-08-03,2009,8,3,5.2738158
2009-08-04,2009,8,4,0.14233582
2009-08-05,2009,8,5,-2.6126985
2009-08-06,2009,8,6,-0.017242108
2009-08-07,2009,8,7,-1.879747
2009-08-08,2009,8,8,0.46359652
2009-08-09,2009,8,9,2.0920937
2009-08-10,2009,8,10,6.1801382
2009-08-11,2009,8,11,7.4541233
2009-08-12,2009,8,12,3.4605682
2009-08-13,2009,8,13,3.3729954
2009-08-14,2009,8,14,2.141229
2009-08-15,2009,8,15,-1.4331813
2009-08-16,2009,8,16,-3.9277898
2009-08-17,2009,8,17,-2.4951144
2009-08-18,2009,8,18,-3.607661
2009-08-19,2009,8,19,-2.7497341
2009-08-20,2009,8,20,-0.78636293
2009-08-21,2009,8,21,-0.1672312
2009-08-22,2009,8,22,0.14941806
2009-08-23,2009,8,23,2.3779895
2009-08-24,2009,8,24,4.3476685
2009-08-25,2009,8,25,8.0992732
2009-08-26,2009,8,26,9.2870388
2009-08-27,2009,8,27,10.882137
2009-08-28,2009,8,28,10.871183
2009-08-29,2009,8,29,8.362199
2009-08-30,2009,8,30,6.0589078
2009-08-31,2009,8,31,2.3375047
2009-09-01,2009,9,1,1.3523499
2009-09-02,2009,9,2,-0.43626565
2009-09-03,2009,9,3,-0.72915555
2009-09-04,2009,9,4,5.0452818
2009-09-05,2009,9,5,0.98545608
2009-09-06,2009,9,6,0.7591332
2009-09-07,2009,9,7,-3.1864452
2009-09-08,2009,9,8,-3.7710534
2009-09-09,2009,9,9,-1.4480117
2009-09-10,2009,9,10,0.38334273
2009-09-11,2009,9,11,2.7479962
2009-09-12,2009,9,12,6.7403371
2009-09-13,2009,9,13,6.9057414
2009-09-14,2009,9,14,5.3829811
2009-09-15,2009,9,15,4.3620263
2009-09-16,2009,9,16,4.956058
2009-09-17,2009,9,17,1.6471439
2009-09-18,2009,9,18,4.1315845
2009-09-19,2009,9,19,9.3916662
2009-09-20,2009,9,20,6.9091506
2009-09-21,2009,9,21,3.2960649
2009-09-22,2009,9,22,1.5321539
2009-09-23,2009,9,23,7.6820861
2009-09-24,2009,9,24,7.6969555
2009-09-25,2009,9,25,4.1241046
2009-09-26,2009,9,26,-0.6079769
2009-09-27,2009,9,27,-3.6661996
2009-09-28,2009,9,28,-1.4861586
2009-09-29,2009,9,29,1.6112719
2009-09-30,2009,9,30,1.9875356
2009-10-01,2009,10,1,7.4303218
2009-10-02,2009,10,2,9.4770417
2009-10-03,2009,10,3,8.3177843
2009-10-04,2009,10,4,4.4776996
2009-10-05,2009,10,5,2.9957868
2009-10-06,2009,10,6,9.4381317
2009-10-07,2009,10,7,10.031773
2009-10-08,2009,10,8,10.23532
2009-10-09,2009,10,9,8.8768984
2009-10-10,2009,10,10,3.0764259
2009-10-11,2009,10,11,0.47232147
2009-10-12,2009,10,12,6.7354972
2009-10-13,2009,10,13,5.0872813
2009-10-14,2009,10,14,3.1679982
2009-10-15,2009,10,15,4.7277468
2009-10-16,2009,10,16,4.2566766
2009-10-17,2009,10,17,5.3884968
2009-10-18,2009,10,18,3.2265133
2009-10-19,2009,10,19,7.9561272
2009-10-20,2009,10,20,4.9724281
2009-10-21,2009,10,21,7.042592
2009-10-22,2009,10,22,9.0906863
2009-10-23,2009,10,23,5.9295946
2009-10-24,2009,10,24,7.2835999
2009-10-25,2009,10,25,8.4172374
2009-10-26,2009,10,26,10.602914
2009-10-27,2009,10,27,9.1349983
2009-10-28,2009,10,28,11.987036
2009-10-29,2009,10,29,14.047192
2009-10-30,2009,10,30,13.450245
2009-10-31,2009,10,31,11.638378
2009-11-01,2009,11,1,9.3331532
2009-11-02,2009,11,2,6.755176
2009-11-03,2009,11,3,5.5348214
2009-11-04,2009,11,4,3.4199849
2009-11-05,2009,11,5,6.6306755
2009-11-06,2009,11,6,3.9154877
2009-11-07,2009,11,7,3.9396858
2009-11-08,2009,11,8,3.5720989
2009-11-09,2009,11,9,3.8096817
2009-11-10,2009,11,10,8.0562397
2009-11-11,2009,11,11,8.3347266
2009-11-12,2009,11,12,8.806369
2009-11-13,2009,11,13,8.0204878
2009-11-14,2009,11,14,9.058811
2009-11-15,2009,11,15,13.64613
2009-11-16,2009,11,16,12.032763
2009-11-17,2009,11,17,7.9064602
2009-11-18,2009,11,18,6.1177838
2009-11-19,2009,11,19,8.0867529
2009-11-20,2009,11,20,9.9903091
2009-11-21,2009,11,21,10.675161
2009-11-22,2009,11,22,11.656471
2009-11-23,2009,11,23,11.866193
2009-11-24,2009,11,24,9.1669498
2009-11-25,2009,11,25,10.328396
2009-11-26,2009,11,26,12.897584
2009-11-27,2009,11,27,12.174983
2009-11-28,2009,11,28,11.655758
2009-11-29,2009,11,29,7.7666633
2009-11-30,2009,11,30,10.464395
2009-12-01,2009,12,1,9.8054093
2009-12-02,2009,12,2,12.593036
2009-12-03,2009,12,3,14.551523
2009-12-04,2009,12,4,12.866119
2009-12-05,2009,12,5,8.7432319
2009-12-06,2009,12,6,10.856146
2009-12-07,2009,12,7,8.845732
2009-12-08,2009,12,8,9.3334803
2009-12-09,2009,12,9,13.076739
2009-12-10,2009,12,10,12.480809
2009-12-11,2009,12,11,12.99856
2009-12-12,2009,12,12,16.476326
2009-12-13,2009,12,13,13.894841
2009-12-14,2009,12,14,15.745496
2009-12-15,2009,12,15,15.688794
2009-12-16,2009,12,16,17.656132
2009-12-17,2009,12,17,17.021459
2009-12-18,2009,12,18,15.232294
2009-12-19,2009,12,19,13.770711
2009-12-20,2009,12,20,15.397116
2009-12-21,2009,12,21,15.713185
2009-12-22,2009,12,22,15.115155
2009-12-23,2009,12,23,14.653023
2009-12-24,2009,12,24,16.472431
2009-12-25,2009,12,25,16.028812
2009-12-26,2009,12,26,15.15622
2009-12-27,2009,12,27,14.771137
2009-12-28,2009,12,28,10.746234
2009-12-29,2009,12,29,11.498835
2009-12-30,2009,12,30,13.727365
2009-12-31,2009,12,31,12.317894
2010-01-01,2010,1,1,13.531203
2010-01-02,2010,1,2,17.548921
2010-01-03,2010,1,3,15.24273
2010-01-04,2010,1,4,16.987104
2010-01-05,2010,1,5,14.140872
2010-01-06,2010,1,6,14.486655
2010-01-07,2010,1,7,14.378816
2010-01-08,2010,1,8,15.399054
2010-01-09,2010,1,9,15.987613
2010-01-10,2010,1,10,16.952796
2010-01-11,2010,1,11,12.953505
2010-01-12,2010,1,12,12.875467
2010-01-13,2010,1,13,16.044887
2010-01-14,2010,1,14,17.526001
2010-01-15,2010,1,15,16.141246
2010-01-16,2010,1,16,16.150465
2010-01-17,2010,1,17,16.226151
2010-01-18,2010,1,18,13.093186
2010-01-19,2010,1,19,15.454692
2010-01-20,2010,1,20,19.912991
2010-01-21,2010,1,21,20.708718
2010-01-22,2010,1,22,19.974113
2010-01-23,2010,1,23,18.788324
2010-01-24,2010,1,24,18.723801
2010-01-25,2010,1,25,17.935114
2010-01-26,2010,1,26,16.519821
2010-01-27,2010,1,27,19.485935
2010-01-28,2010,1,28,17.770721
2010-01-29,2010,1,29,16.971336
2010-01-30,2010,1,30,16.307406
2010-01-31,2010,1,31,18.061156
2010-02-01,2010,2,1,18.247873
2010-02-02,2010,2,2,15.395703
2010-02-03,2010,2,3,11.615871
2010-02-04,2010,2,4,12.869269
2010-02-05,2010,2,5,11.209655
2010-02-06,2010,2,6,11.569641
2010-02-07,2010,2,7,11.364893
2010-02-08,2010,2,8,16.878247
2010-02-09,2010,2,9,15.946897
2010-02-10,2010,2,10,17.829062
2010-02-11,2010,2,11,17.401287
2010-02-12,2010,2,12,18.658113
2010-02-13,2010,2,13,17.154155
2010-02-14,2010,2,14,15.8671
2010-02-15,2010,2,15,15.426456
2010-02-16,2010,2,16,14.37134
2010-02-17,2010,2,17,13.765429
2010-02-18,2010,2,18,13.320776
2010-02-19,2010,2,19,15.936019
2010-02-20,2010,2,20,17.278866
2010-02-21,2010,2,21,16.358404
2010-02-22,2010,2,22,13.415511
2010-02-23,2010,2,23,15.279407
2010-02-24,2010,2,24,16.609305
2010-02-25,2010,2,25,13.202908
2010-02-26,2010,2,26,13.130679
2010-02-27,2010,2,27,15.564685
2010-02-28,2010,2,28,15.223652
2010-03-01,2010,3,1,14.575501
2010-03-02,2010,3,2,11.838511
2010-03-03,2010,3,3,13.09409
2010-03-04,2010,3,4,15.222602
2010-03-05,2010,3,5,18.720585
2010-03-06,2010,3,6,20.735854
2010-03-07,2010,3,7,18.367982
2010-03-08,2010,3,8,15.950776
2010-03-09,2010,3,9,18.452342
2010-03-10,2010,3,10,18.440908
2010-03-11,2010,3,11,16.860233
2010-03-12,2010,3,12,13.359593
2010-03-13,2010,3,13,12.598386
2010-03-14,2010,3,14,13.246482
2010-03-15,2010,3,15,16.904454
2010-03-16,2010,3,16,15.703622
2010-03-17,2010,3,17,13.290686
2010-03-18,2010,3,18,13.951537
2010-03-19,2010,3,19,15.892856
2010-03-20,2010,3,20,14.022463
2010-03-21,2010,3,21,9.8321972
2010-03-22,2010,3,22,9.9404283
2010-03-23,2010,3,23,14.156759
2010-03-24,2010,3,24,15.88711
2010-03-25,2010,3,25,17.502817
2010-03-26,2010,3,26,17.338766
2010-03-27,2010,3,27,17.377758
2010-03-28,2010,3,28,17.187523
2010-03-29,2010,3,29,19.982265
2010-03-30,2010,3,30,19.695959
2010-03-31,2010,3,31,14.241788
2010-04-01,2010,4,1,11.942068
2010-04-02,2010,4,2,11.802958
2010-04-03,2010,4,3,13.619026
2010-04-04,2010,4,4,14.877801
2010-04-05,2010,4,5,17.30664
2010-04-06,2010,4,6,15.054918
2010-04-07,2010,4,7,14.245427
2010-04-08,2010,4,8,15.942684
2010-04-09,2010,4,9,16.265645
2010-04-10,2010,4,10,14.849112
2010-04-11,2010,4,11,14.603266
2010-04-12,2010,4,12,11.674053
2010-04-13,2010,4,13,10.183738
2010-04-14,2010,4,14,13.09782
2010-04-15,2010,4,15,13.161977
2010-04-16,2010,4,16,9.2525531
2010-04-17,2010,4,17,7.4992744
2010-04-18,2010,4,18,5.1215542
2010-04-19,2010,4,19,6.5073139
2010-04-20,2010,4,20,5.8963295
2010-04-21,2010,4,21,5.5807607
2010-04-22,2010,4,22,6.8301932
2010-04-23,2010,4,23,6.8833515
2010-04-24,2010,4,24,5.1520315
2010-04-25,2010,4,25,6.1169595
2010-04-26,2010,4,26,7.6287176
2010-04-27,2010,4,27,7.0344363
2010-04-28,2010,4,28,9.1549757
2010-04-29,2010,4,29,13.869601
2010-04-30,2010,4,30,16.957032
2010-05-01,2010,5,1,14.249666
2010-05-02,2010,5,2,8.8762978
2010-05-03,2010,5,3,10.98396
2010-05-04,2010,5,4,10.509921
2010-05-05,2010,5,5,4.3751522
2010-05-06,2010,5,6,4.1852267
2010-05-07,2010,5,7,6.1895199
2010-05-08,2010,5,8,8.4997719
2010-05-09,2010,5,9,9.575828
2010-05-10,2010,5,10,10.44269
2010-05-11,2010,5,11,12.924289
2010-05-12,2010,5,12,11.196488
2010-05-13,2010,5,13,9.3311424
2010-05-14,2010,5,14,4.4289341
2010-05-15,2010,5,15,2.3035553
2010-05-16,2010,5,16,2.3438654
2010-05-17,2010,5,17,3.5293934
2010-05-18,2010,5,18,9.1856933
2010-05-19,2010,5,19,9.6266374
2010-05-20,2010,5,20,8.8288489
2010-05-21,2010,5,21,8.2019224
2010-05-22,2010,5,22,1.6439759
2010-05-23,2010,5,23,-1.2291428
2010-05-24,2010,5,24,3.3058246
2010-05-25,2010,5,25,3.9574028
2010-05-26,2010,5,26,3.7568968
2010-05-27,2010,5,27,5.3992803
2010-05-28,2010,5,28,3.7658067
2010-05-29,2010,5,29,0.73906865
2010-05-30,2010,5,30,0.81634551
2010-05-31,2010,5,31,4.7684148
2010-06-01,2010,6,1,4.2132261
2010-06-02,2010,6,2,2.3704129
2010-06-03,2010,6,3,0.63949671
2010-06-04,2010,6,4,3.1696514
2010-06-05,2010,6,5,6.5280354
2010-06-06,2010,6,6,6.4733306
2010-06-07,2010,6,7,6.1851576
2010-06-08,2010,6,8,7.2297546
2010-06-09,2010,6,9,5.003315
2010-06-10,2010,6,10,3.9104087
2010-06-11,2010,6,11,1.4677055
2010-06-12,2010,6,12,1.4470031
2010-06-13,2010,6,13,3.6153071
2010-06-14,2010,6,14,-3.3903393
2010-06-15,2010,6,15,-0.78301284
2010-06-16,2010,6,16,-1.1897844
2010-06-17,2010,6,17,-0.76726525
2010-06-18,2010,6,18,-2.9485489
2010-06-19,2010,6,19,-3.9402205
2010-06-20,2010,6,20,-1.7661596
2010-06-21,2010,6,21,-2.0426027
2010-06-22,2010,6,22,3.986066
2010-06-23,2010,6,23,2.285256
2010-06-24,2010,6,24,-1.3252183
2010-06-25,2010,6,25,0.59086197
2010-06-26,2010,6,26,-2.4167709
2010-06-27,2010,6,27,-1.0734176
2010-06-28,2010,6,28,5.3670209
2010-06-29,2010,6,29,5.2527275
2010-06-30,2010,6,30,5.4409507
2010-07-01,2010,7,1,5.2775308
2010-07-02,2010,7,2,2.8987908
2010-07-03,2010,7,3,2.5835725
2010-07-04,2010,7,4,-0.26103346
2010-07-05,2010,7,5,-2.2490031
2010-07-06,2010,7,6,-3.7329725
2010-07-07,2010,7,7,-2.0020396
2010-07-08,2010,7,8,2.2074981
2010-07-09,2010,7,9,3.150435
2010-07-10,2010,7,10,4.2951925
2010-07-11,2010,7,11,-1.114055
2010-07-12,2010,7,12,-4.0670795
2010-07-13,2010,7,13,-0.92434417
2010-07-14,2010,7,14,-2.5110687
2010-07-15,2010,7,15,-7.8657643
2010-07-16,2010,7,16,-6.6066943
2010-07-17,2010,7,17,-5.2331187
2010-07-18,2010,7,18,-3.0568537
2010-07-19,2010,7,19,-1.9458901
2010-07-20,2010,7,20,-5.3570619
2010-07-21,2010,7,21,-6.9754314
2010-07-22,2010,7,22,-4.2753218
2010-07-23,2010,7,23,-3.7194986
2010-07-24,2010,7,24,-5.8486487
2010-07-25,2010,7,25,-3.4245346
2010-07-26,2010,7,26,2.1779943
2010-07-27,2010,7,27,2.06797
2010-07-28,2010,7,28,0.68797048
2010-07-29,2010,7,29,0.56810152
2010-07-30,2010,7,30,-4.93042
2010-07-31,2010,7,31,-5.3005875
2010-08-01,2010,8,1,-4.2108499
2010-08-02,2010,8,2,-1.8711408
2010-08-03,2010,8,3,-3.2836907
2010-08-04,2010,8,4,-0.11245187
2010-08-05,2010,8,5,3.6496752
2010-08-06,2010,8,6,0.66389472
2010-08-07,2010,8,7,-0.48556789
2010-08-08,2010,8,8,1.0186322
2010-08-09,2010,8,9,5.610085
2010-08-10,2010,8,10,6.4261408
2010-08-11,2010,8,11,3.4956283
2010-08-12,2010,8,12,-0.27265406
2010-08-13,2010,8,13,0.97841932
2010-08-14,2010,8,14,3.203766
2010-08-15,2010,8,15,4.5502241
2010-08-16,2010,8,16,-0.37507036
2010-08-17,2010,8,17,-0.084945966
2010-08-18,2010,8,18,3.9481412
2010-08-19,2010,8,19,7.1738518
2010-08-20,2010,8,20,10.216772
2010-08-21,2010,8,21,7.7068113
2010-08-22,2010,8,22,3.0041441
2010-08-23,2010,8,23,-1.1442265
2010-08-24,2010,8,24,2.4619576
2010-08-25,2010,8,25,1.2543336
2010-08-26,2010,8,26,2.6541964
2010-08-27,2010,8,27,3.4891516
2010-08-28,2010,8,28,-0.41397953
2010-08-29,2010,8,29,7.1935609
2010-08-30,2010,8,30,2.5385224
2010-08-31,2010,8,31,-0.8111225
2010-09-01,2010,9,1,-0.62946605
2010-09-02,2010,9,2,-1.6900362
2010-09-03,2010,9,3,-2.3120242
2010-09-04,2010,9,4,5.244433
2010-09-05,2010,9,5,7.1566573
2010-09-06,2010,9,6,7.275134
2010-09-07,2010,9,7,8.456773
2010-09-08,2010,9,8,8.974181
2010-09-09,2010,9,9,5.9975436
2010-09-10,2010,9,10,1.4667743
2010-09-11,2010,9,11,5.9435583
2010-09-12,2010,9,12,0.043631244
2010-09-13,2010,9,13,0.49083331
2010-09-14,2010,9,14,4.1070403
2010-09-15,2010,9,15,2.5791442
2010-09-16,2010,9,16,3.9564519
2010-09-17,2010,9,17,8.480894
2010-09-18,2010,9,18,8.4340174
2010-09-19,2010,9,19,7.3001739
2010-09-20,2010,9,20,2.9996007
2010-09-21,2010,9,21,3.2793839
2010-09-22,2010,9,22,2.9983843
2010-09-23,2010,9,23,3.4157897
2010-09-24,2010,9,24,5.1260668
2010-09-25,2010,9,25,4.9137081
2010-09-26,2010,9,26,4.8307036
2010-09-27,2010,9,27,-1.233185
2010-09-28,2010,9,28,3.6171053
2010-09-29,2010,9,29,2.6779366
2010-09-30,2010,9,30,0.8505674
2010-10-01,2010,10,1,3.6224615
2010-10-02,2010,10,2,8.74287
2010-10-03,2010,10,3,7.8032385
2010-10-04,2010,10,4,6.3125523
2010-10-05,2010,10,5,4.2598532
2010-10-06,2010,10,6,3.5023525
2010-10-07,2010,10,7,9.8231233
2010-10-08,2010,10,8,10.405142
2010-10-09,2010,10,9,9.67433
2010-10-10,2010,10,10,10.267359
2010-10-11,2010,10,11,12.112383
2010-10-12,2010,10,12,10.664815
2010-10-13,2010,10,13,7.3944866
2010-10-14,2010,10,14,7.6607622
2010-10-15,2010,10,15,5.5039062
2010-10-16,2010,10,16,8.5167578
2010-10-17,2010,10,17,10.76068
2010-10-18,2010,10,18,11.211585
2010-10-19,2010,10,19,12.071799
2010-10-20,2010,10,20,8.9757237
2010-10-21,2010,10,21,8.9830438
2010-10-22,2010,10,22,7.7400307
2010-10-23,2010,10,23,5.1787492
2010-10-24,2010,10,24,7.9903939
2010-10-25,2010,10,25,11.338792
2010-10-26,2010,10,26,12.300316
2010-10-27,2010,10,27,4.1584357
2010-10-28,2010,10,28,4.6736817
2010-10-29,2010,10,29,-1.4698943
2010-10-30,2010,10,30,6.6563724
2010-10-31,2010,10,31,10.957276
2010-11-01,2010,11,1,12.577068
2010-11-02,2010,11,2,13.037432
2010-11-03,2010,11,3,8.6223305
2010-11-04,2010,11,4,9.0281493
2010-11-05,2010,11,5,11.459948
2010-11-06,2010,11,6,13.493747
2010-11-07,2010,11,7,7.4502596
2010-11-08,2010,11,8,1.908994
2010-11-09,2010,11,9,8.0435183
2010-11-10,2010,11,10,10.877009
2010-11-11,2010,11,11,10.142564
2010-11-12,2010,11,12,10.96289
2010-11-13,2010,11,13,10.825698
2010-11-14,2010,11,14,10.020483
2010-11-15,2010,11,15,11.416213
2010-11-16,2010,11,16,10.197023
2010-11-17,2010,11,17,10.217254
2010-11-18,2010,11,18,7.404308
2010-11-19,2010,11,19,7.4102881
2010-11-20,2010,11,20,7.7317961
2010-11-21,2010,11,21,9.2094802
2010-11-22,2010,11,22,10.484884
2010-11-23,2010,11,23,12.058128
2010-11-24,2010,11,24,12.476274
2010-11-25,2010,11,25,11.885508
2010-11-26,2010,11,26,12.505049
2010-11-27,2010,11,27,9.3281819
2010-11-28,2010,11,28,9.38236
2010-11-29,2010,11,29,9.5955161
2010-11-30,2010,11,30,10.208527
2010-12-01,2010,12,1,9.7728067
2010-12-02,2010,12,2,7.8011946
2010-12-03,2010,12,3,8.8078022
2010-12-04,2010,12,4,10.57738
2010-12-05,2010,12,5,12.353994
2010-12-06,2010,12,6,11.161183
2010-12-07,2010,12,7,9.0027188
2010-12-08,2010,12,8,11.277891
2010-12-09,2010,12,9,8.2234475
2010-12-10,2010,12,10,7.4319286
2010-12-11,2010,12,11,5.0085296
2010-12-12,2010,12,12,6.6595427
2010-12-13,2010,12,13,14.480181
2010-12-14,2010,12,14,14.361442
2010-12-15,2010,12,15,11.505682
2010-12-16,2010,12,16,11.507697
2010-12-17,2010,12,17,9.4139231
2010-12-18,2010,12,18,11.061245
2010-12-19,2010,12,19,11.397105
2010-12-20,2010,12,20,17.024022
2010-12-21,2010,12,21,17.019574
2010-12-22,2010,12,22,15.837018
2010-12-23,2010,12,23,11.569066
2010-12-24,2010,12,24,13.609234
2010-12-25,2010,12,25,17.170214
2010-12-26,2010,12,26,15.620634
2010-12-27,2010,12,27,15.014673
2010-12-28,2010,12,28,14.875051
2010-12-29,2010,12,29,12.984301
2010-12-30,2010,12,30,13.201837
2010-12-31,2010,12,31,14.312666
2011-01-01,2011,1,1,16.125058
2011-01-02,2011,1,2,13.393311
2011-01-03,2011,1,3,13.250581
2011-01-04,2011,1,4,8.8993252
2011-01-05,2011,1,5,15.231605
2011-01-06,2011,1,6,14.508236
2011-01-07,2011,1,7,13.093573
2011-01-08,2011,1,8,14.999259
2011-01-09,2011,1,9,15.32971
2011-01-10,2011,1,10,15.450822
2011-01-11,2011,1,11,16.004072
2011-01-12,2011,1,12,16.409952
2011-01-13,2011,1,13,14.529528
2011-01-14,2011,1,14,15.650739
2011-01-15,2011,1,15,13.839666
2011-01-16,2011,1,16,11.892694
2011-01-17,2011,1,17,15.519382
2011-01-18,2011,1,18,15.006483
2011-01-19,2011,1,19,13.684922
2011-01-20,2011,1,20,15.791209
2011-01-21,2011,1,21,15.642583
2011-01-22,2011,1,22,17.811773
2011-01-23,2011,1,23,18.157936
2011-01-24,2011,1,24,16.373793
2011-01-25,2011,1,25,15.709851
2011-01-26,2011,1,26,15.395072
2011-01-27,2011,1,27,15.640152
2011-01-28,2011,1,28,18.12212
2011-01-29,2011,1,29,16.647895
2011-01-30,2011,1,30,14.402982
2011-01-31,2011,1,31,14.193973
2011-02-01,2011,2,1,18.750705
2011-02-02,2011,2,2,17.439363
2011-02-03,2011,2,3,15.290873
2011-02-04,2011,2,4,18.748075
2011-02-05,2011,2,5,18.774496
2011-02-06,2011,2,6,15.111357
2011-02-07,2011,2,7,14.715178
2011-02-08,2011,2,8,14.212312
2011-02-09,2011,2,9,12.967258
2011-02-10,2011,2,10,11.719851
2011-02-11,2011,2,11,11.414948
2011-02-12,2011,2,12,9.7756693
2011-02-13,2011,2,13,15.046455
2011-02-14,2011,2,14,17.137777
2011-02-15,2011,2,15,14.858402
2011-02-16,2011,2,16,13.407669
2011-02-17,2011,2,17,14.89161
2011-02-18,2011,2,18,15.555019
2011-02-19,2011,2,19,14.504417
2011-02-20,2011,2,20,14.894088
2011-02-21,2011,2,21,14.844768
2011-02-22,2011,2,22,13.816879
2011-02-23,2011,2,23,13.694536
2011-02-24,2011,2,24,11.221107
2011-02-25,2011,2,25,13.286208
2011-02-26,2011,2,26,16.476169
2011-02-27,2011,2,27,18.320836
2011-02-28,2011,2,28,17.721336
2011-03-01,2011,3,1,17.15856
2011-03-02,2011,3,2,15.335593
2011-03-03,2011,3,3,16.659469
2011-03-04,2011,3,4,16.14828
2011-03-05,2011,3,5,14.100352
2011-03-06,2011,3,6,13.537595
2011-03-07,2011,3,7,14.758454
2011-03-08,2011,3,8,16.653979
2011-03-09,2011,3,9,15.234013
2011-03-10,2011,3,10,13.551459
2011-03-11,2011,3,11,9.9255359
2011-03-12,2011,3,12,6.2340827
2011-03-13,2011,3,13,12.243961
2011-03-14,2011,3,14,8.0257112
2011-03-15,2011,3,15,6.7433309
2011-03-16,2011,3,16,11.54427
2011-03-17,2011,3,17,11.569133
2011-03-18,2011,3,18,15.019304
2011-03-19,2011,3,19,14.845687
2011-03-20,2011,3,20,14.402825
2011-03-21,2011,3,21,13.725698
2011-03-22,2011,3,22,12.023221
2011-03-23,2011,3,23,12.442037
2011-03-24,2011,3,24,13.41401
2011-03-25,2011,3,25,10.395607
2011-03-26,2011,3,26,11.334043
2011-03-27,2011,3,27,10.563314
2011-03-28,2011,3,28,13.499107
2011-03-29,2011,3,29,14.027375
2011-03-30,2011,3,30,15.065718
2011-03-31,2011,3,31,14.731541
2011-04-01,2011,4,1,14.831871
2011-04-02,2011,4,2,14.560085
2011-04-03,2011,4,3,12.92385
2011-04-04,2011,4,4,14.057972
2011-04-05,2011,4,5,16.689569
2011-04-06,2011,4,6,14.451906
2011-04-07,2011,4,7,13.818124
2011-04-08,2011,4,8,17.228112
2011-04-09,2011,4,9,17.126933
2011-04-10,2011,4,10,10.580486
2011-04-11,2011,4,11,12.851926
2011-04-12,2011,4,12,7.9901659
2011-04-13,2011,4,13,3.3625747
2011-04-14,2011,4,14,4.1420553
2011-04-15,2011,4,15,4.8766507
2011-04-16,2011,4,16,6.7472263
2011-04-17,2011,4,17,9.0109924
2011-04-18,2011,4,18,10.144956
2011-04-19,2011,4,19,8.8735151
2011-04-20,2011,4,20,8.0195845
2011-04-21,2011,4,21,6.6027028
2011-04-22,2011,4,22,1.60167
2011-04-23,2011,4,23,7.3740948
2011-04-24,2011,4,24,8.6213996
2011-04-25,2011,4,25,10.362956
2011-04-26,2011,4,26,10.035408
2011-04-27,2011,4,27,10.075499
2011-04-28,2011,4,28,4.9184345
2011-04-29,2011,4,29,5.8995292
2011-04-30,2011,4,30,7.0385897
2011-05-01,2011,5,1,6.4133903
2011-05-02,2011,5,2,10.009882
2011-05-03,2011,5,3,9.6384231
2011-05-04,2011,5,4,12.674396
2011-05-05,2011,5,5,12.982352
2011-05-06,2011,5,6,13.308171
2011-05-07,2011,5,7,8.935057
2011-05-08,2011,5,8,11.780561
2011-05-09,2011,5,9,10.777027
2011-05-10,2011,5,10,9.3645844
2011-05-11,2011,5,11,10.741271
2011-05-12,2011,5,12,12.328846
2011-05-13,2011,5,13,11.109067
2011-05-14,2011,5,14,12.632239
2011-05-15,2011,5,15,12.646827
2011-05-16,2011,5,16,9.5349877
2011-05-17,2011,5,17,9.2743292
2011-05-18,2011,5,18,10.478643
2011-05-19,2011,5,19,7.0311049
2011-05-20,2011,5,20,7.2010119
2011-05-21,2011,5,21,4.0201834
2011-05-22,2011,5,22,3.5115639
2011-05-23,2011,5,23,7.1381648
2011-05-24,2011,5,24,1.8960889
2011-05-25,2011,5,25,7.8085722
2011-05-26,2011,5,26,10.190411
2011-05-27,2011,5,27,9.154838
2011-05-28,2011,5,28,8.8336107
2011-05-29,2011,5,29,9.1143303
2011-05-30,2011,5,30,7.9188956
2011-05-31,2011,5,31,10.564615
2011-06-01,2011,6,1,7.1984181
2011-06-02,2011,6,2,4.7106532
2011-06-03,2011,6,3,6.7616881
2011-06-04,2011,6,4,7.7682162
2011-06-05,2011,6,5,1.3226293
2011-06-06,2011,6,6,-0.39421943
2011-06-07,2011,6,7,-0.78215857
2011-06-08,2011,6,8,-0.53194578
2011-06-09,2011,6,9,2.9158668
2011-06-10,2011,6,10,6.5694176
2011-06-11,2011,6,11,4.6010632
2011-06-12,2011,6,12,1.8955825
2011-06-13,2011,6,13,8.3096987
2011-06-14,2011,6,14,4.948293
2011-06-15,2011,6,15,2.5087401
2011-06-16,2011,6,16,0.042506251
2011-06-17,2011,6,17,1.273757
2011-06-18,2011,6,18,-2.2733107
2011-06-19,2011,6,19,-3.3943431
2011-06-20,2011,6,20,-0.94422857
2011-06-21,2011,6,21,-2.0302562
2011-06-22,2011,6,22,-2.2382103
2011-06-23,2011,6,23,0.6230041
2011-06-24,2011,6,24,0.86059158
2011-06-25,2011,6,25,-1.1893529
2011-06-26,2011,6,26,1.1847983
2011-06-27,2011,6,27,2.0153431
2011-06-28,2011,6,28,1.771947
2011-06-29,2011,6,29,-1.8015107
2011-06-30,2011,6,30,-3.3830866
2011-07-01,2011,7,1,-4.4042378
2011-07-02,2011,7,2,-7.3815631
2011-07-03,2011,7,3,-2.3492799
2011-07-04,2011,7,4,0.98143575
2011-07-05,2011,7,5,0.19698092
2011-07-06,2011,7,6,0.90094737
2011-07-07,2011,7,7,4.0879582
2011-07-08,2011,7,8,5.2388115
2011-07-09,2011,7,9,2.5375028
2011-07-10,2011,7,10,3.3460792
2011-07-11,2011,7,11,1.075692
2011-07-12,2011,7,12,-0.22384523
2011-07-13,2011,7,13,1.9979991
2011-07-14,2011,7,14,-2.2051827
2011-07-15,2011,7,15,-4.6444673
2011-07-16,2011,7,16,-5.895382
2011-07-17,2011,7,17,-4.8695439
2011-07-18,2011,7,18,-5.1619936
2011-07-19,2011,7,19,1.1964628
2011-07-20,2011,7,20,-1.6319677
2011-07-21,2011,7,21,0.61584026
2011-07-22,2011,7,22,5.0477763
2011-07-23,2011,7,23,4.9837043
2011-07-24,2011,7,24,6.0757133
2011-07-25,2011,7,25,-1.6044616
2011-07-26,2011,7,26,5.2942073
2011-07-27,2011,7,27,3.3783372
2011-07-28,2011,7,28,-2.1053097
2011-07-29,2011,7,29,-3.6848045
2011-07-30,2011,7,30,-5.0788158
2011-07-31,2011,7,31,-3.3893162
2011-08-01,2011,8,1,-4.053967
2011-08-02,2011,8,2,-6.0223461
2011-08-03,2011,8,3,0.44325389
2011-08-04,2011,8,4,0.18703224
2011-08-05,2011,8,5,-3.4807884
2011-08-06,2011,8,6,-0.76452758
2011-08-07,2011,8,7,1.2476599
2011-08-08,2011,8,8,2.180864
2011-08-09,2011,8,9,5.4903615
2011-08-10,2011,8,10,3.6914944
2011-08-11,2011,8,11,3.0932196
2011-08-12,2011,8,12,0.99943239
2011-08-13,2011,8,13,2.4188029
2011-08-14,2011,8,14,5.6387602
2011-08-15,2011,8,15,-0.86365704
2011-08-16,2011,8,16,-4.9559394
2011-08-17,2011,8,17,-3.4587425
2011-08-18,2011,8,18,-4.4582932
2011-08-19,2011,8,19,-3.8095214
2011-08-20,2011,8,20,-0.92795148
2011-08-21,2011,8,21,-0.56289483
2011-08-22,2011,8,22,0.54519032
2011-08-23,2011,8,23,3.8970879
2011-08-24,2011,8,24,-1.015478
2011-08-25,2011,8,25,3.636487
2011-08-26,2011,8,26,3.7111739
2011-08-27,2011,8,27,-2.620639
2011-08-28,2011,8,28,-2.8633023
2011-08-29,2011,8,29,-5.0108251
2011-08-30,2011,8,30,0.73854678
2011-08-31,2011,8,31,8.0177116
2011-09-01,2011,9,1,6.9272499
2011-09-02,2011,9,2,1.5328004
2011-09-03,2011,9,3,-2.0524579
2011-09-04,2011,9,4,-4.1777112
2011-09-05,2011,9,5,0.34791027
2011-09-06,2011,9,6,1.9628157
2011-09-07,2011,9,7,-0.28912786
2011-09-08,2011,9,8,2.5574202
2011-09-09,2011,9,9,1.2805574
2011-09-10,2011,9,10,3.6040078
2011-09-11,2011,9,11,8.6946397
2011-09-12,2011,9,12,9.9279754
2011-09-13,2011,9,13,10.5144
2011-09-14,2011,9,14,7.7701388
2011-09-15,2011,9,15,7.7413434
2011-09-16,2011,9,16,3.4999356
2011-09-17,2011,9,17,7.6680888
2011-09-18,2011,9,18,6.9420088
2011-09-19,2011,9,19,6.2820126
2011-09-20,2011,9,20,10.715816
2011-09-21,2011,9,21,11.10255
2011-09-22,2011,9,22,4.5545421
2011-09-23,2011,9,23,10.773334
2011-09-24,2011,9,24,11.041293
2011-09-25,2011,9,25,10.318736
2011-09-26,2011,9,26,12.995848
2011-09-27,2011,9,27,12.525828
2011-09-28,2011,9,28,6.8404577
2011-09-29,2011,9,29,8.9853012
2011-09-30,2011,9,30,7.4887514
2011-10-01,2011,10,1,7.0300077
2011-10-02,2011,10,2,11.827099
2011-10-03,2011,10,3,9.3739615
2011-10-04,2011,10,4,6.3858398
2011-10-05,2011,10,5,9.7925101
2011-10-06,2011,10,6,6.8932226
2011-10-07,2011,10,7,3.6363324
2011-10-08,2011,10,8,-0.60236281
2011-10-09,2011,10,9,8.5528037
2011-10-10,2011,10,10,4.9915011
2011-10-11,2011,10,11,4.4276639
2011-10-12,2011,10,12,0.26784224
2011-10-13,2011,10,13,2.90223
2011-10-14,2011,10,14,2.0677356
2011-10-15,2011,10,15,6.3340658
2011-10-16,2011,10,16,8.2301776
2011-10-17,2011,10,17,7.7773984
2011-10-18,2011,10,18,7.2133299
2011-10-19,2011,10,19,12.036527
2011-10-20,2011,10,20,12.729516
2011-10-21,2011,10,21,9.0464667
2011-10-22,2011,10,22,8.7739045
2011-10-23,2011,10,23,8.9463865
2011-10-24,2011,10,24,6.5424355
2011-10-25,2011,10,25,9.4946704
2011-10-26,2011,10,26,9.4150499
2011-10-27,2011,10,27,8.1304115
2011-10-28,2011,10,28,7.1675457
2011-10-29,2011,10,29,8.6452051
2011-10-30,2011,10,30,12.176574
2011-10-31,2011,10,31,12.713983
2011-11-01,2011,11,1,9.707684
2011-11-02,2011,11,2,12.608303
2011-11-03,2011,11,3,12.178819
2011-11-04,2011,11,4,11.666126
2011-11-05,2011,11,5,14.239364
2011-11-06,2011,11,6,15.186492
2011-11-07,2011,11,7,12.642298
2011-11-08,2011,11,8,7.0238474
2011-11-09,2011,11,9,5.8435538
2011-11-10,2011,11,10,11.802032
2011-11-11,2011,11,11,12.970271
2011-11-12,2011,11,12,11.523718
2011-11-13,2011,11,13,6.2989838
2011-11-14,2011,11,14,11.803182
2011-11-15,2011,11,15,11.940635
2011-11-16,2011,11,16,9.6782887
2011-11-17,2011,11,17,9.3384852
2011-11-18,2011,11,18,9.4580232
2011-11-19,2011,11,19,7.3101076
2011-11-20,2011,11,20,4.7744991
2011-11-21,2011,11,21,10.577891
2011-11-22,2011,11,22,13.917517
2011-11-23,2011,11,23,10.880377
2011-11-24,2011,11,24,13.274109
2011-11-25,2011,11,25,14.28008
2011-11-26,2011,11,26,14.218747
2011-11-27,2011,11,27,11.611371
2011-11-28,2011,11,28,15.565032
2011-11-29,2011,11,29,16.225295
2011-11-30,2011,11,30,16.164389
2011-12-01,2011,12,1,16.004567
2011-12-02,2011,12,2,12.500781
2011-12-03,2011,12,3,11.862562
2011-12-04,2011,12,4,11.031242
2011-12-05,2011,12,5,13.603381
2011-12-06,2011,12,6,13.471627
2011-12-07,2011,12,7,13.32031
2011-12-08,2011,12,8,14.857759
2011-12-09,2011,12,9,15.041413
2011-12-10,2011,12,10,13.013117
2011-12-11,2011,12,11,13.732787
2011-12-12,2011,12,12,15.496016
2011-12-13,2011,12,13,17.306457
2011-12-14,2011,12,14,16.981885
2011-12-15,2011,12,15,15.566424
2011-12-16,2011,12,16,13.528223
2011-12-17,2011,12,17,14.592474
2011-12-18,2011,12,18,15.400794
2011-12-19,2011,12,19,14.556877
2011-12-20,2011,12,20,15.088036
2011-12-21,2011,12,21,12.946768
2011-12-22,2011,12,22,14.726263
2011-12-23,2011,12,23,14.335525
2011-12-24,2011,12,24,15.067845
2011-12-25,2011,12,25,17.419312
2011-12-26,2011,12,26,18.783806
2011-12-27,2011,12,27,19.129941
2011-12-28,2011,12,28,19.100473
2011-12-29,2011,12,29,18.249301
2011-12-30,2011,12,30,19.156888
2011-12-31,2011,12,31,18.411179
2012-01-01,2012,1,1,21.54471
2012-01-02,2012,1,2,20.703021
2012-01-03,2012,1,3,19.770618
2012-01-04,2012,1,4,16.880827
2012-01-05,2012,1,5,16.401223
2012-01-06,2012,1,6,16.060293
2012-01-07,2012,1,7,16.42302
2012-01-08,2012,1,8,16.013111
2012-01-09,2012,1,9,14.396672
2012-01-10,2012,1,10,14.285328
2012-01-11,2012,1,11,15.070747
2012-01-12,2012,1,12,18.112293
2012-01-13,2012,1,13,18.125314
2012-01-14,2012,1,14,15.940218
2012-01-15,2012,1,15,16.13472
2012-01-16,2012,1,16,14.428392
2012-01-17,2012,1,17,15.093297
2012-01-18,2012,1,18,16.630347
2012-01-19,2012,1,19,16.714263
2012-01-20,2012,1,20,14.96285
2012-01-21,2012,1,21,12.997018
2012-01-22,2012,1,22,14.08742
2012-01-23,2012,1,23,10.165962
2012-01-24,2012,1,24,14.246615
2012-01-25,2012,1,25,16.409643
2012-01-26,2012,1,26,18.222799
2012-01-27,2012,1,27,18.11094
2012-01-28,2012,1,28,15.920738
2012-01-29,2012,1,29,15.145494
2012-01-30,2012,1,30,15.156969
2012-01-31,2012,1,31,15.430922
2012-02-01,2012,2,1,14.10203
2012-02-02,2012,2,2,14.633847
2012-02-03,2012,2,3,16.810759
2012-02-04,2012,2,4,17.137597
2012-02-05,2012,2,5,17.993662
2012-02-06,2012,2,6,19.323179
2012-02-07,2012,2,7,17.80087
2012-02-08,2012,2,8,16.492584
2012-02-09,2012,2,9,18.551296
2012-02-10,2012,2,10,19.923406
2012-02-11,2012,2,11,18.102097
2012-02-12,2012,2,12,14.129867
2012-02-13,2012,2,13,14.157946
2012-02-14,2012,2,14,13.850099
2012-02-15,2012,2,15,15.209919
2012-02-16,2012,2,16,14.673553
2012-02-17,2012,2,17,13.722747
2012-02-18,2012,2,18,11.564503
2012-02-19,2012,2,19,15.39912
2012-02-20,2012,2,20,13.033159
2012-02-21,2012,2,21,15.447708
2012-02-22,2012,2,22,16.132016
2012-02-23,2012,2,23,13.574421
2012-02-24,2012,2,24,12.330487
2012-02-25,2012,2,25,10.051219
2012-02-26,2012,2,26,15.35718
2012-02-27,2012,2,27,13.324686
2012-02-28,2012,2,28,9.8754957
2012-02-29,2012,2,29,7.8505745
2012-03-01,2012,3,1,16.061617
2012-03-02,2012,3,2,15.767954
2012-03-03,2012,3,3,17.154648
2012-03-04,2012,3,4,16.654231
2012-03-05,2012,3,5,13.175868
2012-03-06,2012,3,6,16.308823
2012-03-07,2012,3,7,20.231579
2012-03-08,2012,3,8,19.576467
2012-03-09,2012,3,9,18.356936
2012-03-10,2012,3,10,18.80276
2012-03-11,2012,3,11,14.580744
2012-03-12,2012,3,12,14.331687
2012-03-13,2012,3,13,16.355457
2012-03-14,2012,3,14,19.063263
2012-03-15,2012,3,15,19.79675
2012-03-16,2012,3,16,17.015137
2012-03-17,2012,3,17,15.150465
2012-03-18,2012,3,18,14.685031
2012-03-19,2012,3,19,14.211833
2012-03-20,2012,3,20,14.200105
2012-03-21,2012,3,21,14.127924
2012-03-22,2012,3,22,16.41692
2012-03-23,2012,3,23,15.419489
2012-03-24,2012,3,24,13.44607
2012-03-25,2012,3,25,11.817202
2012-03-26,2012,3,26,15.346727
2012-03-27,2012,3,27,16.91908
2012-03-28,2012,3,28,15.829811
2012-03-29,2012,3,29,16.907269
2012-03-30,2012,3,30,18.441106
2012-03-31,2012,3,31,23.14791
2012-04-01,2012,4,1,15.368466
2012-04-02,2012,4,2,14.87396
2012-04-03,2012,4,3,13.302162
2012-04-04,2012,4,4,10.592599
2012-04-05,2012,4,5,13.466216
2012-04-06,2012,4,6,14.811215
2012-04-07,2012,4,7,13.691909
2012-04-08,2012,4,8,11.685771
2012-04-09,2012,4,9,8.9593508
2012-04-10,2012,4,10,9.3143873
2012-04-11,2012,4,11,13.383654
2012-04-12,2012,4,12,13.496277
2012-04-13,2012,4,13,8.7860606
2012-04-14,2012,4,14,8.0210099
2012-04-15,2012,4,15,9.9823984
2012-04-16,2012,4,16,8.0544355
2012-04-17,2012,4,17,12.272978
2012-04-18,2012,4,18,11.294929
2012-04-19,2012,4,19,13.506419
2012-04-20,2012,4,20,13.148092
2012-04-21,2012,4,21,14.965812
2012-04-22,2012,4,22,13.056656
2012-04-23,2012,4,23,12.010179
2012-04-24,2012,4,24,9.1954031
2012-04-25,2012,4,25,6.8656467
2012-04-26,2012,4,26,5.5296865
2012-04-27,2012,4,27,1.0000969
2012-04-28,2012,4,28,-0.18177748
2012-04-29,2012,4,29,3.977632
2012-04-30,2012,4,30,8.8223071
2012-05-01,2012,5,1,10.283138
2012-05-02,2012,5,2,9.8255595
2012-05-03,2012,5,3,10.730638
2012-05-04,2012,5,4,11.638194
2012-05-05,2012,5,5,13.684097
2012-05-06,2012,5,6,9.8103272
2012-05-07,2012,5,7,11.866416
2012-05-08,2012,5,8,10.743799
2012-05-09,2012,5,9,6.8476262
2012-05-10,2012,5,10,7.5359015
2012-05-11,2012,5,11,6.8278287
2012-05-12,2012,5,12,8.5351541
2012-05-13,2012,5,13,6.5502859
2012-05-14,2012,5,14,9.1183969
2012-05-15,2012,5,15,7.2834504
2012-05-16,2012,5,16,6.2755898
2012-05-17,2012,5,17,4.2486355
2012-05-18,2012,5,18,4.5485863
2012-05-19,2012,5,19,8.2530459
2012-05-20,2012,5,20,7.8839978
2012-05-21,2012,5,21,7.5404312
2012-05-22,2012,5,22,6.7677148
2012-05-23,2012,5,23,6.7066506
2012-05-24,2012,5,24,8.9542524
2012-05-25,2012,5,25,5.8686123
2012-05-26,2012,5,26,3.757666
2012-05-27,2012,5,27,4.2131746
2012-05-28,2012,5,28,7.6010296
2012-05-29,2012,5,29,8.043923
2012-05-30,2012,5,30,8.184408
2012-05-31,2012,5,31,8.7594899
2012-06-01,2012,6,1,8.0885791
2012-06-02,2012,6,2,5.8517133
2012-06-03,2012,6,3,3.5249768
2012-06-04,2012,6,4,0.52972788
2012-06-05,2012,6,5,3.1762301
2012-06-06,2012,6,6,1.7593354
2012-06-07,2012,6,7,6.4108306
2012-06-08,2012,6,8,6.0665249
2012-06-09,2012,6,9,5.6788069
2012-06-10,2012,6,10,5.1886923
2012-06-11,2012,6,11,5.6009094
2012-06-12,2012,6,12,1.0480199
2012-06-13,2012,6,13,0.14719494
2012-06-14,2012,6,14,2.8908724
2012-06-15,2012,6,15,2.6048246
2012-06-16,2012,6,16,1.0278263
2012-06-17,2012,6,17,-0.9132182
2012-06-18,2012,6,18,-0.23661732
2012-06-19,2012,6,19,-1.4589141
2012-06-20,2012,6,20,-2.1353821
2012-06-21,2012,6,21,-0.12340549
2012-06-22,2012,6,22,2.8049088
2012-06-23,2012,6,23,5.5783422
2012-06-24,2012,6,24,5.964939
2012-06-25,2012,6,25,6.3824315
2012-06-26,2012,6,26,6.3642837
2012-06-27,2012,6,27,5.9707652
2012-06-28,2012,6,28,1.2902662
2012-06-29,2012,6,29,0.84082958
2012-06-30,2012,6,30,1.6755716
2012-07-01,2012,7,1,0.49018894
2012-07-02,2012,7,2,-1.0462062
2012-07-03,2012,7,3,0.15123938
2012-07-04,2012,7,4,-4.2228388
2012-07-05,2012,7,5,-4.3615527
2012-07-06,2012,7,6,-3.3646324
2012-07-07,2012,7,7,1.9767445
2012-07-08,2012,7,8,2.8333174
2012-07-09,2012,7,9,1.2538521
2012-07-10,2012,7,10,-0.080760079
2012-07-11,2012,7,11,0.94618103
2012-07-12,2012,7,12,3.1998581
2012-07-13,2012,7,13,6.5365419
2012-07-14,2012,7,14,3.9713331
2012-07-15,2012,7,15,-0.14222457
2012-07-16,2012,7,16,4.901241
2012-07-17,2012,7,17,8.29631
2012-07-18,2012,7,18,9.0554501
2012-07-19,2012,7,19,9.0974707
2012-07-20,2012,7,20,6.4277765
2012-07-21,2012,7,21,0.59434868
2012-07-22,2012,7,22,2.6801202
2012-07-23,2012,7,23,0.82024961
2012-07-24,2012,7,24,0.027758186
2012-07-25,2012,7,25,4.1185389
2012-07-26,2012,7,26,5.2166554
2012-07-27,2012,7,27,5.8705531
2012-07-28,2012,7,28,4.3923871
2012-07-29,2012,7,29,2.5069804
2012-07-30,2012,7,30,4.1577948
2012-07-31,2012,7,31,2.7855254
2012-08-01,2012,8,1,0.86240507
2012-08-02,2012,8,2,-2.0100841
2012-08-03,2012,8,3,-1.7025227
2012-08-04,2012,8,4,0.21098843
2012-08-05,2012,8,5,5.1287522
2012-08-06,2012,8,6,0.13802049
2012-08-07,2012,8,7,-1.1080322
2012-08-08,2012,8,8,5.1969005
2012-08-09,2012,8,9,9.0347935
2012-08-10,2012,8,10,8.3712622
2012-08-11,2012,8,11,1.0217355
2012-08-12,2012,8,12,1.5827618
2012-08-13,2012,8,13,5.4688843
2012-08-14,2012,8,14,0.8188002
2012-08-15,2012,8,15,1.5943296
2012-08-16,2012,8,16,0.0031477494
2012-08-17,2012,8,17,-1.1234329
2012-08-18,2012,8,18,0.34047596
2012-08-19,2012,8,19,0.49999682
2012-08-20,2012,8,20,3.8432773
2012-08-21,2012,8,21,5.2209064
2012-08-22,2012,8,22,-1.4423614
2012-08-23,2012,8,23,-4.8500357
2012-08-24,2012,8,24,-3.5146692
2012-08-25,2012,8,25,2.6518969
2012-08-26,2012,8,26,5.098354
2012-08-27,2012,8,27,7.4239393
2012-08-28,2012,8,28,8.5331085
2012-08-29,2012,8,29,9.0705402
2012-08-30,2012,8,30,7.8648802
2012-08-31,2012,8,31,10.078241
2012-09-01,2012,9,1,11.088973
2012-09-02,2012,9,2,10.378534
2012-09-03,2012,9,3,9.4023649
2012-09-04,2012,9,4,5.005006
2012-09-05,2012,9,5,6.39935
2012-09-06,2012,9,6,4.8083668
2012-09-07,2012,9,7,7.2061535
2012-09-08,2012,9,8,7.3408372
2012-09-09,2012,9,9,6.6642712
2012-09-10,2012,9,10,10.974128
2012-09-11,2012,9,11,7.7152526
2012-09-12,2012,9,12,11.751143
2012-09-13,2012,9,13,12.429318
2012-09-14,2012,9,14,10.339805
2012-09-15,2012,9,15,6.3325013
2012-09-16,2012,9,16,5.2742207
2012-09-17,2012,9,17,2.3110518
2012-09-18,2012,9,18,-2.2820687
2012-09-19,2012,9,19,3.1220458
2012-09-20,2012,9,20,0.87285372
2012-09-21,2012,9,21,6.9094046
2012-09-22,2012,9,22,10.314283
2012-09-23,2012,9,23,6.205324
2012-09-24,2012,9,24,7.1571061
2012-09-25,2012,9,25,9.451507
2012-09-26,2012,9,26,12.71266
2012-09-27,2012,9,27,6.0922369
2012-09-28,2012,9,28,4.9671223
2012-09-29,2012,9,29,6.4819786
2012-09-30,2012,9,30,2.3331372
2012-10-01,2012,10,1,2.4372716
2012-10-02,2012,10,2,3.2762348
2012-10-03,2012,10,3,7.2636816
2012-10-04,2012,10,4,6.4070101
2012-10-05,2012,10,5,3.7932121
2012-10-06,2012,10,6,2.3765277
2012-10-07,2012,10,7,3.6008141
2012-10-08,2012,10,8,2.8978382
2012-10-09,2012,10,9,4.7439221
2012-10-10,2012,10,10,9.5544047
2012-10-11,2012,10,11,10.170459
2012-10-12,2012,10,12,9.0131373
2012-10-13,2012,10,13,8.6095607
2012-10-14,2012,10,14,5.3149936
2012-10-15,2012,10,15,3.2961321
2012-10-16,2012,10,16,10.265937
2012-10-17,2012,10,17,9.1021416
2012-10-18,2012,10,18,8.4496582
2012-10-19,2012,10,19,5.3093769
2012-10-20,2012,10,20,5.5530932
2012-10-21,2012,10,21,3.6128461
2012-10-22,2012,10,22,-0.76096649
2012-10-23,2012,10,23,3.8533062
2012-10-24,2012,10,24,3.3408838
2012-10-25,2012,10,25,5.3542099
2012-10-26,2012,10,26,6.599383
2012-10-27,2012,10,27,8.2087012
2012-10-28,2012,10,28,9.1998414
2012-10-29,2012,10,29,7.904491
2012-10-30,2012,10,30,8.4848431
2012-10-31,2012,10,31,8.5239992
2012-11-01,2012,11,1,9.2407988
2012-11-02,2012,11,2,10.128328
2012-11-03,2012,11,3,10.362918
2012-11-04,2012,11,4,11.113379
2012-11-05,2012,11,5,12.00811
2012-11-06,2012,11,6,12.861373
2012-11-07,2012,11,7,11.942194
2012-11-08,2012,11,8,8.4719757
2012-11-09,2012,11,9,4.5553949
2012-11-10,2012,11,10,5.481973
2012-11-11,2012,11,11,10.687596
2012-11-12,2012,11,12,12.908204
2012-11-13,2012,11,13,12.487483
2012-11-14,2012,11,14,12.386539
2012-11-15,2012,11,15,13.355244
2012-11-16,2012,11,16,10.41891
2012-11-17,2012,11,17,9.4629889
2012-11-18,2012,11,18,13.716327
2012-11-19,2012,11,19,14.691626
2012-11-20,2012,11,20,14.171444
2012-11-21,2012,11,21,11.015535
2012-11-22,2012,11,22,7.9860823
2012-11-23,2012,11,23,7.1631821
2012-11-24,2012,11,24,11.783571
2012-11-25,2012,11,25,12.516948
2012-11-26,2012,11,26,12.264417
2012-11-27,2012,11,27,13.373758
2012-11-28,2012,11,28,9.7767762
2012-11-29,2012,11,29,6.4447579
2012-11-30,2012,11,30,8.1549858
2012-12-01,2012,12,1,11.908096
2012-12-02,2012,12,2,12.587943
2012-12-03,2012,12,3,11.927982
2012-12-04,2012,12,4,11.592297
2012-12-05,2012,12,5,10.242526
2012-12-06,2012,12,6,5.5181531
2012-12-07,2012,12,7,11.647635
2012-12-08,2012,12,8,15.74287
2012-12-09,2012,12,9,15.83271
2012-12-10,2012,12,10,11.200827
2012-12-11,2012,12,11,11.824865
2012-12-12,2012,12,12,11.41975
2012-12-13,2012,12,13,13.97012
2012-12-14,2012,12,14,10.804727
2012-12-15,2012,12,15,12.252125
2012-12-16,2012,12,16,13.262197
2012-12-17,2012,12,17,12.511383
2012-12-18,2012,12,18,8.8713786
2012-12-19,2012,12,19,6.4732864
2012-12-20,2012,12,20,4.1939381
2012-12-21,2012,12,21,11.781944
2012-12-22,2012,12,22,13.890033
2012-12-23,2012,12,23,12.780869
2012-12-24,2012,12,24,9.5888073
2012-12-25,2012,12,25,8.2243814
2012-12-26,2012,12,26,12.461012
2012-12-27,2012,12,27,12.054989
2012-12-28,2012,12,28,14.02851
2012-12-29,2012,12,29,15.028062
2012-12-30,2012,12,30,14.39429
2012-12-31,2012,12,31,12.952158
2013-01-01,2013,1,1,15.792334
2013-01-02,2013,1,2,15.627198
2013-01-03,2013,1,3,14.195801
2013-01-04,2013,1,4,13.607236
2013-01-05,2013,1,5,13.815679
2013-01-06,2013,1,6,15.197463
2013-01-07,2013,1,7,14.653261
2013-01-08,2013,1,8,16.421582
2013-01-09,2013,1,9,20.673303
2013-01-10,2013,1,10,20.775439
2013-01-11,2013,1,11,20.286029
2013-01-12,2013,1,12,19.580117
2013-01-13,2013,1,13,18.727584
2013-01-14,2013,1,14,18.93136
2013-01-15,2013,1,15,17.483752
2013-01-16,2013,1,16,16.852824
2013-01-17,2013,1,17,16.610071
2013-01-18,2013,1,18,17.712206
2013-01-19,2013,1,19,17.382121
2013-01-20,2013,1,20,17.040426
2013-01-21,2013,1,21,14.603005
2013-01-22,2013,1,22,15.194521
2013-01-23,2013,1,23,16.238474
2013-01-24,2013,1,24,13.150794
2013-01-25,2013,1,25,13.194022
2013-01-26,2013,1,26,14.616626
2013-01-27,2013,1,27,13.623257
2013-01-28,2013,1,28,12.226123
2013-01-29,2013,1,29,15.78883
2013-01-30,2013,1,30,16.603734
2013-01-31,2013,1,31,16.62265
2013-02-01,2013,2,1,14.778722
2013-02-02,2013,2,2,17.503491
2013-02-03,2013,2,3,20.48595
2013-02-04,2013,2,4,20.446978
2013-02-05,2013,2,5,19.873436
2013-02-06,2013,2,6,18.361311
2013-02-07,2013,2,7,16.86709
2013-02-08,2013,2,8,15.628389
2013-02-09,2013,2,9,14.632683
2013-02-10,2013,2,10,11.628419
2013-02-11,2013,2,11,14.183498
2013-02-12,2013,2,12,13.068959
2013-02-13,2013,2,13,13.956519
2013-02-14,2013,2,14,14.443531
2013-02-15,2013,2,15,14.124096
2013-02-16,2013,2,16,11.168693
2013-02-17,2013,2,17,9.8498203
2013-02-18,2013,2,18,8.8326009
2013-02-19,2013,2,19,10.518666
2013-02-20,2013,2,20,11.755032
2013-02-21,2013,2,21,17.122625
2013-02-22,2013,2,22,16.07675
2013-02-23,2013,2,23,12.286381
2013-02-24,2013,2,24,14.679258
2013-02-25,2013,2,25,16.552107
2013-02-26,2013,2,26,16.13405
2013-02-27,2013,2,27,15.235424
2013-02-28,2013,2,28,14.113471
2013-03-01,2013,3,1,8.5069572
2013-03-02,2013,3,2,14.573592
2013-03-03,2013,3,3,13.659884
2013-03-04,2013,3,4,13.816814
2013-03-05,2013,3,5,14.249082
2013-03-06,2013,3,6,11.683609
2013-03-07,2013,3,7,12.490634
2013-03-08,2013,3,8,14.113346
2013-03-09,2013,3,9,13.525141
2013-03-10,2013,3,10,15.06018
2013-03-11,2013,3,11,11.397001
2013-03-12,2013,3,12,10.65916
2013-03-13,2013,3,13,9.8572562
2013-03-14,2013,3,14,10.231737
2013-03-15,2013,3,15,14.228302
2013-03-16,2013,3,16,14.024414
2013-03-17,2013,3,17,12.769655
2013-03-18,2013,3,18,11.34128
2013-03-19,2013,3,19,10.716704
2013-03-20,2013,3,20,11.063876
2013-03-21,2013,3,21,13.298425
2013-03-22,2013,3,22,12.859063
2013-03-23,2013,3,23,12.953906
2013-03-24,2013,3,24,10.746917
2013-03-25,2013,3,25,13.97371
2013-03-26,2013,3,26,16.846771
2013-03-27,2013,3,27,16.684081
2013-03-28,2013,3,28,15.298383
2013-03-29,2013,3,29,13.85158
2013-03-30,2013,3,30,11.612665
2013-03-31,2013,3,31,10.393508
2013-04-01,2013,4,1,7.4182141
2013-04-02,2013,4,2,8.2647274
2013-04-03,2013,4,3,10.260639
2013-04-04,2013,4,4,9.7086891
2013-04-05,2013,4,5,8.8119039
2013-04-06,2013,4,6,10.80223
2013-04-07,2013,4,7,10.639862
2013-04-08,2013,4,8,13.44493
2013-04-09,2013,4,9,10.212286
2013-04-10,2013,4,10,6.7144801
2013-04-11,2013,4,11,4.3517312
2013-04-12,2013,4,12,8.6742606
2013-04-13,2013,4,13,11.823581
2013-04-14,2013,4,14,15.089237
2013-04-15,2013,4,15,17.013237
2013-04-16,2013,4,16,17.294441
2013-04-17,2013,4,17,18.354327
2013-04-18,2013,4,18,18.02823
2013-04-19,2013,4,19,16.873543
2013-04-20,2013,4,20,14.392627
2013-04-21,2013,4,21,15.725697
2013-04-22,2013,4,22,15.391925
2013-04-23,2013,4,23,16.088815
2013-04-24,2013,4,24,15.612202
2013-04-25,2013,4,25,13.979434
2013-04-26,2013,4,26,8.1449087
2013-04-27,2013,4,27,4.5993953
2013-04-28,2013,4,28,8.2526208
2013-04-29,2013,4,29,8.6166207
2013-04-30,2013,4,30,11.463093
2013-05-01,2013,5,1,4.7476812
2013-05-02,2013,5,2,5.2082226
2013-05-03,2013,5,3,2.8924488
2013-05-04,2013,5,4,5.3546578
2013-05-05,2013,5,5,9.2967281
2013-05-06,2013,5,6,8.6966774
2013-05-07,2013,5,7,12.242338
2013-05-08,2013,5,8,11.226991
2013-05-09,2013,5,9,8.4615054
2013-05-10,2013,5,10,4.7268798
2013-05-11,2013,5,11,5.7656987
2013-05-12,2013,5,12,6.5122398
2013-05-13,2013,5,13,4.7999214
2013-05-14,2013,5,14,3.0846803
2013-05-15,2013,5,15,3.1965941
2013-05-16,2013,5,16,7.933849
2013-05-17,2013,5,17,7.6535891
2013-05-18,2013,5,18,3.6457876
2013-05-19,2013,5,19,1.9096966
2013-05-20,2013,5,20,5.4255549
2013-05-21,2013,5,21,2.4729752
2013-05-22,2013,5,22,5.2416439
2013-05-23,2013,5,23,5.8895145
2013-05-24,2013,5,24,7.4923892
2013-05-25,2013,5,25,7.8151329
2013-05-26,2013,5,26,4.79977
2013-05-27,2013,5,27,0.60665763
2013-05-28,2013,5,28,-0.94601398
2013-05-29,2013,5,29,1.9436138
2013-05-30,2013,5,30,5.3133267
2013-05-31,2013,5,31,0.50636473
2013-06-01,2013,6,1,0.91929323
2013-06-02,2013,6,2,4.5432609
2013-06-03,2013,6,3,7.0138483
2013-06-04,2013,6,4,8.1990692
2013-06-05,2013,6,5,8.2029252
2013-06-06,2013,6,6,9.3947505
2013-06-07,2013,6,7,9.5209532
2013-06-08,2013,6,8,8.7673
2013-06-09,2013,6,9,6.2034148
2013-06-10,2013,6,10,6.7838167
2013-06-11,2013,6,11,7.4003887
2013-06-12,2013,6,12,8.8499139
2013-06-13,2013,6,13,7.5279793
2013-06-14,2013,6,14,6.8104021
2013-06-15,2013,6,15,5.4897076
2013-06-16,2013,6,16,2.3850088
2013-06-17,2013,6,17,0.97149865
2013-06-18,2013,6,18,-0.077075379
2013-06-19,2013,6,19,-0.13370563
2013-06-20,2013,6,20,0.55240481
2013-06-21,2013,6,21,1.8091909
2013-06-22,2013,6,22,-1.8490047
2013-06-23,2013,6,23,-0.76720638
2013-06-24,2013,6,24,-2.0640494
2013-06-25,2013,6,25,0.87342127
2013-06-26,2013,6,26,1.2520338
2013-06-27,2013,6,27,-1.2777231
2013-06-28,2013,6,28,-3.6561896
2013-06-29,2013,6,29,-3.335428
2013-06-30,2013,6,30,-0.15579131
2013-07-01,2013,7,1,3.5491936
2013-07-02,2013,7,2,5.0714759
2013-07-03,2013,7,3,1.8993377
2013-07-04,2013,7,4,1.6671711
2013-07-05,2013,7,5,-1.1712116
2013-07-06,2013,7,6,0.088814684
2013-07-07,2013,7,7,4.7129526
2013-07-08,2013,7,8,5.7369031
2013-07-09,2013,7,9,0.78836713
2013-07-10,2013,7,10,0.55893121
2013-07-11,2013,7,11,-0.52791743
2013-07-12,2013,7,12,5.0197099
2013-07-13,2013,7,13,4.8900257
2013-07-14,2013,7,14,5.615595
2013-07-15,2013,7,15,6.5706432
2013-07-16,2013,7,16,9.8707227
2013-07-17,2013,7,17,7.8990497
2013-07-18,2013,7,18,2.5772752
2013-07-19,2013,7,19,-0.26390787
2013-07-20,2013,7,20,-3.0087818
2013-07-21,2013,7,21,-7.8383817
2013-07-22,2013,7,22,-2.3907229
2013-07-23,2013,7,23,0.53355
2013-07-24,2013,7,24,5.9268305
2013-07-25,2013,7,25,7.7635537
2013-07-26,2013,7,26,3.547517
2013-07-27,2013,7,27,5.2987183
2013-07-28,2013,7,28,6.1071894
2013-07-29,2013,7,29,7.8011828
2013-07-30,2013,7,30,2.0521342
2013-07-31,2013,7,31,-0.15011094
2013-08-01,2013,8,1,-1.0096425
2013-08-02,2013,8,2,1.8801915
2013-08-03,2013,8,3,-2.4998796
2013-08-04,2013,8,4,1.3428216
2013-08-05,2013,8,5,2.7039841
2013-08-06,2013,8,6,3.5550478
2013-08-07,2013,8,7,-1.545561
2013-08-08,2013,8,8,-4.2939761
2013-08-09,2013,8,9,-2.1491131
2013-08-10,2013,8,10,6.1673806
2013-08-11,2013,8,11,1.2475905
2013-08-12,2013,8,12,-2.5826637
2013-08-13,2013,8,13,-1.4695895
2013-08-14,2013,8,14,7.3946467
2013-08-15,2013,8,15,7.297888
2013-08-16,2013,8,16,5.5527791
2013-08-17,2013,8,17,7.4654368
2013-08-18,2013,8,18,5.2806882
2013-08-19,2013,8,19,4.4124959
2013-08-20,2013,8,20,4.8994997
2013-08-21,2013,8,21,2.4952613
2013-08-22,2013,8,22,4.3494305
2013-08-23,2013,8,23,2.1861953
2013-08-24,2013,8,24,0.48430655
2013-08-25,2013,8,25,0.77064472
2013-08-26,2013,8,26,2.02092
2013-08-27,2013,8,27,8.0028753
2013-08-28,2013,8,28,11.683543
2013-08-29,2013,8,29,11.11351
2013-08-30,2013,8,30,8.5513526
2013-08-31,2013,8,31,5.2617882
2013-09-01,2013,9,1,4.6430549
2013-09-02,2013,9,2,3.6214235
2013-09-03,2013,9,3,6.3279393
2013-09-04,2013,9,4,5.3538433
2013-09-05,2013,9,5,4.9824517
2013-09-06,2013,9,6,5.8323518
2013-09-07,2013,9,7,6.6665004
2013-09-08,2013,9,8,12.199252
2013-09-09,2013,9,9,11.880475
2013-09-10,2013,9,10,8.2054028
2013-09-11,2013,9,11,4.3200013
2013-09-12,2013,9,12,1.1708017
2013-09-13,2013,9,13,3.3068614
2013-09-14,2013,9,14,-0.32508695
2013-09-15,2013,9,15,-3.9946482
2013-09-16,2013,9,16,-6.2154626
2013-09-17,2013,9,17,-0.9275915
2013-09-18,2013,9,18,2.0800143
2013-09-19,2013,9,19,2.4039116
2013-09-20,2013,9,20,-1.057299
2013-09-21,2013,9,21,-3.7404153
2013-09-22,2013,9,22,1.1483615
2013-09-23,2013,9,23,2.3612023
2013-09-24,2013,9,24,7.295688
2013-09-25,2013,9,25,6.3398624
2013-09-26,2013,9,26,3.8418473
2013-09-27,2013,9,27,1.2042463
2013-09-28,2013,9,28,-0.23536336
2013-09-29,2013,9,29,3.4771792
2013-09-30,2013,9,30,3.4103441
2013-10-01,2013,10,1,2.5228131
2013-10-02,2013,10,2,1.6134046
2013-10-03,2013,10,3,1.5447265
2013-10-04,2013,10,4,9.2044275
2013-10-05,2013,10,5,10.137965
2013-10-06,2013,10,6,9.3684718
2013-10-07,2013,10,7,8.063749
2013-10-08,2013,10,8,8.1446527
2013-10-09,2013,10,9,7.6110183
2013-10-10,2013,10,10,9.1544358
2013-10-11,2013,10,11,9.001513
2013-10-12,2013,10,12,8.9262814
2013-10-13,2013,10,13,8.7823659
2013-10-14,2013,10,14,9.3907245
2013-10-15,2013,10,15,11.076077
2013-10-16,2013,10,16,10.433742
2013-10-17,2013,10,17,11.052784
2013-10-18,2013,10,18,10.752752
2013-10-19,2013,10,19,8.9635053
2013-10-20,2013,10,20,3.1772814
2013-10-21,2013,10,21,6.688896
2013-10-22,2013,10,22,3.9261799
2013-10-23,2013,10,23,4.251121
2013-10-24,2013,10,24,8.6571845
2013-10-25,2013,10,25,6.9724633
2013-10-26,2013,10,26,9.614269
2013-10-27,2013,10,27,11.957624
2013-10-28,2013,10,28,9.4528745
2013-10-29,2013,10,29,10.25966
2013-10-30,2013,10,30,10.143043
2013-10-31,2013,10,31,6.3899324
2013-11-01,2013,11,1,6.2172381
2013-11-02,2013,11,2,9.4236537
2013-11-03,2013,11,3,13.743729
2013-11-04,2013,11,4,12.727277
2013-11-05,2013,11,5,13.996918
2013-11-06,2013,11,6,7.6228311
2013-11-07,2013,11,7,9.2603239
2013-11-08,2013,11,8,8.073462
2013-11-09,2013,11,9,7.997574
2013-11-10,2013,11,10,4.7735147
2013-11-11,2013,11,11,9.0136888
2013-11-12,2013,11,12,11.668564
2013-11-13,2013,11,13,13.853216
2013-11-14,2013,11,14,7.6939417
2013-11-15,2013,11,15,13.497282
2013-11-16,2013,11,16,14.74867
2013-11-17,2013,11,17,12.614991
2013-11-18,2013,11,18,10.239153
2013-11-19,2013,11,19,10.710399
2013-11-20,2013,11,20,11.600719
2013-11-21,2013,11,21,14.297566
2013-11-22,2013,11,22,13.899218
2013-11-23,2013,11,23,13.067183
2013-11-24,2013,11,24,8.4670606
2013-11-25,2013,11,25,8.8627571
2013-11-26,2013,11,26,6.2639317
2013-11-27,2013,11,27,8.5248641
2013-11-28,2013,11,28,8.7040352
2013-11-29,2013,11,29,11.927129
2013-11-30,2013,11,30,12.564799
2013-12-01,2013,12,1,12.018538
2013-12-02,2013,12,2,12.43102
2013-12-03,2013,12,3,16.041745
2013-12-04,2013,12,4,13.726218
2013-12-05,2013,12,5,13.291956
2013-12-06,2013,12,6,12.636861
2013-12-07,2013,12,7,14.868851
2013-12-08,2013,12,8,11.002817
2013-12-09,2013,12,9,13.482929
2013-12-10,2013,12,10,16.168652
2013-12-11,2013,12,11,15.678984
2013-12-12,2013,12,12,14.572248
2013-12-13,2013,12,13,14.577663
2013-12-14,2013,12,14,14.621667
2013-12-15,2013,12,15,16.14005
2013-12-16,2013,12,16,16.16583
2013-12-17,2013,12,17,15.331224
2013-12-18,2013,12,18,15.266342
2013-12-19,2013,12,19,15.406066
2013-12-20,2013,12,20,16.356041
2013-12-21,2013,12,21,17.434363
2013-12-22,2013,12,22,18.05752
2013-12-23,2013,12,23,19.027273
2013-12-24,2013,12,24,18.20995
2013-12-25,2013,12,25,15.905634
2013-12-26,2013,12,26,17.404367
2013-12-27,2013,12,27,18.44083
2013-12-28,2013,12,28,18.579334
2013-12-29,2013,12,29,17.175183
2013-12-30,2013,12,30,16.12651
2013-12-31,2013,12,31,15.645643
2014-01-01,2014,1,1,14.746592
2014-01-02,2014,1,2,11.84776
2014-01-03,2014,1,3,16.193382
2014-01-04,2014,1,4,21.135094
2014-01-05,2014,1,5,19.898116
2014-01-06,2014,1,6,18.498026
2014-01-07,2014,1,7,17.962849
2014-01-08,2014,1,8,18.703773
2014-01-09,2014,1,9,14.477101
2014-01-10,2014,1,10,15.751911
2014-01-11,2014,1,11,19.096252
2014-01-12,2014,1,12,20.042303
2014-01-13,2014,1,13,19.345522
2014-01-14,2014,1,14,19.633693
2014-01-15,2014,1,15,20.868461
2014-01-16,2014,1,16,19.141427
2014-01-17,2014,1,17,16.332654
2014-01-18,2014,1,18,15.551475
2014-01-19,2014,1,19,17.225594
2014-01-20,2014,1,20,15.996369
2014-01-21,2014,1,21,14.765001
2014-01-22,2014,1,22,15.353475
2014-01-23,2014,1,23,12.091982
2014-01-24,2014,1,24,13.228627
2014-01-25,2014,1,25,14.151122
2014-01-26,2014,1,26,14.433028
2014-01-27,2014,1,27,12.554801
2014-01-28,2014,1,28,14.32952
2014-01-29,2014,1,29,17.394139
2014-01-30,2014,1,30,17.491724
2014-01-31,2014,1,31,17.424164
2014-02-01,2014,2,1,13.575704
2014-02-02,2014,2,2,12.241501
2014-02-03,2014,2,3,13.622658
2014-02-04,2014,2,4,13.780137
2014-02-05,2014,2,5,12.617253
2014-02-06,2014,2,6,15.315964
2014-02-07,2014,2,7,16.786397
2014-02-08,2014,2,8,15.106215
2014-02-09,2014,2,9,15.745217
2014-02-10,2014,2,10,16.485347
2014-02-11,2014,2,11,16.106935
2014-02-12,2014,2,12,17.740326
2014-02-13,2014,2,13,15.741486
2014-02-14,2014,2,14,13.284491
2014-02-15,2014,2,15,11.598115
2014-02-16,2014,2,16,8.8133962
2014-02-17,2014,2,17,12.54711
2014-02-18,2014,2,18,13.133734
2014-02-19,2014,2,19,13.81217
2014-02-20,2014,2,20,13.518662
2014-02-21,2014,2,21,12.414352
2014-02-22,2014,2,22,15.165887
2014-02-23,2014,2,23,14.581232
2014-02-24,2014,2,24,11.586945
2014-02-25,2014,2,25,8.6639125
2014-02-26,2014,2,26,13.194531
2014-02-27,2014,2,27,15.585203
2014-02-28,2014,2,28,13.205889
2014-03-01,2014,3,1,9.6621592
2014-03-02,2014,3,2,9.8852392
2014-03-03,2014,3,3,11.058918
2014-03-04,2014,3,4,12.610626
2014-03-05,2014,3,5,13.3534
2014-03-06,2014,3,6,13.749196
2014-03-07,2014,3,7,16.227011
2014-03-08,2014,3,8,15.690816
2014-03-09,2014,3,9,8.9077119
2014-03-10,2014,3,10,10.855141
2014-03-11,2014,3,11,13.468044
2014-03-12,2014,3,12,13.442312
2014-03-13,2014,3,13,11.990876
2014-03-14,2014,3,14,7.8479195
2014-03-15,2014,3,15,10.241549
2014-03-16,2014,3,16,11.593477
2014-03-17,2014,3,17,14.104048
2014-03-18,2014,3,18,10.211883
2014-03-19,2014,3,19,11.213198
2014-03-20,2014,3,20,12.834983
2014-03-21,2014,3,21,13.639729
2014-03-22,2014,3,22,18.982208
2014-03-23,2014,3,23,16.77523
2014-03-24,2014,3,24,14.094911
2014-03-25,2014,3,25,14.674737
2014-03-26,2014,3,26,13.390176
2014-03-27,2014,3,27,12.059294
2014-03-28,2014,3,28,13.314144
2014-03-29,2014,3,29,11.012925
2014-03-30,2014,3,30,5.7744817
2014-03-31,2014,3,31,8.1010802
2014-04-01,2014,4,1,11.240199
2014-04-02,2014,4,2,10.469675
2014-04-03,2014,4,3,12.100274
2014-04-04,2014,4,4,12.648841
2014-04-05,2014,4,5,12.806667
2014-04-06,2014,4,6,11.428298
2014-04-07,2014,4,7,5.5082386
2014-04-08,2014,4,8,9.2006747
2014-04-09,2014,4,9,9.2515292
2014-04-10,2014,4,10,5.9666294
2014-04-11,2014,4,11,6.2802628
2014-04-12,2014,4,12,8.7542113
2014-04-13,2014,4,13,12.907041
2014-04-14,2014,4,14,13.931899
2014-04-15,2014,4,15,15.028603
2014-04-16,2014,4,16,10.413161
2014-04-17,2014,4,17,9.279879
2014-04-18,2014,4,18,7.9068266
2014-04-19,2014,4,19,12.308994
2014-04-20,2014,4,20,13.1503
2014-04-21,2014,4,21,13.402838
2014-04-22,2014,4,22,16.34596
2014-04-23,2014,4,23,16.03047
2014-04-24,2014,4,24,16.254823
2014-04-25,2014,4,25,13.935135
2014-04-26,2014,4,26,10.945331
2014-04-27,2014,4,27,8.7015767
2014-04-28,2014,4,28,9.973015
2014-04-29,2014,4,29,7.7031967
2014-04-30,2014,4,30,8.6234259
2014-05-01,2014,5,1,1.9152577
2014-05-02,2014,5,2,2.375273
2014-05-03,2014,5,3,5.2169182
2014-05-04,2014,5,4,5.6345212
2014-05-05,2014,5,5,5.2149678
2014-05-06,2014,5,6,7.5729823
2014-05-07,2014,5,7,7.7863449
2014-05-08,2014,5,8,10.690718
2014-05-09,2014,5,9,9.9449668
2014-05-10,2014,5,10,7.2963404
2014-05-11,2014,5,11,4.096658
2014-05-12,2014,5,12,4.472867
2014-05-13,2014,5,13,6.6952054
2014-05-14,2014,5,14,6.3779104
2014-05-15,2014,5,15,6.6893314
2014-05-16,2014,5,16,6.6085929
2014-05-17,2014,5,17,7.3965897
2014-05-18,2014,5,18,5.9870196
2014-05-19,2014,5,19,7.3342494
2014-05-20,2014,5,20,3.7829468
2014-05-21,2014,5,21,-1.912555
2014-05-22,2014,5,22,-1.3176034
2014-05-23,2014,5,23,2.4427444
2014-05-24,2014,5,24,4.5134892
2014-05-25,2014,5,25,3.2109926
2014-05-26,2014,5,26,4.2614196
2014-05-27,2014,5,27,6.0071035
2014-05-28,2014,5,28,5.755309
2014-05-29,2014,5,29,0.02933116
2014-05-30,2014,5,30,-0.1417872
2014-05-31,2014,5,31,0.2028085
2014-06-01,2014,6,1,4.4498307
2014-06-02,2014,6,2,4.7018443
2014-06-03,2014,6,3,0.87517171
2014-06-04,2014,6,4,-2.9006689
2014-06-05,2014,6,5,-3.7141946
2014-06-06,2014,6,6,-4.5813428
2014-06-07,2014,6,7,-6.2130061
2014-06-08,2014,6,8,-2.7369328
2014-06-09,2014,6,9,3.2869487
2014-06-10,2014,6,10,4.5305035
2014-06-11,2014,6,11,0.78356007
2014-06-12,2014,6,12,-4.1022279
2014-06-13,2014,6,13,-1.5792504
2014-06-14,2014,6,14,2.1095777
2014-06-15,2014,6,15,3.8874453
2014-06-16,2014,6,16,5.5143258
2014-06-17,2014,6,17,6.4307687
2014-06-18,2014,6,18,6.5491495
2014-06-19,2014,6,19,7.1860231
2014-06-20,2014,6,20,5.5873704
2014-06-21,2014,6,21,3.7574686
2014-06-22,2014,6,22,-0.11757342
2014-06-23,2014,6,23,2.6637843
2014-06-24,2014,6,24,2.6376172
2014-06-25,2014,6,25,-0.3386593
2014-06-26,2014,6,26,-2.7296534
2014-06-27,2014,6,27,1.3406733
2014-06-28,2014,6,28,4.4798502
2014-06-29,2014,6,29,5.6398764
2014-06-30,2014,6,30,4.1165466
2014-07-01,2014,7,1,1.6128933
2014-07-02,2014,7,2,-3.622916
2014-07-03,2014,7,3,-0.014169424
2014-07-04,2014,7,4,-3.0361642
2014-07-05,2014,7,5,-4.4642013
2014-07-06,2014,7,6,0.069452401
2014-07-07,2014,7,7,3.0572424
2014-07-08,2014,7,8,4.6587356
2014-07-09,2014,7,9,5.3485902
2014-07-10,2014,7,10,6.9826549
2014-07-11,2014,7,11,4.7847298
2014-07-12,2014,7,12,1.8197858
2014-07-13,2014,7,13,6.1384296
2014-07-14,2014,7,14,1.2190323
2014-07-15,2014,7,15,0.31322096
2014-07-16,2014,7,16,0.90136984
2014-07-17,2014,7,17,2.4898732
2014-07-18,2014,7,18,6.8155735
2014-07-19,2014,7,19,7.8745633
2014-07-20,2014,7,20,8.152646
2014-07-21,2014,7,21,1.8431834
2014-07-22,2014,7,22,-2.9086805
2014-07-23,2014,7,23,-5.351109
2014-07-24,2014,7,24,-0.8000401
2014-07-25,2014,7,25,-0.56799253
2014-07-26,2014,7,26,0.78669917
2014-07-27,2014,7,27,0.49941117
2014-07-28,2014,7,28,2.6955776
2014-07-29,2014,7,29,3.1341926
2014-07-30,2014,7,30,4.5534463
2014-07-31,2014,7,31,2.2549486
2014-08-01,2014,8,1,5.3757796
2014-08-02,2014,8,2,3.1732406
2014-08-03,2014,8,3,0.14081098
2014-08-04,2014,8,4,5.1691205
2014-08-05,2014,8,5,5.2836427
2014-08-06,2014,8,6,-1.5722349
2014-08-07,2014,8,7,3.36569
2014-08-08,2014,8,8,8.7041953
2014-08-09,2014,8,9,7.2118377
2014-08-10,2014,8,10,2.1907516
2014-08-11,2014,8,11,-0.31599573
2014-08-12,2014,8,12,-0.46552436
2014-08-13,2014,8,13,3.7286327
2014-08-14,2014,8,14,6.9589876
2014-08-15,2014,8,15,5.9594989
2014-08-16,2014,8,16,6.6488084
2014-08-17,2014,8,17,8.6858777
2014-08-18,2014,8,18,11.768849
2014-08-19,2014,8,19,11.353965
2014-08-20,2014,8,20,10.413801
2014-08-21,2014,8,21,8.1097686
2014-08-22,2014,8,22,5.3203115
2014-08-23,2014,8,23,-2.4653801
2014-08-24,2014,8,24,-4.9140731
2014-08-25,2014,8,25,0.70226956
2014-08-26,2014,8,26,6.6332346
2014-08-27,2014,8,27,4.7711935
2014-08-28,2014,8,28,2.3578055
2014-08-29,2014,8,29,4.9608657
2014-08-30,2014,8,30,0.55403399
2014-08-31,2014,8,31,3.9172448
2014-09-01,2014,9,1,-0.43470034
2014-09-02,2014,9,2,1.878439
2014-09-03,2014,9,3,2.2452038
2014-09-04,2014,9,4,3.0648691
2014-09-05,2014,9,5,-1.5422385
2014-09-06,2014,9,6,1.487883
2014-09-07,2014,9,7,5.3314613
2014-09-08,2014,9,8,4.6027612
2014-09-09,2014,9,9,0.059245955
2014-09-10,2014,9,10,-0.8430018
2014-09-11,2014,9,11,3.909308
2014-09-12,2014,9,12,5.0382073
2014-09-13,2014,9,13,2.5651585
2014-09-14,2014,9,14,3.5465643
2014-09-15,2014,9,15,8.3656382
2014-09-16,2014,9,16,5.4894541
2014-09-17,2014,9,17,5.3628819
2014-09-18,2014,9,18,4.4925463
2014-09-19,2014,9,19,3.5756237
2014-09-20,2014,9,20,8.8701866
2014-09-21,2014,9,21,7.707133
2014-09-22,2014,9,22,2.15464
2014-09-23,2014,9,23,-0.29828206
2014-09-24,2014,9,24,2.1577584
2014-09-25,2014,9,25,-0.39172818
2014-09-26,2014,9,26,3.214411
2014-09-27,2014,9,27,4.3637592
2014-09-28,2014,9,28,4.7913886
2014-09-29,2014,9,29,3.79482
2014-09-30,2014,9,30,5.6640576
2014-10-01,2014,10,1,7.9543567
2014-10-02,2014,10,2,9.9088679
2014-10-03,2014,10,3,8.4469528
2014-10-04,2014,10,4,2.9078498
2014-10-05,2014,10,5,6.2491886
2014-10-06,2014,10,6,12.581324
2014-10-07,2014,10,7,10.641777
2014-10-08,2014,10,8,5.9830897
2014-10-09,2014,10,9,5.2203167
2014-10-10,2014,10,10,7.5948046
2014-10-11,2014,10,11,8.3559383
2014-10-12,2014,10,12,9.9029315
2014-10-13,2014,10,13,9.0570083
2014-10-14,2014,10,14,11.795557
2014-10-15,2014,10,15,8.2922429
2014-10-16,2014,10,16,9.0734236
2014-10-17,2014,10,17,6.9279172
2014-10-18,2014,10,18,4.8267357
2014-10-19,2014,10,19,9.2713887
2014-10-20,2014,10,20,13.150581
2014-10-21,2014,10,21,14.269062
2014-10-22,2014,10,22,14.317565
2014-10-23,2014,10,23,13.590885
2014-10-24,2014,10,24,14.603599
2014-10-25,2014,10,25,16.184821
2014-10-26,2014,10,26,12.26205
2014-10-27,2014,10,27,10.165394
2014-10-28,2014,10,28,9.0834717
2014-10-29,2014,10,29,4.8046802
2014-10-30,2014,10,30,6.0268484
2014-10-31,2014,10,31,7.3430401
2014-11-01,2014,11,1,7.3530673
2014-11-02,2014,11,2,6.193506
2014-11-03,2014,11,3,6.6661707
2014-11-04,2014,11,4,9.7312921
2014-11-05,2014,11,5,7.730546
2014-11-06,2014,11,6,9.1687804
2014-11-07,2014,11,7,12.519474
2014-11-08,2014,11,8,14.165673
2014-11-09,2014,11,9,13.544943
2014-11-10,2014,11,10,10.524266
2014-11-11,2014,11,11,9.6335095
2014-11-12,2014,11,12,10.176379
2014-11-13,2014,11,13,13.199632
2014-11-14,2014,11,14,14.919449
2014-11-15,2014,11,15,14.90239
2014-11-16,2014,11,16,15.042145
2014-11-17,2014,11,17,13.984955
2014-11-18,2014,11,18,10.440928
2014-11-19,2014,11,19,8.865798
2014-11-20,2014,11,20,7.2563344
2014-11-21,2014,11,21,9.0105915
2014-11-22,2014,11,22,12.26823
2014-11-23,2014,11,23,10.693134
2014-11-24,2014,11,24,8.1095172
2014-11-25,2014,11,25,9.4895626
2014-11-26,2014,11,26,12.665792
2014-11-27,2014,11,27,13.029504
2014-11-28,2014,11,28,12.747007
2014-11-29,2014,11,29,6.6201257
2014-11-30,2014,11,30,3.81105
2014-12-01,2014,12,1,8.5096479
2014-12-02,2014,12,2,12.275169
2014-12-03,2014,12,3,16.641782
2014-12-04,2014,12,4,16.949005
2014-12-05,2014,12,5,14.004634
2014-12-06,2014,12,6,9.9978364
2014-12-07,2014,12,7,15.226122
2014-12-08,2014,12,8,15.59059
2014-12-09,2014,12,9,12.697107
2014-12-10,2014,12,10,10.401977
2014-12-11,2014,12,11,11.314415
2014-12-12,2014,12,12,11.376797
2014-12-13,2014,12,13,13.003419
2014-12-14,2014,12,14,12.440009
2014-12-15,2014,12,15,11.218685
2014-12-16,2014,12,16,11.395461
2014-12-17,2014,12,17,12.569152
2014-12-18,2014,12,18,14.145462
2014-12-19,2014,12,19,12.41195
2014-12-20,2014,12,20,7.4332941
2014-12-21,2014,12,21,2.8682627
2014-12-22,2014,12,22,8.5102925
2014-12-23,2014,12,23,15.654898
2014-12-24,2014,12,24,14.066569
2014-12-25,2014,12,25,14.281266
2014-12-26,2014,12,26,15.335129
2014-12-27,2014,12,27,14.592474
2014-12-28,2014,12,28,16.585327
2014-12-29,2014,12,29,14.606481
2014-12-30,2014,12,30,14.280505
2014-12-31,2014,12,31,11.135179
2015-01-01,2015,1,1,12.591901
2015-01-02,2015,1,2,13.652259
2015-01-03,2015,1,3,16.508516
2015-01-04,2015,1,4,18.123625
2015-01-05,2015,1,5,17.177199
2015-01-06,2015,1,6,16.483474
2015-01-07,2015,1,7,14.113404
2015-01-08,2015,1,8,14.422062
2015-01-09,2015,1,9,17.393273
2015-01-10,2015,1,10,16.500741
2015-01-11,2015,1,11,17.992947
2015-01-12,2015,1,12,16.151347
2015-01-13,2015,1,13,15.68778
2015-01-14,2015,1,14,17.989864
2015-01-15,2015,1,15,17.897407
2015-01-16,2015,1,16,17.808812
2015-01-17,2015,1,17,17.798703
2015-01-18,2015,1,18,17.03459
2015-01-19,2015,1,19,16.535323
2015-01-20,2015,1,20,17.861853
2015-01-21,2015,1,21,18.351026
2015-01-22,2015,1,22,17.716978
2015-01-23,2015,1,23,19.846314
2015-01-24,2015,1,24,20.138406
2015-01-25,2015,1,25,19.830294
2015-01-26,2015,1,26,19.071356
2015-01-27,2015,1,27,17.72354
2015-01-28,2015,1,28,16.332564
2015-01-29,2015,1,29,17.868145
2015-01-30,2015,1,30,18.837157
2015-01-31,2015,1,31,19.353761
2015-02-01,2015,2,1,18.821573
2015-02-02,2015,2,2,18.470488
2015-02-03,2015,2,3,17.925468
2015-02-04,2015,2,4,19.059375
2015-02-05,2015,2,5,19.550792
2015-02-06,2015,2,6,19.25019
2015-02-07,2015,2,7,17.4042
2015-02-08,2015,2,8,14.258749
2015-02-09,2015,2,9,10.693296
2015-02-10,2015,2,10,14.233874
2015-02-11,2015,2,11,15.820311
2015-02-12,2015,2,12,17.591011
2015-02-13,2015,2,13,19.141172
2015-02-14,2015,2,14,17.359418
2015-02-15,2015,2,15,17.257546
2015-02-16,2015,2,16,17.563505
2015-02-17,2015,2,17,16.747819
2015-02-18,2015,2,18,11.601135
2015-02-19,2015,2,19,10.510403
2015-02-20,2015,2,20,7.9690721
2015-02-21,2015,2,21,11.09538
2015-02-22,2015,2,22,13.233487
2015-02-23,2015,2,23,16.575714
2015-02-24,2015,2,24,12.934347
2015-02-25,2015,2,25,14.095331
2015-02-26,2015,2,26,14.281518
2015-02-27,2015,2,27,13.699188
2015-02-28,2015,2,28,13.913077
2015-03-01,2015,3,1,12.383662
2015-03-02,2015,3,2,12.615332
2015-03-03,2015,3,3,14.360225
2015-03-04,2015,3,4,15.293313
2015-03-05,2015,3,5,18.253473
2015-03-06,2015,3,6,18.76389
2015-03-07,2015,3,7,18.635135
2015-03-08,2015,3,8,19.560599
2015-03-09,2015,3,9,19.749537
2015-03-10,2015,3,10,21.429142
2015-03-11,2015,3,11,22.003687
2015-03-12,2015,3,12,18.628668
2015-03-13,2015,3,13,15.838121
2015-03-14,2015,3,14,15.766473
2015-03-15,2015,3,15,19.407864
2015-03-16,2015,3,16,18.431372
2015-03-17,2015,3,17,18.940261
2015-03-18,2015,3,18,18.44067
2015-03-19,2015,3,19,17.84814
2015-03-20,2015,3,20,18.049726
2015-03-21,2015,3,21,17.256443
2015-03-22,2015,3,22,14.635651
2015-03-23,2015,3,23,14.006552
2015-03-24,2015,3,24,10.348913
2015-03-25,2015,3,25,11.022088
2015-03-26,2015,3,26,7.9651985
2015-03-27,2015,3,27,11.857128
2015-03-28,2015,3,28,13.473242
2015-03-29,2015,3,29,13.6938
2015-03-30,2015,3,30,9.2385115
2015-03-31,2015,3,31,14.166899
2015-04-01,2015,4,1,13.988378
2015-04-02,2015,4,2,14.554579
2015-04-03,2015,4,3,12.910563
2015-04-04,2015,4,4,12.400445
2015-04-05,2015,4,5,13.988527
2015-04-06,2015,4,6,15.648941
2015-04-07,2015,4,7,10.216905
2015-04-08,2015,4,8,13.233812
2015-04-09,2015,4,9,15.435918
2015-04-10,2015,4,10,17.859975
2015-04-11,2015,4,11,18.569869
2015-04-12,2015,4,12,16.253353
2015-04-13,2015,4,13,12.911592
2015-04-14,2015,4,14,12.012771
2015-04-15,2015,4,15,11.149955
2015-04-16,2015,4,16,5.367604
2015-04-17,2015,4,17,10.854012
2015-04-18,2015,4,18,11.926478
2015-04-19,2015,4,19,7.5545561
2015-04-20,2015,4,20,9.0272216
2015-04-21,2015,4,21,9.3246106
2015-04-22,2015,4,22,12.525157
2015-04-23,2015,4,23,13.761643
2015-04-24,2015,4,24,16.672616
2015-04-25,2015,4,25,17.019082
2015-04-26,2015,4,26,15.194612
2015-04-27,2015,4,27,15.461639
2015-04-28,2015,4,28,15.267458
2015-04-29,2015,4,29,14.00522
2015-04-30,2015,4,30,14.950321
2015-05-01,2015,5,1,9.2992481
2015-05-02,2015,5,2,2.9631031
2015-05-03,2015,5,3,4.3170979
2015-05-04,2015,5,4,8.1819963
2015-05-05,2015,5,5,8.1393083
2015-05-06,2015,5,6,10.608269
2015-05-07,2015,5,7,9.182997
2015-05-08,2015,5,8,7.0024405
2015-05-09,2015,5,9,5.7102816
2015-05-10,2015,5,10,10.899681
2015-05-11,2015,5,11,12.97284
2015-05-12,2015,5,12,10.260324
2015-05-13,2015,5,13,11.032806
2015-05-14,2015,5,14,11.704844
2015-05-15,2015,5,15,10.228548
2015-05-16,2015,5,16,12.349827
2015-05-17,2015,5,17,11.728953
2015-05-18,2015,5,18,11.883197
2015-05-19,2015,5,19,14.267774
2015-05-20,2015,5,20,11.536243
2015-05-21,2015,5,21,9.6797134
2015-05-22,2015,5,22,8.7788215
2015-05-23,2015,5,23,5.9777404
2015-05-24,2015,5,24,7.2412339
2015-05-25,2015,5,25,8.9565715
2015-05-26,2015,5,26,8.4830133
2015-05-27,2015,5,27,10.763254
2015-05-28,2015,5,28,10.340887
2015-05-29,2015,5,29,4.5882196
2015-05-30,2015,5,30,3.7806615
2015-05-31,2015,5,31,6.4812942
2015-06-01,2015,6,1,7.8854233
2015-06-02,2015,6,2,9.9775355
2015-06-03,2015,6,3,7.7330381
2015-06-04,2015,6,4,9.632688
2015-06-05,2015,6,5,8.8057767
2015-06-06,2015,6,6,5.5796272
2015-06-07,2015,6,7,7.6521513
2015-06-08,2015,6,8,5.8649336
2015-06-09,2015,6,9,2.4765443
2015-06-10,2015,6,10,1.5289802
2015-06-11,2015,6,11,1.6474387
2015-06-12,2015,6,12,2.0749805
2015-06-13,2015,6,13,-2.2352118
2015-06-14,2015,6,14,-1.9366329
2015-06-15,2015,6,15,5.2386095
2015-06-16,2015,6,16,4.5358862
2015-06-17,2015,6,17,2.9429116
2015-06-18,2015,6,18,6.6816296
2015-06-19,2015,6,19,9.3042273
2015-06-20,2015,6,20,8.3942541
2015-06-21,2015,6,21,8.2095765
2015-06-22,2015,6,22,7.6567037
2015-06-23,2015,6,23,9.7064553
2015-06-24,2015,6,24,9.4550219
2015-06-25,2015,6,25,5.8508885
2015-06-26,2015,6,26,8.6475398
2015-06-27,2015,6,27,10.163301
2015-06-28,2015,6,28,7.3217656
2015-06-29,2015,6,29,5.7978525
2015-06-30,2015,6,30,5.8117202
2015-07-01,2015,7,1,4.9163695
2015-07-02,2015,7,2,1.9561873
2015-07-03,2015,7,3,3.4924665
2015-07-04,2015,7,4,6.9011459
2015-07-05,2015,7,5,1.1979842
2015-07-06,2015,7,6,1.0609003
2015-07-07,2015,7,7,1.2431602
2015-07-08,2015,7,8,2.0820857
2015-07-09,2015,7,9,1.2814879
2015-07-10,2015,7,10,0.10403967
2015-07-11,2015,7,11,0.25098264
2015-07-12,2015,7,12,-0.58061784
2015-07-13,2015,7,13,-3.9035443
2015-07-14,2015,7,14,-4.8915788
2015-07-15,2015,7,15,-3.2568321
2015-07-16,2015,7,16,-1.9156496
2015-07-17,2015,7,17,5.3430575
2015-07-18,2015,7,18,2.732144
2015-07-19,2015,7,19,-2.7929539
2015-07-20,2015,7,20,-0.050968461
2015-07-21,2015,7,21,4.4389817
2015-07-22,2015,7,22,2.6035675
2015-07-23,2015,7,23,2.9772617
2015-07-24,2015,7,24,6.1386652
2015-07-25,2015,7,25,7.141847
2015-07-26,2015,7,26,7.595997
2015-07-27,2015,7,27,1.941227
2015-07-28,2015,7,28,0.78810878
2015-07-29,2015,7,29,3.3392218
2015-07-30,2015,7,30,2.4727773
2015-07-31,2015,7,31,-0.095604014
2015-08-01,2015,8,1,0.46349564
2015-08-02,2015,8,2,-0.52321736
2015-08-03,2015,8,3,3.9145984
2015-08-04,2015,8,4,6.565288
2015-08-05,2015,8,5,1.9959763
2015-08-06,2015,8,6,-0.76596686
2015-08-07,2015,8,7,-0.027917606
2015-08-08,2015,8,8,0.26995064
2015-08-09,2015,8,9,-2.5703404
2015-08-10,2015,8,10,-3.2802896
2015-08-11,2015,8,11,-2.2141935
2015-08-12,2015,8,12,-1.7863659
2015-08-13,2015,8,13,-2.5949678
2015-08-14,2015,8,14,-3.2715901
2015-08-15,2015,8,15,-1.5178376
2015-08-16,2015,8,16,1.7931951
2015-08-17,2015,8,17,3.4392804
2015-08-18,2015,8,18,6.5989461
2015-08-19,2015,8,19,7.4379375
2015-08-20,2015,8,20,4.7281745
2015-08-21,2015,8,21,1.5153415
2015-08-22,2015,8,22,0.19487898
2015-08-23,2015,8,23,6.1365013
2015-08-24,2015,8,24,6.9811339
2015-08-25,2015,8,25,1.0780244
2015-08-26,2015,8,26,0.1432389
2015-08-27,2015,8,27,5.448633
2015-08-28,2015,8,28,4.2816239
2015-08-29,2015,8,29,7.3269175
2015-08-30,2015,8,30,9.4722299
2015-08-31,2015,8,31,10.125067
2015-09-01,2015,9,1,11.151338
2015-09-02,2015,9,2,6.8285534
2015-09-03,2015,9,3,7.9972145
2015-09-04,2015,9,4,10.314559
2015-09-05,2015,9,5,9.5064089
2015-09-06,2015,9,6,5.5961023
2015-09-07,2015,9,7,0.012207557
2015-09-08,2015,9,8,0.88300494
2015-09-09,2015,9,9,-0.84532175
2015-09-10,2015,9,10,-1.8154879
2015-09-11,2015,9,11,1.8607613
2015-09-12,2015,9,12,4.9725375
2015-09-13,2015,9,13,5.1331172
2015-09-14,2015,9,14,3.5197534
2015-09-15,2015,9,15,0.43535165
2015-09-16,2015,9,16,-0.33879185
2015-09-17,2015,9,17,-0.6310694
2015-09-18,2015,9,18,1.2048094
2015-09-19,2015,9,19,5.5656287
2015-09-20,2015,9,20,5.4612573
2015-09-21,2015,9,21,2.6191928
2015-09-22,2015,9,22,1.798351
2015-09-23,2015,9,23,1.0545941
2015-09-24,2015,9,24,-2.0673317
2015-09-25,2015,9,25,4.3601225
2015-09-26,2015,9,26,0.15686471
2015-09-27,2015,9,27,3.2699954
2015-09-28,2015,9,28,4.8690014
2015-09-29,2015,9,29,6.4916276
2015-09-30,2015,9,30,7.037648
2015-10-01,2015,10,1,2.3256864
2015-10-02,2015,10,2,7.2877722
2015-10-03,2015,10,3,8.2289408
2015-10-04,2015,10,4,3.7121672
2015-10-05,2015,10,5,3.019159
2015-10-06,2015,10,6,2.2079064
2015-10-07,2015,10,7,-0.18663917
2015-10-08,2015,10,8,0.13115649
2015-10-09,2015,10,9,0.66835907
2015-10-10,2015,10,10,3.0373033
2015-10-11,2015,10,11,4.2361361
2015-10-12,2015,10,12,5.4359421
2015-10-13,2015,10,13,2.3146762
2015-10-14,2015,10,14,-1.218451
2015-10-15,2015,10,15,-1.0957647
2015-10-16,2015,10,16,2.7795396
2015-10-17,2015,10,17,7.0501792
2015-10-18,2015,10,18,9.7280576
2015-10-19,2015,10,19,3.761902
2015-10-20,2015,10,20,4.0897855
2015-10-21,2015,10,21,2.6024745
2015-10-22,2015,10,22,6.4314434
2015-10-23,2015,10,23,9.1468746
2015-10-24,2015,10,24,4.9914384
2015-10-25,2015,10,25,4.4554473
2015-10-26,2015,10,26,7.3277023
2015-10-27,2015,10,27,10.276079
2015-10-28,2015,10,28,8.5810069
2015-10-29,2015,10,29,6.8374651
2015-10-30,2015,10,30,7.2017226
2015-10-31,2015,10,31,8.2599233
2015-11-01,2015,11,1,7.3594972
2015-11-02,2015,11,2,6.2029046
2015-11-03,2015,11,3,7.2116767
2015-11-04,2015,11,4,6.3728464
2015-11-05,2015,11,5,7.7905281
2015-11-06,2015,11,6,8.4722817
2015-11-07,2015,11,7,8.4977903
2015-11-08,2015,11,8,8.2714069
2015-11-09,2015,11,9,5.4798615
2015-11-10,2015,11,10,7.9651856
2015-11-11,2015,11,11,8.6903702
2015-11-12,2015,11,12,6.279712
2015-11-13,2015,11,13,12.402619
2015-11-14,2015,11,14,12.690767
2015-11-15,2015,11,15,10.455751
2015-11-16,2015,11,16,8.701356
2015-11-17,2015,11,17,7.35128
2015-11-18,2015,11,18,4.462869
2015-11-19,2015,11,19,4.4525883
2015-11-20,2015,11,20,9.2134049
2015-11-21,2015,11,21,6.7322155
2015-11-22,2015,11,22,7.6173632
2015-11-23,2015,11,23,7.75557
2015-11-24,2015,11,24,5.5923829
2015-11-25,2015,11,25,6.8395927
2015-11-26,2015,11,26,6.7093462
2015-11-27,2015,11,27,6.9856409
2015-11-28,2015,11,28,9.6287441
2015-11-29,2015,11,29,10.489328
2015-11-30,2015,11,30,10.795944
2015-12-01,2015,12,1,11.582364
2015-12-02,2015,12,2,9.7207598
2015-12-03,2015,12,3,11.072442
2015-12-04,2015,12,4,11.940522
2015-12-05,2015,12,5,12.510496
2015-12-06,2015,12,6,12.317535
2015-12-07,2015,12,7,11.857747
2015-12-08,2015,12,8,9.7587915
2015-12-09,2015,12,9,11.292665
2015-12-10,2015,12,10,12.703725
2015-12-11,2015,12,11,12.593546
2015-12-12,2015,12,12,9.2961244
2015-12-13,2015,12,13,8.8728371
2015-12-14,2015,12,14,10.316398
2015-12-15,2015,12,15,13.872074
2015-12-16,2015,12,16,11.003916
2015-12-17,2015,12,17,8.2697578
2015-12-18,2015,12,18,11.364254
2015-12-19,2015,12,19,12.433499
2015-12-20,2015,12,20,11.23109
2015-12-21,2015,12,21,10.133144
2015-12-22,2015,12,22,10.896925
2015-12-23,2015,12,23,12.055578
2015-12-24,2015,12,24,16.217987
2015-12-25,2015,12,25,16.960938
2015-12-26,2015,12,26,17.208783
2015-12-27,2015,12,27,17.686619
2015-12-28,2015,12,28,16.771981
2015-12-29,2015,12,29,15.194287
2015-12-30,2015,12,30,13.663752
2015-12-31,2015,12,31,14.8011
2016-01-01,2016,1,1,14.826048
2016-01-02,2016,1,2,15.384294
2016-01-03,2016,1,3,13.670118
2016-01-04,2016,1,4,11.511616
2016-01-05,2016,1,5,12.495275
2016-01-06,2016,1,6,13.257903
2016-01-07,2016,1,7,12.804942
2016-01-08,2016,1,8,11.268852
2016-01-09,2016,1,9,13.509309
2016-01-10,2016,1,10,14.591578
2016-01-11,2016,1,11,14.839285
2016-01-12,2016,1,12,11.871728
2016-01-13,2016,1,13,15.191967
2016-01-14,2016,1,14,13.894904
2016-01-15,2016,1,15,15.72865
2016-01-16,2016,1,16,16.903635
2016-01-17,2016,1,17,18.621811
2016-01-18,2016,1,18,20.193242
2016-01-19,2016,1,19,20.748116
2016-01-20,2016,1,20,20.378078
2016-01-21,2016,1,21,19.758165
2016-01-22,2016,1,22,21.231912
2016-01-23,2016,1,23,19.653742
2016-01-24,2016,1,24,11.657299
2016-01-25,2016,1,25,11.257971
2016-01-26,2016,1,26,12.60692
2016-01-27,2016,1,27,12.841321
2016-01-28,2016,1,28,13.221021
2016-01-29,2016,1,29,14.060628
2016-01-30,2016,1,30,16.199763
2016-01-31,2016,1,31,16.414087
2016-02-01,2016,2,1,16.222423
2016-02-02,2016,2,2,15.520961
2016-02-03,2016,2,3,14.838764
2016-02-04,2016,2,4,13.502373
2016-02-05,2016,2,5,14.645494
2016-02-06,2016,2,6,16.145372
2016-02-07,2016,2,7,15.337366
2016-02-08,2016,2,8,13.933823
2016-02-09,2016,2,9,18.270127
2016-02-10,2016,2,10,17.512206
2016-02-11,2016,2,11,17.838732
2016-02-12,2016,2,12,15.649446
2016-02-13,2016,2,13,15.769133
2016-02-14,2016,2,14,16.84418
2016-02-15,2016,2,15,18.998099
2016-02-16,2016,2,16,15.029118
2016-02-17,2016,2,17,16.47559
2016-02-18,2016,2,18,16.805898
2016-02-19,2016,2,19,17.391134
2016-02-20,2016,2,20,22.101463
2016-02-21,2016,2,21,20.307945
2016-02-22,2016,2,22,18.872585
2016-02-23,2016,2,23,19.150831
2016-02-24,2016,2,24,17.735238
2016-02-25,2016,2,25,14.996595
2016-02-26,2016,2,26,11.825671
2016-02-27,2016,2,27,13.507387
2016-02-28,2016,2,28,15.604704
2016-02-29,2016,2,29,15.68752
2016-03-01,2016,3,1,18.322229
2016-03-02,2016,3,2,17.267461
2016-03-03,2016,3,3,16.277204
2016-03-04,2016,3,4,16.131727
2016-03-05,2016,3,5,15.801181
2016-03-06,2016,3,6,11.911321
2016-03-07,2016,3,7,11.186483
2016-03-08,2016,3,8,13.375341
2016-03-09,2016,3,9,15.556898
2016-03-10,2016,3,10,16.233681
2016-03-11,2016,3,11,16.279451
2016-03-12,2016,3,12,15.2279
2016-03-13,2016,3,13,16.152485
2016-03-14,2016,3,14,17.316425
2016-03-15,2016,3,15,17.827199
2016-03-16,2016,3,16,18.647255
2016-03-17,2016,3,17,12.700211
2016-03-18,2016,3,18,15.337159
2016-03-19,2016,3,19,13.265853
2016-03-20,2016,3,20,14.032077
2016-03-21,2016,3,21,14.067835
2016-03-22,2016,3,22,17.303681
2016-03-23,2016,3,23,15.93237
2016-03-24,2016,3,24,14.178944
2016-03-25,2016,3,25,14.601725
2016-03-26,2016,3,26,14.719553
2016-03-27,2016,3,27,13.827697
2016-03-28,2016,3,28,14.836775
2016-03-29,2016,3,29,14.541944
2016-03-30,2016,3,30,13.68892
2016-03-31,2016,3,31,17.533677
2016-04-01,2016,4,1,10.529271
2016-04-02,2016,4,2,10.856036
2016-04-03,2016,4,3,9.8344105
2016-04-04,2016,4,4,10.120829
2016-04-05,2016,4,5,10.780872
2016-04-06,2016,4,6,10.047721
2016-04-07,2016,4,7,8.6101995
2016-04-08,2016,4,8,7.7500711
2016-04-09,2016,4,9,8.6110861
2016-04-10,2016,4,10,12.646679
2016-04-11,2016,4,11,12.678117
2016-04-12,2016,4,12,9.6387294
2016-04-13,2016,4,13,8.0591138
2016-04-14,2016,4,14,5.4365535
2016-04-15,2016,4,15,5.8666782
2016-04-16,2016,4,16,6.0337493
2016-04-17,2016,4,17,5.1599239
2016-04-18,2016,4,18,4.280357
2016-04-19,2016,4,19,5.862742
2016-04-20,2016,4,20,7.1899243
2016-04-21,2016,4,21,6.4069264
2016-04-22,2016,4,22,5.1275557
2016-04-23,2016,4,23,2.6238565
2016-04-24,2016,4,24,0.40096838
2016-04-25,2016,4,25,-1.0545613
2016-04-26,2016,4,26,4.2142387
2016-04-27,2016,4,27,7.9287154
2016-04-28,2016,4,28,5.7424173
2016-04-29,2016,4,29,7.0214115
2016-04-30,2016,4,30,9.5325159
2016-05-01,2016,5,1,5.1962003
2016-05-02,2016,5,2,5.556389
2016-05-03,2016,5,3,9.2040746
2016-05-04,2016,5,4,8.9408911
2016-05-05,2016,5,5,5.1501469
2016-05-06,2016,5,6,3.8221118
2016-05-07,2016,5,7,4.1167996
2016-05-08,2016,5,8,2.7396288
2016-05-09,2016,5,9,3.3035117
2016-05-10,2016,5,10,3.841807
2016-05-11,2016,5,11,3.3644235
2016-05-12,2016,5,12,3.2647454
2016-05-13,2016,5,13,7.3214442
2016-05-14,2016,5,14,3.0324755
2016-05-15,2016,5,15,2.2852958
2016-05-16,2016,5,16,6.3968417
2016-05-17,2016,5,17,5.072024
2016-05-18,2016,5,18,4.2040716
2016-05-19,2016,5,19,2.7669743
2016-05-20,2016,5,20,3.2619751
2016-05-21,2016,5,21,1.7299599
2016-05-22,2016,5,22,5.5704017
2016-05-23,2016,5,23,9.2821736
2016-05-24,2016,5,24,7.6230411
2016-05-25,2016,5,25,3.7977831
2016-05-26,2016,5,26,3.8533425
2016-05-27,2016,5,27,5.4496561
2016-05-28,2016,5,28,4.5628866
2016-05-29,2016,5,29,0.96675733
2016-05-30,2016,5,30,0.1956828
2016-05-31,2016,5,31,-1.1722274
2016-06-01,2016,6,1,-2.2002435
2016-06-02,2016,6,2,-1.5010703
2016-06-03,2016,6,3,-1.0873495
2016-06-04,2016,6,4,-2.0372209
2016-06-05,2016,6,5,-3.6322612
2016-06-06,2016,6,6,-1.0892394
2016-06-07,2016,6,7,1.2752708
2016-06-08,2016,6,8,0.87414242
2016-06-09,2016,6,9,-1.5251445
2016-06-10,2016,6,10,2.6004769
2016-06-11,2016,6,11,4.0552073
2016-06-12,2016,6,12,3.672513
2016-06-13,2016,6,13,2.5836969
2016-06-14,2016,6,14,1.5753135
2016-06-15,2016,6,15,2.259372
2016-06-16,2016,6,16,3.9222541
2016-06-17,2016,6,17,5.1169897
2016-06-18,2016,6,18,3.5367992
2016-06-19,2016,6,19,4.5758674
2016-06-20,2016,6,20,2.4571104
2016-06-21,2016,6,21,3.5887879
2016-06-22,2016,6,22,6.0929894
2016-06-23,2016,6,23,4.730503
2016-06-24,2016,6,24,1.6736508
2016-06-25,2016,6,25,3.1587014
2016-06-26,2016,6,26,3.4971978
2016-06-27,2016,6,27,3.7620263
2016-06-28,2016,6,28,6.7583971
2016-06-29,2016,6,29,7.0916308
2016-06-30,2016,6,30,5.171965
2016-07-01,2016,7,1,5.3095081
2016-07-02,2016,7,2,2.6111193
2016-07-03,2016,7,3,-0.59661445
2016-07-04,2016,7,4,-0.85667751
2016-07-05,2016,7,5,-0.85739472
2016-07-06,2016,7,6,2.5393057
2016-07-07,2016,7,7,5.7756064
2016-07-08,2016,7,8,3.6387607
2016-07-09,2016,7,9,0.62245422
2016-07-10,2016,7,10,-1.3988151
2016-07-11,2016,7,11,-3.0843405
2016-07-12,2016,7,12,0.14308922
2016-07-13,2016,7,13,-1.8532018
2016-07-14,2016,7,14,-2.5940663
2016-07-15,2016,7,15,-1.4554153
2016-07-16,2016,7,16,2.7410252
2016-07-17,2016,7,17,1.9208237
2016-07-18,2016,7,18,-0.48208851
2016-07-19,2016,7,19,3.9466665
2016-07-20,2016,7,20,1.4746437
2016-07-21,2016,7,21,4.4502583
2016-07-22,2016,7,22,2.3689049
2016-07-23,2016,7,23,1.4108059
2016-07-24,2016,7,24,1.330881
2016-07-25,2016,7,25,-2.1090564
2016-07-26,2016,7,26,3.1732518
2016-07-27,2016,7,27,4.9764206
2016-07-28,2016,7,28,3.3913032
2016-07-29,2016,7,29,1.7867122
2016-07-30,2016,7,30,2.6825079
2016-07-31,2016,7,31,-0.87827657
2016-08-01,2016,8,1,4.3454899
2016-08-02,2016,8,2,5.653044
2016-08-03,2016,8,3,3.7750545
2016-08-04,2016,8,4,2.1958816
2016-08-05,2016,8,5,1.7987339
2016-08-06,2016,8,6,3.8209311
2016-08-07,2016,8,7,3.8850461
2016-08-08,2016,8,8,4.05918
2016-08-09,2016,8,9,7.095342
2016-08-10,2016,8,10,9.3745701
2016-08-11,2016,8,11,6.8581785
2016-08-12,2016,8,12,7.9915199
2016-08-13,2016,8,13,6.2729493
2016-08-14,2016,8,14,4.1716148
2016-08-15,2016,8,15,4.4054345
2016-08-16,2016,8,16,2.0066785
2016-08-17,2016,8,17,-0.060848535
2016-08-18,2016,8,18,-0.76907212
2016-08-19,2016,8,19,-3.2385118
2016-08-20,2016,8,20,-0.53164355
2016-08-21,2016,8,21,10.924781
2016-08-22,2016,8,22,12.253066
2016-08-23,2016,8,23,11.116748
2016-08-24,2016,8,24,9.1584117
2016-08-25,2016,8,25,8.5126595
2016-08-26,2016,8,26,5.5193926
2016-08-27,2016,8,27,0.15124041
2016-08-28,2016,8,28,1.948705
2016-08-29,2016,8,29,6.2035862
2016-08-30,2016,8,30,7.6769331
2016-08-31,2016,8,31,1.2306354
2016-09-01,2016,9,1,0.46709466
2016-09-02,2016,9,2,-0.92708174
2016-09-03,2016,9,3,-2.3251425
2016-09-04,2016,9,4,-2.1527453
2016-09-05,2016,9,5,3.0718427
2016-09-06,2016,9,6,9.2616825
2016-09-07,2016,9,7,9.7741372
2016-09-08,2016,9,8,9.1615463
2016-09-09,2016,9,9,11.145234
2016-09-10,2016,9,10,11.777299
2016-09-11,2016,9,11,5.6997354
2016-09-12,2016,9,12,1.5052476
2016-09-13,2016,9,13,9.4091348
2016-09-14,2016,9,14,10.126237
2016-09-15,2016,9,15,9.3062359
2016-09-16,2016,9,16,7.1959793
2016-09-17,2016,9,17,5.8159834
2016-09-18,2016,9,18,12.738565
2016-09-19,2016,9,19,15.320003
2016-09-20,2016,9,20,13.277208
2016-09-21,2016,9,21,11.197936
2016-09-22,2016,9,22,10.071454
2016-09-23,2016,9,23,8.969289
2016-09-24,2016,9,24,12.242635
2016-09-25,2016,9,25,12.451186
2016-09-26,2016,9,26,13.180786
2016-09-27,2016,9,27,12.319831
2016-09-28,2016,9,28,11.963654
2016-09-29,2016,9,29,7.0738333
2016-09-30,2016,9,30,7.7005177
2016-10-01,2016,10,1,9.4191992
2016-10-02,2016,10,2,11.697231
2016-10-03,2016,10,3,10.882021
2016-10-04,2016,10,4,5.894591
2016-10-05,2016,10,5,10.770041
2016-10-06,2016,10,6,8.9829218
2016-10-07,2016,10,7,5.6020417
2016-10-08,2016,10,8,8.3357561
2016-10-09,2016,10,9,10.266415
2016-10-10,2016,10,10,7.4684603
2016-10-11,2016,10,11,7.5087525
2016-10-12,2016,10,12,4.8068304
2016-10-13,2016,10,13,6.9298675
2016-10-14,2016,10,14,7.3010181
2016-10-15,2016,10,15,5.3766351
2016-10-16,2016,10,16,0.57284283
2016-10-17,2016,10,17,4.0186013
2016-10-18,2016,10,18,1.3346431
2016-10-19,2016,10,19,1.8549419
2016-10-20,2016,10,20,5.5302899
2016-10-21,2016,10,21,11.38058
2016-10-22,2016,10,22,8.0498541
2016-10-23,2016,10,23,5.0018978
2016-10-24,2016,10,24,2.2216337
2016-10-25,2016,10,25,5.4975668
2016-10-26,2016,10,26,11.193968
2016-10-27,2016,10,27,13.141509
2016-10-28,2016,10,28,13.206752
2016-10-29,2016,10,29,11.014121
2016-10-30,2016,10,30,6.2081306
2016-10-31,2016,10,31,5.7521322
2016-11-01,2016,11,1,2.5533356
2016-11-02,2016,11,2,8.7018297
2016-11-03,2016,11,3,12.609345
2016-11-04,2016,11,4,14.11894
2016-11-05,2016,11,5,14.73993
2016-11-06,2016,11,6,12.709993
2016-11-07,2016,11,7,12.126732
2016-11-08,2016,11,8,11.460748
2016-11-09,2016,11,9,11.662246
2016-11-10,2016,11,10,12.303485
2016-11-11,2016,11,11,12.015471
2016-11-12,2016,11,12,10.528922
2016-11-13,2016,11,13,8.4622819
2016-11-14,2016,11,14,8.6415458
2016-11-15,2016,11,15,9.5368654
2016-11-16,2016,11,16,9.0691693
2016-11-17,2016,11,17,13.601283
2016-11-18,2016,11,18,14.249573
2016-11-19,2016,11,19,11.084867
2016-11-20,2016,11,20,8.736141
2016-11-21,2016,11,21,9.7418043
2016-11-22,2016,11,22,10.98227
2016-11-23,2016,11,23,8.302666
2016-11-24,2016,11,24,10.217598
2016-11-25,2016,11,25,10.231915
2016-11-26,2016,11,26,7.5896234
2016-11-27,2016,11,27,7.6442529
2016-11-28,2016,11,28,12.97399
2016-11-29,2016,11,29,14.421798
2016-11-30,2016,11,30,14.342409
2016-12-01,2016,12,1,14.047196
2016-12-02,2016,12,2,13.970693
2016-12-03,2016,12,3,13.802
2016-12-04,2016,12,4,11.220698
2016-12-05,2016,12,5,10.757827
2016-12-06,2016,12,6,12.466561
2016-12-07,2016,12,7,10.814242
2016-12-08,2016,12,8,10.817985
2016-12-09,2016,12,9,8.2491333
2016-12-10,2016,12,10,9.8405018
2016-12-11,2016,12,11,13.661082
2016-12-12,2016,12,12,11.955151
2016-12-13,2016,12,13,14.297509
2016-12-14,2016,12,14,17.328772
2016-12-15,2016,12,15,16.739555
2016-12-16,2016,12,16,14.083836
2016-12-17,2016,12,17,13.505782
2016-12-18,2016,12,18,14.039927
2016-12-19,2016,12,19,16.193495
2016-12-20,2016,12,20,14.622399
2016-12-21,2016,12,21,12.994236
2016-12-22,2016,12,22,10.849268
2016-12-23,2016,12,23,12.478382
2016-12-24,2016,12,24,12.386987
2016-12-25,2016,12,25,8.0638723
2016-12-26,2016,12,26,6.1235837
2016-12-27,2016,12,27,13.43838
2016-12-28,2016,12,28,16.20202
2016-12-29,2016,12,29,16.205001
2016-12-30,2016,12,30,15.003904
2016-12-31,2016,12,31,14.080481
2017-01-01,2017,1,1,15.343886
2017-01-02,2017,1,2,15.372572
2017-01-03,2017,1,3,13.559601
2017-01-04,2017,1,4,14.352789
2017-01-05,2017,1,5,17.220858
2017-01-06,2017,1,6,16.128055
2017-01-07,2017,1,7,15.694809
2017-01-08,2017,1,8,13.621969
2017-01-09,2017,1,9,13.03022
2017-01-10,2017,1,10,13.783759
2017-01-11,2017,1,11,18.679251
2017-01-12,2017,1,12,19.551348
2017-01-13,2017,1,13,18.894432
2017-01-14,2017,1,14,17.502755
2017-01-15,2017,1,15,17.12229
2017-01-16,2017,1,16,17.613784
2017-01-17,2017,1,17,19.611769
2017-01-18,2017,1,18,19.867381
2017-01-19,2017,1,19,19.717732
2017-01-20,2017,1,20,22.021327
2017-01-21,2017,1,21,20.57819
2017-01-22,2017,1,22,18.532345
2017-01-23,2017,1,23,17.256821
2017-01-24,2017,1,24,17.708775
2017-01-25,2017,1,25,21.084541
2017-01-26,2017,1,26,21.950841
2017-01-27,2017,1,27,22.903697
2017-01-28,2017,1,28,22.934504
2017-01-29,2017,1,29,19.718242
2017-01-30,2017,1,30,16.170002
2017-01-31,2017,1,31,15.544988
2017-02-01,2017,2,1,15.457473
2017-02-02,2017,2,2,13.347906
2017-02-03,2017,2,3,11.116147
2017-02-04,2017,2,4,8.1554457
2017-02-05,2017,2,5,14.945232
2017-02-06,2017,2,6,15.179901
2017-02-07,2017,2,7,13.552189
2017-02-08,2017,2,8,13.713184
2017-02-09,2017,2,9,13.99069
2017-02-10,2017,2,10,13.349592
2017-02-11,2017,2,11,14.356059
2017-02-12,2017,2,12,16.081397
2017-02-13,2017,2,13,15.198118
2017-02-14,2017,2,14,14.788539
2017-02-15,2017,2,15,13.650555
2017-02-16,2017,2,16,12.907886
2017-02-17,2017,2,17,11.636146
2017-02-18,2017,2,18,13.691774
2017-02-19,2017,2,19,17.180328
2017-02-20,2017,2,20,19.030465
2017-02-21,2017,2,21,19.540393
2017-02-22,2017,2,22,20.24875
2017-02-23,2017,2,23,20.19406
2017-02-24,2017,2,24,18.624453
2017-02-25,2017,2,25,15.845545
2017-02-26,2017,2,26,15.100126
2017-02-27,2017,2,27,15.173839
2017-02-28,2017,2,28,14.600497
2017-03-01,2017,3,1,14.285866
2017-03-02,2017,3,2,12.834042
2017-03-03,2017,3,3,12.024536
2017-03-04,2017,3,4,10.944869
2017-03-05,2017,3,5,13.564455
2017-03-06,2017,3,6,15.518096
2017-03-07,2017,3,7,15.814342
2017-03-08,2017,3,8,11.859824
2017-03-09,2017,3,9,8.1291967
2017-03-10,2017,3,10,12.431704
2017-03-11,2017,3,11,10.979585
2017-03-12,2017,3,12,18.933821
2017-03-13,2017,3,13,18.629448
2017-03-14,2017,3,14,12.401587
2017-03-15,2017,3,15,13.458965
2017-03-16,2017,3,16,13.791352
2017-03-17,2017,3,17,13.502945
2017-03-18,2017,3,18,14.739256
2017-03-19,2017,3,19,14.526439
2017-03-20,2017,3,20,12.497597
2017-03-21,2017,3,21,13.689347
2017-03-22,2017,3,22,14.485494
2017-03-23,2017,3,23,14.848193
2017-03-24,2017,3,24,13.58707
2017-03-25,2017,3,25,11.872486
2017-03-26,2017,3,26,12.408393
2017-03-27,2017,3,27,14.217132
2017-03-28,2017,3,28,14.985442
2017-03-29,2017,3,29,9.6984029
2017-03-30,2017,3,30,11.719787
2017-03-31,2017,3,31,20.709691
2017-04-01,2017,4,1,10.841416
2017-04-02,2017,4,2,10.88207
2017-04-03,2017,4,3,12.992753
2017-04-04,2017,4,4,8.8632292
2017-04-05,2017,4,5,11.901161
2017-04-06,2017,4,6,12.077626
2017-04-07,2017,4,7,3.77876
2017-04-08,2017,4,8,2.1980588
2017-04-09,2017,4,9,4.4017354
2017-04-10,2017,4,10,9.8975542
2017-04-11,2017,4,11,14.046323
2017-04-12,2017,4,12,13.580534
2017-04-13,2017,4,13,11.15516
2017-04-14,2017,4,14,9.5794582
2017-04-15,2017,4,15,9.3119396
2017-04-16,2017,4,16,11.780735
2017-04-17,2017,4,17,9.8619006
2017-04-18,2017,4,18,8.1796998
2017-04-19,2017,4,19,9.1891316
2017-04-20,2017,4,20,6.639457
2017-04-21,2017,4,21,7.914236
2017-04-22,2017,4,22,9.1866273
2017-04-23,2017,4,23,6.8730471
2017-04-24,2017,4,24,6.4859077
2017-04-25,2017,4,25,1.7752265
2017-04-26,2017,4,26,5.1763937
2017-04-27,2017,4,27,8.3400462
2017-04-28,2017,4,28,8.6674554
2017-04-29,2017,4,29,9.6688519
2017-04-30,2017,4,30,10.611087
2017-05-01,2017,5,1,10.556801
2017-05-02,2017,5,2,7.7097862
2017-05-03,2017,5,3,9.5386271
2017-05-04,2017,5,4,10.189292
2017-05-05,2017,5,5,11.146102
2017-05-06,2017,5,6,8.1747986
2017-05-07,2017,5,7,3.3655493
2017-05-08,2017,5,8,4.7376175
2017-05-09,2017,5,9,7.5830618
2017-05-10,2017,5,10,5.5368071
2017-05-11,2017,5,11,2.0265835
2017-05-12,2017,5,12,2.7647312
2017-05-13,2017,5,13,3.5195756
2017-05-14,2017,5,14,1.9995005
2017-05-15,2017,5,15,4.5662909
2017-05-16,2017,5,16,3.0774614
2017-05-17,2017,5,17,0.96025587
2017-05-18,2017,5,18,-2.0549396
2017-05-19,2017,5,19,-1.1513823
2017-05-20,2017,5,20,1.6764237
2017-05-21,2017,5,21,4.9170522
2017-05-22,2017,5,22,3.6679048
2017-05-23,2017,5,23,0.74891665
2017-05-24,2017,5,24,0.23640278
2017-05-25,2017,5,25,-0.86864105
2017-05-26,2017,5,26,-0.007574269
2017-05-27,2017,5,27,-0.7660011
2017-05-28,2017,5,28,1.4303153
2017-05-29,2017,5,29,2.0237309
2017-05-30,2017,5,30,0.91145396
2017-05-31,2017,5,31,4.5872387
2017-06-01,2017,6,1,5.0103981
2017-06-02,2017,6,2,5.9270439
2017-06-03,2017,6,3,-0.92523291
2017-06-04,2017,6,4,-0.051407043
2017-06-05,2017,6,5,-0.13953634
2017-06-06,2017,6,6,1.1892413
2017-06-07,2017,6,7,0.3508458
2017-06-08,2017,6,8,-2.5778186
2017-06-09,2017,6,9,3.2512444
2017-06-10,2017,6,10,7.3791464
2017-06-11,2017,6,11,6.5319296
2017-06-12,2017,6,12,4.6968986
2017-06-13,2017,6,13,4.0674894
2017-06-14,2017,6,14,5.7041554
2017-06-15,2017,6,15,4.1675339
2017-06-16,2017,6,16,-1.0093648
2017-06-17,2017,6,17,-3.5168504
2017-06-18,2017,6,18,-1.6809308
2017-06-19,2017,6,19,4.1059575
2017-06-20,2017,6,20,4.4504913
2017-06-21,2017,6,21,4.8762016
2017-06-22,2017,6,22,0.73646777
2017-06-23,2017,6,23,1.9560578
2017-06-24,2017,6,24,3.9480952
2017-06-25,2017,6,25,3.2880243
2017-06-26,2017,6,26,1.3429434
2017-06-27,2017,6,27,-0.48597688
2017-06-28,2017,6,28,0.97279802
2017-06-29,2017,6,29,3.1062967
2017-06-30,2017,6,30,5.4571485
2017-07-01,2017,7,1,8.5297507
2017-07-02,2017,7,2,9.1623674
2017-07-03,2017,7,3,8.6203115
2017-07-04,2017,7,4,0.34623464
2017-07-05,2017,7,5,0.64089023
2017-07-06,2017,7,6,-0.38100796
2017-07-07,2017,7,7,0.31745631
2017-07-08,2017,7,8,3.9634046
2017-07-09,2017,7,9,2.5897629
2017-07-10,2017,7,10,3.3798264
2017-07-11,2017,7,11,5.0446377
2017-07-12,2017,7,12,2.5527291
2017-07-13,2017,7,13,-1.5680624
2017-07-14,2017,7,14,-2.5856858
2017-07-15,2017,7,15,-6.1063856
2017-07-16,2017,7,16,-6.8505975
2017-07-17,2017,7,17,2.0898783
2017-07-18,2017,7,18,4.9552763
2017-07-19,2017,7,19,5.2205572
2017-07-20,2017,7,20,5.3821415
2017-07-21,2017,7,21,5.545308
2017-07-22,2017,7,22,5.9803604
2017-07-23,2017,7,23,-0.95409684
2017-07-24,2017,7,24,0.27901578
2017-07-25,2017,7,25,4.5855064
2017-07-26,2017,7,26,6.3538432
2017-07-27,2017,7,27,7.4676211
2017-07-28,2017,7,28,3.8699444
2017-07-29,2017,7,29,3.9681141
2017-07-30,2017,7,30,4.2646469
2017-07-31,2017,7,31,4.4309847
2017-08-01,2017,8,1,1.9473867
2017-08-02,2017,8,2,3.7523794
2017-08-03,2017,8,3,8.0597664
2017-08-04,2017,8,4,7.6240259
2017-08-05,2017,8,5,4.2623476
2017-08-06,2017,8,6,3.0781698
2017-08-07,2017,8,7,0.27462355
2017-08-08,2017,8,8,5.1272312
2017-08-09,2017,8,9,2.0659722
2017-08-10,2017,8,10,-1.29455
2017-08-11,2017,8,11,-3.2604057
2017-08-12,2017,8,12,-4.3038994
2017-08-13,2017,8,13,-3.2737072
2017-08-14,2017,8,14,-0.3713731
2017-08-15,2017,8,15,3.0646375
2017-08-16,2017,8,16,4.7121913
2017-08-17,2017,8,17,4.9690392
2017-08-18,2017,8,18,2.9112223
2017-08-19,2017,8,19,-1.7035458
2017-08-20,2017,8,20,3.6233362
2017-08-21,2017,8,21,7.7092491
2017-08-22,2017,8,22,5.1639719
2017-08-23,2017,8,23,-0.32066928
2017-08-24,2017,8,24,2.5683319
2017-08-25,2017,8,25,-0.74122665
2017-08-26,2017,8,26,1.7195776
2017-08-27,2017,8,27,1.1396666
2017-08-28,2017,8,28,-1.0565291
2017-08-29,2017,8,29,-1.5453159
2017-08-30,2017,8,30,7.1020458
2017-08-31,2017,8,31,8.3432668
2017-09-01,2017,9,1,4.1170602
2017-09-02,2017,9,2,5.2436744
2017-09-03,2017,9,3,0.39580243
2017-09-04,2017,9,4,1.9426466
2017-09-05,2017,9,5,6.387254
2017-09-06,2017,9,6,2.602444
2017-09-07,2017,9,7,4.3093522
2017-09-08,2017,9,8,2.434222
2017-09-09,2017,9,9,1.8909607
2017-09-10,2017,9,10,-2.2768415
2017-09-11,2017,9,11,3.336495
2017-09-12,2017,9,12,3.2264807
2017-09-13,2017,9,13,1.3540336
2017-09-14,2017,9,14,1.8810325
2017-09-15,2017,9,15,5.1007442
2017-09-16,2017,9,16,12.668025
2017-09-17,2017,9,17,13.019382
2017-09-18,2017,9,18,12.913977
2017-09-19,2017,9,19,7.6426536
2017-09-20,2017,9,20,4.6077135
2017-09-21,2017,9,21,8.2082748
2017-09-22,2017,9,22,10.222359
2017-09-23,2017,9,23,11.905176
2017-09-24,2017,9,24,8.4849457
2017-09-25,2017,9,25,11.094703
2017-09-26,2017,9,26,10.29975
2017-09-27,2017,9,27,11.320892
2017-09-28,2017,9,28,7.6283728
2017-09-29,2017,9,29,6.3670387
2017-09-30,2017,9,30,4.648789
2017-10-01,2017,10,1,-0.85388249
2017-10-02,2017,10,2,2.3990717
2017-10-03,2017,10,3,6.7043
2017-10-04,2017,10,4,2.9193399
2017-10-05,2017,10,5,1.0391211
2017-10-06,2017,10,6,8.5893245
2017-10-07,2017,10,7,7.3612364
2017-10-08,2017,10,8,3.4895309
2017-10-09,2017,10,9,4.324349
2017-10-10,2017,10,10,2.3863512
2017-10-11,2017,10,11,1.9233786
2017-10-12,2017,10,12,0.31431613
2017-10-13,2017,10,13,5.7946697
2017-10-14,2017,10,14,11.133227
2017-10-15,2017,10,15,10.834693
2017-10-16,2017,10,16,7.5406991
2017-10-17,2017,10,17,9.4288751
2017-10-18,2017,10,18,6.6848628
2017-10-19,2017,10,19,11.534927
2017-10-20,2017,10,20,7.1457264
2017-10-21,2017,10,21,9.779807
2017-10-22,2017,10,22,10.579708
2017-10-23,2017,10,23,8.0350636
2017-10-24,2017,10,24,7.5521658
2017-10-25,2017,10,25,9.1897323
2017-10-26,2017,10,26,6.8518075
2017-10-27,2017,10,27,10.257319
2017-10-28,2017,10,28,5.8123259
2017-10-29,2017,10,29,2.8389722
2017-10-30,2017,10,30,5.9305329
2017-10-31,2017,10,31,7.0671316
2017-11-01,2017,11,1,5.3082466
2017-11-02,2017,11,2,3.5984488
2017-11-03,2017,11,3,4.3145497
2017-11-04,2017,11,4,5.9598382
2017-11-05,2017,11,5,8.2673713
2017-11-06,2017,11,6,9.1880299
2017-11-07,2017,11,7,7.349286
2017-11-08,2017,11,8,6.965316
2017-11-09,2017,11,9,8.235135
2017-11-10,2017,11,10,12.215342
2017-11-11,2017,11,11,13.691123
2017-11-12,2017,11,12,14.300319
2017-11-13,2017,11,13,13.22734
2017-11-14,2017,11,14,12.079263
2017-11-15,2017,11,15,7.3698842
2017-11-16,2017,11,16,10.879078
2017-11-17,2017,11,17,7.9999552
2017-11-18,2017,11,18,9.2309215
2017-11-19,2017,11,19,10.671016
2017-11-20,2017,11,20,6.8060551
2017-11-21,2017,11,21,10.87683
2017-11-22,2017,11,22,12.640917
2017-11-23,2017,11,23,12.120124
2017-11-24,2017,11,24,8.0537739
2017-11-25,2017,11,25,14.012461
2017-11-26,2017,11,26,12.83093
2017-11-27,2017,11,27,13.008338
2017-11-28,2017,11,28,11.784604
2017-11-29,2017,11,29,11.439977
2017-11-30,2017,11,30,13.387515
2017-12-01,2017,12,1,11.687874
2017-12-02,2017,12,2,10.062494
2017-12-03,2017,12,3,10.650706
2017-12-04,2017,12,4,12.743311
2017-12-05,2017,12,5,12.335739
2017-12-06,2017,12,6,12.287514
2017-12-07,2017,12,7,14.063056
2017-12-08,2017,12,8,12.129322
2017-12-09,2017,12,9,14.798969
2017-12-10,2017,12,10,17.658019
2017-12-11,2017,12,11,14.272185
2017-12-12,2017,12,12,12.5119
2017-12-13,2017,12,13,11.561385
2017-12-14,2017,12,14,16.313428
2017-12-15,2017,12,15,17.124609
2017-12-16,2017,12,16,13.352713
2017-12-17,2017,12,17,16.48561
2017-12-18,2017,12,18,16.744317
2017-12-19,2017,12,19,17.438964
2017-12-20,2017,12,20,15.727382
2017-12-21,2017,12,21,15.754492
2017-12-22,2017,12,22,14.141131
2017-12-23,2017,12,23,13.789763
2017-12-24,2017,12,24,14.967854
2017-12-25,2017,12,25,15.883193
2017-12-26,2017,12,26,13.44185
2017-12-27,2017,12,27,14.778247
2017-12-28,2017,12,28,18.114469
2017-12-29,2017,12,29,17.842978
2017-12-30,2017,12,30,15.711394
2017-12-31,2017,12,31,12.48916
2018-01-01,2018,1,1,12.183222
2018-01-02,2018,1,2,12.622399
2018-01-03,2018,1,3,14.441663
2018-01-04,2018,1,4,14.447813
2018-01-05,2018,1,5,12.770764
2018-01-06,2018,1,6,17.764885
2018-01-07,2018,1,7,18.377304
2018-01-08,2018,1,8,17.043412
2018-01-09,2018,1,9,16.910435
2018-01-10,2018,1,10,17.178803
2018-01-11,2018,1,11,17.74846
2018-01-12,2018,1,12,17.265007
2018-01-13,2018,1,13,13.980439
2018-01-14,2018,1,14,13.538647
2018-01-15,2018,1,15,12.039025
2018-01-16,2018,1,16,12.724607
2018-01-17,2018,1,17,14.911253
2018-01-18,2018,1,18,15.67435
2018-01-19,2018,1,19,16.602926
2018-01-20,2018,1,20,15.033805
2018-01-21,2018,1,21,14.076491
2018-01-22,2018,1,22,13.767723
2018-01-23,2018,1,23,14.2431
2018-01-24,2018,1,24,15.385722
2018-01-25,2018,1,25,15.213528
2018-01-26,2018,1,26,14.907102
2018-01-27,2018,1,27,16.073817
2018-01-28,2018,1,28,19.156356
2018-01-29,2018,1,29,17.891679
2018-01-30,2018,1,30,17.130853
2018-01-31,2018,1,31,19.004834
2018-02-01,2018,2,1,20.037528
2018-02-02,2018,2,2,19.526599
2018-02-03,2018,2,3,19.62817
2018-02-04,2018,2,4,20.03596
2018-02-05,2018,2,5,18.676404
2018-02-06,2018,2,6,17.692953
2018-02-07,2018,2,7,17.275734
2018-02-08,2018,2,8,15.06474
2018-02-09,2018,2,9,12.604515
2018-02-10,2018,2,10,14.208281
2018-02-11,2018,2,11,15.00183
2018-02-12,2018,2,12,19.843893
2018-02-13,2018,2,13,20.142048
2018-02-14,2018,2,14,19.368369
2018-02-15,2018,2,15,18.25696
2018-02-16,2018,2,16,18.595327
2018-02-17,2018,2,17,17.7955
2018-02-18,2018,2,18,13.900258
2018-02-19,2018,2,19,12.379627
2018-02-20,2018,2,20,10.871707
2018-02-21,2018,2,21,15.180975
2018-02-22,2018,2,22,15.606948
2018-02-23,2018,2,23,12.526636
2018-02-24,2018,2,24,11.331961
2018-02-25,2018,2,25,14.067693
2018-02-26,2018,2,26,14.101896
2018-02-27,2018,2,27,12.911144
2018-02-28,2018,2,28,12.151591
2018-03-01,2018,3,1,13.665192
2018-03-02,2018,3,2,14.34275
2018-03-03,2018,3,3,14.837782
2018-03-04,2018,3,4,14.439545
2018-03-05,2018,3,5,15.542914
2018-03-06,2018,3,6,16.729445
2018-03-07,2018,3,7,15.02635
2018-03-08,2018,3,8,13.187929
2018-03-09,2018,3,9,14.452362
2018-03-10,2018,3,10,11.824318
2018-03-11,2018,3,11,15.572417
2018-03-12,2018,3,12,13.247306
2018-03-13,2018,3,13,14.102329
2018-03-14,2018,3,14,9.4402126
2018-03-15,2018,3,15,15.544605
2018-03-16,2018,3,16,12.508243
2018-03-17,2018,3,17,9.7241112
2018-03-18,2018,3,18,11.838092
2018-03-19,2018,3,19,12.952283
2018-03-20,2018,3,20,16.176738
2018-03-21,2018,3,21,15.409548
2018-03-22,2018,3,22,12.609647
2018-03-23,2018,3,23,10.458696
2018-03-24,2018,3,24,11.817967
2018-03-25,2018,3,25,16.531102
2018-03-26,2018,3,26,13.631637
2018-03-27,2018,3,27,17.344158
2018-03-28,2018,3,28,17.495495
2018-03-29,2018,3,29,18.177624
2018-03-30,2018,3,30,18.183219
2018-03-31,2018,3,31,14.632286
2018-04-01,2018,4,1,13.450434
2018-04-02,2018,4,2,13.581125
2018-04-03,2018,4,3,14.197116
2018-04-04,2018,4,4,13.682748
2018-04-05,2018,4,5,11.543942
2018-04-06,2018,4,6,6.866515
2018-04-07,2018,4,7,9.2427336
2018-04-08,2018,4,8,13.284322
2018-04-09,2018,4,9,10.602793
2018-04-10,2018,4,10,7.9042201
2018-04-11,2018,4,11,5.2512997
2018-04-12,2018,4,12,12.5942
2018-04-13,2018,4,13,13.386359
2018-04-14,2018,4,14,15.847584
2018-04-15,2018,4,15,18.265892
2018-04-16,2018,4,16,17.576752
2018-04-17,2018,4,17,15.747694
2018-04-18,2018,4,18,16.106299
2018-04-19,2018,4,19,13.954225
2018-04-20,2018,4,20,14.00387
2018-04-21,2018,4,21,14.326713
2018-04-22,2018,4,22,11.665078
2018-04-23,2018,4,23,11.75109
2018-04-24,2018,4,24,10.68093
2018-04-25,2018,4,25,15.14678
2018-04-26,2018,4,26,11.714548
2018-04-27,2018,4,27,13.236181
2018-04-28,2018,4,28,13.585819
2018-04-29,2018,4,29,12.535364
2018-04-30,2018,4,30,15.225098
2018-05-01,2018,5,1,11.934173
2018-05-02,2018,5,2,10.58548
2018-05-03,2018,5,3,11.281555
2018-05-04,2018,5,4,12.285987
2018-05-05,2018,5,5,13.357073
2018-05-06,2018,5,6,11.906783
2018-05-07,2018,5,7,7.1207537
2018-05-08,2018,5,8,9.1824508
2018-05-09,2018,5,9,6.7173061
2018-05-10,2018,5,10,5.0762907
2018-05-11,2018,5,11,12.608543
2018-05-12,2018,5,12,11.471412
2018-05-13,2018,5,13,6.8469453
2018-05-14,2018,5,14,4.3356352
2018-05-15,2018,5,15,7.0767343
2018-05-16,2018,5,16,7.422348
2018-05-17,2018,5,17,5.022062
2018-05-18,2018,5,18,4.0913356
2018-05-19,2018,5,19,10.385281
2018-05-20,2018,5,20,8.006587
2018-05-21,2018,5,21,4.9795186
2018-05-22,2018,5,22,8.8323896
2018-05-23,2018,5,23,8.5348534
2018-05-24,2018,5,24,10.273834
2018-05-25,2018,5,25,10.627125
2018-05-26,2018,5,26,8.7140549
2018-05-27,2018,5,27,9.9704429
2018-05-28,2018,5,28,5.3504649
2018-05-29,2018,5,29,2.0488992
2018-05-30,2018,5,30,1.4541681
2018-05-31,2018,5,31,-0.15532831
2018-06-01,2018,6,1,-0.20458606
2018-06-02,2018,6,2,-0.67815568
2018-06-03,2018,6,3,-0.84517153
2018-06-04,2018,6,4,1.630342
2018-06-05,2018,6,5,2.2796871
2018-06-06,2018,6,6,1.7637352
2018-06-07,2018,6,7,5.2213272
2018-06-08,2018,6,8,5.6168055
2018-06-09,2018,6,9,1.8955416
2018-06-10,2018,6,10,-2.2428002
2018-06-11,2018,6,11,-5.5270425
2018-06-12,2018,6,12,-6.3502069
2018-06-13,2018,6,13,-3.7096645
2018-06-14,2018,6,14,-1.8129969
2018-06-15,2018,6,15,1.1539168
2018-06-16,2018,6,16,3.6110886
2018-06-17,2018,6,17,6.4204154
2018-06-18,2018,6,18,8.5668676
2018-06-19,2018,6,19,7.5852785
2018-06-20,2018,6,20,5.4953043
2018-06-21,2018,6,21,5.0887622
2018-06-22,2018,6,22,5.9535697
2018-06-23,2018,6,23,0.16057914
2018-06-24,2018,6,24,-0.61166564
2018-06-25,2018,6,25,1.3365035
2018-06-26,2018,6,26,2.8728016
2018-06-27,2018,6,27,4.2464951
2018-06-28,2018,6,28,2.1155132
2018-06-29,2018,6,29,3.0243599
2018-06-30,2018,6,30,3.9154735
2018-07-01,2018,7,1,-1.6727085
2018-07-02,2018,7,2,-1.2764976
2018-07-03,2018,7,3,0.53244397
2018-07-04,2018,7,4,-1.104115
2018-07-05,2018,7,5,-0.64978608
2018-07-06,2018,7,6,-2.8799277
2018-07-07,2018,7,7,-0.29879237
2018-07-08,2018,7,8,6.0517266
2018-07-09,2018,7,9,6.5070173
2018-07-10,2018,7,10,8.1512383
2018-07-11,2018,7,11,5.6033322
2018-07-12,2018,7,12,7.0720091
2018-07-13,2018,7,13,7.9071884
2018-07-14,2018,7,14,3.9640535
2018-07-15,2018,7,15,2.9425515
2018-07-16,2018,7,16,4.0161258
2018-07-17,2018,7,17,0.060275354
2018-07-18,2018,7,18,-3.0068415
2018-07-19,2018,7,19,-6.5194861
2018-07-20,2018,7,20,-1.6369796
2018-07-21,2018,7,21,3.6498183
2018-07-22,2018,7,22,-2.0464223
2018-07-23,2018,7,23,-0.18862819
2018-07-24,2018,7,24,2.3128363
2018-07-25,2018,7,25,2.244953
2018-07-26,2018,7,26,5.4453985
2018-07-27,2018,7,27,-1.7140923
2018-07-28,2018,7,28,-1.1169829
2018-07-29,2018,7,29,0.46213215
2018-07-30,2018,7,30,1.267137
2018-07-31,2018,7,31,2.3726292
2018-08-01,2018,8,1,2.1495611
2018-08-02,2018,8,2,1.9726299
2018-08-03,2018,8,3,-1.0067103
2018-08-04,2018,8,4,5.7359307
2018-08-05,2018,8,5,4.8713085
2018-08-06,2018,8,6,4.2837722
2018-08-07,2018,8,7,-1.5161977
2018-08-08,2018,8,8,5.8351304
2018-08-09,2018,8,9,9.318685
2018-08-10,2018,8,10,8.9868519
2018-08-11,2018,8,11,8.8242873
2018-08-12,2018,8,12,5.9309245
2018-08-13,2018,8,13,-0.31063081
2018-08-14,2018,8,14,8.5101036
2018-08-15,2018,8,15,8.418667
2018-08-16,2018,8,16,8.8780804
2018-08-17,2018,8,17,7.0119027
2018-08-18,2018,8,18,0.99425571
2018-08-19,2018,8,19,-0.87462681
2018-08-20,2018,8,20,3.0890381
2018-08-21,2018,8,21,6.3739444
2018-08-22,2018,8,22,5.8000414
2018-08-23,2018,8,23,-2.3883268
2018-08-24,2018,8,24,0.85807401
2018-08-25,2018,8,25,6.6776296
2018-08-26,2018,8,26,8.6281586
2018-08-27,2018,8,27,8.0752805
2018-08-28,2018,8,28,6.9822588
2018-08-29,2018,8,29,5.5931502
2018-08-30,2018,8,30,0.99221106
2018-08-31,2018,8,31,-0.34905644
2018-09-01,2018,9,1,-0.043944531
2018-09-02,2018,9,2,8.7935432
2018-09-03,2018,9,3,10.831958
2018-09-04,2018,9,4,13.540804
2018-09-05,2018,9,5,8.9577637
2018-09-06,2018,9,6,9.6284405
2018-09-07,2018,9,7,9.8246068
2018-09-08,2018,9,8,9.4480311
2018-09-09,2018,9,9,8.5425566
2018-09-10,2018,9,10,10.013442
2018-09-11,2018,9,11,8.9039309
2018-09-12,2018,9,12,6.6049197
2018-09-13,2018,9,13,7.7797256
2018-09-14,2018,9,14,8.398275
2018-09-15,2018,9,15,5.7257929
2018-09-16,2018,9,16,6.5109598
2018-09-17,2018,9,17,5.7848278
2018-09-18,2018,9,18,1.1397381
2018-09-19,2018,9,19,4.1158022
2018-09-20,2018,9,20,4.4872134
2018-09-21,2018,9,21,9.7016373
2018-09-22,2018,9,22,4.073123
2018-09-23,2018,9,23,5.964741
2018-09-24,2018,9,24,9.0930894
2018-09-25,2018,9,25,7.9265258
2018-09-26,2018,9,26,7.5983358
2018-09-27,2018,9,27,5.074024
2018-09-28,2018,9,28,4.7880575
2018-09-29,2018,9,29,2.629239
2018-09-30,2018,9,30,1.3651047
2018-10-01,2018,10,1,3.5178323
2018-10-02,2018,10,2,3.756734
2018-10-03,2018,10,3,8.2661078
2018-10-04,2018,10,4,11.238291
2018-10-05,2018,10,5,9.0031348
2018-10-06,2018,10,6,8.004403
2018-10-07,2018,10,7,7.7212752
2018-10-08,2018,10,8,2.718792
2018-10-09,2018,10,9,3.841043
2018-10-10,2018,10,10,5.7473241
2018-10-11,2018,10,11,3.2831744
2018-10-12,2018,10,12,2.7996679
2018-10-13,2018,10,13,5.1471186
2018-10-14,2018,10,14,6.809211
2018-10-15,2018,10,15,9.0330737
2018-10-16,2018,10,16,3.8571556
2018-10-17,2018,10,17,3.2180196
2018-10-18,2018,10,18,7.7027988
2018-10-19,2018,10,19,9.6730477
2018-10-20,2018,10,20,7.7039115
2018-10-21,2018,10,21,7.9185369
2018-10-22,2018,10,22,8.8417691
2018-10-23,2018,10,23,8.4086418
2018-10-24,2018,10,24,6.0403162
2018-10-25,2018,10,25,7.643602
2018-10-26,2018,10,26,8.9278489
2018-10-27,2018,10,27,8.2309956
2018-10-28,2018,10,28,8.7026723
2018-10-29,2018,10,29,6.6519037
2018-10-30,2018,10,30,5.2635456
2018-10-31,2018,10,31,6.665288
2018-11-01,2018,11,1,7.5250777
2018-11-02,2018,11,2,6.0085982
2018-11-03,2018,11,3,10.090115
2018-11-04,2018,11,4,9.1360898
2018-11-05,2018,11,5,10.278777
2018-11-06,2018,11,6,12.225159
2018-11-07,2018,11,7,12.970748
2018-11-08,2018,11,8,12.81332
2018-11-09,2018,11,9,11.350303
2018-11-10,2018,11,10,7.6474236
2018-11-11,2018,11,11,7.2935498
2018-11-12,2018,11,12,4.6259496
2018-11-13,2018,11,13,2.6906193
2018-11-14,2018,11,14,9.9065058
2018-11-15,2018,11,15,10.09875
2018-11-16,2018,11,16,9.0717593
2018-11-17,2018,11,17,6.1469986
2018-11-18,2018,11,18,13.152782
2018-11-19,2018,11,19,13.739038
2018-11-20,2018,11,20,13.923602
2018-11-21,2018,11,21,13.734096
2018-11-22,2018,11,22,12.431214
2018-11-23,2018,11,23,9.8111668
2018-11-24,2018,11,24,12.299254
2018-11-25,2018,11,25,11.764296
2018-11-26,2018,11,26,10.833336
2018-11-27,2018,11,27,12.396945
2018-11-28,2018,11,28,12.483707
2018-11-29,2018,11,29,11.015599
2018-11-30,2018,11,30,10.750106
2018-12-01,2018,12,1,10.713534
2018-12-02,2018,12,2,11.324239
2018-12-03,2018,12,3,11.50336
2018-12-04,2018,12,4,8.0414675
2018-12-05,2018,12,5,7.5783537
2018-12-06,2018,12,6,10.752155
2018-12-07,2018,12,7,12.663637
2018-12-08,2018,12,8,8.6228192
2018-12-09,2018,12,9,11.550954
2018-12-10,2018,12,10,13.480674
2018-12-11,2018,12,11,10.430012
2018-12-12,2018,12,12,13.209447
2018-12-13,2018,12,13,7.8566896
2018-12-14,2018,12,14,10.462982
2018-12-15,2018,12,15,13.458609
2018-12-16,2018,12,16,14.620937
2018-12-17,2018,12,17,14.089784
2018-12-18,2018,12,18,14.258281
2018-12-19,2018,12,19,11.697847
2018-12-20,2018,12,20,11.348842
2018-12-21,2018,12,21,14.858065
2018-12-22,2018,12,22,13.566111
2018-12-23,2018,12,23,16.42365
2018-12-24,2018,12,24,17.173123
2018-12-25,2018,12,25,17.262549
2018-12-26,2018,12,26,15.95401
2018-12-27,2018,12,27,15.765472
2018-12-28,2018,12,28,15.864255
2018-12-29,2018,12,29,12.958549
2018-12-30,2018,12,30,16.84757
2018-12-31,2018,12,31,16.843058
2019-01-01,2019,1,1,18.144177
2019-01-02,2019,1,2,17.835107
2019-01-03,2019,1,3,18.747501
2019-01-04,2019,1,4,18.562951
2019-01-05,2019,1,5,17.080016
2019-01-06,2019,1,6,13.12824
2019-01-07,2019,1,7,11.352022
2019-01-08,2019,1,8,10.573094
2019-01-09,2019,1,9,9.7690178
2019-01-10,2019,1,10,13.240212
2019-01-11,2019,1,11,12.866361
2019-01-12,2019,1,12,12.061403
2019-01-13,2019,1,13,12.28742
2019-01-14,2019,1,14,11.405801
2019-01-15,2019,1,15,14.967065
2019-01-16,2019,1,16,14.061369
2019-01-17,2019,1,17,11.820686
2019-01-18,2019,1,18,18.852758
2019-01-19,2019,1,19,19.478019
2019-01-20,2019,1,20,18.804035
2019-01-21,2019,1,21,19.618271
2019-01-22,2019,1,22,20.064863
2019-01-23,2019,1,23,21.503901
2019-01-24,2019,1,24,21.384403
2019-01-25,2019,1,25,20.203533
2019-01-26,2019,1,26,22.014642
2019-01-27,2019,1,27,21.463376
2019-01-28,2019,1,28,21.772929
2019-01-29,2019,1,29,18.845908
2019-01-30,2019,1,30,17.897278
2019-01-31,2019,1,31,18.388462
2019-02-01,2019,2,1,18.052182
2019-02-02,2019,2,2,17.523139
2019-02-03,2019,2,3,18.50488
2019-02-04,2019,2,4,20.519683
2019-02-05,2019,2,5,22.102269
2019-02-06,2019,2,6,21.025577
2019-02-07,2019,2,7,18.219424
2019-02-08,2019,2,8,16.987705
2019-02-09,2019,2,9,16.340112
2019-02-10,2019,2,10,13.848437
2019-02-11,2019,2,11,9.7775474
2019-02-12,2019,2,12,15.437569
2019-02-13,2019,2,13,12.150834
2019-02-14,2019,2,14,19.071987
2019-02-15,2019,2,15,19.374476
2019-02-16,2019,2,16,17.419023
2019-02-17,2019,2,17,17.010018
2019-02-18,2019,2,18,15.856616
2019-02-19,2019,2,19,16.1875
2019-02-20,2019,2,20,15.743675
2019-02-21,2019,2,21,15.480952
2019-02-22,2019,2,22,16.412168
2019-02-23,2019,2,23,14.526434
2019-02-24,2019,2,24,13.05839
2019-02-25,2019,2,25,12.910802
2019-02-26,2019,2,26,14.23462
2019-02-27,2019,2,27,15.618612
2019-02-28,2019,2,28,16.349878
2019-03-01,2019,3,1,15.469467
2019-03-02,2019,3,2,16.854836
2019-03-03,2019,3,3,13.260996
2019-03-04,2019,3,4,11.035935
2019-03-05,2019,3,5,15.598371
2019-03-06,2019,3,6,15.567019
2019-03-07,2019,3,7,14.323457
2019-03-08,2019,3,8,12.712579
2019-03-09,2019,3,9,13.161322
2019-03-10,2019,3,10,12.072231
2019-03-11,2019,3,11,11.76182
2019-03-12,2019,3,12,14.598809
2019-03-13,2019,3,13,14.578538
2019-03-14,2019,3,14,13.534211
2019-03-15,2019,3,15,12.317077
2019-03-16,2019,3,16,10.854761
2019-03-17,2019,3,17,14.959271
2019-03-18,2019,3,18,13.409502
2019-03-19,2019,3,19,12.059006
2019-03-20,2019,3,20,13.324186
2019-03-21,2019,3,21,13.930993
2019-03-22,2019,3,22,16.462712
2019-03-23,2019,3,23,16.067531
2019-03-24,2019,3,24,16.691867
2019-03-25,2019,3,25,14.03662
2019-03-26,2019,3,26,15.196914
2019-03-27,2019,3,27,15.268379
2019-03-28,2019,3,28,14.151317
2019-03-29,2019,3,29,14.881199
2019-03-30,2019,3,30,15.189574
2019-03-31,2019,3,31,14.28631
2019-04-01,2019,4,1,14.980464
2019-04-02,2019,4,2,17.592646
2019-04-03,2019,4,3,15.694788
2019-04-04,2019,4,4,10.669814
2019-04-05,2019,4,5,13.865657
2019-04-06,2019,4,6,16.054597
2019-04-07,2019,4,7,17.41242
2019-04-08,2019,4,8,16.739977
2019-04-09,2019,4,9,12.851789
2019-04-10,2019,4,10,13.223583
2019-04-11,2019,4,11,15.212306
2019-04-12,2019,4,12,13.474112
2019-04-13,2019,4,13,8.7883227
2019-04-14,2019,4,14,10.958555
2019-04-15,2019,4,15,15.14658
2019-04-16,2019,4,16,15.640235
2019-04-17,2019,4,17,15.711177
2019-04-18,2019,4,18,13.05849
2019-04-19,2019,4,19,12.223476
2019-04-20,2019,4,20,10.188177
2019-04-21,2019,4,21,9.3946887
2019-04-22,2019,4,22,8.5370948
2019-04-23,2019,4,23,11.487741
2019-04-24,2019,4,24,7.3336318
2019-04-25,2019,4,25,9.0069534
2019-04-26,2019,4,26,11.074403
2019-04-27,2019,4,27,13.168628
2019-04-28,2019,4,28,13.817221
2019-04-29,2019,4,29,12.113104
2019-04-30,2019,4,30,12.41873
2019-05-01,2019,5,1,13.312885
2019-05-02,2019,5,2,12.086426
2019-05-03,2019,5,3,9.5313272
2019-05-04,2019,5,4,9.7925963
2019-05-05,2019,5,5,12.143905
2019-05-06,2019,5,6,14.365537
2019-05-07,2019,5,7,11.274626
2019-05-08,2019,5,8,10.963259
2019-05-09,2019,5,9,4.4461551
2019-05-10,2019,5,10,6.3741383
2019-05-11,2019,5,11,10.398793
2019-05-12,2019,5,12,14.052517
2019-05-13,2019,5,13,14.716428
2019-05-14,2019,5,14,15.36525
2019-05-15,2019,5,15,15.728148
2019-05-16,2019,5,16,13.497453
2019-05-17,2019,5,17,8.4123878
2019-05-18,2019,5,18,6.487397
2019-05-19,2019,5,19,7.8092158
2019-05-20,2019,5,20,1.4914133
2019-05-21,2019,5,21,-0.13349018
2019-05-22,2019,5,22,2.9456414
2019-05-23,2019,5,23,9.6346076
2019-05-24,2019,5,24,10.889107
2019-05-25,2019,5,25,6.8793764
2019-05-26,2019,5,26,2.0082736
2019-05-27,2019,5,27,1.3029713
2019-05-28,2019,5,28,3.5048509
2019-05-29,2019,5,29,1.9791812
2019-05-30,2019,5,30,0.53606773
2019-05-31,2019,5,31,-0.57777148
2019-06-01,2019,6,1,0.87653159
2019-06-02,2019,6,2,3.0747197
2019-06-03,2019,6,3,7.2184183
2019-06-04,2019,6,4,8.2932203
2019-06-05,2019,6,5,4.562205
2019-06-06,2019,6,6,0.51224393
2019-06-07,2019,6,7,5.3394495
2019-06-08,2019,6,8,6.3885467
2019-06-09,2019,6,9,6.2605883
2019-06-10,2019,6,10,5.001044
2019-06-11,2019,6,11,2.7284025
2019-06-12,2019,6,12,-0.89417369
2019-06-13,2019,6,13,-3.551582
2019-06-14,2019,6,14,-3.2839568
2019-06-15,2019,6,15,-3.8270149
2019-06-16,2019,6,16,-2.8466214
2019-06-17,2019,6,17,-3.0939903
2019-06-18,2019,6,18,-2.3967831
2019-06-19,2019,6,19,6.7182928
2019-06-20,2019,6,20,8.9604012
2019-06-21,2019,6,21,6.7252667
2019-06-22,2019,6,22,7.6966479
2019-06-23,2019,6,23,4.7510692
2019-06-24,2019,6,24,0.39464171
2019-06-25,2019,6,25,-2.5349845
2019-06-26,2019,6,26,-0.21078021
2019-06-27,2019,6,27,-0.9461346
2019-06-28,2019,6,28,-0.59294469
2019-06-29,2019,6,29,-3.1715405
2019-06-30,2019,6,30,-2.2616966
2019-07-01,2019,7,1,0.95554155
2019-07-02,2019,7,2,2.266775
2019-07-03,2019,7,3,2.1675808
2019-07-04,2019,7,4,2.8098004
2019-07-05,2019,7,5,6.3604555
2019-07-06,2019,7,6,8.3813171
2019-07-07,2019,7,7,6.1057608
2019-07-08,2019,7,8,5.393942
2019-07-09,2019,7,9,5.6247859
2019-07-10,2019,7,10,2.9858579
2019-07-11,2019,7,11,1.2931693
2019-07-12,2019,7,12,-0.2935018
2019-07-13,2019,7,13,-0.93451478
2019-07-14,2019,7,14,2.7458949
2019-07-15,2019,7,15,5.8940331
2019-07-16,2019,7,16,6.6306411
2019-07-17,2019,7,17,6.4541292
2019-07-18,2019,7,18,3.4442001
2019-07-19,2019,7,19,6.3737343
2019-07-20,2019,7,20,5.5670843
2019-07-21,2019,7,21,-1.7386553
2019-07-22,2019,7,22,-3.4047718
2019-07-23,2019,7,23,-2.6918758
2019-07-24,2019,7,24,-0.33418681
2019-07-25,2019,7,25,0.9594757
2019-07-26,2019,7,26,2.0254421
2019-07-27,2019,7,27,4.3910443
2019-07-28,2019,7,28,0.99637958
2019-07-29,2019,7,29,1.5874972
2019-07-30,2019,7,30,6.5731122
2019-07-31,2019,7,31,3.0860271
2019-08-01,2019,8,1,-2.1815599
2019-08-02,2019,8,2,4.2483992
2019-08-03,2019,8,3,6.1176216
2019-08-04,2019,8,4,8.8772806
2019-08-05,2019,8,5,8.8444127
2019-08-06,2019,8,6,2.5988817
2019-08-07,2019,8,7,-0.44796059
2019-08-08,2019,8,8,-0.88169423
2019-08-09,2019,8,9,0.56518493
2019-08-10,2019,8,10,4.6279189
2019-08-11,2019,8,11,-2.3634961
2019-08-12,2019,8,12,-0.69000789
2019-08-13,2019,8,13,9.0305373
2019-08-14,2019,8,14,10.441437
2019-08-15,2019,8,15,7.6704473
2019-08-16,2019,8,16,3.830328
2019-08-17,2019,8,17,0.14999987
2019-08-18,2019,8,18,3.5275977
2019-08-19,2019,8,19,1.4970784
2019-08-20,2019,8,20,6.8348583
2019-08-21,2019,8,21,4.6404612
2019-08-22,2019,8,22,6.1105886
2019-08-23,2019,8,23,10.188603
2019-08-24,2019,8,24,6.3403009
2019-08-25,2019,8,25,4.9967726
2019-08-26,2019,8,26,7.6068158
2019-08-27,2019,8,27,9.9491503
2019-08-28,2019,8,28,8.612988
2019-08-29,2019,8,29,3.6815025
2019-08-30,2019,8,30,3.042399
2019-08-31,2019,8,31,5.8424044
2019-09-01,2019,9,1,5.93567
2019-09-02,2019,9,2,4.1431629
2019-09-03,2019,9,3,6.8641386
2019-09-04,2019,9,4,8.6983772
2019-09-05,2019,9,5,1.8039632
2019-09-06,2019,9,6,1.0087181
2019-09-07,2019,9,7,-0.22402699
2019-09-08,2019,9,8,2.0253278
2019-09-09,2019,9,9,-1.6715368
2019-09-10,2019,9,10,-0.81623784
2019-09-11,2019,9,11,-1.2466885
2019-09-12,2019,9,12,6.4349843
2019-09-13,2019,9,13,7.0652081
2019-09-14,2019,9,14,4.070178
2019-09-15,2019,9,15,0.18059309
2019-09-16,2019,9,16,5.7237791
2019-09-17,2019,9,17,7.3091439
2019-09-18,2019,9,18,8.271585
2019-09-19,2019,9,19,1.5766216
2019-09-20,2019,9,20,2.7313202
2019-09-21,2019,9,21,8.3560512
2019-09-22,2019,9,22,9.8554641
2019-09-23,2019,9,23,7.9593547
2019-09-24,2019,9,24,10.942113
2019-09-25,2019,9,25,10.208644
2019-09-26,2019,9,26,12.311361
2019-09-27,2019,9,27,8.3421863
2019-09-28,2019,9,28,11.181162
2019-09-29,2019,9,29,9.038495
2019-09-30,2019,9,30,2.9215634
2019-10-01,2019,10,1,-0.62524428
2019-10-02,2019,10,2,0.19848086
2019-10-03,2019,10,3,-0.49871741
2019-10-04,2019,10,4,2.026983
2019-10-05,2019,10,5,4.5956415
2019-10-06,2019,10,6,7.7195521
2019-10-07,2019,10,7,8.9671267
2019-10-08,2019,10,8,10.855281
2019-10-09,2019,10,9,12.083207
2019-10-10,2019,10,10,10.938394
2019-10-11,2019,10,11,9.714494
2019-10-12,2019,10,12,7.5942221
2019-10-13,2019,10,13,10.238161
2019-10-14,2019,10,14,5.8282501
2019-10-15,2019,10,15,6.9012446
2019-10-16,2019,10,16,6.0777561
2019-10-17,2019,10,17,4.7061615
2019-10-18,2019,10,18,8.7739584
2019-10-19,2019,10,19,8.7172307
2019-10-20,2019,10,20,5.1882909
2019-10-21,2019,10,21,9.6125612
2019-10-22,2019,10,22,9.2701984
2019-10-23,2019,10,23,9.346675
2019-10-24,2019,10,24,8.3786317
2019-10-25,2019,10,25,12.045792
2019-10-26,2019,10,26,8.2850547
2019-10-27,2019,10,27,7.3137269
2019-10-28,2019,10,28,5.1679541
2019-10-29,2019,10,29,5.2424458
2019-10-30,2019,10,30,8.9566322
2019-10-31,2019,10,31,11.836144
2019-11-01,2019,11,1,7.5022788
2019-11-02,2019,11,2,12.742952
2019-11-03,2019,11,3,10.994312
2019-11-04,2019,11,4,7.6746856
2019-11-05,2019,11,5,10.819075
2019-11-06,2019,11,6,12.027828
2019-11-07,2019,11,7,15.275187
2019-11-08,2019,11,8,13.314489
2019-11-09,2019,11,9,14.955075
2019-11-10,2019,11,10,16.370727
2019-11-11,2019,11,11,14.566134
2019-11-12,2019,11,12,13.082801
2019-11-13,2019,11,13,12.537436
2019-11-14,2019,11,14,14.503848
2019-11-15,2019,11,15,15.3384
2019-11-16,2019,11,16,13.852051
2019-11-17,2019,11,17,14.651114
2019-11-18,2019,11,18,16.956321
2019-11-19,2019,11,19,17.823873
2019-11-20,2019,11,20,17.699644
2019-11-21,2019,11,21,15.521007
2019-11-22,2019,11,22,16.214118
2019-11-23,2019,11,23,15.786609
2019-11-24,2019,11,24,11.697409
2019-11-25,2019,11,25,6.1068553
2019-11-26,2019,11,26,8.3078217
2019-11-27,2019,11,27,14.214734
2019-11-28,2019,11,28,13.974896
2019-11-29,2019,11,29,12.196805
2019-11-30,2019,11,30,16.438144
2019-12-01,2019,12,1,16.22038
2019-12-02,2019,12,2,15.030087
2019-12-03,2019,12,3,12.288467
2019-12-04,2019,12,4,11.331485
2019-12-05,2019,12,5,14.822707
2019-12-06,2019,12,6,14.070847
2019-12-07,2019,12,7,12.768375
2019-12-08,2019,12,8,14.016879
2019-12-09,2019,12,9,14.789459
2019-12-10,2019,12,10,16.137493
2019-12-11,2019,12,11,14.252941
2019-12-12,2019,12,12,16.768905
2019-12-13,2019,12,13,15.100462
2019-12-14,2019,12,14,11.773662
2019-12-15,2019,12,15,11.146362
2019-12-16,2019,12,16,13.711873
2019-12-17,2019,12,17,16.37516
2019-12-18,2019,12,18,16.273219
2019-12-19,2019,12,19,13.825568
2019-12-20,2019,12,20,12.988338
2019-12-21,2019,12,21,15.569446
2019-12-22,2019,12,22,18.314346
2019-12-23,2019,12,23,20.117488
2019-12-24,2019,12,24,16.550894
2019-12-25,2019,12,25,17.063655
2019-12-26,2019,12,26,18.282836
2019-12-27,2019,12,27,18.694235
2019-12-28,2019,12,28,20.694564
2019-12-29,2019,12,29,20.11217
2019-12-30,2019,12,30,19.293614
2019-12-31,2019,12,31,20.088284
2020-01-01,2020,1,1,17.271115
2020-01-02,2020,1,2,18.573241
2020-01-03,2020,1,3,19.252894
2020-01-04,2020,1,4,19.052855
2020-01-05,2020,1,5,12.061591
2020-01-06,2020,1,6,10.385415
2020-01-07,2020,1,7,12.797147
2020-01-08,2020,1,8,10.434313
2020-01-09,2020,1,9,12.846756
2020-01-10,2020,1,10,16.206645
2020-01-11,2020,1,11,17.747946
2020-01-12,2020,1,12,18.285391
2020-01-13,2020,1,13,18.888378
2020-01-14,2020,1,14,18.427773
2020-01-15,2020,1,15,19.812207
2020-01-16,2020,1,16,22.660687
2020-01-17,2020,1,17,22.178616
2020-01-18,2020,1,18,22.164756
2020-01-19,2020,1,19,20.551362
2020-01-20,2020,1,20,20.422706
2020-01-21,2020,1,21,21.083732
2020-01-22,2020,1,22,21.941462
2020-01-23,2020,1,23,20.154765
2020-01-24,2020,1,24,20.410882
2020-01-25,2020,1,25,19.919955
2020-01-26,2020,1,26,17.911983
2020-01-27,2020,1,27,18.375661
2020-01-28,2020,1,28,15.484172
2020-01-29,2020,1,29,12.536737
2020-01-30,2020,1,30,15.742915
2020-01-31,2020,1,31,17.189104
2020-02-01,2020,2,1,16.031325
2020-02-02,2020,2,2,17.341296
2020-02-03,2020,2,3,17.103224
2020-02-04,2020,2,4,14.101123
2020-02-05,2020,2,5,13.035153
2020-02-06,2020,2,6,14.0944
2020-02-07,2020,2,7,17.674254
2020-02-08,2020,2,8,18.336501
2020-02-09,2020,2,9,17.977422
2020-02-10,2020,2,10,17.781427
2020-02-11,2020,2,11,18.372398
2020-02-12,2020,2,12,16.502283
2020-02-13,2020,2,13,14.599385
2020-02-14,2020,2,14,18.864849
2020-02-15,2020,2,15,18.623023
2020-02-16,2020,2,16,16.603083
2020-02-17,2020,2,17,12.538638
2020-02-18,2020,2,18,19.143738
2020-02-19,2020,2,19,18.456303
2020-02-20,2020,2,20,19.56648
2020-02-21,2020,2,21,17.888878
2020-02-22,2020,2,22,16.088649
2020-02-23,2020,2,23,14.881314
2020-02-24,2020,2,24,11.843939
2020-02-25,2020,2,25,13.475468
2020-02-26,2020,2,26,17.181305
2020-02-27,2020,2,27,15.964516
2020-02-28,2020,2,28,16.064698
2020-02-29,2020,2,29,17.005236
2020-03-01,2020,3,1,16.756213
2020-03-02,2020,3,2,17.743096
2020-03-03,2020,3,3,19.139754
2020-03-04,2020,3,4,20.006062
2020-03-05,2020,3,5,20.790492
2020-03-06,2020,3,6,19.860379
2020-03-07,2020,3,7,18.760474
2020-03-08,2020,3,8,18.224241
2020-03-09,2020,3,9,18.998828
2020-03-10,2020,3,10,18.483311
2020-03-11,2020,3,11,16.739374
2020-03-12,2020,3,12,16.465648
2020-03-13,2020,3,13,15.982584
2020-03-14,2020,3,14,17.381563
2020-03-15,2020,3,15,16.543613
2020-03-16,2020,3,16,14.945101
2020-03-17,2020,3,17,12.406629
2020-03-18,2020,3,18,12.95869
2020-03-19,2020,3,19,15.521024
2020-03-20,2020,3,20,14.684295
2020-03-21,2020,3,21,13.218953
2020-03-22,2020,3,22,14.465748
2020-03-23,2020,3,23,13.120288
2020-03-24,2020,3,24,14.639438
2020-03-25,2020,3,25,13.985163
2020-03-26,2020,3,26,15.47147
2020-03-27,2020,3,27,14.382592
2020-03-28,2020,3,28,13.439428
2020-03-29,2020,3,29,15.374742
2020-03-30,2020,3,30,16.567174
2020-03-31,2020,3,31,20.390108
2020-04-01,2020,4,1,15.125016
2020-04-02,2020,4,2,20.37443
2020-04-03,2020,4,3,18.524873
2020-04-04,2020,4,4,15.457216
2020-04-05,2020,4,5,10.792345
2020-04-06,2020,4,6,15.004611
2020-04-07,2020,4,7,14.994585
2020-04-08,2020,4,8,14.334476
2020-04-09,2020,4,9,14.269199
2020-04-10,2020,4,10,12.792591
2020-04-11,2020,4,11,11.055923
2020-04-12,2020,4,12,5.9175575
2020-04-13,2020,4,13,6.4415884
2020-04-14,2020,4,14,10.563144
2020-04-15,2020,4,15,10.678686
2020-04-16,2020,4,16,11.921499
2020-04-17,2020,4,17,15.823092
2020-04-18,2020,4,18,15.842938
2020-04-19,2020,4,19,16.175952
2020-04-20,2020,4,20,15.891264
2020-04-21,2020,4,21,14.178915
2020-04-22,2020,4,22,13.54111
2020-04-23,2020,4,23,8.8785291
2020-04-24,2020,4,24,6.1282048
2020-04-25,2020,4,25,8.0201723
2020-04-26,2020,4,26,9.9441495
2020-04-27,2020,4,27,8.1903008
2020-04-28,2020,4,28,7.5421928
2020-04-29,2020,4,29,14.140023
2020-04-30,2020,4,30,12.720235
