date,t,y,loess,lo,hi,variable,representacion
1980-01-01,1980.0416666666667,7.76060097137,39.39295871511233,,,P_local_mm,X
1980-02-01,1980.125,27.54573213061,39.48109650153676,,,P_local_mm,X
1980-03-01,1980.2083333333333,0.0227989124,39.56836084312402,,,P_local_mm,X
1980-04-01,1980.2916666666667,294.9956221396987,39.65476799487779,,,P_local_mm,X
1980-05-01,1980.375,285.89281463692,39.740365862796764,,,P_local_mm,X
1980-06-01,1980.4583333333333,161.1455739317893,39.82520951951405,,,P_local_mm,X
1980-07-01,1980.5416666666667,172.14017087300002,39.90933664980081,,,P_local_mm,X
1980-08-01,1980.625,18.7316305215,39.99269928784045,,,P_local_mm,X
1980-09-01,1980.7083333333333,85.16524231,40.07516835481934,,,P_local_mm,X
1980-10-01,1980.7916666666667,16.518711407,40.15660175854453,,,P_local_mm,X
1980-11-01,1980.875,18.8592229311,40.23682522821434,,,P_local_mm,X
1980-12-01,1980.9583333333333,15.3273043186655,40.31567229190568,,,P_local_mm,X
1981-01-01,1981.0416666666667,5.668139308012,40.39299707806575,,,P_local_mm,X
1981-02-01,1981.125,14.9626894896,40.468678171612645,,,P_local_mm,X
1981-03-01,1981.2083333333333,3.64777360234,40.54262425551463,,,P_local_mm,X
1981-04-01,1981.2916666666667,31.837862370088,40.614772338534266,,,P_local_mm,X
1981-05-01,1981.375,334.61370211427,40.6850892780173,,,P_local_mm,X
1981-06-01,1981.4583333333333,41.5356365706906,40.75355471392747,,,P_local_mm,X
1981-07-01,1981.5416666666667,69.369524192,40.82015042328263,,,P_local_mm,X
1981-08-01,1981.625,127.0211826308,40.88485322487701,,,P_local_mm,X
1981-09-01,1981.7083333333333,62.0433744155,40.947606398791606,,,P_local_mm,X
1981-10-01,1981.7916666666667,9.5041104377325,41.00829076183181,,,P_local_mm,X
1981-11-01,1981.875,10.6480660153,41.06676043261092,,,P_local_mm,X
1981-12-01,1981.9583333333333,3.40922094593,41.12288687696024,,,P_local_mm,X
1982-01-01,1982.0416666666667,0.904624137143,41.176569119507676,,,P_local_mm,X
1982-02-01,1982.125,1.4157692668826,41.227739189773715,,,P_local_mm,X
1982-03-01,1982.2083333333333,29.01342344377,41.27636615912488,,,P_local_mm,X
1982-04-01,1982.2916666666667,13.56315265435,41.32245451781389,,,P_local_mm,X
1982-05-01,1982.375,246.79232512978,41.36603268705197,,,P_local_mm,X
1982-06-01,1982.4583333333333,705.0373573015601,41.4071528158887,,,P_local_mm,X
1982-07-01,1982.5416666666667,356.7048193795,41.44586713159152,,,P_local_mm,X
1982-08-01,1982.625,238.745251214,41.48223332481501,,,P_local_mm,X
1982-09-01,1982.7083333333333,307.0154712009143,41.516314245219476,,,P_local_mm,X
1982-10-01,1982.7916666666667,97.5348165395,41.548165073674525,,,P_local_mm,X
1982-11-01,1982.875,12.675572674,41.577836662606735,,,P_local_mm,X
1982-12-01,1982.9583333333333,12.42971762391,41.605355009178254,,,P_local_mm,X
1983-01-01,1983.0416666666667,25.28132501124,41.63076860053234,,,P_local_mm,X
1983-02-01,1983.125,14.94871689932,41.654165078952325,,,P_local_mm,X
1983-03-01,1983.2083333333333,3.09362189,41.67566982848849,,,P_local_mm,X
1983-04-01,1983.2916666666667,45.779291216342,41.69545856976484,,,P_local_mm,X
1983-05-01,1983.375,83.82156232,41.713767075842064,,,P_local_mm,X
1983-06-01,1983.4583333333333,156.6528075847,41.73086284139012,,,P_local_mm,X
1983-07-01,1983.5416666666667,225.838927271034,41.747002427968496,,,P_local_mm,X
1983-08-01,1983.625,108.16975151917,41.76239962536665,,,P_local_mm,X
1983-09-01,1983.7083333333333,51.0027293685,41.77723974859659,,,P_local_mm,X
1983-10-01,1983.7916666666667,14.4839831731,41.791669228089255,,,P_local_mm,X
1983-11-01,1983.875,0.2217619003,41.80583844373355,,,P_local_mm,X
1983-12-01,1983.9583333333333,0.034164370141,41.819953591445234,,,P_local_mm,X
1984-01-01,1984.0416666666667,12.55066360904,41.834309554644285,,,P_local_mm,X
1984-02-01,1984.125,0.42049294076625,41.84930895304639,,,P_local_mm,X
1984-03-01,1984.2083333333333,36.51365015554,41.865475331805236,,,P_local_mm,X
1984-04-01,1984.2916666666667,43.41481774498,41.88347526400252,,,P_local_mm,X
1984-05-01,1984.375,205.16537410884,41.90410333575088,,,P_local_mm,X
1984-06-01,1984.4583333333333,157.23603819862595,41.928261357379654,,,P_local_mm,X
1984-07-01,1984.5416666666667,508.24684272,41.956880313848515,,,P_local_mm,X
1984-08-01,1984.625,75.0857579336,41.99086484730951,,,P_local_mm,X
1984-09-01,1984.7083333333333,150.7429772194,42.0311388322277,,,P_local_mm,X
1984-10-01,1984.7916666666667,61.82529627142,42.07857161804113,,,P_local_mm,X
1984-11-01,1984.875,35.86848934,42.13389501022575,,,P_local_mm,X
1984-12-01,1984.9583333333333,0.16859279341,42.19787331139825,,,P_local_mm,X
1985-01-01,1985.0416666666667,17.86165721131,42.14954095586774,,,P_local_mm,X
1985-02-01,1985.125,0.754846644,42.09985342915078,,,P_local_mm,X
1985-03-01,1985.2083333333333,15.23208169036,42.04793693133181,,,P_local_mm,X
1985-04-01,1985.2916666666667,21.530864289473,41.99238071423143,,,P_local_mm,X
1985-05-01,1985.375,74.98482590248,41.93136088467867,,,P_local_mm,X
1985-06-01,1985.4583333333333,58.464988560954,41.86282516837155,,,P_local_mm,X
1985-07-01,1985.5416666666667,127.26608239173062,41.78484573024358,,,P_local_mm,X
1985-08-01,1985.625,10.04512668491,41.69651198352348,,,P_local_mm,X
1985-09-01,1985.7083333333333,101.042349076,41.598088167223736,,,P_local_mm,X
1985-10-01,1985.7916666666667,108.956613016,41.49072023207407,,,P_local_mm,X
1985-11-01,1985.875,19.8408154113,41.376444760361956,,,P_local_mm,X
1985-12-01,1985.9583333333333,1.88365133362,41.25707726843914,,,P_local_mm,X
1986-01-01,1986.0416666666667,2.54676642351,41.13403394795094,,,P_local_mm,X
1986-02-01,1986.125,16.0732385608,41.008444798604515,,,P_local_mm,X
1986-03-01,1986.2083333333333,1.0801883999800002,40.88091128344615,,,P_local_mm,X
1986-04-01,1986.2916666666667,71.999768553755,40.751419090868396,,,P_local_mm,X
1986-05-01,1986.375,316.425456687,40.61945466370399,,,P_local_mm,X
1986-06-01,1986.4583333333333,466.236335104,40.48463802597817,,,P_local_mm,X
1986-07-01,1986.5416666666667,12.93949343715,40.34674784984169,,,P_local_mm,X
1986-08-01,1986.625,181.11899914474,40.2060397877421,,,P_local_mm,X
1986-09-01,1986.7083333333333,31.69225918869,40.06307380490736,,,P_local_mm,X
1986-10-01,1986.7916666666667,49.908096237355,39.91902961442868,,,P_local_mm,X
1986-11-01,1986.875,23.621853362747,39.77598804933534,,,P_local_mm,X
1986-12-01,1986.9583333333333,2.8373756992819,39.63596202738511,,,P_local_mm,X
1987-01-01,1987.0416666666667,1.35214237422,39.500610121606805,,,P_local_mm,X
1987-02-01,1987.125,13.653453064395,39.37142863802475,,,P_local_mm,X
1987-03-01,1987.2083333333333,22.86335490447,39.24927037883177,,,P_local_mm,X
1987-04-01,1987.2916666666667,25.9201389739438,39.134301688084385,,,P_local_mm,X
1987-05-01,1987.375,96.0985334163356,39.026321768466104,,,P_local_mm,X
1987-06-01,1987.4583333333333,90.551473914,38.92533114263278,,,P_local_mm,X
1987-07-01,1987.5416666666667,609.4310463623,38.83135581322518,,,P_local_mm,X
1987-08-01,1987.625,408.4253254423,38.74439551198122,,,P_local_mm,X
1987-09-01,1987.7083333333333,78.26216546337771,38.6646978719625,,,P_local_mm,X
1987-10-01,1987.7916666666667,70.954331739,38.59310594065297,,,P_local_mm,X
1987-11-01,1987.875,0.906768747843,38.53069322681816,,,P_local_mm,X
1987-12-01,1987.9583333333333,15.74099621425,38.47859342629009,,,P_local_mm,X
1988-01-01,1988.0416666666667,0.897739011115,38.437535878668186,,,P_local_mm,X
1988-02-01,1988.125,2.8999489270872,38.40754468925484,,,P_local_mm,X
1988-03-01,1988.2083333333333,6.039597342147,38.38808208417148,,,P_local_mm,X
1988-04-01,1988.2916666666667,14.8342985933,38.37793933792549,,,P_local_mm,X
1988-05-01,1988.375,19.5806986893,38.37529479312582,,,P_local_mm,X
1988-06-01,1988.4583333333333,29.95201166901,38.37872101418009,,,P_local_mm,X
1988-07-01,1988.5416666666667,121.1599269375,38.38737913317577,,,P_local_mm,X
1988-08-01,1988.625,171.04736878350002,38.40162545761898,,,P_local_mm,X
1988-09-01,1988.7083333333333,22.2812187119,38.42258336572779,,,P_local_mm,X
1988-10-01,1988.7916666666667,12.7634497965,38.4517085624117,,,P_local_mm,X
1988-11-01,1988.875,18.75097934,38.490513180659875,,,P_local_mm,X
1988-12-01,1988.9583333333333,6.84577720507,38.54015999387475,,,P_local_mm,X
1989-01-01,1989.0416666666667,14.60624134104,38.601146169370075,,,P_local_mm,X
1989-02-01,1989.125,0.09098757183,38.67321577878506,,,P_local_mm,X
1989-03-01,1989.2083333333333,0.3221687331663,38.75529148141397,,,P_local_mm,X
1989-04-01,1989.2916666666667,28.2835154437,38.84550548269005,,,P_local_mm,X
1989-05-01,1989.375,42.61246461762,38.94163609079373,,,P_local_mm,X
1989-06-01,1989.4583333333333,66.774473676578,39.041921804850126,,,P_local_mm,X
1989-07-01,1989.5416666666667,161.12693537,39.14550105429261,,,P_local_mm,X
1989-08-01,1989.625,304.432633593,39.252353644836454,,,P_local_mm,X
1989-09-01,1989.7083333333333,94.9478521578,39.36226883172366,,,P_local_mm,X
1989-10-01,1989.7916666666667,13.51560787371,39.47499948804938,,,P_local_mm,X
1989-11-01,1989.875,3.59432369151,39.59094624012526,,,P_local_mm,X
1989-12-01,1989.9583333333333,11.25510206049912,39.71068582874302,,,P_local_mm,X
1990-01-01,1990.0416666666667,12.843515530537,39.834483948754176,,,P_local_mm,X
1990-02-01,1990.125,5.916846328063,39.962086993505125,,,P_local_mm,X
1990-03-01,1990.2083333333333,55.3283127834,40.09273585093624,,,P_local_mm,X
1990-04-01,1990.2916666666667,26.50053475624,40.225029986574164,,,P_local_mm,X
1990-05-01,1990.375,47.8720600673914,40.35702548356674,,,P_local_mm,X
1990-06-01,1990.4583333333333,50.9380336116674,40.48694366315141,,,P_local_mm,X
1990-07-01,1990.5416666666667,48.557179799,40.613307373414635,,,P_local_mm,X
1990-08-01,1990.625,112.964245791,40.7354091034178,,,P_local_mm,X
1990-09-01,1990.7083333333333,121.945104413,40.853712844396306,,,P_local_mm,X
1990-10-01,1990.7916666666667,27.3812862041,40.96887740670055,,,P_local_mm,X
1990-11-01,1990.875,14.650102830000002,41.08177005273155,,,P_local_mm,X
1990-12-01,1990.9583333333333,35.78531546347,41.19350777063555,,,P_local_mm,X
1991-01-01,1991.0416666666667,9.741396695475,41.30483725785326,,,P_local_mm,X
1991-02-01,1991.125,3.080354294677,41.41594659660001,,,P_local_mm,X
1991-03-01,1991.2083333333333,0.330453699,41.52646764831066,,,P_local_mm,X
1991-04-01,1991.2916666666667,97.828840796,41.63551495061136,,,P_local_mm,X
1991-05-01,1991.375,312.31388599178,41.741790891656194,,,P_local_mm,X
1991-06-01,1991.4583333333333,154.33631374384,41.84416732194959,,,P_local_mm,X
1991-07-01,1991.5416666666667,282.37080901847,41.94148640557972,,,P_local_mm,X
1991-08-01,1991.625,7.9908072751,42.0325711935504,,,P_local_mm,X
1991-09-01,1991.7083333333333,156.789895554126,42.11630605746732,,,P_local_mm,X
1991-10-01,1991.7916666666667,40.073439802694296,42.19259211516332,,,P_local_mm,X
1991-11-01,1991.875,17.4222322198,42.2613152923112,,,P_local_mm,X
1991-12-01,1991.9583333333333,71.32785492531,42.32236869575154,,,P_local_mm,X
1992-01-01,1992.0416666666667,0.86088933258381,42.37548981117995,,,P_local_mm,X
1992-02-01,1992.125,12.8726744627996,42.42007177188998,,,P_local_mm,X
1992-03-01,1992.2083333333333,4.300371327,42.455127180484574,,,P_local_mm,X
1992-04-01,1992.2916666666667,123.7747936502866,42.47931924693485,,,P_local_mm,X
1992-05-01,1992.375,288.529583134,42.4910065104614,,,P_local_mm,X
1992-06-01,1992.4583333333333,251.26239456834,42.48844031901794,,,P_local_mm,X
1992-07-01,1992.5416666666667,54.012094215,42.47088986787673,,,P_local_mm,X
1992-08-01,1992.625,88.30132223,42.438313712618594,,,P_local_mm,X
1992-09-01,1992.7083333333333,71.41602209999999,42.391050507286536,,,P_local_mm,X
1992-10-01,1992.7916666666667,15.16883708,42.32979730592781,,,P_local_mm,X
1992-11-01,1992.875,29.604207238,42.25579184282551,,,P_local_mm,X
1992-12-01,1992.9583333333333,1.47118688256,42.17106388327696,,,P_local_mm,X
1993-01-01,1993.0416666666667,16.92362595841,42.077451488175704,,,P_local_mm,X
1993-02-01,1993.125,14.00379737364,41.97639596154874,,,P_local_mm,X
1993-03-01,1993.2083333333333,0.0,41.86882318527165,,,P_local_mm,X
1993-04-01,1993.2916666666667,135.2159520687,41.75533048285618,,,P_local_mm,X
1993-05-01,1993.375,288.1560116605,41.63618250825623,,,P_local_mm,X
1993-06-01,1993.4583333333333,187.4423809487,41.511628257214745,,,P_local_mm,X
1993-07-01,1993.5416666666667,103.456051389724,41.381691975713615,,,P_local_mm,X
1993-08-01,1993.625,30.984975330100003,41.24610113075432,,,P_local_mm,X
1993-09-01,1993.7083333333333,37.5840928903,41.1048456412159,,,P_local_mm,X
1993-10-01,1993.7916666666667,33.8913529935,40.95863562418172,,,P_local_mm,X
1993-11-01,1993.875,20.461440699,40.808594063910526,,,P_local_mm,X
1993-12-01,1993.9583333333333,19.20769629993,40.655592106500514,,,P_local_mm,X
1994-01-01,1994.0416666666667,0.917133385601,40.500202060209034,,,P_local_mm,X
1994-02-01,1994.125,8.031748047021,40.34275427268423,,,P_local_mm,X
1994-03-01,1994.2083333333333,6.55638896846625,40.183369844682574,,,P_local_mm,X
1994-04-01,1994.2916666666667,93.929339671637,40.02169131607618,,,P_local_mm,X
1994-05-01,1994.375,96.8615354698,39.8568666249924,,,P_local_mm,X
1994-06-01,1994.4583333333333,95.66799114347,39.68763997506136,,,P_local_mm,X
1994-07-01,1994.5416666666667,278.303019096461,39.51279745986371,,,P_local_mm,X
1994-08-01,1994.625,16.319060983014,39.33188001285516,,,P_local_mm,X
1994-09-01,1994.7083333333333,73.55157452661899,39.14543501042336,,,P_local_mm,X
1994-10-01,1994.7916666666667,28.488896812,38.95505333744876,,,P_local_mm,X
1994-11-01,1994.875,6.183746161,38.76317830833069,,,P_local_mm,X
1994-12-01,1994.9583333333333,19.3657762007618,38.57209574330394,,,P_local_mm,X
1995-01-01,1995.0416666666667,15.47095316082,38.38346968866295,,,P_local_mm,X
1995-02-01,1995.125,11.054907332738,38.198343426749844,,,P_local_mm,X
1995-03-01,1995.2083333333333,0.379804944,38.017140606365075,,,P_local_mm,X
1995-04-01,1995.2916666666667,84.48635546130001,37.83983621647475,,,P_local_mm,X
1995-05-01,1995.375,29.7927160177,37.66614289434672,,,P_local_mm,X
1995-06-01,1995.4583333333333,215.91647362190784,37.4954139314199,,,P_local_mm,X
1995-07-01,1995.5416666666667,155.509601521924,37.326891833111674,,,P_local_mm,X
1995-08-01,1995.625,86.5333214042,37.15975690838951,,,P_local_mm,X
1995-09-01,1995.7083333333333,45.7290918616,36.993384982648664,,,P_local_mm,X
1995-10-01,1995.7916666666667,23.16916315,36.82782909279307,,,P_local_mm,X
1995-11-01,1995.875,3.8426978492,36.66413368425275,,,P_local_mm,X
1995-12-01,1995.9583333333333,17.45774781898,36.50333618250969,,,P_local_mm,X
1996-01-01,1996.0416666666667,9.41294357024,36.34646542617392,,,P_local_mm,X
1996-02-01,1996.125,0.357268956028,36.19417466014223,,,P_local_mm,X
1996-03-01,1996.2083333333333,0.30996217,36.04647315691617,,,P_local_mm,X
1996-04-01,1996.2916666666667,39.43907147858,35.90263363291211,,,P_local_mm,X
1996-05-01,1996.375,9.52124640031,35.761480021175075,,,P_local_mm,X
1996-06-01,1996.4583333333333,46.769918243046,35.62219575014701,,,P_local_mm,X
1996-07-01,1996.5416666666667,16.7088519001,35.48453628459761,,,P_local_mm,X
1996-08-01,1996.625,100.7255904213,35.3488739619252,,,P_local_mm,X
1996-09-01,1996.7083333333333,4.11863227512,35.215687737034855,,,P_local_mm,X
1996-10-01,1996.7916666666667,18.0299873133,35.085515630637786,,,P_local_mm,X
1996-11-01,1996.875,2.5235257791,34.95919917472886,,,P_local_mm,X
1996-12-01,1996.9583333333333,19.902347628251,34.83745305973994,,,P_local_mm,X
1997-01-01,1997.0416666666667,10.07093976737,34.72067597374724,,,P_local_mm,X
1997-02-01,1997.125,7.4201956846088,34.60918487072458,,,P_local_mm,X
1997-03-01,1997.2083333333333,11.342450661589,34.502855361548924,,,P_local_mm,X
1997-04-01,1997.2916666666667,19.1213303165,34.400976092064894,,,P_local_mm,X
1997-05-01,1997.375,162.401547062,34.30245277174585,,,P_local_mm,X
1997-06-01,1997.4583333333333,536.2101651420229,34.20655829779491,,,P_local_mm,X
1997-07-01,1997.5416666666667,65.85901949630001,34.112631238661656,,,P_local_mm,X
1997-08-01,1997.625,202.75726008258,34.02025932181559,,,P_local_mm,X
1997-09-01,1997.7083333333333,249.2339300742702,33.92979991182869,,,P_local_mm,X
1997-10-01,1997.7916666666667,99.785403805,33.84220987728936,,,P_local_mm,X
1997-11-01,1997.875,25.3282094199,33.759142110909515,,,P_local_mm,X
1997-12-01,1997.9583333333333,18.385898581288,33.68211724907355,,,P_local_mm,X
1998-01-01,1998.0416666666667,0.0289193383199999,33.61220028284126,,,P_local_mm,X
1998-02-01,1998.125,37.5505973706,33.549926481846185,,,P_local_mm,X
1998-03-01,1998.2083333333333,10.97270498178,33.495416534939984,,,P_local_mm,X
1998-04-01,1998.2916666666667,103.6763735789956,33.44802974728351,,,P_local_mm,X
1998-05-01,1998.375,48.78006413162,33.40639761797871,,,P_local_mm,X
1998-06-01,1998.4583333333333,41.343416385683,33.36922544213139,,,P_local_mm,X
1998-07-01,1998.5416666666667,0.062013234245,33.335971563778706,,,P_local_mm,X
1998-08-01,1998.625,1.40731746832,33.307301061819764,,,P_local_mm,X
1998-09-01,1998.7083333333333,68.46714267600001,33.2847621140664,,,P_local_mm,X
1998-10-01,1998.7916666666667,0.0,33.26979186885876,,,P_local_mm,X
1998-11-01,1998.875,0.8328324253999999,33.26391824901499,,,P_local_mm,X
1998-12-01,1998.9583333333333,15.748064387393,33.26841437907772,,,P_local_mm,X
1999-01-01,1999.0416666666667,23.400472143921,33.284419207804426,,,P_local_mm,X
1999-02-01,1999.125,1.4885628721392,33.312424722120255,,,P_local_mm,X
1999-03-01,1999.2083333333333,17.3210562478,33.35202043658624,,,P_local_mm,X
1999-04-01,1999.2916666666667,14.997080719347,33.4020564050412,,,P_local_mm,X
1999-05-01,1999.375,38.9224632,33.461008127492924,,,P_local_mm,X
1999-06-01,1999.4583333333333,115.863715803,33.52785598763843,,,P_local_mm,X
1999-07-01,1999.5416666666667,36.5645017909,33.601976838444045,,,P_local_mm,X
1999-08-01,1999.625,156.860615297,33.68344757710085,,,P_local_mm,X
1999-09-01,1999.7083333333333,195.8328123,33.7726580300826,,,P_local_mm,X
1999-10-01,1999.7916666666667,28.2290747375,33.86991836564865,,,P_local_mm,X
1999-11-01,1999.875,2.4585091400000003,33.97604884333038,,,P_local_mm,X
1999-12-01,1999.9583333333333,9.533494024151,34.09191314410147,,,P_local_mm,X
2000-01-01,2000.0416666666667,0.42367297218,34.21818803911081,,,P_local_mm,X
2000-02-01,2000.125,30.811017885721004,34.354878584184526,,,P_local_mm,X
2000-03-01,2000.2083333333333,0.336232826,34.5013284521719,,,P_local_mm,X
2000-04-01,2000.2916666666667,22.59845059286,34.65605520872426,,,P_local_mm,X
2000-05-01,2000.375,31.647622659108,34.81720024615215,,,P_local_mm,X
2000-06-01,2000.4583333333333,612.66826414503,34.982965779674494,,,P_local_mm,X
2000-07-01,2000.5416666666667,67.243010541,35.15171474651288,,,P_local_mm,X
2000-08-01,2000.625,35.0783842552,35.32207188053251,,,P_local_mm,X
2000-09-01,2000.7083333333333,190.22423642545,35.49345502605348,,,P_local_mm,X
2000-10-01,2000.7916666666667,4.3301516069,35.66592223121859,,,P_local_mm,X
2000-11-01,2000.875,73.57209992963,35.83979066897281,,,P_local_mm,X
2000-12-01,2000.9583333333333,1.1181799787693,36.01528943403602,,,P_local_mm,X
2001-01-01,2001.0416666666667,5.7993302051113,36.19231949323379,,,P_local_mm,X
2001-02-01,2001.125,0.00916619034,36.37052364870434,,,P_local_mm,X
2001-03-01,2001.2083333333333,25.064224171000003,36.54934040901508,,,P_local_mm,X
2001-04-01,2001.2916666666667,36.090128694371,36.72790769732736,,,P_local_mm,X
2001-05-01,2001.375,197.0121174908,36.90499361891706,,,P_local_mm,X
2001-06-01,2001.4583333333333,40.1145999245,37.079419663824666,,,P_local_mm,X
2001-07-01,2001.5416666666667,458.8044734445,37.25023576693791,,,P_local_mm,X
2001-08-01,2001.625,183.553500215,37.41729937803844,,,P_local_mm,X
2001-09-01,2001.7083333333333,8.68374815,37.58089222263293,,,P_local_mm,X
2001-10-01,2001.7916666666667,14.3429402532,37.74229930929202,,,P_local_mm,X
2001-11-01,2001.875,14.467094541,37.90314822307633,,,P_local_mm,X
2001-12-01,2001.9583333333333,5.510125620135,38.06526600108264,,,P_local_mm,X
2002-01-01,2002.0416666666667,13.111009331538002,38.22982340439623,,,P_local_mm,X
2002-02-01,2002.125,0.4088661267452,38.397281091595154,,,P_local_mm,X
2002-03-01,2002.2083333333333,11.97921975,38.56741302928485,,,P_local_mm,X
2002-04-01,2002.2916666666667,18.6370267460467,38.73947052617291,,,P_local_mm,X
2002-05-01,2002.375,288.05434231555,38.91217619870175,,,P_local_mm,X
2002-06-01,2002.4583333333333,268.90355587392,39.08404186181966,,,P_local_mm,X
2002-07-01,2002.5416666666667,145.6731087928,39.25401757305151,,,P_local_mm,X
2002-08-01,2002.625,266.254203931,39.4215365809171,,,P_local_mm,X
2002-09-01,2002.7083333333333,87.21472226201,39.5865090983228,,,P_local_mm,X
2002-10-01,2002.7916666666667,46.4985265737,39.74889499161031,,,P_local_mm,X
2002-11-01,2002.875,12.52122590333,39.90820111139157,,,P_local_mm,X
2002-12-01,2002.9583333333333,20.3972049951434,40.06403064574688,,,P_local_mm,X
2003-01-01,2003.0416666666667,38.35336143625,40.215894684374234,,,P_local_mm,X
2003-02-01,2003.125,1.98051777,40.363033814159586,,,P_local_mm,X
2003-03-01,2003.2083333333333,4.8360680061,40.50425150145835,,,P_local_mm,X
2003-04-01,2003.2916666666667,0.51795499,40.63826907237212,,,P_local_mm,X
2003-05-01,2003.375,119.449795710225,40.763832094198406,,,P_local_mm,X
2003-06-01,2003.4583333333333,165.89032042562,40.880544510335824,,,P_local_mm,X
2003-07-01,2003.5416666666667,82.20338053541,40.98875430382886,,,P_local_mm,X
2003-08-01,2003.625,7.561515675700001,41.08958547846851,,,P_local_mm,X
2003-09-01,2003.7083333333333,90.7306308945,41.18426820028352,,,P_local_mm,X
2003-10-01,2003.7916666666667,11.608103927,41.27394626053265,,,P_local_mm,X
2003-11-01,2003.875,68.39907254239999,41.35969943791628,,,P_local_mm,X
2003-12-01,2003.9583333333333,11.8302860059338,41.44212678423712,,,P_local_mm,X
2004-01-01,2004.0416666666667,5.2412281858396,41.52111739696838,,,P_local_mm,X
2004-02-01,2004.125,17.45802054217,41.59610251578665,,,P_local_mm,X
2004-03-01,2004.2083333333333,32.4790776301,41.66623293149969,,,P_local_mm,X
2004-04-01,2004.2916666666667,74.56917426994,41.73022649910635,,,P_local_mm,X
2004-05-01,2004.375,19.40052866501,41.78628205482283,,,P_local_mm,X
2004-06-01,2004.4583333333333,80.01229074849,41.832128996496465,,,P_local_mm,X
2004-07-01,2004.5416666666667,77.62233440404,41.86595875626536,,,P_local_mm,X
2004-08-01,2004.625,52.79311719681,41.887017131675826,,,P_local_mm,X
2004-09-01,2004.7083333333333,111.4250977252,41.894916204997024,,,P_local_mm,X
2004-10-01,2004.7916666666667,52.852913752,41.89040797116605,,,P_local_mm,X
2004-11-01,2004.875,80.7492802867,41.87512792844031,,,P_local_mm,X
2004-12-01,2004.9583333333333,11.98964581983,41.85069745775301,,,P_local_mm,X
2005-01-01,2005.0416666666667,35.0974778741,41.81824930955271,,,P_local_mm,X
2005-02-01,2005.125,1.612403564328,41.77833790343232,,,P_local_mm,X
2005-03-01,2005.2083333333333,58.02907420334,41.7309404790005,,,P_local_mm,X
2005-04-01,2005.2916666666667,27.65979396291,41.675654414430625,,,P_local_mm,X
2005-05-01,2005.375,218.908933992,41.61150436523318,,,P_local_mm,X
2005-06-01,2005.4583333333333,443.17329233139,41.53720810974132,,,P_local_mm,X
2005-07-01,2005.5416666666667,69.8588187602,41.45175325820416,,,P_local_mm,X
2005-08-01,2005.625,416.0342741467,41.35495070034096,,,P_local_mm,X
2005-09-01,2005.7083333333333,47.8045528322,41.24705261822208,,,P_local_mm,X
2005-10-01,2005.7916666666667,20.214488088,41.12831418120925,,,P_local_mm,X
2005-11-01,2005.875,24.902299164,40.99922338965828,,,P_local_mm,X
2005-12-01,2005.9583333333333,6.4055826718,40.86030671803053,,,P_local_mm,X
2006-01-01,2006.0416666666667,16.7592370231,40.71256997126863,,,P_local_mm,X
2006-02-01,2006.125,17.714935744679202,40.55692318131314,,,P_local_mm,X
2006-03-01,2006.2083333333333,0.58158535,40.39388984687151,,,P_local_mm,X
2006-04-01,2006.2916666666667,26.3421772991,40.223572514626746,,,P_local_mm,X
2006-05-01,2006.375,50.19951158861,40.04578676246167,,,P_local_mm,X
2006-06-01,2006.4583333333333,166.5841488305655,39.8603700725783,,,P_local_mm,X
2006-07-01,2006.5416666666667,468.69814816004,39.66755223277234,,,P_local_mm,X
2006-08-01,2006.625,132.494091532129,39.46819607155465,,,P_local_mm,X
2006-09-01,2006.7083333333333,64.47621666625,39.26390555403579,,,P_local_mm,X
2006-10-01,2006.7916666666667,117.7519308043,39.05724944196382,,,P_local_mm,X
2006-11-01,2006.875,5.89748143028,38.85049729732042,,,P_local_mm,X
2006-12-01,2006.9583333333333,6.325013864771,38.64526575490509,,,P_local_mm,X
2007-01-01,2007.0416666666667,0.7736502118999999,38.44268301288789,,,P_local_mm,X
2007-02-01,2007.125,30.19540838378,38.243361188097055,,,P_local_mm,X
2007-03-01,2007.2083333333333,18.54010376,38.047540487173315,,,P_local_mm,X
2007-04-01,2007.2916666666667,41.06836932193001,37.85484605626139,,,P_local_mm,X
2007-05-01,2007.375,38.200666907750005,37.66433047623801,,,P_local_mm,X
2007-06-01,2007.4583333333333,197.242536069219,37.47491044063202,,,P_local_mm,X
2007-07-01,2007.5416666666667,197.3441006526,37.286016957620035,,,P_local_mm,X
2007-08-01,2007.625,38.8147300444,37.09723861186191,,,P_local_mm,X
2007-09-01,2007.7083333333333,0.208125189,36.90859047503488,,,P_local_mm,X
2007-10-01,2007.7916666666667,7.44418679491083,36.72043450639909,,,P_local_mm,X
2007-11-01,2007.875,11.2268335,36.53354988949816,,,P_local_mm,X
2007-12-01,2007.9583333333333,18.2536130114,36.34916705363423,,,P_local_mm,X
2008-01-01,2008.0416666666667,5.0441371993,36.168382049314815,,,P_local_mm,X
2008-02-01,2008.125,17.66714527651,35.99236253228103,,,P_local_mm,X
2008-03-01,2008.2083333333333,14.225417902857,35.82205970827082,,,P_local_mm,X
2008-04-01,2008.2916666666667,41.3080505414,35.657807881220634,,,P_local_mm,X
2008-05-01,2008.375,420.778012488721,35.49905376718363,,,P_local_mm,X
2008-06-01,2008.4583333333333,163.235422677,35.344625857864166,,,P_local_mm,X
2008-07-01,2008.5416666666667,68.4542534925,35.19424101783008,,,P_local_mm,X
2008-08-01,2008.625,247.622553677,35.04859068023988,,,P_local_mm,X
2008-09-01,2008.7083333333333,13.79969776,34.90874873332857,,,P_local_mm,X
2008-10-01,2008.7916666666667,12.27154485264,34.776011919902146,,,P_local_mm,X
2008-11-01,2008.875,0.0543472771157,34.65217361576903,,,P_local_mm,X
2008-12-01,2008.9583333333333,3.1444971203680003,34.538652495177196,,,P_local_mm,X
2009-01-01,2009.0416666666667,13.1976687610273,34.436648278964405,,,P_local_mm,X
2009-02-01,2009.125,17.38011324342,34.34678136410978,,,P_local_mm,X
2009-03-01,2009.2083333333333,7.008040693672,34.26899523215915,,,P_local_mm,X
2009-04-01,2009.2916666666667,0.06094004621,34.20268117356784,,,P_local_mm,X
2009-05-01,2009.375,67.38010074,34.14674613571393,,,P_local_mm,X
2009-06-01,2009.4583333333333,174.96006610743322,34.100122818340935,,,P_local_mm,X
2009-07-01,2009.5416666666667,32.9724724741,34.06183883297038,,,P_local_mm,X
2009-08-01,2009.625,191.40008609,34.031428998134615,,,P_local_mm,X
2009-09-01,2009.7083333333333,211.9062213945,34.00890389616957,,,P_local_mm,X
2009-10-01,2009.7916666666667,30.9013181942,33.99437045736789,,,P_local_mm,X
2009-11-01,2009.875,25.66149470633,33.98851354409613,,,P_local_mm,X
2009-12-01,2009.9583333333333,0.878818496446,33.991967806652404,,,P_local_mm,X
2010-01-01,2010.0416666666667,3.42884468944,34.005344053993845,,,P_local_mm,X
2010-02-01,2010.125,1.3042089461600002,34.02881635494265,,,P_local_mm,X
2010-03-01,2010.2083333333333,0.0,34.06207603440278,,,P_local_mm,X
2010-04-01,2010.2916666666667,5.01743671247,34.10429021893725,,,P_local_mm,X
2010-05-01,2010.375,53.366066622557,34.15453403261156,,,P_local_mm,X
2010-06-01,2010.4583333333333,150.2137624504,34.2117358965419,,,P_local_mm,X
2010-07-01,2010.5416666666667,48.938707171,34.27486027667237,,,P_local_mm,X
2010-08-01,2010.625,21.5172516645,34.34287538250732,,,P_local_mm,X
2010-09-01,2010.7083333333333,5.19013018653,34.41552634518998,,,P_local_mm,X
2010-10-01,2010.7916666666667,22.8572218684,34.49308814927525,,,P_local_mm,X
2010-11-01,2010.875,49.096534887,34.57661266000853,,,P_local_mm,X
2010-12-01,2010.9583333333333,25.84736616225,34.6675663633834,,,P_local_mm,X
2011-01-01,2011.0416666666667,17.29511900576,34.767034375876165,,,P_local_mm,X
2011-02-01,2011.125,22.039987777251,34.87535905887867,,,P_local_mm,X
2011-03-01,2011.2083333333333,12.278215402323,34.99222022381156,,,P_local_mm,X
2011-04-01,2011.2916666666667,35.8721834531,35.116569978629386,,,P_local_mm,X
2011-05-01,2011.375,8.201720094183,35.246588736034504,,,P_local_mm,X
2011-06-01,2011.4583333333333,102.5274814818314,35.38023572017536,,,P_local_mm,X
2011-07-01,2011.5416666666667,66.02830402142,35.51599682075911,,,P_local_mm,X
2011-08-01,2011.625,146.4900576384,35.65312487058158,,,P_local_mm,X
2011-09-01,2011.7083333333333,19.9499318059,35.79117564281599,,,P_local_mm,X
2011-10-01,2011.7916666666667,14.70359724758,35.93000652966572,,,P_local_mm,X
2011-11-01,2011.875,15.191340699014,36.06963115976262,,,P_local_mm,X
2011-12-01,2011.9583333333333,1.49315559238,36.210683513617056,,,P_local_mm,X
2012-01-01,2012.0416666666667,24.9329908106508,36.353508143102644,,,P_local_mm,X
2012-02-01,2012.125,4.9435508606821,36.497972648329856,,,P_local_mm,X
2012-03-01,2012.2083333333333,1.9420933466,36.64335041397531,,,P_local_mm,X
2012-04-01,2012.2916666666667,32.353680204279,36.788669684371456,,,P_local_mm,X
2012-05-01,2012.375,138.561105275,36.932718604946224,,,P_local_mm,X
2012-06-01,2012.4583333333333,225.073719281211,37.07455730868911,,,P_local_mm,X
2012-07-01,2012.5416666666667,28.2147827935,37.21380221829578,,,P_local_mm,X
2012-08-01,2012.625,48.2555734376,37.35095649393351,,,P_local_mm,X
2012-09-01,2012.7083333333333,4.45008405813,37.487277860197295,,,P_local_mm,X
2012-10-01,2012.7916666666667,65.32037399412,37.62446277992402,,,P_local_mm,X
2012-11-01,2012.875,12.067039141,37.76412768571782,,,P_local_mm,X
2012-12-01,2012.9583333333333,75.273944590643,37.90755592555955,,,P_local_mm,X
2013-01-01,2013.0416666666667,14.376159037447,38.0554408478375,,,P_local_mm,X
2013-02-01,2013.125,21.49602791214,38.207740511229574,,,P_local_mm,X
2013-03-01,2013.2083333333333,0.61440343,38.36379800594753,,,P_local_mm,X
2013-04-01,2013.2916666666667,9.65861619776,38.52238889772994,,,P_local_mm,X
2013-05-01,2013.375,168.50213475289002,38.681848907448845,,,P_local_mm,X
2013-06-01,2013.4583333333333,80.731888769898,38.84048667641146,,,P_local_mm,X
2013-07-01,2013.5416666666667,29.03030770963,38.99678738381785,,,P_local_mm,X
2013-08-01,2013.625,99.8991215144,39.15014854123432,,,P_local_mm,X
2013-09-01,2013.7083333333333,78.7568248525,39.30092442729254,,,P_local_mm,X
2013-10-01,2013.7916666666667,11.86483943,39.44974189417135,,,P_local_mm,X
2013-11-01,2013.875,9.329608071904,39.59766913860061,,,P_local_mm,X
2013-12-01,2013.9583333333333,5.25271374201,39.745943808729876,,,P_local_mm,X
2014-01-01,2014.0416666666667,20.13350974576,39.89533695607725,,,P_local_mm,X
2014-02-01,2014.125,38.1244701928464,40.046058892615,,,P_local_mm,X
2014-03-01,2014.2083333333333,5.9298237483,40.1976954191666,,,P_local_mm,X
2014-04-01,2014.2916666666667,25.641550033504,40.3492263297239,,,P_local_mm,X
2014-05-01,2014.375,100.38581239977,40.49898696803345,,,P_local_mm,X
2014-06-01,2014.4583333333333,114.959160803,40.64480927007771,,,P_local_mm,X
2014-07-01,2014.5416666666667,94.384094447,40.784956421858496,,,P_local_mm,X
2014-08-01,2014.625,51.526395707,40.91844228721918,,,P_local_mm,X
2014-09-01,2014.7083333333333,114.5312640115,41.044240898718044,,,P_local_mm,X
2014-10-01,2014.7916666666667,16.395459080000002,41.16151523657686,,,P_local_mm,X
2014-11-01,2014.875,20.5709650857,41.26969355074064,,,P_local_mm,X
2014-12-01,2014.9583333333333,15.580878589935,41.368322491586014,,,P_local_mm,X
2015-01-01,2015.0416666666667,1.08250516502,41.45691268343651,,,P_local_mm,X
2015-02-01,2015.125,7.82098418184,41.53480978564425,,,P_local_mm,X
2015-03-01,2015.2083333333333,10.339023086869998,41.601216530836986,,,P_local_mm,X
2015-04-01,2015.2916666666667,1.06381745736,41.655047195553145,,,P_local_mm,X
2015-05-01,2015.375,6.6683550845,41.61244049083096,,,P_local_mm,X
2015-06-01,2015.4583333333333,9.574824783218,41.53805603307337,,,P_local_mm,X
2015-07-01,2015.5416666666667,195.649924805,41.43613600411126,,,P_local_mm,X
2015-08-01,2015.625,240.4857449489,41.31190997476639,,,P_local_mm,X
2015-09-01,2015.7083333333333,106.3848062101,41.17023222813169,,,P_local_mm,X
2015-10-01,2015.7916666666667,127.049449248,41.0151288672606,,,P_local_mm,X
2015-11-01,2015.875,23.314963353000003,40.84969260340957,,,P_local_mm,X
2015-12-01,2015.9583333333333,2.11106607394,40.67620409797259,,,P_local_mm,X
2016-01-01,2016.0416666666667,12.53787444485,40.496385287441406,,,P_local_mm,X
2016-02-01,2016.125,0.438773362,40.31156986620832,,,P_local_mm,X
2016-03-01,2016.2083333333333,0.18268833,40.12280437613953,,,P_local_mm,X
2016-04-01,2016.2916666666667,372.242190679666,39.93093454541333,,,P_local_mm,X
2016-05-01,2016.375,108.699412181079,39.73665588721551,,,P_local_mm,X
2016-06-01,2016.4583333333333,103.4833908992247,39.54051309281764,,,P_local_mm,X
2016-07-01,2016.5416666666667,166.64659835839998,39.34288629665315,,,P_local_mm,X
2016-08-01,2016.625,51.7295324452,39.14401908369381,,,P_local_mm,X
2016-09-01,2016.7083333333333,2.937864256275,38.94405337200685,,,P_local_mm,X
2016-10-01,2016.7916666666667,64.71236614347771,38.74309149882078,,,P_local_mm,X
2016-11-01,2016.875,8.4825705013,38.54123361399674,,,P_local_mm,X
2016-12-01,2016.9583333333333,30.61829881161,38.33855610273371,,,P_local_mm,X
2017-01-01,2017.0416666666667,1.764503879017,38.13513693125854,,,P_local_mm,X
2017-02-01,2017.125,31.9448727542415,37.93105430094383,,,P_local_mm,X
2017-03-01,2017.2083333333333,7.0547113754579,37.72639438390463,,,P_local_mm,X
2017-04-01,2017.2916666666667,63.14970370461,37.521240208334135,,,P_local_mm,X
2017-05-01,2017.375,102.6398257694564,37.315672881041976,,,P_local_mm,X
2017-06-01,2017.4583333333333,101.132255627204,37.10973945784011,,,P_local_mm,X
2017-07-01,2017.5416666666667,60.1703334175,36.90343245913756,,,P_local_mm,X
2017-08-01,2017.625,84.8650592993,36.69669667228834,,,P_local_mm,X
2017-09-01,2017.7083333333333,56.5585657142,36.48944863296183,,,P_local_mm,X
2017-10-01,2017.7916666666667,57.11387144,36.281575409135115,,,P_local_mm,X
2017-11-01,2017.875,18.9843215547,36.07294742211788,,,P_local_mm,X
2017-12-01,2017.9583333333333,3.427100810628,35.86342767677397,,,P_local_mm,X
2018-01-01,2018.0416666666667,17.96176493235,35.652893880675975,,,P_local_mm,X
2018-02-01,2018.125,5.7798319217,35.441247758684945,,,P_local_mm,X
2018-03-01,2018.2083333333333,2.046523128,35.228409578851334,,,P_local_mm,X
2018-04-01,2018.2916666666667,28.6774342441,35.01432154929656,,,P_local_mm,X
2018-05-01,2018.375,47.8338460646,34.79894632507683,,,P_local_mm,X
2018-06-01,2018.4583333333333,68.30873055939101,34.582250426411754,,,P_local_mm,X
2018-07-01,2018.5416666666667,96.09748854716,34.364187948029176,,,P_local_mm,X
2018-08-01,2018.625,35.816546688,34.144685435811496,,,P_local_mm,X
2018-09-01,2018.7083333333333,141.52369218439998,33.92363643151502,,,P_local_mm,X
2018-10-01,2018.7916666666667,81.40442030913,33.70091951504966,,,P_local_mm,X
2018-11-01,2018.875,20.5611639243,33.476373933742366,,,P_local_mm,X
2018-12-01,2018.9583333333333,25.47291346781,33.24981202262591,,,P_local_mm,X
2019-01-01,2019.0416666666667,5.6670221233,33.02105415449672,,,P_local_mm,X
2019-02-01,2019.125,7.26429051781,32.789936314911536,,,P_local_mm,X
2019-03-01,2019.2083333333333,1.823017147,32.55631962566354,,,P_local_mm,X
2019-04-01,2019.2916666666667,3.6838350256817,32.32009227395498,,,P_local_mm,X
2019-05-01,2019.375,66.34372533619,32.08117131062487,,,P_local_mm,X
2019-06-01,2019.4583333333333,92.811897605,31.839492490662316,,,P_local_mm,X
2019-07-01,2019.5416666666667,20.420280545,31.59496968836937,,,P_local_mm,X
2019-08-01,2019.625,13.302320883799998,31.347483671007133,,,P_local_mm,X
2019-09-01,2019.7083333333333,22.8407749285,31.096920388986863,,,P_local_mm,X
2019-10-01,2019.7916666666667,15.328923277,30.84318348773684,,,P_local_mm,X
2019-11-01,2019.875,3.353470494,30.586190092442127,,,P_local_mm,X
2019-12-01,2019.9583333333333,5.622991803300001,30.325875568664532,,,P_local_mm,X
2020-01-01,2020.0416666666667,15.580000135311002,30.06220142150597,,,P_local_mm,X
2020-02-01,2020.125,0.0956747655999999,29.795153624717457,,,P_local_mm,X
2020-03-01,2020.2083333333333,0.0,29.524737794985516,,,P_local_mm,X
1980-01-01,1980.0416666666667,-5.646268738483601,-4.2869587692053175,-13.8771666388454,6.620655395780013,P_local_mm,a
1980-02-01,1980.125,15.261769628897827,-4.287831974454616,-13.767413535273596,6.420019624431217,P_local_mm,a
1980-03-01,1980.2083333333333,-10.724866610680994,-4.287890693724841,-13.658180036630062,6.2198974758129175,P_local_mm,a
1980-04-01,1980.2916666666667,250.59488195104404,-4.2871466907447315,-13.585698779931754,6.051357745747855,P_local_mm,a
1980-05-01,1980.375,169.0198665590836,-4.285611231339192,-13.558079332025153,5.883499021400588,P_local_mm,a
1980-06-01,1980.4583333333333,-6.934506537887984,-4.283294955128585,-13.529165286301383,5.7154521651712376,P_local_mm,a
1980-07-01,1980.5416666666667,48.41742471936003,-4.280208789225557,-13.499025754813017,5.547231905872806,P_local_mm,a
1980-08-01,1980.625,-99.54307252805197,-4.2763702518843845,-13.402245944176032,5.378843550496645,P_local_mm,a
1980-09-01,1980.7083333333333,16.185382934642746,-4.2718291958973245,-13.293464575612541,5.213272989160723,P_local_mm,a
1980-10-01,1980.7916666666667,-23.229619937227927,-4.266647977101882,-13.1845190284856,5.0495779169253385,P_local_mm,a
1980-11-01,1980.875,-6.060937418535186,-4.260904118525202,-13.076838390786666,4.885823731732185,P_local_mm,a
1980-12-01,1980.9583333333333,1.499634457210373,-4.254667034796405,-12.971683282115725,4.722071406950736,P_local_mm,a
1981-01-01,1981.0416666666667,-7.7387304018416,-4.248004353589083,-12.807337495562143,4.558380141375447,P_local_mm,a
1981-02-01,1981.125,2.6787269878878295,-4.240989483904059,-12.643313410137107,4.46759999989357,P_local_mm,a
1981-03-01,1981.2083333333333,-7.099891920740995,-4.233697828692139,-12.510819952458574,4.37804632462642,P_local_mm,a
1981-04-01,1981.2916666666667,-12.562877818566651,-4.226211357567622,-12.391289760680326,4.287913832602649,P_local_mm,a
1981-05-01,1981.375,217.7407540364336,-4.218612013929112,-12.246368336847777,4.197203379416522,P_local_mm,a
1981-06-01,1981.4583333333333,-126.54444389898669,-4.210977183128164,-12.071073174589573,4.105916290987804,P_local_mm,a
1981-07-01,1981.5416666666667,-54.35322196163999,-4.203384806412472,-11.896535021055424,4.014045694062582,P_local_mm,a
1981-08-01,1981.625,8.746479581248039,-4.195909855583246,-11.722741242809668,3.9215825814715113,P_local_mm,a
1981-09-01,1981.7083333333333,-6.936484959857253,-4.18861109631406,-11.54969478887365,3.817010923396564,P_local_mm,a
1981-10-01,1981.7916666666667,-30.24422090649543,-4.181552644828347,-11.377409363737547,3.695264106131535,P_local_mm,a
1981-11-01,1981.875,-14.272094334335186,-4.174796462027059,-11.240113456821334,3.569983023747848,P_local_mm,a
1981-12-01,1981.9583333333333,-10.418448915525126,-4.168387227663124,-11.126682309700278,3.351821014813778,P_local_mm,a
1982-01-01,1982.0416666666667,-12.502245572710601,-4.162357520749042,-11.013900597798479,3.234685303582365,P_local_mm,a
1982-02-01,1982.125,-10.86819323482957,-4.156731703969736,-10.903878475419313,3.0950392213559037,P_local_mm,a
1982-03-01,1982.2083333333333,18.265757920689005,-4.1515248733328525,-10.79650731864675,2.9792842088628313,P_local_mm,a
1982-04-01,1982.2916666666667,-30.837587534304653,-4.146748073749413,-10.689916565266596,2.9070639598494172,P_local_mm,a
1982-05-01,1982.375,129.91937705194363,-4.142421112048459,-10.584171238192962,2.830630670236307,P_local_mm,a
1982-06-01,1982.4583333333333,536.9572768318828,-4.13854995531145,-10.479331253412965,2.667252117926098,P_local_mm,a
1982-07-01,1982.5416666666667,232.98207322586,-4.135133687401734,-10.375446660857294,2.505724021884154,P_local_mm,a
1982-08-01,1982.625,120.47054816444805,-4.132167967855364,-10.255388675982752,2.3498027798607612,P_local_mm,a
1982-09-01,1982.7083333333333,238.03561182555705,-4.1296445348528446,-10.091212561019299,2.194521527769105,P_local_mm,a
1982-10-01,1982.7916666666667,57.78648519527207,-4.1275506213431425,-9.92815318292391,2.0398865360148513,P_local_mm,a
1982-11-01,1982.875,-12.244587675635186,-4.125874931767813,-9.76616520567018,1.8859115771177493,P_local_mm,a
1982-12-01,1982.9583333333333,-1.3979522375451268,-4.1246267509124115,-9.614016677585658,1.7326132453232816,P_local_mm,a
1983-01-01,1983.0416666666667,11.8744553013864,-4.123813429125703,-9.465099648905566,1.580000187069052,P_local_mm,a
1983-02-01,1983.125,2.6647543976078296,-4.123442432888054,-9.316492001016474,1.4886010322685148,P_local_mm,a
1983-03-01,1983.2083333333333,-7.654043633080995,-4.123532504147199,-9.181258358087954,1.5068822650545501,P_local_mm,a
1983-04-01,1983.2916666666667,1.378551027687351,-4.124108294760879,-9.062558032540906,1.5256848159337222,P_local_mm,a
1983-05-01,1983.375,-33.051385757836385,-4.125192191297372,-9.016242297709981,1.5450830002916567,P_local_mm,a
1983-06-01,1983.4583333333333,-11.42727288497727,-4.126803075169696,-9.065034185772122,1.535505125716408,P_local_mm,a
1983-07-01,1983.5416666666667,102.11618111739402,-4.1289345415601515,-9.181875479869527,1.4347923025118248,P_local_mm,a
1983-08-01,1983.625,-10.104951530381953,-4.131560833112686,-9.297394102446843,1.3341452752671654,P_local_mm,a
1983-09-01,1983.7083333333333,-17.97713000685725,-4.134644839690201,-9.411498345235024,1.233574548489746,P_local_mm,a
1983-10-01,1983.7916666666667,-25.264348171127928,-4.1381264942525915,-9.518306836560713,1.1330782717624561,P_local_mm,a
1983-11-01,1983.875,-24.698398449335187,-4.141905329917759,-9.451697426204722,1.032628149629195,P_local_mm,a
1983-12-01,1983.9583333333333,-13.793505491314127,-4.145822008047902,-9.333607123292452,0.932152070857544,P_local_mm,a
1984-01-01,1984.0416666666667,-0.8562061008135995,-4.14964460217572,-9.296614777244386,0.8825539281668465,P_local_mm,a
1984-02-01,1984.125,-11.863469560945921,-4.15306463779538,-9.236779300357291,0.9215539926276598,P_local_mm,a
1984-03-01,1984.2083333333333,25.765984632459002,-4.155692577921142,-9.215747544529238,0.9006043919265877,P_local_mm,a
1984-04-01,1984.2916666666667,-0.985922443674653,-4.157038096116363,-9.193993627975008,0.8927096762163473,P_local_mm,a
1984-05-01,1984.375,88.29242603100363,-4.156522351864145,-9.171802416167665,0.8556637693868562,P_local_mm,a
1984-06-01,1984.4583333333333,-10.844042271051336,-4.1534410668321735,-9.15456952999249,0.8210445597474308,P_local_mm,a
1984-07-01,1984.5416666666667,384.52409656636,-4.146943876155024,-9.134869037244671,0.7731875093623272,P_local_mm,a
1984-08-01,1984.625,-43.18894511595197,-4.135998289991825,-9.109679339058925,0.7619274367730312,P_local_mm,a
1984-09-01,1984.7083333333333,81.76311784404274,-4.1193932324851525,-9.08757189751193,0.7451727045975278,P_local_mm,a
1984-10-01,1984.7916666666667,22.076964927192073,-4.095783065866848,-9.114542828669723,0.7931582787596547,P_local_mm,a
1984-11-01,1984.875,10.948328990364818,-4.063943487736048,-9.140961290653355,0.8418717283555174,P_local_mm,a
1984-12-01,1984.9583333333333,-13.659077068045127,-4.023167247715473,-9.175110770707823,0.8843536323234686,P_local_mm,a
1985-01-01,1985.0416666666667,4.4547875014564,-4.032285522012934,-9.165199292658562,0.8666888519555705,P_local_mm,a
1985-02-01,1985.125,-11.52911585771217,-4.042726219385743,-9.19162162050799,0.8435489752831715,P_local_mm,a
1985-03-01,1985.2083333333333,4.484416167279004,-4.05470374416825,-9.230538101710339,0.8359080611885938,P_local_mm,a
1985-04-01,1985.2916666666667,-22.86987589918165,-4.06824423024647,-9.243398656308283,0.8887056370068657,P_local_mm,a
1985-05-01,1985.375,-41.888122175356386,-4.083217192931116,-9.241567983407698,0.936847624284462,P_local_mm,a
1985-06-01,1985.4583333333333,-109.61509190872329,-4.099710138237151,-9.233679266263936,0.9797715269627514,P_local_mm,a
1985-07-01,1985.5416666666667,3.5433362380906317,-4.118126474503701,-9.219699405129083,1.0177561729165086,P_local_mm,a
1985-08-01,1985.625,-108.22957636464196,-4.138976149075315,-9.199614675441529,0.9916314907180267,P_local_mm,a
1985-09-01,1985.7083333333333,32.06248970064274,-4.162661328043195,-9.174445775218357,0.9070277518421915,P_local_mm,a
1985-10-01,1985.7916666666667,69.20828167177208,-4.189370387696405,-9.256049024530032,0.9569338788188033,P_local_mm,a
1985-11-01,1985.875,-5.079344938335186,-4.218848521436643,-9.216185297922955,1.0651075590988601,P_local_mm,a
1985-12-01,1985.9583333333333,-11.944018527835127,-4.250979842381606,-9.162279743008982,1.092370144843943,P_local_mm,a
1986-01-01,1986.0416666666667,-10.8601032863436,-4.285650046468592,-9.134359959301799,1.1326658558008702,P_local_mm,a
1986-02-01,1986.125,3.789276059087829,-4.322410595220114,-9.15638544962549,1.216615185274637,P_local_mm,a
1986-03-01,1986.2083333333333,-9.667477123100994,-4.360720774991797,-9.075258357306813,1.2976219751763023,P_local_mm,a
1986-04-01,1986.2916666666667,27.599028365100352,-4.400021630446222,-8.99485884165675,1.375305528734379,P_local_mm,a
1986-05-01,1986.375,199.55250860916362,-4.439738290575153,-8.961206650427176,1.4492532359985755,P_local_mm,a
1986-06-01,1986.4583333333333,298.1562546343227,-4.479152934388253,-8.934092113760975,1.5191102960840115,P_local_mm,a
1986-07-01,1986.5416666666667,-110.78325271648998,-4.51754663028028,-8.901013584392851,1.5522491116986001,P_local_mm,a
1986-08-01,1986.625,62.84429609518804,-4.554306147544385,-8.90487483503688,1.5785213740844726,P_local_mm,a
1986-09-01,1986.7083333333333,-37.28760018666725,-4.589085346534116,-8.907953652408905,1.5994590328724394,P_local_mm,a
1986-10-01,1986.7916666666667,10.159764893127068,-4.621542158787936,-8.86532389373003,1.5929208242846264,P_local_mm,a
1986-11-01,1986.875,-1.2983069868881856,-4.651242589254207,-8.815013605351156,1.564351240067329,P_local_mm,a
1986-12-01,1986.9583333333333,-10.990294162173226,-4.677928845191455,-8.836704282590398,1.5311001260051509,P_local_mm,a
1987-01-01,1987.0416666666667,-12.0547273356336,-4.701480194774759,-8.839893186567707,1.4940618454158388,P_local_mm,a
1987-02-01,1987.125,1.369490562682829,-4.721686848988326,-8.839522146432971,1.4543714772797678,P_local_mm,a
1987-03-01,1987.2083333333333,12.115689381389005,-4.738548526360309,-8.832949756879916,1.413054697464088,P_local_mm,a
1987-04-01,1987.2916666666667,-18.480601214710852,-4.752224901500057,-8.820751687163456,1.3710413919393865,P_local_mm,a
1987-05-01,1987.375,-20.774414661500785,-4.7628685970455615,-8.815297927879993,1.3290036594743713,P_local_mm,a
1987-06-01,1987.4583333333333,-77.52860655567729,-4.770785854743231,-8.843349799152405,1.3152374933195357,P_local_mm,a
1987-07-01,1987.5416666666667,485.70830020866,-4.776393504965069,-8.863994750964949,1.2992507098218709,P_local_mm,a
1987-08-01,1987.625,290.150622392748,-4.780133693329065,-8.877126614700796,1.278720815024846,P_local_mm,a
1987-09-01,1987.7083333333333,9.282306088020462,-4.782795893373738,-8.884815163759546,1.253942302244359,P_local_mm,a
1987-10-01,1987.7916666666667,31.20600039477207,-4.785415620766783,-8.886117502798507,1.2252918146322311,P_local_mm,a
1987-11-01,1987.875,-24.013391601792186,-4.788954410052858,-8.91039991429333,1.1933844019214668,P_local_mm,a
1987-12-01,1987.9583333333333,1.9133263527948738,-4.7941606590922685,-8.946230351532579,1.1590060294075617,P_local_mm,a
1988-01-01,1988.0416666666667,-12.5091306987386,-4.801608386606273,-8.948632229075136,1.1509480167963024,P_local_mm,a
1988-02-01,1988.125,-9.384013574624971,-4.81176368811055,-8.941361386596197,1.2031452724383183,P_local_mm,a
1988-03-01,1988.2083333333333,-4.708068180933995,-4.824711074607042,-8.929730659149277,1.2324605624195195,P_local_mm,a
1988-04-01,1988.2916666666667,-29.566441595354654,-4.840236466144196,-8.973630682818262,1.2880348560056238,P_local_mm,a
1988-05-01,1988.375,-97.29224938853639,-4.858024028523593,-9.037843403818842,1.3122464665893283,P_local_mm,a
1988-06-01,1988.4583333333333,-138.12806880066728,-4.877552286182273,-9.095075924057616,1.2723808634788027,P_local_mm,a
1988-07-01,1988.5416666666667,-2.562819216139985,-4.898315394789179,-9.145355140097978,1.2445269219591428,P_local_mm,a
1988-08-01,1988.625,52.77266573394806,-4.919641499212421,-9.188841004353334,1.1818790252330822,P_local_mm,a
1988-09-01,1988.7083333333333,-46.698640663457255,-4.940931616122588,-9.225625929830297,1.1220989295488775,P_local_mm,a
1988-10-01,1988.7916666666667,-26.98488154772793,-4.961876799650936,-9.255876259733968,1.0610435216671847,P_local_mm,a
1988-11-01,1988.875,-6.169181009635185,-4.982435344852794,-9.279979986105195,1.0341836910445112,P_local_mm,a
1988-12-01,1988.9583333333333,-6.981892656385126,-5.002695550269211,-9.298433795110164,0.941833428394804,P_local_mm,a
1989-01-01,1989.0416666666667,1.1993716311864002,-5.022869326081539,-9.311661336322182,0.881257790356757,P_local_mm,a
1989-02-01,1989.125,-12.19297492988217,-5.043188952611294,-9.319936167348443,0.8365936134066894,P_local_mm,a
1989-03-01,1989.2083333333333,-10.425496789914694,-5.063966648151335,-9.323884264126375,0.8210110622724698,P_local_mm,a
1989-04-01,1989.2916666666667,-16.11722474495465,-5.085524760765046,-9.324384492442526,0.8311364656552854,P_local_mm,a
1989-05-01,1989.375,-74.26048346021639,-5.107829071062178,-9.322258831773976,0.8364780607305107,P_local_mm,a
1989-06-01,1989.4583333333333,-101.30560679309929,-5.130391820394495,-9.318212919272467,0.7407150563876901,P_local_mm,a
1989-07-01,1989.5416666666667,37.404189216360024,-5.152717367970464,-9.324149410862361,0.6399806800252923,P_local_mm,a
1989-08-01,1989.625,186.15793054344803,-5.174617808626494,-9.327617240046248,0.5360276974581463,P_local_mm,a
1989-09-01,1989.7083333333333,25.96799278244275,-5.1960798407228985,-9.33762643679918,0.44417638991240005,P_local_mm,a
1989-10-01,1989.7916666666667,-26.23272347051793,-5.217350230144562,-9.37724645823846,0.3761950200578214,P_local_mm,a
1989-11-01,1989.875,-21.325836658125187,-5.238536042239078,-9.430693845205303,0.3811474432932833,P_local_mm,a
1989-12-01,1989.9583333333333,-2.5725678009560067,-5.259496317889006,-9.444025330211815,0.4118630356863948,P_local_mm,a
1990-01-01,1990.0416666666667,-0.563354179316601,-5.2799526695943735,-9.495837230670752,0.4416291866754285,P_local_mm,a
1990-02-01,1990.125,-6.367116173649171,-5.299500076330041,-9.52991824718674,0.4700918203049641,P_local_mm,a
1990-03-01,1990.2083333333333,44.580647260319004,-5.317553731471014,-9.566675962775959,0.49681434853314627,P_local_mm,a
1990-04-01,1990.2916666666667,-17.90020543241465,-5.333509482798825,-9.540847256041667,0.521771050062792,P_local_mm,a
1990-05-01,1990.375,-69.00088801044498,-5.3467474517628855,-9.488206942842629,0.5448946225278278,P_local_mm,a
1990-06-01,1990.4583333333333,-117.14204685800988,-5.356584403890383,-9.446267043492474,0.56597148952347,P_local_mm,a
1990-07-01,1990.5416666666667,-75.16556635463999,-5.362719848283213,-9.460309685428827,0.5856450622269889,P_local_mm,a
1990-08-01,1990.625,-5.310457258551963,-5.3647563276792045,-9.48511229293314,0.6180533997516764,P_local_mm,a
1990-09-01,1990.7083333333333,52.965245037642745,-5.362166923364478,-9.519138186873892,0.6428453603368526,P_local_mm,a
1990-10-01,1990.7916666666667,-12.367045140127928,-5.354914986316866,-9.547423923146576,0.6591061161376317,P_local_mm,a
1990-11-01,1990.875,-10.270057519635184,-5.343180865539628,-9.56950317646389,0.6663432639457932,P_local_mm,a
1990-12-01,1990.9583333333333,21.95764560201487,-5.32712343313692,-9.584880863600175,0.6338146253678388,P_local_mm,a
1991-01-01,1991.0416666666667,-3.6654730143786,-5.307036532672852,-9.59320245232122,0.588051538905646,P_local_mm,a
1991-02-01,1991.125,-9.20360820703517,-5.283306225539605,-9.594576619941751,0.5358273211265615,P_local_mm,a
1991-03-01,1991.2083333333333,-10.417211824080995,-5.256420639162953,-9.58944725072545,0.47714918907315707,P_local_mm,a
1991-04-01,1991.2916666666667,53.42810060734534,-5.226933807154232,-9.578365702883854,0.4225224551334173,P_local_mm,a
1991-05-01,1991.375,195.44093791394363,-5.195477964845589,-9.561907175366622,0.35310033101834554,P_local_mm,a
1991-06-01,1991.4583333333333,-13.743766725837276,-5.162532934442647,-9.530652599023016,0.2781941185225388,P_local_mm,a
1991-07-01,1991.5416666666667,158.64806286483002,-5.128568329000539,-9.46476705516354,0.19791915316841235,P_local_mm,a
1991-08-01,1991.625,-110.28389577445196,-5.094076128910442,-9.407785944906157,0.10668639591656648,P_local_mm,a
1991-09-01,1991.7083333333333,87.81003617876874,-5.05957458325335,-9.388205265901394,0.07447041554313845,P_local_mm,a
1991-10-01,1991.7916666666667,0.32510845846636727,-5.025535862763153,-9.365417658067297,0.024846646211337173,P_local_mm,a
1991-11-01,1991.875,-7.497928129835184,-4.992891161204465,-9.339861957383736,-0.06009802614906974,P_local_mm,a
1991-12-01,1991.9583333333333,57.50018506385488,-4.9625996246117055,-9.309680984419611,-0.1299032399157009,P_local_mm,a
1992-01-01,1992.0416666666667,-12.54598037726979,-4.935518312239726,-9.3674601680499,-0.08773872095605612,P_local_mm,a
1992-02-01,1992.125,0.5887119610874283,-4.912352087537572,-9.443055258291523,-0.04563764755435519,P_local_mm,a
1992-03-01,1992.2083333333333,-6.447294196080995,-4.893674500313469,-9.55928978867906,-0.06559454455836321,P_local_mm,a
1992-04-01,1992.2916666666667,79.37405346163195,-4.87981090754836,-9.586910338646232,-0.03962533471646147,P_local_mm,a
1992-05-01,1992.375,171.65663505616362,-4.87077118058291,-9.618248943312254,0.029241317214389134,P_local_mm,a
1992-06-01,1992.4583333333333,83.18231409866272,-4.866674702814027,-9.644440544261387,0.07672216166822336,P_local_mm,a
1992-07-01,1992.5416666666667,-69.71065193863998,-4.8676184633507615,-9.71051759947853,0.07507483629856951,P_local_mm,a
1992-08-01,1992.625,-29.973380819551963,-4.874041138682587,-9.820444088633721,0.04749813431554153,P_local_mm,a
1992-09-01,1992.7083333333333,2.4361627246427418,-4.886693913489858,-9.937601121046852,-0.02337412648555331,P_local_mm,a
1992-10-01,1992.7916666666667,-24.57949426422793,-4.906230621640382,-10.067610858084183,-0.09896923176392261,P_local_mm,a
1992-11-01,1992.875,4.684046888364815,-4.932986576211078,-10.197935206100986,-0.09490465746612865,P_local_mm,a
1992-12-01,1992.9583333333333,-12.356482978895126,-4.96667325018701,-10.33539594638414,-0.08973542244458413,P_local_mm,a
1993-01-01,1993.0416666666667,3.5167562485563995,-5.00690829847084,-10.504506236597805,-0.15226031158003184,P_local_mm,a
1993-02-01,1993.125,1.7198348719278282,-5.05315205888198,-10.686419842627153,-0.22116183681141743,P_local_mm,a
1993-03-01,1993.2083333333333,-10.747665523080995,-5.104878399901107,-10.829402057068865,-0.2783384324281609,P_local_mm,a
1993-04-01,1993.2916666666667,90.81521188004535,-5.1613883168896555,-10.89431738028643,-0.3180923088928497,P_local_mm,a
1993-05-01,1993.375,171.2830635826636,-5.221878636208848,-10.955745335596644,-0.3660617357578849,P_local_mm,a
1993-06-01,1993.4583333333333,19.362300479022707,-5.285716717424657,-11.019779770551175,-0.38071639434610627,P_local_mm,a
1993-07-01,1993.5416666666667,-20.266694763915993,-5.352662174137677,-11.032750210502144,-0.3966764807624634,P_local_mm,a
1993-08-01,1993.625,-87.28972771945196,-5.422552259309624,-11.044402387074417,-0.4212564765705662,P_local_mm,a
1993-09-01,1993.7083333333333,-31.39576648505725,-5.495048326206519,-11.055551829639882,-0.4542207587687132,P_local_mm,a
1993-10-01,1993.7916666666667,-5.856978350727928,-5.569348859197122,-11.066269956721376,-0.49520422923767166,P_local_mm,a
1993-11-01,1993.875,-4.458719650635185,-5.644732142760586,-11.105314555139023,-0.5436954464402078,P_local_mm,a
1993-12-01,1993.9583333333333,5.380026438474873,-5.720913185704047,-11.160510420579786,-0.5781113145963699,P_local_mm,a
1994-01-01,1994.0416666666667,-12.4897363242526,-5.79774831047339,-11.21760878112298,-0.6024845329104205,P_local_mm,a
1994-02-01,1994.125,-4.25221445469117,-5.87493023631442,-11.276318442667412,-0.6262448685210159,P_local_mm,a
1994-03-01,1994.2083333333333,-4.191276554614745,-5.951862617297928,-11.336461133542766,-0.6499802611048762,P_local_mm,a
1994-04-01,1994.2916666666667,49.528599482982344,-6.027931526448673,-11.387277306671555,-0.6724489128056899,P_local_mm,a
1994-05-01,1994.375,-20.01141260803638,-6.102560269665019,-11.444039154604404,-0.6748614765247988,P_local_mm,a
1994-06-01,1994.4583333333333,-72.41208932620728,-6.175639613830394,-11.498311319002191,-0.6682968045944464,P_local_mm,a
1994-07-01,1994.5416666666667,154.580272942821,-6.247671423591185,-11.514231346279754,-0.6666514354811088,P_local_mm,a
1994-08-01,1994.625,-101.95564206653796,-6.319468642491372,-11.510158887687002,-0.6702680983574308,P_local_mm,a
1994-09-01,1994.7083333333333,4.571715151261742,-6.391596560587027,-11.504552925743768,-0.6794481171188295,P_local_mm,a
1994-10-01,1994.7916666666667,-11.259434532227928,-6.464081517870678,-11.495317557950498,-0.6946230949468888,P_local_mm,a
1994-11-01,1994.875,-18.736414188635187,-6.536598685177053,-11.514115936383453,-0.7161355016225018,P_local_mm,a
1994-12-01,1994.9583333333333,5.538106339306674,-6.60895045414656,-11.5330272952801,-0.7440834771316859,P_local_mm,a
1995-01-01,1995.0416666666667,2.0640834509664003,-6.6811776883608625,-11.547443404875743,-0.7840659298951288,P_local_mm,a
1995-02-01,1995.125,-1.2290551689741704,-6.753302871862972,-11.6072371428321,-0.8777311111678469,P_local_mm,a
1995-03-01,1995.2083333333333,-10.367860579080995,-6.825259508126669,-11.709583770135929,-0.9759388178851646,P_local_mm,a
1995-04-01,1995.2916666666667,40.085615272645356,-6.896664140488703,-11.796709250470084,-1.0786288593314883,P_local_mm,a
1995-05-01,1995.375,-87.08023206013638,-6.966835980949986,-11.808948960265644,-1.18578006888784,P_local_mm,a
1995-06-01,1995.4583333333333,47.836393152230556,-7.0353857757796305,-11.78208200155065,-1.2973652238278652,P_local_mm,a
1995-07-01,1995.5416666666667,31.78685536828401,-7.102370869064006,-11.75225230525501,-1.4130866978222978,P_local_mm,a
1995-08-01,1995.625,-31.741381645351964,-7.16812278439977,-11.719293754337656,-1.5323638549490395,P_local_mm,a
1995-09-01,1995.7083333333333,-23.250767513757253,-7.233580174325265,-11.683760169624431,-1.6545431642294968,P_local_mm,a
1995-10-01,1995.7916666666667,-16.57916819422793,-7.2998465113706485,-11.644350966075546,-1.7789081229923434,P_local_mm,a
1995-11-01,1995.875,-21.077462500435185,-7.367725480428844,-11.618810388060515,-1.8718506914597193,P_local_mm,a
1995-12-01,1995.9583333333333,3.6300779575248736,-7.438012504354263,-11.599322413848402,-1.9320008844430585,P_local_mm,a
1996-01-01,1996.0416666666667,-3.9939261396136008,-7.511091134693808,-11.573645398453781,-2.0228246693574454,P_local_mm,a
1996-02-01,1996.125,-11.926693545684172,-7.587062554123504,-11.540702853244499,-2.091216376204178,P_local_mm,a
1996-03-01,1996.2083333333333,-10.437703353080995,-7.665940418754318,-11.534607250946738,-2.1230860791608017,P_local_mm,a
1996-04-01,1996.2916666666667,-4.961668710074655,-7.747716517250249,-11.590750917686366,-2.177312337021439,P_local_mm,a
1996-05-01,1996.375,-107.35170167752638,-7.832147862187278,-11.71600086386182,-2.2185378228323396,P_local_mm,a
1996-06-01,1996.4583333333333,-121.31016222663129,-7.918684408840298,-11.745399084443044,-2.3001700235948523,P_local_mm,a
1996-07-01,1996.5416666666667,-107.01389425353999,-8.006632357437521,-11.868355963846415,-2.42540982562578,P_local_mm,a
1996-08-01,1996.625,-17.54911262825196,-8.095476232877013,-11.926536493656402,-2.4895383565483926,P_local_mm,a
1996-09-01,1996.7083333333333,-64.86122710023724,-8.184799466633258,-11.933446791125855,-2.546454486613744,P_local_mm,a
1996-10-01,1996.7916666666667,-21.718344030927927,-8.274085209841852,-11.867659142523726,-2.5980431967151487,P_local_mm,a
1996-11-01,1996.875,-22.396634570535184,-8.363098908404734,-11.795121716096713,-2.651578511257186,P_local_mm,a
1996-12-01,1996.9583333333333,6.074677766795874,-8.451824872581547,-11.769159603960686,-2.7066861788053798,P_local_mm,a
1997-01-01,1997.0416666666667,-3.3359299424836006,-8.540251725906934,-11.831282158311442,-2.75822193465485,P_local_mm,a
1997-02-01,1997.125,-4.863766817103371,-8.628125657750415,-11.883023996202494,-2.8095556352241737,P_local_mm,a
1997-03-01,1997.2083333333333,0.594785138508005,-8.715100415932335,-11.888958022311991,-2.8618394884767393,P_local_mm,a
1997-04-01,1997.2916666666667,-25.279409872154652,-8.80081034813039,-11.889375357530598,-2.9152662350015666,P_local_mm,a
1997-05-01,1997.375,45.52859898416361,-8.88482515998034,-11.941907257029012,-2.9377585624038303,P_local_mm,a
1997-06-01,1997.4583333333333,368.1300846723456,-8.9667203775408,-12.058328606185256,-2.959518681088228,P_local_mm,a
1997-07-01,1997.5416666666667,-57.86372665733998,-9.046108783112524,-12.130287615108312,-2.901928235839279,P_local_mm,a
1997-08-01,1997.625,84.48255703302803,-9.122405542629354,-12.200297739738604,-2.8387522899663478,P_local_mm,a
1997-09-01,1997.7083333333333,180.25407069891295,-9.194836501677202,-12.267519959738213,-2.93099235087517,P_local_mm,a
1997-10-01,1997.7916666666667,60.03707246077207,-9.262797301624525,-12.331990088071885,-2.989819170716209,P_local_mm,a
1997-11-01,1997.875,0.40804907026481274,-9.325482708267232,-12.394357419860638,-2.9944216636815093,P_local_mm,a
1997-12-01,1997.9583333333333,4.558228719832874,-9.382184448442825,-12.45917864235346,-3.001678534088031,P_local_mm,a
1998-01-01,1998.0416666666667,-13.3779503715336,-9.432350148589023,-12.522391062727566,-3.0161083670933087,P_local_mm,a
1998-02-01,1998.125,25.26663486888783,-9.475427579959684,-12.584129525127484,-3.005372319074802,P_local_mm,a
1998-03-01,1998.2083333333333,0.22503945869900477,-9.510666545680797,-12.596899490669422,-3.035503270996375,P_local_mm,a
1998-04-01,1998.2916666666667,59.27563339034094,-9.537504360336834,-12.573150907461995,-3.046240324805595,P_local_mm,a
1998-05-01,1998.375,-68.09288394621638,-9.55573281334946,-12.5406232960989,-3.054908251505732,P_local_mm,a
1998-06-01,1998.4583333333333,-126.73666408399428,-9.565579059888657,-12.499752982418528,-3.0168813440941715,P_local_mm,a
1998-07-01,1998.5416666666667,-123.66073291939499,-9.567178902109744,-12.479245806610376,-2.992318564234742,P_local_mm,a
1998-08-01,1998.625,-116.86738558123196,-9.560510952177617,-12.4875104289646,-3.0472425095406854,P_local_mm,a
1998-09-01,1998.7083333333333,-0.5127166993572416,-9.545952578490162,-12.488618995379502,-3.004494722687986,P_local_mm,a
1998-10-01,1998.7916666666667,-39.74833134422793,-9.524110427761938,-12.482061427513482,-2.9421935553718024,P_local_mm,a
1998-11-01,1998.875,-24.087327924235186,-9.495613134104792,-12.467621823443315,-2.9056092065268415,P_local_mm,a
1998-12-01,1998.9583333333333,1.9203945259378745,-9.461167813167634,-12.445227911145516,-2.851681598411447,P_local_mm,a
1999-01-01,1999.0416666666667,9.9936024340674,-9.421109733788517,-12.398901484773146,-2.8229095933999737,P_local_mm,a
1999-02-01,1999.125,-10.795399629572971,-9.375663376265711,-12.328006980349942,-2.8041241749138495,P_local_mm,a
1999-03-01,1999.2083333333333,6.573390724719006,-9.325200325871863,-12.250245273977745,-2.784161231991074,P_local_mm,a
1999-04-01,1999.2916666666667,-29.40365946930765,-9.270003401566361,-12.165201048093891,-2.742414245253737,P_local_mm,a
1999-05-01,1999.375,-77.95048487783637,-9.210005320068825,-12.072762676629678,-2.7023433177428284,P_local_mm,a
1999-06-01,1999.4583333333333,-52.21636466667728,-9.144549209072702,-11.973251445067076,-2.663833968676984,P_local_mm,a
1999-07-01,1999.5416666666667,-87.15824436273999,-9.073131349277643,-11.937844004610772,-2.6265662327513772,P_local_mm,a
1999-08-01,1999.625,38.58591224744805,-8.995790260586498,-11.934895793921978,-2.5835168509950823,P_local_mm,a
1999-09-01,1999.7083333333333,126.85295292464275,-8.913103820407267,-11.933326161967033,-2.4744048495398605,P_local_mm,a
1999-10-01,1999.7916666666667,-11.519256606727929,-8.826051345339136,-11.915627917265114,-2.360403121844651,P_local_mm,a
1999-11-01,1999.875,-22.461651209635185,-8.735238752864362,-11.916713440776245,-2.32186999491633,P_local_mm,a
1999-12-01,1999.9583333333333,-4.294175837304126,-8.641077170592508,-11.924279212816357,-2.3287503479934526,P_local_mm,a
2000-01-01,2000.0416666666667,-12.9831967376736,-8.543907173776525,-11.931224990003152,-2.3376349413172943,P_local_mm,a
2000-02-01,2000.125,18.527055384008833,-8.444052207397913,-11.924504769344274,-2.3479408341624834,P_local_mm,a
2000-03-01,2000.2083333333333,-10.411432697080995,-8.341731555237871,-11.871908118701311,-2.30866958173438,P_local_mm,a
2000-04-01,2000.2916666666667,-21.80228959579465,-8.2372996100169,-11.768945392011728,-2.2602980165579556,P_local_mm,a
2000-05-01,2000.375,-85.22532541872839,-8.131003794108603,-11.691276560427134,-2.210222171122082,P_local_mm,a
2000-06-01,2000.4583333333333,444.5881836753527,-8.022989674762966,-11.615404623060213,-2.146280276052227,P_local_mm,a
2000-07-01,2000.5416666666667,-56.479735612639985,-7.913572919889774,-11.590966474496682,-2.082118591451695,P_local_mm,a
2000-08-01,2000.625,-83.19631879435195,-7.802800513446481,-11.554868418763844,-2.020151014684754,P_local_mm,a
2000-09-01,2000.7083333333333,121.24437705009274,-7.690451908831289,-11.458352768344046,-1.9611488186602881,P_local_mm,a
2000-10-01,2000.7916666666667,-35.418179737327925,-7.576383773243242,-11.365808906035673,-1.9046007640439946,P_local_mm,a
2000-11-01,2000.875,48.65193957999482,-7.460739475337503,-11.382625908248226,-1.806262141506007,P_local_mm,a
2000-12-01,2000.9583333333333,-12.709489882685826,-7.343849008810423,-11.370825753978702,-1.7511632269176787,P_local_mm,a
2001-01-01,2001.0416666666667,-7.6075395047423005,-7.226154267236015,-11.336783842706142,-1.6973807588133938,P_local_mm,a
2001-02-01,2001.125,-12.274796311372171,-7.1079026034372825,-11.273576930117834,-1.6204931662669964,P_local_mm,a
2001-03-01,2001.2083333333333,14.316558647919008,-6.989056003445233,-11.162603399420501,-1.545492745000034,P_local_mm,a
2001-04-01,2001.2916666666667,-8.310611494283648,-6.869393012576992,-11.042920194222972,-1.4724488728369607,P_local_mm,a
2001-05-01,2001.375,80.13916941296361,-6.748671199476844,-11.04381670982564,-1.4269308633259896,P_local_mm,a
2001-06-01,2001.4583333333333,-127.96548054517729,-6.626648452711315,-11.097333209807607,-1.3964751392089554,P_local_mm,a
2001-07-01,2001.5416666666667,335.08172729086,-6.503284247516493,-11.127522332717774,-1.3099650695506013,P_local_mm,a
2001-08-01,2001.625,65.27879716544805,-6.378518236456551,-11.093553952636912,-1.217794307110613,P_local_mm,a
2001-09-01,2001.7083333333333,-60.29611122535725,-6.252208730225318,-11.055545645984497,-1.1386754684735543,P_local_mm,a
2001-10-01,2001.7916666666667,-25.40539109102793,-6.124201017987753,-11.0138453465998,-1.064148197874046,P_local_mm,a
2001-11-01,2001.875,-10.453065808635186,-5.994618213655626,-10.915823580687178,-0.9958084833406484,P_local_mm,a
2001-12-01,2001.9583333333333,-8.317544241320126,-5.863660923994161,-10.806526958841214,-0.9435719717317186,P_local_mm,a
2002-01-01,2002.0416666666667,-0.29586037831559864,-5.731816195568813,-10.724434234357519,-0.9353795248922693,P_local_mm,a
2002-02-01,2002.125,-11.87509637496697,-5.599560109903549,-10.644706799621206,-0.9285219349819229,P_local_mm,a
2002-03-01,2002.2083333333333,1.2315542269190054,-5.467297040385511,-10.567527725171992,-0.9209092220131855,P_local_mm,a
2002-04-01,2002.2916666666667,-25.76371344260795,-5.335122022422787,-10.495744823991995,-0.9100348279212691,P_local_mm,a
2002-05-01,2002.375,171.18139423771362,-5.202903562690442,-10.432630905409134,-0.8218665531836659,P_local_mm,a
2002-06-01,2002.4583333333333,100.82347540424274,-5.070582529112213,-10.371458155937642,-0.7231132558098692,P_local_mm,a
2002-07-01,2002.5416666666667,21.95036263916002,-4.937961659088914,-10.320966626656958,-0.6802741858333937,P_local_mm,a
2002-08-01,2002.625,147.97950088144805,-4.804703983932313,-10.258579758290574,-0.672953334016043,P_local_mm,a
2002-09-01,2002.7083333333333,18.23486288665275,-4.670831264939312,-10.205783038678144,-0.6722059408762824,P_local_mm,a
2002-10-01,2002.7916666666667,6.7501952294720695,-4.536912612442744,-10.181738965093217,-0.6780946875134763,P_local_mm,a
2002-11-01,2002.875,-12.398934446305185,-4.4041292179793,-10.255326239153831,-0.6911189660925126,P_local_mm,a
2002-12-01,2002.9583333333333,6.569535133688275,-4.27387436466297,-10.218483594069022,-0.7110809513596472,P_local_mm,a
2003-01-01,2003.0416666666667,24.946491726396395,-4.147480940706833,-10.186730205433179,-0.7379109906725312,P_local_mm,a
2003-02-01,2003.125,-10.30344473171217,-4.0260996007915555,-10.130597829977644,-0.7717326909401372,P_local_mm,a
2003-03-01,2003.2083333333333,-5.911597516980995,-3.910870634299435,-10.082764977400668,-0.7394914197596475,P_local_mm,a
2003-04-01,2003.2916666666667,-43.88278519865465,-3.8025095690126816,-10.033831332786464,-0.6711719545150227,P_local_mm,a
2003-05-01,2003.375,2.5768476323886205,-3.7013351670805865,-9.983408445761311,-0.7504952781562327,P_local_mm,a
2003-06-01,2003.4583333333333,-2.1897600440572944,-3.6072854370788403,-9.93128665713981,-0.8153839695769315,P_local_mm,a
2003-07-01,2003.5416666666667,-41.51936561822998,-3.5204703607717556,-9.877809513325838,-0.8581840882736591,P_local_mm,a
2003-08-01,2003.625,-110.71318737385195,-3.441145585157404,-9.823617048068341,-0.9159392123812663,P_local_mm,a
2003-09-01,2003.7083333333333,21.750771519142745,-3.3697252421872315,-9.787250038856271,-0.9552274999412503,P_local_mm,a
2003-10-01,2003.7916666666667,-28.140227417227926,-3.306553072700197,-9.811524291309869,-0.9381499813136215,P_local_mm,a
2003-11-01,2003.875,43.47891219276481,-3.252133995570764,-9.839894888026214,-0.9025223889942541,P_local_mm,a
2003-12-01,2003.9583333333333,-1.997383855521326,-3.2073177336128174,-9.805696604986506,-0.870960198378596,P_local_mm,a
2004-01-01,2004.0416666666667,-8.165641524014,-3.1732005412350097,-9.735175115484118,-0.8436679559638095,P_local_mm,a
2004-02-01,2004.125,5.17405804045783,-3.150590435146012,-9.766723166800649,-0.8210235049487,P_local_mm,a
2004-03-01,2004.2083333333333,21.731412107019004,-3.1397263389508283,-9.81698892151324,-0.8034607384947593,P_local_mm,a
2004-04-01,2004.2916666666667,30.168434081285355,-3.140419020145654,-9.889866455793857,-0.7913530913196363,P_local_mm,a
2004-05-01,2004.375,-97.47241941282638,-3.152208361608279,-9.964377876062455,-0.7848413942184822,P_local_mm,a
2004-06-01,2004.4583333333333,-88.06778972118728,-3.175007373538773,-10.04012294045196,-0.7713645042465838,P_local_mm,a
2004-07-01,2004.5416666666667,-46.100411749599985,-3.2091350983318137,-10.116772981789303,-0.7571872095010287,P_local_mm,a
2004-08-01,2004.625,-65.48158585274196,-3.255029966920424,-10.208861974007144,-0.8054470710324075,P_local_mm,a
2004-09-01,2004.7083333333333,42.445238349842754,-3.3131343547932812,-10.315861365295794,-0.8677896832071461,P_local_mm,a
2004-10-01,2004.7916666666667,13.104582407772071,-3.3832648744665037,-10.403607477904332,-0.8891494364894971,P_local_mm,a
2004-11-01,2004.875,55.82911993706482,-3.4649292233252575,-10.438277248716787,-0.8878663091740592,P_local_mm,a
2004-12-01,2004.9583333333333,-1.8380240416251254,-3.5575612049051135,-10.474598865567698,-0.9182936900626656,P_local_mm,a
2005-01-01,2005.0416666666667,21.6906081642464,-3.6606017974029714,-10.516455637404698,-0.9656745300214049,P_local_mm,a
2005-02-01,2005.125,-10.671558937384171,-3.7734514719218915,-10.646425953411423,-0.9820923648800102,P_local_mm,a
2005-03-01,2005.2083333333333,47.281408680259005,-3.8954695171971676,-10.816498607012871,-0.996837724187779,P_local_mm,a
2005-04-01,2005.2916666666667,-16.74094622574465,-4.025722582232051,-10.92757950266877,-1.0309432860833498,P_local_mm,a
2005-05-01,2005.375,102.0359859141636,-4.1633068415587,-10.982397816422747,-1.0733159217756374,P_local_mm,a
2005-06-01,2005.4583333333333,275.0932118617127,-4.307710283616354,-11.01385489307012,-1.1252482444126963,P_local_mm,a
2005-07-01,2005.5416666666667,-53.863927393439994,-4.458792107846968,-11.074848792231444,-1.186566971607513,P_local_mm,a
2005-08-01,2005.625,297.75957109714807,-4.616414054960152,-11.133438782306884,-1.2925420155424558,P_local_mm,a
2005-09-01,2005.7083333333333,-21.175306543157248,-4.780825926514407,-11.197667240067442,-1.4249830450494212,P_local_mm,a
2005-10-01,2005.7916666666667,-19.53384325622793,-4.9525736173227,-11.269786758398478,-1.533050428017621,P_local_mm,a
2005-11-01,2005.875,-0.017861185635187127,-5.132305054727295,-11.339264922212543,-1.6863009167814398,P_local_mm,a
2005-12-01,2005.9583333333333,-7.422087189655126,-5.320603693001507,-11.421660749495793,-1.7860085249006301,P_local_mm,a
2006-01-01,2006.0416666666667,3.3523673132463987,-5.517323935857831,-11.514972605443155,-1.83374456072506,P_local_mm,a
2006-02-01,2006.125,5.430973242967031,-5.721928790309999,-11.610223485722395,-1.944180546836648,P_local_mm,a
2006-03-01,2006.2083333333333,-10.166080173080996,-5.933744452922195,-11.707103625840084,-2.0598240099691583,P_local_mm,a
2006-04-01,2006.2916666666667,-18.05856288955465,-6.15202103035493,-11.805181399900285,-2.179004009996428,P_local_mm,a
2006-05-01,2006.375,-66.67343648922639,-6.375841922442572,-11.92683324281202,-2.306480336229439,P_local_mm,a
2006-06-01,2006.4583333333333,-1.4959316391117738,-6.604353388542546,-12.143633493768109,-2.441915002553657,P_local_mm,a
2006-07-01,2006.5416666666667,344.9754020064,-6.836758347880021,-12.364921660961427,-2.576043087026621,P_local_mm,a
2006-08-01,2006.625,14.219388482577045,-7.072534823527316,-12.5511099815975,-2.693389811716894,P_local_mm,a
2006-09-01,2006.7083333333333,-4.503642709107254,-7.311182950812125,-12.713477706586566,-2.8060545673761372,P_local_mm,a
2006-10-01,2006.7916666666667,78.00359946007208,-7.5516708115125635,-12.877680082041548,-2.9748185520554293,P_local_mm,a
2006-11-01,2006.875,-19.022678919355187,-7.793267516945402,-13.04150870845486,-3.2061914131120286,P_local_mm,a
2006-12-01,2006.9583333333333,-7.502655996684126,-8.035548506012324,-13.136748742277106,-3.379246988601526,P_local_mm,a
2007-01-01,2007.0416666666667,-12.6332194979536,-8.278081387183923,-13.190552882833746,-3.513153165210215,P_local_mm,a
2007-02-01,2007.125,17.911445882067827,-8.52036073637676,-13.277636204264274,-3.577616311832325,P_local_mm,a
2007-03-01,2007.2083333333333,7.792438236919006,-8.761684107618771,-13.406138579942839,-3.5706642174866645,P_local_mm,a
2007-04-01,2007.2916666666667,-3.332370866724645,-9.001430087240886,-13.530510256423193,-3.5660634471429957,P_local_mm,a
2007-05-01,2007.375,-78.67228117008638,-9.239108893365346,-13.690233491602896,-3.6565007167751973,P_local_mm,a
2007-06-01,2007.4583333333333,29.162455599541715,-9.474488383859601,-13.88539232281028,-3.77442866084674,P_local_mm,a
2007-07-01,2007.5416666666667,73.62135449896,-9.707180379970977,-13.983717520938972,-3.997625158697938,P_local_mm,a
2007-08-01,2007.625,-79.45997300515197,-9.936768117388175,-14.034758911504904,-4.21859876471156,P_local_mm,a
2007-09-01,2007.7083333333333,-68.77173418635725,-10.163053625652317,-14.170930073748773,-4.364199491907206,P_local_mm,a
2007-10-01,2007.7916666666667,-32.3041445493171,-10.386103375620959,-14.293624675096622,-4.504868624409226,P_local_mm,a
2007-11-01,2007.875,-13.693326849635186,-10.605933482378775,-14.394037203421673,-4.646079445478353,P_local_mm,a
2007-12-01,2007.9583333333333,4.425943149944873,-10.822128915713376,-14.472745702851983,-4.786385127418207,P_local_mm,a
2008-01-01,2008.0416666666667,-8.3627325105536,-11.034181103073296,-14.584567383188292,-4.927163145363255,P_local_mm,a
2008-02-01,2008.125,5.383182774797827,-11.241322282235151,-14.70055993047727,-5.088790351958295,P_local_mm,a
2008-03-01,2008.2083333333333,3.477752379776005,-11.442340312555725,-14.81259098831349,-5.253809509370612,P_local_mm,a
2008-04-01,2008.2916666666667,-3.0926896472546517,-11.63588570879913,-14.920878891771888,-5.36019056844136,P_local_mm,a
2008-05-01,2008.375,303.9050644108846,-11.820803446729506,-14.99121317785992,-5.466283292128175,P_local_mm,a
2008-06-01,2008.4583333333333,-4.844657792677282,-11.99645620292837,-15.072755004850544,-5.5746695269723325,P_local_mm,a
2008-07-01,2008.5416666666667,-55.26849266113999,-12.162258998617236,-15.184766994519714,-5.701947766293003,P_local_mm,a
2008-08-01,2008.625,129.34785062744805,-12.318029652293722,-15.29674268316339,-5.818951755028188,P_local_mm,a
2008-09-01,2008.7083333333333,-55.18016161535725,-12.464153675838386,-15.425821558576784,-5.935697251695874,P_local_mm,a
2008-10-01,2008.7916666666667,-27.47678649158793,-12.601121033381457,-15.538552045634248,-6.050747721655676,P_local_mm,a
2008-11-01,2008.875,-24.865813072519487,-12.729148371618887,-15.650385149210425,-6.145526552160545,P_local_mm,a
2008-12-01,2008.9583333333333,-10.683172741087127,-12.848708976368606,-15.71986496532422,-6.237132541142084,P_local_mm,a
2009-01-01,2009.0416666666667,-0.20920094882630025,-12.960147597365623,-15.707521317181177,-6.310329420018999,P_local_mm,a
2009-02-01,2009.125,5.096150741707827,-13.063769399819398,-15.732768879082792,-6.364950869330214,P_local_mm,a
2009-03-01,2009.2083333333333,-3.739624829408995,-13.159846248880594,-15.797524419615502,-6.415454116015899,P_local_mm,a
2009-04-01,2009.2916666666667,-44.33980014244465,-13.248442293124283,-15.904013416491418,-6.464809528577201,P_local_mm,a
2009-05-01,2009.375,-49.49284733783638,-13.329384031272214,-16.006060065850463,-6.550803312727946,P_local_mm,a
2009-06-01,2009.4583333333333,6.8799856377559365,-13.402277958717823,-16.103515193613166,-6.646102604158876,P_local_mm,a
2009-07-01,2009.5416666666667,-90.75027367953999,-13.46689142815706,-16.196013671555356,-6.709555329994689,P_local_mm,a
2009-08-01,2009.625,73.12538304044804,-13.523618427033862,-16.282959456238085,-6.7112057892479235,P_local_mm,a
2009-09-01,2009.7083333333333,142.92636201914274,-13.573564619808957,-16.373788293815203,-6.71028091661627,P_local_mm,a
2009-10-01,2009.7916666666667,-8.847013150027927,-13.618467200956266,-16.464933623954547,-6.713407861838974,P_local_mm,a
2009-11-01,2009.875,0.7413343566948143,-13.659707748599216,-16.579363925398592,-6.710445934097719,P_local_mm,a
2009-12-01,2009.9583333333333,-12.948851365009126,-13.698448292807294,-16.691622517503234,-6.689188345941602,P_local_mm,a
2010-01-01,2010.0416666666667,-9.9780250204136,-13.73548219550881,-16.79434896194467,-6.706716721330989,P_local_mm,a
2010-02-01,2010.125,-10.979753555552172,-13.771309616118879,-16.87754870910676,-6.7548853581526425,P_local_mm,a
2010-03-01,2010.2083333333333,-10.747665523080995,-13.806141578874017,-16.92965117156936,-6.85884702326929,P_local_mm,a
2010-04-01,2010.2916666666667,-39.38330347618465,-13.83995882119948,-17.005992216971183,-6.974020217201593,P_local_mm,a
2010-05-01,2010.375,-63.506881455279384,-13.872313353563708,-17.11506701893786,-7.083160487579873,P_local_mm,a
2010-06-01,2010.4583333333333,-17.866318019277287,-13.90278733213094,-17.12155416137827,-7.13148715525155,P_local_mm,a
2010-07-01,2010.5416666666667,-74.78403898264,-13.93087006682548,-17.103585324662866,-7.119090907687268,P_local_mm,a
2010-08-01,2010.625,-96.75745138505195,-13.95594066325848,-17.050220854779383,-7.105005039817244,P_local_mm,a
2010-09-01,2010.7083333333333,-63.78972918882725,-13.97736494647067,-17.054463782831874,-7.088905356101535,P_local_mm,a
2010-10-01,2010.7916666666667,-16.89110947582793,-13.99446905993407,-16.9902734720375,-7.0704489353687805,P_local_mm,a
2010-11-01,2010.875,24.17637453736481,-14.0064212136472,-16.92250382746001,-7.061452167126919,P_local_mm,a
2010-12-01,2010.9583333333333,12.019696300794875,-14.01249951906305,-16.85060341271332,-7.02924376900985,P_local_mm,a
2011-01-01,2011.0416666666667,3.8882492959064,-14.012056856039472,-16.775385518787274,-7.000770085921093,P_local_mm,a
2011-02-01,2011.125,9.756025275538828,-14.004576129477702,-16.75893892244591,-7.009597995884151,P_local_mm,a
2011-03-01,2011.2083333333333,1.5305498792420043,-13.989508543042291,-16.80018187084523,-7.019227034849056,P_local_mm,a
2011-04-01,2011.2916666666667,-8.528556735554652,-13.966308422488135,-16.85368367708699,-7.014635689064803,P_local_mm,a
2011-05-01,2011.375,-108.67122798365338,-13.934558265334632,-16.793148889647075,-6.980366357687001,P_local_mm,a
2011-06-01,2011.4583333333333,-65.55259898784588,-13.894086379657137,-16.737696371207306,-7.027851423446018,P_local_mm,a
2011-07-01,2011.5416666666667,-57.69444213221999,-13.845178216722028,-16.748277725258564,-6.999936421548112,P_local_mm,a
2011-08-01,2011.625,28.215354588848044,-13.78841702176015,-16.76691041097461,-7.018985107741103,P_local_mm,a
2011-09-01,2011.7083333333333,-49.02992756945725,-13.724360933289068,-16.753118221744224,-7.041667496135209,P_local_mm,a
2011-10-01,2011.7916666666667,-25.04473409664793,-13.653833525248746,-16.745911169110876,-7.073173175577937,P_local_mm,a
2011-11-01,2011.875,-9.728819650621185,-13.57782817162485,-16.74751374068418,-7.102347014839056,P_local_mm,a
2011-12-01,2011.9583333333333,-12.334514269075125,-13.497078504841914,-16.77696026740764,-7.095715858425777,P_local_mm,a
2012-01-01,2012.0416666666667,11.5261211007972,-13.412356753624152,-16.765298738518652,-7.094269663443484,P_local_mm,a
2012-02-01,2012.125,-7.340411641030071,-13.324318058584085,-16.766975089855503,-7.094658368871685,P_local_mm,a
2012-03-01,2012.2083333333333,-8.805572176480995,-13.233612093693974,-16.7626589042178,-7.102668535885634,P_local_mm,a
2012-04-01,2012.2916666666667,-12.04705998437565,-13.140486696884846,-16.75256455982241,-7.142204207280297,P_local_mm,a
2012-05-01,2012.375,21.688157197163605,-13.044850440193027,-16.73702769361271,-7.191005035436615,P_local_mm,a
2012-06-01,2012.4583333333333,56.993638811533714,-12.94640212889791,-16.738069284775438,-7.242314379447749,P_local_mm,a
2012-07-01,2012.5416666666667,-95.50796336014,-12.845224520999013,-16.72868881607578,-7.2197327844117,P_local_mm,a
2012-08-01,2012.625,-70.01912961195197,-12.741661386835608,-16.689817082137655,-7.260257116673101,P_local_mm,a
2012-09-01,2012.7083333333333,-64.52977531722725,-12.636262357814394,-16.647044719329056,-7.305141595942768,P_local_mm,a
2012-10-01,2012.7916666666667,25.572042649892076,-12.529899520523655,-16.600584500487006,-7.337118092783021,P_local_mm,a
2012-11-01,2012.875,-12.853121208635185,-12.423618259331253,-16.55093881297846,-7.316201975632383,P_local_mm,a
2012-12-01,2012.9583333333333,61.44627472918787,-12.318429756483905,-16.501580282931247,-7.271654179473898,P_local_mm,a
2013-01-01,2013.0416666666667,0.9692893275933994,-12.215270356967148,-16.45226112738779,-7.219300149804263,P_local_mm,a
2013-02-01,2013.125,9.21206541042783,-12.114917132711824,-16.4747083214141,-7.19529122303537,P_local_mm,a
2013-03-01,2013.2083333333333,-10.133262093080996,-12.017915658439913,-16.504079023596308,-7.164031323008468,P_local_mm,a
2013-04-01,2013.2916666666667,-34.742123990894655,-11.924570183306994,-16.533786604022993,-7.025113891497595,P_local_mm,a
2013-05-01,2013.375,51.62918667505363,-11.834930577687919,-16.56410446808262,-6.970935467444353,P_local_mm,a
2013-06-01,2013.4583333333333,-87.34819169977928,-11.748954844352882,-16.593093236453335,-7.033616889890631,P_local_mm,a
2013-07-01,2013.5416666666667,-94.69243844400998,-11.666878293880266,-16.620429840801943,-7.109032811221923,P_local_mm,a
2013-08-01,2013.625,-18.375581535151966,-11.588939989094829,-16.707170819212603,-7.185017926956524,P_local_mm,a
2013-09-01,2013.7083333333333,9.776965477142753,-11.515591707920342,-16.794910591584472,-7.245191526916904,P_local_mm,a
2013-10-01,2013.7916666666667,-27.88349191422793,-11.447449939037776,-16.884656084280405,-7.269723046781063,P_local_mm,a
2013-11-01,2013.875,-15.590552277731186,-11.385086751260332,-16.900428856271,-7.302814047907766,P_local_mm,a
2013-12-01,2013.9583333333333,-8.574956119445126,-11.328801907476208,-16.8521436523714,-7.344525871408848,P_local_mm,a
2014-01-01,2014.0416666666667,6.726640035906401,-11.278784063927574,-16.831983016269596,-7.394681469700277,P_local_mm,a
2014-02-01,2014.125,25.84050769113423,-11.235010012323189,-16.888172491933908,-7.453132729455011,P_local_mm,a
2014-03-01,2014.2083333333333,-4.817841774780995,-11.197291830497496,-16.947158737562617,-7.519971234875613,P_local_mm,a
2014-04-01,2014.2916666666667,-18.75919015515065,-11.165240449155341,-17.009492913020875,-7.595743937000062,P_local_mm,a
2014-05-01,2014.375,-16.48713567806638,-11.138423178178536,-17.079680114898174,-7.680907418748677,P_local_mm,a
2014-06-01,2014.4583333333333,-53.12091966667728,-11.116959821320336,-17.190743277585312,-7.770536747402688,P_local_mm,a
2014-07-01,2014.5416666666667,-29.338651706639993,-11.1016187924875,-17.320677993792255,-7.868913060634314,P_local_mm,a
2014-08-01,2014.625,-66.74830734255195,-11.093357132466783,-17.386915143217955,-7.955479717260443,P_local_mm,a
2014-09-01,2014.7083333333333,45.55140463614275,-11.09326159116104,-17.316011188365916,-7.981854370408919,P_local_mm,a
2014-10-01,2014.7916666666667,-23.352872264227926,-11.102318912771974,-17.24516163898392,-8.07729816932073,P_local_mm,a
2014-11-01,2014.875,-4.3491952639351865,-11.121561560146395,-17.242948069371135,-8.179235428392944,P_local_mm,a
2014-12-01,2014.9583333333333,1.7532087284798745,-11.151794724695437,-17.30259953705137,-8.206544186151868,P_local_mm,a
2015-01-01,2015.0416666666667,-12.3243645448336,-11.193418540580506,-17.399823542397435,-8.294084059280522,P_local_mm,a
2015-02-01,2015.125,-4.462978319872171,-11.246380568889508,-17.50471332916534,-8.391579009224111,P_local_mm,a
2015-03-01,2015.2083333333333,-0.4086424362109966,-11.3101067345449,-17.607591404116814,-8.459522219536384,P_local_mm,a
2015-04-01,2015.2916666666667,-43.33692273129465,-11.383633699039388,-17.7052040870366,-8.546465098812842,P_local_mm,a
2015-05-01,2015.375,-110.20459299333638,-11.527490000942542,-17.73173496417625,-8.682081845748575,P_local_mm,a
2015-06-01,2015.4583333333333,-158.5052556864593,-11.680029906699295,-17.75390832765529,-8.785275844301776,P_local_mm,a
2015-07-01,2015.5416666666667,71.92717865136002,-11.837575106420774,-17.772743177171748,-8.883020008329414,P_local_mm,a
2015-08-01,2015.625,122.21104189934803,-11.997406913066946,-17.789184776838713,-8.990468419542733,P_local_mm,a
2015-09-01,2015.7083333333333,37.404946834742745,-12.157705620189668,-17.804019336544155,-9.169060583757348,P_local_mm,a
2015-10-01,2015.7916666666667,87.30111790377208,-12.317350387010242,-17.817862994816192,-9.348600657681635,P_local_mm,a
2015-11-01,2015.875,-1.6051969966351827,-12.47574712757707,-17.8512234831457,-9.528730686591462,P_local_mm,a
2015-12-01,2015.9583333333333,-11.716603787515126,-12.632631734981095,-17.887782340257367,-9.678020556992085,P_local_mm,a
2016-01-01,2016.0416666666667,-0.8689952650035995,-12.787946481829998,-17.98550143214136,-9.730429448435968,P_local_mm,a
2016-02-01,2016.125,-11.845189139712172,-12.941751797159668,-18.14198108097375,-9.772042897343413,P_local_mm,a
2016-03-01,2016.2083333333333,-10.564977193080995,-13.094180273872956,-18.225078596805634,-9.814550472406555,P_local_mm,a
2016-04-01,2016.2916666666667,327.84145049101136,-13.245394578248268,-18.33363646773644,-9.80330176063192,P_local_mm,a
2016-05-01,2016.375,-8.173535896757386,-13.395566484636511,-18.48858306112521,-9.809459878962148,P_local_mm,a
2016-06-01,2016.4583333333333,-64.59668957045258,-13.544865389479948,-18.695606685120765,-9.924037124517113,P_local_mm,a
2016-07-01,2016.5416666666667,42.923852204759996,-13.69344846761831,-18.80246184763503,-10.038452387936868,P_local_mm,a
2016-08-01,2016.625,-66.54517060435197,-13.841441297825423,-18.912162814424732,-10.041324317002712,P_local_mm,a
2016-09-01,2016.7083333333333,-66.04199511908224,-13.988973106578486,-19.00329951311767,-9.912244834010682,P_local_mm,a
2016-10-01,2016.7916666666667,24.96403479924978,-14.136135945396022,-19.126982885471772,-9.786019812594816,P_local_mm,a
2016-11-01,2016.875,-16.437589848335186,-14.282990288077123,-19.25405487983992,-9.817635251175677,P_local_mm,a
2016-12-01,2016.9583333333333,16.790628950154876,-14.429610979180852,-19.40361417410249,-9.843986779870493,P_local_mm,a
2017-01-01,2017.0416666666667,-11.6423658308366,-14.576077332203015,-19.613162049830034,-9.838664910282969,P_local_mm,a
2017-02-01,2017.125,19.66091025252933,-14.722482569486047,-19.82334647511472,-9.865881984243655,P_local_mm,a
2017-03-01,2017.2083333333333,-3.6929541476230954,-14.86892423508429,-20.01010850191339,-9.906949844908521,P_local_mm,a
2017-04-01,2017.2916666666667,18.748963515955346,-15.015513485714843,-20.161605965921478,-9.921456850685908,P_local_mm,a
2017-05-01,2017.375,-14.23312230837999,-15.162368488175034,-20.25791614448417,-9.802316978932547,P_local_mm,a
2017-06-01,2017.4583333333333,-66.94782484247328,-15.30961702249532,-20.372125830580185,-9.686854406176824,P_local_mm,a
2017-07-01,2017.5416666666667,-63.55241273613999,-15.457374820717499,-20.591310443044097,-9.616570310262073,P_local_mm,a
2017-08-01,2017.625,-33.40964375025196,-15.605721033784755,-20.827572401763824,-9.536745845340537,P_local_mm,a
2017-09-01,2017.7083333333333,-12.42129366115725,-15.754699390864136,-21.065149673750334,-9.415652109694841,P_local_mm,a
2017-10-01,2017.7916666666667,17.36554009577207,-15.904334800609089,-21.304080780506478,-9.249502320327302,P_local_mm,a
2017-11-01,2017.875,-5.9358387949351865,-16.054654179537536,-21.546059626512736,-9.184702797554943,P_local_mm,a
2017-12-01,2017.9583333333333,-10.400569050827126,-16.205701606799277,-21.764057213855676,-9.149562496304245,P_local_mm,a
2018-01-01,2018.0416666666667,4.5548952224964,-16.357529095573334,-22.00071940907444,-9.173845247630675,P_local_mm,a
2018-02-01,2018.125,-6.504130580012172,-16.51019289118336,-22.251532810684843,-9.198709791067765,P_local_mm,a
2018-03-01,2018.2083333333333,-8.701142395080995,-16.66375952891434,-22.503640068211485,-9.195678585014859,P_local_mm,a
2018-04-01,2018.2916666666667,-15.723305944554653,-16.818301062346876,-22.757048192883577,-9.186876911279063,P_local_mm,a
2018-05-01,2018.375,-69.03910201323637,-16.973891049024278,-23.011765621969758,-9.179124546306564,P_local_mm,a
2018-06-01,2018.4583333333333,-99.77134991028628,-17.130594561633128,-23.26778654177105,-9.155729114400565,P_local_mm,a
2018-07-01,2018.5416666666667,-27.62525760647999,-17.288448623641493,-23.52330951335678,-9.117730137984847,P_local_mm,a
2018-08-01,2018.625,-82.45815636155196,-17.447469068258304,-23.778474551663294,-9.0805040815505,P_local_mm,a
2018-09-01,2018.7083333333333,72.54383280904273,-17.607655499360302,-23.997433458640312,-9.04401267454731,P_local_mm,a
2018-10-01,2018.7916666666667,41.656088964902075,-17.768986927622596,-24.18611407041451,-9.008224441274317,P_local_mm,a
2018-11-01,2018.875,-4.358996425335185,-17.931447638397042,-24.402240771170174,-8.973132288577746,P_local_mm,a
2018-12-01,2018.9583333333333,11.645243606354873,-18.095043919104253,-24.667484516442563,-8.926565813466238,P_local_mm,a
2019-01-01,2019.0416666666667,-7.7398475865536005,-18.259798527309343,-24.939996170839283,-8.877266068766007,P_local_mm,a
2019-02-01,2019.125,-5.019671983902171,-18.425753411982274,-25.243403890912482,-8.827447161990326,P_local_mm,a
2019-03-01,2019.2083333333333,-8.924648376080995,-18.59296171797707,-25.55078010696019,-8.77515663218514,P_local_mm,a
2019-04-01,2019.2916666666667,-40.71690516297295,-18.761486399323626,-25.8595805206097,-8.715514846341481,P_local_mm,a
2019-05-01,2019.375,-50.52922274164638,-18.931392805017204,-26.197081326872638,-8.649889608583393,P_local_mm,a
2019-06-01,2019.4583333333333,-75.26818286467729,-19.10272541952023,-26.50761932506611,-8.583816071611329,P_local_mm,a
2019-07-01,2019.5416666666667,-103.30246560863999,-19.275497012133368,-26.818344264217266,-8.517293980825178,P_local_mm,a
2019-08-01,2019.625,-104.97238216575197,-19.44968679987638,-27.112037970682685,-8.450323320296503,P_local_mm,a
2019-09-01,2019.7083333333333,-46.139084446857254,-19.625251550749823,-27.390268756386813,-8.382916662005309,P_local_mm,a
2019-10-01,2019.7916666666667,-24.419408067227927,-19.80212800875644,-27.66987398466822,-8.315066188669682,P_local_mm,a
2019-11-01,2019.875,-21.566689855635186,-19.98023101213767,-27.950828807256116,-8.217937814048206,P_local_mm,a
2019-12-01,2019.9583333333333,-8.204678058155125,-20.159468000212087,-28.23310794349425,-8.11501778514729,P_local_mm,a
2020-01-01,2020.0416666666667,2.1731304254574013,-20.339747992099227,-28.516679786128336,-8.010372193373868,P_local_mm,a
2020-02-01,2020.125,-12.188287736112171,-20.520994645349436,-28.816719690989416,-7.903941964504549,P_local_mm,a
2020-03-01,2020.2083333333333,-10.747665523080995,-20.703153555104805,-29.132514570564048,-7.795692054695575,P_local_mm,a
1980-01-01,1980.0416666666667,-0.5338298609949627,-0.058309988937153966,-0.2547132959878472,0.23784121485227736,P_local_mm,z
1980-02-01,1980.125,1.273488264732903,-0.058316679911027736,-0.2529748016711281,0.23224230876102467,P_local_mm,z
1980-03-01,1980.2083333333333,-0.752743234774741,-0.058339244565677774,-0.25136799967215956,0.2266694442527057,P_local_mm,z
1980-04-01,1980.2916666666667,3.055123032095917,-0.05837864217418342,-0.24977037281621622,0.2211224939788743,P_local_mm,z
1980-05-01,1980.375,1.603178338350837,-0.05843556222237365,-0.24818157841258282,0.2156013849358585,P_local_mm,z
1980-06-01,1980.4583333333333,-0.049276537250356786,-0.058510789442959024,-0.2466016483050718,0.2103412295596841,P_local_mm,z
1980-07-01,1980.5416666666667,0.3797989247160503,-0.05860588079968323,-0.2444639048998494,0.20476055685688066,P_local_mm,z
1980-08-01,1980.625,-0.9146696261653217,-0.05872270496706309,-0.2429860981148572,0.19899053068061864,P_local_mm,z
1980-09-01,1980.7083333333333,0.2563723733248762,-0.058863368373327445,-0.24161362008594076,0.19342370987094615,P_local_mm,z
1980-10-01,1980.7916666666667,-0.6401520182277737,-0.05902962170067324,-0.23853614500337272,0.18820634879136094,P_local_mm,z
1980-11-01,1980.875,-0.25535446517707283,-0.05922324902841891,-0.2362509377346182,0.1839682114555838,P_local_mm,z
1980-12-01,1980.9583333333333,0.08756103655526158,-0.05944569550526893,-0.23552895148393715,0.17972208583910568,P_local_mm,z
1981-01-01,1981.0416666666667,-0.731662902712294,-0.05969821186484332,-0.23482850511340211,0.17431182390941158,P_local_mm,z
1981-02-01,1981.125,0.2235210900470673,-0.05998202615574472,-0.2341172094622716,0.16949009700769652,P_local_mm,z
1981-03-01,1981.2083333333333,-0.4983181427773743,-0.060298026455120335,-0.2324182806373346,0.16647735763622548,P_local_mm,z
1981-04-01,1981.2916666666667,-0.15316010077335893,-0.06064711824573677,-0.2307238366362515,0.1630508249096614,P_local_mm,z
1981-05-01,1981.375,2.0653031347966566,-0.06102994808057116,-0.2290350166994248,0.15773802595126074,P_local_mm,z
1981-06-01,1981.4583333333333,-0.8992236101508208,-0.06144713156805308,-0.2275450601202543,0.15222133096022966,P_local_mm,z
1981-07-01,1981.5416666666667,-0.4263608685413894,-0.0618996187591749,-0.22620553509084634,0.1467087769443485,P_local_mm,z
1981-08-01,1981.625,0.08036861838465219,-0.06238794444896045,-0.22486394180287694,0.14120049721763123,P_local_mm,z
1981-09-01,1981.7083333333333,-0.10987216792286324,-0.06291228862603815,-0.22352025824705013,0.1356970803412689,P_local_mm,z
1981-10-01,1981.7916666666667,-0.8334574179576559,-0.06347281940263523,-0.22217465431120417,0.13019952284735026,P_local_mm,z
1981-11-01,1981.875,-0.6013002220672469,-0.0640695490697563,-0.2208275376701909,0.12470902937591764,P_local_mm,z
1981-12-01,1981.9583333333333,-0.6083150343440313,-0.06470191811236772,-0.21947947897816755,0.11922640209665493,P_local_mm,z
1982-01-01,1982.0416666666667,-1.1820322987313956,-0.06536877221673269,-0.21801743084240893,0.1137521145445205,P_local_mm,z
1982-02-01,1982.125,-0.9068749483151857,-0.06606830466643011,-0.21581421583648996,0.10828673960645116,P_local_mm,z
1982-03-01,1982.2083333333333,1.2820136792320203,-0.06679783203910807,-0.21380969913252562,0.10438990973872726,P_local_mm,z
1982-04-01,1982.2916666666667,-0.3759558982083815,-0.06755402148857681,-0.211816849227738,0.10113036480856566,P_local_mm,z
1982-05-01,1982.375,1.2323044341589389,-0.06833373312444974,-0.20983646339510623,0.09786489476696522,P_local_mm,z
1982-06-01,1982.4583333333333,3.815613282515565,-0.06913368705403168,-0.20786922370854996,0.09464543336337604,P_local_mm,z
1982-07-01,1982.5416666666667,1.8275722304973372,-0.06995089759632434,-0.20591566787166715,0.09152912134846732,P_local_mm,z
1982-08-01,1982.625,1.106965542202392,-0.07078241703076271,-0.20418780792983326,0.08795573092863372,P_local_mm,z
1982-09-01,1982.7083333333333,3.7704239056920423,-0.07162574299266629,-0.20282425307874782,0.08235228479061685,P_local_mm,z
1982-10-01,1982.7916666666667,1.5924554609160422,-0.07247889743234964,-0.2023134606934504,0.07987677336185019,P_local_mm,z
1982-11-01,1982.875,-0.5158789674454793,-0.07334003002895605,-0.201727888973396,0.0780648155825717,P_local_mm,z
1982-12-01,1982.9583333333333,-0.08162398935664565,-0.07420767933079866,-0.2005959777645238,0.07460272866057423,P_local_mm,z
1983-01-01,1983.0416666666667,1.1226774913714834,-0.07508011554434062,-0.20135238374473285,0.06813560796355134,P_local_mm,z
1983-02-01,1983.125,0.2223551748103566,-0.07595551533814061,-0.2020113416931254,0.061687729146938375,P_local_mm,z
1983-03-01,1983.2083333333333,-0.5372122351372127,-0.0768325818792851,-0.20491539187667446,0.05660900010106274,P_local_mm,z
1983-04-01,1983.2916666666667,0.016806580257412856,-0.07771020481713325,-0.20478062680062095,0.05282209181683674,P_local_mm,z
1983-05-01,1983.375,-0.313497263831516,-0.07858691413540544,-0.2050559984971413,0.05176049749593994,P_local_mm,z
1983-06-01,1983.4583333333333,-0.08120209201764986,-0.07946102620127968,-0.20607955781002812,0.05065558868602338,P_local_mm,z
1983-07-01,1983.5416666666667,0.8010259944492215,-0.08033049874937383,-0.2052672316613727,0.04889384852289822,P_local_mm,z
1983-08-01,1983.625,-0.09285118495923961,-0.08119315202871906,-0.20491438446062166,0.0449418474846626,P_local_mm,z
1983-09-01,1983.7083333333333,-0.28475319391815,-0.08204720483482786,-0.20554119195141007,0.041105101347287946,P_local_mm,z
1983-10-01,1983.7916666666667,-0.6962241962916372,-0.08289080560675757,-0.20619537975746013,0.037250960002424435,P_local_mm,z
1983-11-01,1983.875,-1.040572751580147,-0.08372159644511491,-0.20687599674487078,0.03440581601520072,P_local_mm,z
1983-12-01,1983.9583333333333,-0.8053786926161084,-0.08453618870902414,-0.2087013120243695,0.03249184780132641,P_local_mm,z
1984-01-01,1984.0416666666667,-0.08095051882052574,-0.08532971124205907,-0.21068982062351316,0.03052983614462874,P_local_mm,z
1984-02-01,1984.125,-0.9899238182886727,-0.08609580740881739,-0.21151390175748366,0.028513691010292767,P_local_mm,z
1984-03-01,1984.2083333333333,1.8084300088243173,-0.08682698834865885,-0.21170742541227985,0.026435599366967783,P_local_mm,z
1984-04-01,1984.2916666666667,-0.012019855880852208,-0.08751441221660941,-0.2119086461799885,0.024445981694765875,P_local_mm,z
1984-05-01,1984.375,0.83746667025008,-0.0881494930580113,-0.21322178638880057,0.02440068321019446,P_local_mm,z
1984-06-01,1984.4583333333333,-0.07705766084354314,-0.08872447961041738,-0.21670827919040403,0.024365787291377113,P_local_mm,z
1984-07-01,1984.5416666666667,3.0163074399311953,-0.08923426630088538,-0.22029836833687033,0.0214437063608061,P_local_mm,z
1984-08-01,1984.625,-0.3968494771200675,-0.08967784954974722,-0.2243624601435843,0.019005484291783573,P_local_mm,z
1984-09-01,1984.7083333333333,1.2951071134222414,-0.09006122395404324,-0.22830242455417993,0.019641612620861653,P_local_mm,z
1984-10-01,1984.7916666666667,0.6083876401196202,-0.09040199636714298,-0.23113293368496324,0.019299798341626883,P_local_mm,z
1984-11-01,1984.875,0.4612660552091493,-0.09073708372007197,-0.23394177872870983,0.01984261462015395,P_local_mm,z
1984-12-01,1984.9583333333333,-0.7975296517866393,-0.09112862789511475,-0.23670824562251958,0.020536674569640208,P_local_mm,z
1985-01-01,1985.0416666666667,0.4211805535319321,-0.09397779997263553,-0.23926987590693155,0.018204217972290458,P_local_mm,z
1985-02-01,1985.125,-0.9620243329936035,-0.09699918824589382,-0.2405229933252411,0.01635024776647373,P_local_mm,z
1985-03-01,1985.2083333333333,0.31474647232180386,-0.10020099727254576,-0.24146719851070336,0.016105867673074738,P_local_mm,z
1985-04-01,1985.2916666666667,-0.27881768397175394,-0.10358732336275295,-0.2423417547347159,0.01596135908069408,P_local_mm,z
1985-05-01,1985.375,-0.3973150107904617,-0.10716746739508838,-0.24324144991825744,0.015847000840278784,P_local_mm,z
1985-06-01,1985.4583333333333,-0.7789237965426428,-0.11094916865670774,-0.24401022716779977,0.014037749713451522,P_local_mm,z
1985-07-01,1985.5416666666667,0.027794854867531346,-0.11493196415567343,-0.24464626885972207,0.011500158812263829,P_local_mm,z
1985-08-01,1985.625,-0.9944871465121883,-0.1191122562213318,-0.2479785159123147,0.009130332780014256,P_local_mm,z
1985-09-01,1985.7083333333333,0.5078617300839052,-0.12348095816757984,-0.2514713425787984,0.006791905307451636,P_local_mm,z
1985-10-01,1985.7916666666667,1.9072124860407023,-0.1280236456061738,-0.25473342178004443,0.004580779989133174,P_local_mm,z
1985-11-01,1985.875,-0.2139988124958931,-0.1327152567500296,-0.2564254203258374,0.0024500672525778104,P_local_mm,z
1985-12-01,1985.9583333333333,-0.6973903793048022,-0.13753268720616754,-0.2562165533089403,0.00034643559239257247,P_local_mm,z
1986-01-01,1986.0416666666667,-1.0267749723327448,-0.14245232288392193,-0.2572102869599745,-0.0005680786230174168,P_local_mm,z
1986-02-01,1986.125,0.31618866687284597,-0.14744092404933193,-0.25980691897252883,-0.001267526379037706,P_local_mm,z
1986-03-01,1986.2083333333333,-0.678528532420766,-0.1524671097917152,-0.26241552483586594,-0.001903035264927723,P_local_mm,z
1986-04-01,1986.2916666666667,0.33647306188064513,-0.15750330539206045,-0.26486700087086545,-0.0025406458584201373,P_local_mm,z
1986-05-01,1986.375,1.892784946992888,-0.1625257845044576,-0.2671188201169848,-0.0037290240273695,P_local_mm,z
1986-06-01,1986.4583333333333,2.1186954987556743,-0.167503937107122,-0.2701786549019349,-0.005056254458539197,P_local_mm,z
1986-07-01,1986.5416666666667,-0.8690127676585252,-0.17239553830423404,-0.27368721863025075,-0.0064768167813835376,P_local_mm,z
1986-08-01,1986.625,0.5774562443791319,-0.17715970522349078,-0.2770033371958466,-0.007918010415202596,P_local_mm,z
1986-09-01,1986.7083333333333,-0.5906261590502173,-0.18175454885849868,-0.2779047026862268,-0.00774890632007817,P_local_mm,z
1986-10-01,1986.7916666666667,0.27997849377776324,-0.18614227880156425,-0.2784453661685958,-0.0075205603592994,P_local_mm,z
1986-11-01,1986.875,-0.05469920960718544,-0.19028173515908484,-0.2792749127949635,-0.00726404892288764,P_local_mm,z
1986-12-01,1986.9583333333333,-0.6417040794576319,-0.19413852897135075,-0.2799361854803186,-0.00791653422715374,P_local_mm,z
1987-01-01,1987.0416666666667,-1.139721418864263,-0.19768996222982968,-0.28044082176450813,-0.010240290141343976,P_local_mm,z
1987-02-01,1987.125,0.1142744388525404,-0.20092756501599007,-0.28094064625509085,-0.012504548966366724,P_local_mm,z
1987-03-01,1987.2083333333333,0.8503605263854793,-0.20386199430735116,-0.28140251385660886,-0.014795190361164197,P_local_mm,z
1987-04-01,1987.2916666666667,-0.22530591997115476,-0.20651633825495214,-0.28423479823201264,-0.01708679574073601,P_local_mm,z
1987-05-01,1987.375,-0.1970483840465805,-0.20891545685182286,-0.2876101196322557,-0.01935623130413791,P_local_mm,z
1987-06-01,1987.4583333333333,-0.5509175379727357,-0.21108229348518992,-0.290056423063718,-0.021836355316076785,P_local_mm,z
1987-07-01,1987.5416666666667,3.8100227596604794,-0.2130309598563684,-0.2890361661660379,-0.024032468250890837,P_local_mm,z
1987-08-01,1987.625,2.6661017645484155,-0.21477281710655613,-0.28787012827464276,-0.026283419882764343,P_local_mm,z
1987-09-01,1987.7083333333333,0.14702938146864922,-0.21631915325157247,-0.28653377904644045,-0.02858022938939254,P_local_mm,z
1987-10-01,1987.7916666666667,0.859961729357244,-0.217678332128544,-0.2856512206865944,-0.030902955238610055,P_local_mm,z
1987-11-01,1987.875,-1.0117126025441172,-0.21885937440260758,-0.2873427370516005,-0.03315127228287484,P_local_mm,z
1987-12-01,1987.9583333333333,0.11171578374563534,-0.21987149174457568,-0.28980135171297683,-0.03344508061539154,P_local_mm,z
1988-01-01,1988.0416666666667,-1.1826832570971229,-0.22072662954243405,-0.29247095693398223,-0.03337892332881967,P_local_mm,z
1988-02-01,1988.125,-0.7830305039299821,-0.22144106495062152,-0.29399657134604223,-0.03518031440887852,P_local_mm,z
1988-03-01,1988.2083333333333,-0.3304438741015965,-0.22201941686754761,-0.29411985802122775,-0.03680376668870788,P_local_mm,z
1988-04-01,1988.2916666666667,-0.36045874517394716,-0.2224601078929288,-0.29489197412033413,-0.03762184805602219,P_local_mm,z
1988-05-01,1988.375,-0.9228313208649045,-0.22276681252189615,-0.2959777198363079,-0.03848671245572407,P_local_mm,z
1988-06-01,1988.4583333333333,-0.9815367381063783,-0.222936631158222,-0.29671712800684247,-0.039392241528209915,P_local_mm,z
1988-07-01,1988.5416666666667,-0.020103423264938632,-0.22296030397173391,-0.2965241154160971,-0.03973862514270356,P_local_mm,z
1988-08-01,1988.625,0.4849112370427891,-0.22282500868210425,-0.29614256305601033,-0.039815691630500395,P_local_mm,z
1988-09-01,1988.7083333333333,-0.7396946606873943,-0.22251447742980365,-0.29641899240008796,-0.03982521212372763,P_local_mm,z
1988-10-01,1988.7916666666667,-0.7436379256782994,-0.22201789641416164,-0.29677953527963635,-0.039783234760066906,P_local_mm,z
1988-11-01,1988.875,-0.25991489575166643,-0.22132887100101337,-0.2972281812335057,-0.03956810333424261,P_local_mm,z
1988-12-01,1988.9583333333333,-0.4076605169821659,-0.2204457704995677,-0.2978429661743131,-0.03912118948890512,P_local_mm,z
1989-01-01,1989.0416666666667,0.1133953095065557,-0.21937457665005747,-0.29882140785293065,-0.03866653943556171,P_local_mm,z
1989-02-01,1989.125,-1.017418743891026,-0.2181273470327153,-0.2985911139256944,-0.038205936898621146,P_local_mm,z
1989-03-01,1989.2083333333333,-0.7317314482921817,-0.21672683885479674,-0.29887484248906515,-0.03774424259929292,P_local_mm,z
1989-04-01,1989.2916666666667,-0.19649285790839371,-0.21520422648019527,-0.29893870300915243,-0.03728639812017768,P_local_mm,z
1989-05-01,1989.375,-0.7043716274457164,-0.2135864200389174,-0.2987277875055261,-0.03683704702784106,P_local_mm,z
1989-06-01,1989.4583333333333,-0.7198766746466355,-0.2118920635914313,-0.29735248652856633,-0.03703665590407094,P_local_mm,z
1989-07-01,1989.5416666666667,0.29340822909502723,-0.21013273551176684,-0.29418822638075776,-0.03762948823726602,P_local_mm,z
1989-08-01,1989.625,1.710546001982221,-0.20831888382264424,-0.29348995706333164,-0.03818257294587818,P_local_mm,z
1989-09-01,1989.7083333333333,0.41132643985015804,-0.20646012257092622,-0.2911587436834013,-0.038368350306425984,P_local_mm,z
1989-10-01,1989.7916666666667,-0.7229102722576485,-0.20457469208271825,-0.2925979897263128,-0.03819536834527927,P_local_mm,z
1989-11-01,1989.875,-0.8984827326604012,-0.2026753311704578,-0.29560191266756064,-0.036012272505412626,P_local_mm,z
1989-12-01,1989.9583333333333,-0.1502077404112342,-0.2007673518735351,-0.2956137805339963,-0.03378807113371212,P_local_mm,z
1990-01-01,1990.0416666666667,-0.05326265843242167,-0.19885195658241248,-0.29406417725334094,-0.032240354510664454,P_local_mm,z
1990-02-01,1990.125,-0.5312914507620476,-0.19692734203607404,-0.2922998718593762,-0.033015409362378886,P_local_mm,z
1990-03-01,1990.2083333333333,3.128969510321342,-0.19498483776805922,-0.2905131051152686,-0.03372772316108428,P_local_mm,z
1990-04-01,1990.2916666666667,-0.21823003514693534,-0.19301840075593768,-0.28871349065753316,-0.0345708261051324,P_local_mm,z
1990-05-01,1990.375,-0.6544835896355896,-0.19102174047492707,-0.28690947965646346,-0.03449177581655362,P_local_mm,z
1990-06-01,1990.4583333333333,-0.8324102665479393,-0.18898464185618255,-0.28569238393489893,-0.03291098038617104,P_local_mm,z
1990-07-01,1990.5416666666667,-0.5896183335366486,-0.18690070981937376,-0.28456552721159456,-0.031075675039558655,P_local_mm,z
1990-08-01,1990.625,-0.04879610235134963,-0.1847630170527124,-0.28337053683932717,-0.03005864368027386,P_local_mm,z
1990-09-01,1990.7083333333333,0.838956089507796,-0.18256187072367785,-0.28214286338337663,-0.030067065075141876,P_local_mm,z
1990-10-01,1990.7916666666667,-0.3408057870666829,-0.1802952581641274,-0.28156337209635895,-0.03016223951922777,P_local_mm,z
1990-11-01,1990.875,-0.43268967556804566,-0.1779622615741457,-0.28175056100108653,-0.03034228946394708,P_local_mm,z
1990-12-01,1990.9583333333333,1.2820685734322188,-0.17555992952445618,-0.2810568428430459,-0.03060715083672057,P_local_mm,z
1991-01-01,1991.0416666666667,-0.3465543424119819,-0.1730886508540994,-0.27964590809673023,-0.03095911945282914,P_local_mm,z
1991-02-01,1991.125,-0.7679769338586961,-0.17055348457336048,-0.2780742416361358,-0.031284232601780315,P_local_mm,z
1991-03-01,1991.2083333333333,-0.7311499536957411,-0.16796841831664563,-0.27633797625840006,-0.031634882995694606,P_local_mm,z
1991-04-01,1991.2916666666667,0.6513677352697368,-0.165352050590745,-0.27584135139301696,-0.03206424873291008,P_local_mm,z
1991-05-01,1991.375,1.8537860931340688,-0.16272901064797077,-0.27623154143083556,-0.03244471429030309,P_local_mm,z
1991-06-01,1991.4583333333333,-0.09766307513385093,-0.1601221481418877,-0.2783209262745437,-0.03196512052979092,P_local_mm,z
1991-07-01,1991.5416666666667,1.244476839352707,-0.15755410258389566,-0.280454599751686,-0.031879884971192554,P_local_mm,z
1991-08-01,1991.625,-1.0133636340353713,-0.1550485751975737,-0.2826288946057595,-0.03206645054944546,P_local_mm,z
1991-09-01,1991.7083333333333,1.3908887709236697,-0.15263488157749064,-0.2841696065438056,-0.032229025035227586,P_local_mm,z
1991-10-01,1991.7916666666667,0.008959201071414555,-0.1503358161277619,-0.28514774096582085,-0.03236173900994714,P_local_mm,z
1991-11-01,1991.875,-0.3158965841942191,-0.1481775285908864,-0.2862096097382669,-0.03246622076462272,P_local_mm,z
1991-12-01,1991.9583333333333,3.357335370698414,-0.14618326666991252,-0.28723922228015836,-0.03254968952373782,P_local_mm,z
1992-01-01,1992.0416666666667,-1.1861672320333383,-0.1443727456194707,-0.2882441397549068,-0.032613584280109284,P_local_mm,z
1992-02-01,1992.125,0.04912390843150713,-0.142761986007664,-0.28923280156761594,-0.03337884914401802,P_local_mm,z
1992-03-01,1992.2083333333333,-0.452514447486845,-0.1413700068030811,-0.29021604054271766,-0.03408075486253002,P_local_mm,z
1992-04-01,1992.2916666666667,0.9676873565551051,-0.14021261136110377,-0.2918024853726852,-0.03496391709139931,P_local_mm,z
1992-05-01,1992.375,1.628188476057264,-0.13929435426828374,-0.29210632959871413,-0.03595260359072363,P_local_mm,z
1992-06-01,1992.4583333333333,0.5910927297938678,-0.1386171829720534,-0.29198723969806123,-0.0345317072430871,P_local_mm,z
1992-07-01,1992.5416666666667,-0.5468285601932004,-0.13818091600172294,-0.2917640472886822,-0.033498370132618284,P_local_mm,z
1992-08-01,1992.625,-0.27541586102241783,-0.1379895698010358,-0.291759077522516,-0.03312615439595531,P_local_mm,z
1992-09-01,1992.7083333333333,0.03858820159178659,-0.13804917980876602,-0.29289142400362067,-0.03235378259492931,P_local_mm,z
1992-10-01,1992.7916666666667,-0.6773512826633513,-0.13835939108126458,-0.29324094114980875,-0.03145946352462649,P_local_mm,z
1992-11-01,1992.875,0.19734443790574602,-0.13891279333921583,-0.292800095280047,-0.032494578741100816,P_local_mm,z
1992-12-01,1992.9583333333333,-0.7214734581533593,-0.139688282791598,-0.2923703341570121,-0.03372843207419077,P_local_mm,z
1993-01-01,1993.0416666666667,0.33249382667963884,-0.14066378651060796,-0.2919646839255651,-0.03382929336954923,P_local_mm,z
1993-02-01,1993.125,0.1435082287267283,-0.1418135403499038,-0.2915919105634211,-0.03509883823734971,P_local_mm,z
1993-03-01,1993.2083333333333,-0.7543434157086681,-0.1431217605171292,-0.29235720229249174,-0.03619062740958989,P_local_mm,z
1993-04-01,1993.2916666666667,1.1071720352756445,-0.14457563377566654,-0.29412070829929365,-0.03567760231344598,P_local_mm,z
1993-05-01,1993.375,1.624645095587657,-0.14615883943627017,-0.29586742105333025,-0.035295153773655316,P_local_mm,z
1993-06-01,1993.4583333333333,0.13758832234048946,-0.14785305064695517,-0.29760112205054695,-0.03574190604491039,P_local_mm,z
1993-07-01,1993.5416666666667,-0.1589772467969759,-0.14965055788804524,-0.2993256356693163,-0.03851022827326485,P_local_mm,z
1993-08-01,1993.625,-0.8020775388334933,-0.15155596727112333,-0.3003733744293749,-0.04065821798707675,P_local_mm,z
1993-09-01,1993.7083333333333,-0.49730100292529145,-0.15357638931984693,-0.3004446350227182,-0.04263826193518764,P_local_mm,z
1993-10-01,1993.7916666666667,-0.16140412637255935,-0.15571330497233207,-0.3000282023989379,-0.04443446238792062,P_local_mm,z
1993-11-01,1993.875,-0.18785113475691023,-0.15796613071029028,-0.29960634462139996,-0.04418624573870353,P_local_mm,z
1993-12-01,1993.9583333333333,0.3141303464871557,-0.16034025295987178,-0.3000687512010178,-0.04375058184428756,P_local_mm,z
1994-01-01,1994.0416666666667,-1.1808496043406786,-0.16284301619959088,-0.29885567672641383,-0.04354107766708088,P_local_mm,z
1994-02-01,1994.125,-0.35481764820531475,-0.16547479401696255,-0.29959506092491806,-0.043576918330636726,P_local_mm,z
1994-03-01,1994.2083333333333,-0.29417196372532833,-0.16822323465612174,-0.3014301365310614,-0.04505337291247987,P_local_mm,z
1994-04-01,1994.2916666666667,0.6038270368884637,-0.1710790713976521,-0.30482705168346774,-0.047551609757497684,P_local_mm,z
1994-05-01,1994.375,-0.1898111971458102,-0.1740324839389616,-0.30819932874035594,-0.050097509195456726,P_local_mm,z
1994-06-01,1994.4583333333333,-0.5145596153905674,-0.17707579379988608,-0.3115366185056646,-0.052256649783193214,P_local_mm,z
1994-07-01,1994.5416666666667,1.2125680328165334,-0.18020910221863734,-0.31482410844773334,-0.052690307830394245,P_local_mm,z
1994-08-01,1994.625,-0.9368379601520285,-0.18343821068527147,-0.3179256251982817,-0.05549044521737344,P_local_mm,z
1994-09-01,1994.7083333333333,0.07241481207006974,-0.18676664589261902,-0.3209608180774483,-0.058339334244223634,P_local_mm,z
1994-10-01,1994.7916666666667,-0.31028272349639324,-0.19018075356660302,-0.3237869200890067,-0.058552136288901345,P_local_mm,z
1994-11-01,1994.875,-0.7893873000311168,-0.19365434350860786,-0.3245439113780087,-0.05855387515270248,P_local_mm,z
1994-12-01,1994.9583333333333,0.3233603557796427,-0.19716354421228036,-0.3248086334631535,-0.057517904814707525,P_local_mm,z
1995-01-01,1995.0416666666667,0.19515000662319196,-0.20069290422352923,-0.3244613194765236,-0.05793715812374129,P_local_mm,z
1995-02-01,1995.125,-0.10255608441594305,-0.2042296374501255,-0.32484692438701585,-0.05872877337768655,P_local_mm,z
1995-03-01,1995.2083333333333,-0.7276861515665413,-0.20776401432204952,-0.32552088402705137,-0.059617317783076496,P_local_mm,z
1995-04-01,1995.2916666666667,0.4887030633734954,-0.21128200617445753,-0.32606392780606214,-0.0620118109503021,P_local_mm,z
1995-05-01,1995.375,-0.825968831827077,-0.21476845928343308,-0.32648373416030807,-0.06441776726497621,P_local_mm,z
1995-06-01,1995.4583333333333,0.3399249530171369,-0.21820988259482407,-0.32678935486256006,-0.06681287563946477,P_local_mm,z
1995-07-01,1995.5416666666667,0.24934439530716226,-0.22159997700047881,-0.3269928922355834,-0.06918153028133632,P_local_mm,z
1995-08-01,1995.625,-0.29166145816267836,-0.2249410794106223,-0.3271714474378728,-0.07151156042870777,P_local_mm,z
1995-09-01,1995.7083333333333,-0.3682862786254152,-0.22824275538058594,-0.3282087732881026,-0.07332893275845703,P_local_mm,z
1995-10-01,1995.7916666666667,-0.4568816884973638,-0.23151559381375372,-0.3300468850383147,-0.07515173519039041,P_local_mm,z
1995-11-01,1995.875,-0.8880184355028726,-0.23476003388367533,-0.33173818471719513,-0.07696887395292391,P_local_mm,z
1995-12-01,1995.9583333333333,0.21195391130753097,-0.23797829908111123,-0.3332178118268587,-0.0790258168898215,P_local_mm,z
1996-01-01,1996.0416666666667,-0.37760813993892206,-0.24116976081817287,-0.3340418974623079,-0.0817677321861034,P_local_mm,z
1996-02-01,1996.125,-0.9951994189936763,-0.24433171865756353,-0.3350388874883209,-0.08487246214870778,P_local_mm,z
1996-03-01,1996.2083333333333,-0.7325881869516754,-0.2474668598906703,-0.336076959171272,-0.08734074552774658,P_local_mm,z
1996-04-01,1996.2916666666667,-0.060490095550874284,-0.2505852772879268,-0.33781749622852947,-0.08961957502571806,P_local_mm,z
1996-05-01,1996.375,-1.0182467080244075,-0.25369281199900395,-0.33920381020804424,-0.09040140555322829,P_local_mm,z
1996-06-01,1996.4583333333333,-0.8620288545618764,-0.256786544038798,-0.3404495784152268,-0.09116777028898775,P_local_mm,z
1996-07-01,1996.5416666666667,-0.8394449354287925,-0.2598515694712242,-0.3415719539227717,-0.09425298769579163,P_local_mm,z
1996-08-01,1996.625,-0.16125321310222646,-0.2628743105662301,-0.34262462429415014,-0.09613048806833845,P_local_mm,z
1996-09-01,1996.7083333333333,-1.027385437564171,-0.26583553493398215,-0.3417962653223584,-0.09804399304555614,P_local_mm,z
1996-10-01,1996.7916666666667,-0.5985049174946911,-0.26871427310301776,-0.34081330668749493,-0.09894203959356968,P_local_mm,z
1996-11-01,1996.875,-0.943596715754829,-0.27149038287922606,-0.34327191594956563,-0.10205827854337465,P_local_mm,z
1996-12-01,1996.9583333333333,0.3546898242050937,-0.2741467180356723,-0.3431670260968035,-0.10250134595346884,P_local_mm,z
1997-01-01,1997.0416666666667,-0.3153974952250011,-0.27666941584891264,-0.3433476110775959,-0.10166560243274501,P_local_mm,z
1997-02-01,1997.125,-0.40584742887550457,-0.27904947081676784,-0.3446621643351992,-0.1008700039347632,P_local_mm,z
1997-03-01,1997.2083333333333,0.04174601935939875,-0.2812846502088182,-0.34588344234810015,-0.10011108713004971,P_local_mm,z
1997-04-01,1997.2916666666667,-0.3081934744114227,-0.28337980123517975,-0.3465379357076947,-0.09938712124406561,P_local_mm,z
1997-05-01,1997.375,0.43184546972386845,-0.28534112666675304,-0.3463356336487872,-0.09870202233033129,P_local_mm,z
1997-06-01,1997.4583333333333,2.6159288669239213,-0.2871683813043439,-0.3460480130977521,-0.09805066597450218,P_local_mm,z
1997-07-01,1997.5416666666667,-0.45389818421576844,-0.28884591156224454,-0.3455923232423775,-0.09742104153320107,P_local_mm,z
1997-08-01,1997.625,0.7762833404314895,-0.29034513140485607,-0.344963318075587,-0.09684284139834917,P_local_mm,z
1997-09-01,1997.7083333333333,2.8551789039009456,-0.29163569853535337,-0.3441557516507172,-0.09806508694713433,P_local_mm,z
1997-10-01,1997.7916666666667,1.6544761906611143,-0.29268485250118925,-0.34316827611817896,-0.09846287442284073,P_local_mm,z
1997-11-01,1997.875,0.017191590163070116,-0.2934602936463155,-0.3422514809923254,-0.09853574793252158,P_local_mm,z
1997-12-01,1997.9583333333333,0.26614701312410516,-0.29393869024501834,-0.34209712642808127,-0.09965608024103792,P_local_mm,z
1998-01-01,1998.0416666666667,-1.2648263336383938,-0.2941068468395056,-0.3426357851204906,-0.10088148438947889,P_local_mm,z
1998-02-01,1998.125,2.1083245113262508,-0.29395792832505213,-0.34314573662473896,-0.10182888832693046,P_local_mm,z
1998-03-01,1998.2083333333333,0.0157947819998378,-0.2934868788847612,-0.3420095609722337,-0.10039881386296738,P_local_mm,z
1998-04-01,1998.2916666666667,0.7226578268596995,-0.29270037766751866,-0.340801176787953,-0.09976476045615787,P_local_mm,z
1998-05-01,1998.375,-0.6458710372975662,-0.2916187865899116,-0.33952567302541864,-0.10025796944152468,P_local_mm,z
1998-06-01,1998.4583333333333,-0.9005895249502439,-0.29026507744650826,-0.33947318003784577,-0.10072004218834028,P_local_mm,z
1998-07-01,1998.5416666666667,-0.9700270855918768,-0.2886545526303952,-0.33998486399975175,-0.10114506254807597,P_local_mm,z
1998-08-01,1998.625,-1.0738572274869267,-0.28679671963894393,-0.340768654077383,-0.10152210946841773,P_local_mm,z
1998-09-01,1998.7083333333333,-0.008121302881019197,-0.28470259192110564,-0.3423030763253449,-0.10181258464663515,P_local_mm,z
1998-10-01,1998.7916666666667,-1.0953676642128576,-0.2823915345585415,-0.3437431447129592,-0.1016079925808783,P_local_mm,z
1998-11-01,1998.875,-1.01482762729538,-0.2798837389983532,-0.3451118434288822,-0.10005052822741278,P_local_mm,z
1998-12-01,1998.9583333333333,0.11212848202952545,-0.2771997718436766,-0.3463780069106578,-0.09840047780422526,P_local_mm,z
1999-01-01,1999.0416666666667,0.9448511300668081,-0.2743504958643141,-0.3457537303312952,-0.0966936411970159,P_local_mm,z
1999-02-01,1999.125,-0.9008008295009199,-0.2713445432202829,-0.3436484911846335,-0.09495274812330158,P_local_mm,z
1999-03-01,1999.2083333333333,0.46136474952848644,-0.26820181016867845,-0.34072555830017764,-0.09432503195445376,P_local_mm,z
1999-04-01,1999.2916666666667,-0.3584741897886664,-0.26494002932315935,-0.3387399555063449,-0.09354711094874042,P_local_mm,z
1999-05-01,1999.375,-0.7393718345908586,-0.2615698124386567,-0.33860687082209007,-0.09260139258360636,P_local_mm,z
1999-06-01,1999.4583333333333,-0.3710489887805915,-0.2580959263242484,-0.3385618747760877,-0.09148290875402104,P_local_mm,z
1999-07-01,1999.5416666666667,-0.6836920319694555,-0.2545308635555058,-0.33585395746054897,-0.09019975131683133,P_local_mm,z
1999-08-01,1999.625,0.35455367243838376,-0.25089542379440627,-0.3330245054468061,-0.08876281633967789,P_local_mm,z
1999-09-01,1999.7083333333333,2.0093187004523165,-0.24720898443516312,-0.33268240792466697,-0.08718503059289885,P_local_mm,z
1999-10-01,1999.7916666666667,-0.31744279007607706,-0.2434973555994576,-0.3322705544965074,-0.08548170749501648,P_local_mm,z
1999-11-01,1999.875,-0.9463359436924446,-0.23978051797226296,-0.32989980665431207,-0.08366364393039154,P_local_mm,z
1999-12-01,1999.9583333333333,-0.25072942653261593,-0.23607435806798213,-0.3273110984134653,-0.08174059465567694,P_local_mm,z
2000-01-01,2000.0416666666667,-1.2275041147977555,-0.23239512837520354,-0.32336869326147233,-0.08045004865277541,P_local_mm,z
2000-02-01,2000.125,1.5459535941963833,-0.22875545214173817,-0.3198892052092969,-0.07970196354931472,P_local_mm,z
2000-03-01,2000.2083333333333,-0.7307443357137122,-0.22516006968339408,-0.3172097300944983,-0.07901367008186173,P_local_mm,z
2000-04-01,2000.2916666666667,-0.26580222460229663,-0.22161985479342983,-0.31474116188831114,-0.07839303422007968,P_local_mm,z
2000-05-01,2000.375,-0.8083747690242357,-0.21814981905827627,-0.3126020638178995,-0.07623785145201106,P_local_mm,z
2000-06-01,2000.4583333333333,3.1592393884481575,-0.21476013502773714,-0.3103388226249384,-0.07336160707941691,P_local_mm,z
2000-07-01,2000.5416666666667,-0.44304179700309787,-0.21145389557560262,-0.30694988290060915,-0.07059920929819767,P_local_mm,z
2000-08-01,2000.625,-0.7644645064428376,-0.20822274740587138,-0.30367291405408364,-0.06793808620192276,P_local_mm,z
2000-09-01,2000.7083333333333,1.9204802766882778,-0.20505284630363382,-0.30162001087241275,-0.06533912332114689,P_local_mm,z
2000-10-01,2000.7916666666667,-0.9760391819613283,-0.20192659694483076,-0.2996027007113175,-0.06316395880792097,P_local_mm,z
2000-11-01,2000.875,2.0497637829560964,-0.1988285952991095,-0.2982858193641384,-0.060417685954247645,P_local_mm,z
2000-12-01,2000.9583333333333,-0.7420849146709532,-0.19574643134216818,-0.2966084395534174,-0.056258360524760825,P_local_mm,z
2001-01-01,2001.0416666666667,-0.7192593807394569,-0.192670299836923,-0.2968975271914807,-0.05305237344030808,P_local_mm,z
2001-02-01,2001.125,-1.0242461676869172,-0.1895845884774657,-0.29594720781131145,-0.05014146207514341,P_local_mm,z
2001-03-01,2001.2083333333333,1.0048323264686796,-0.18646524746279305,-0.29402472627175014,-0.047764966807475336,P_local_mm,z
2001-04-01,2001.2916666666667,-0.10131867175143343,-0.18328702508237316,-0.2920765468929255,-0.04601848121455438,P_local_mm,z
2001-05-01,2001.375,0.7601318298957472,-0.18003268237290326,-0.2900669467514784,-0.043796133403527324,P_local_mm,z
2001-06-01,2001.4583333333333,-0.9093214829911657,-0.17668687166986186,-0.2890155441662388,-0.04114447650727292,P_local_mm,z
2001-07-01,2001.5416666666667,2.6284685824311964,-0.17324322209531545,-0.2891391370799442,-0.0384542559691831,P_local_mm,z
2001-08-01,2001.625,0.5998261002343074,-0.16969918015382512,-0.28896093263119715,-0.03544591554146871,P_local_mm,z
2001-09-01,2001.7083333333333,-0.9550751563634076,-0.1660532552538077,-0.28843348027660703,-0.03291207010934019,P_local_mm,z
2001-10-01,2001.7916666666667,-0.7001109972842796,-0.16230358459698688,-0.2878761937988315,-0.03052782310064372,P_local_mm,z
2001-11-01,2001.875,-0.44040003133209854,-0.15845167144243896,-0.287299954405256,-0.028302584020178097,P_local_mm,z
2001-12-01,2001.9583333333333,-0.4856468800530302,-0.15450009591980898,-0.28655937943428145,-0.026248578744194628,P_local_mm,z
2002-01-01,2002.0416666666667,-0.02797229674061711,-0.15046300726059567,-0.2834869795869384,-0.024818579421389916,P_local_mm,z
2002-02-01,2002.125,-0.9908939948522085,-0.1463585695585717,-0.28044657553842284,-0.024372781237114467,P_local_mm,z
2002-03-01,2002.2083333333333,0.08643875455273875,-0.14221019391598008,-0.2771059112564414,-0.023978933888224016,P_local_mm,z
2002-04-01,2002.2916666666667,-0.31409785274947355,-0.1380336129597129,-0.2719996293495846,-0.022901891956696518,P_local_mm,z
2002-05-01,2002.375,1.6236807468704537,-0.13383797512461856,-0.26786411152085116,-0.02028629631284568,P_local_mm,z
2002-06-01,2002.4583333333333,0.7164506536006172,-0.1296346137020304,-0.26563992032101336,-0.018279655054412196,P_local_mm,z
2002-07-01,2002.5416666666667,0.17218437733527048,-0.12543938957288514,-0.2634158231080623,-0.017758175417950644,P_local_mm,z
2002-08-01,2002.625,1.3597365573904874,-0.12126986546115856,-0.26119425824443443,-0.017334448134278185,P_local_mm,z
2002-09-01,2002.7083333333333,0.2888356175681707,-0.11714406444256395,-0.2591002774181302,-0.016366793842296418,P_local_mm,z
2002-10-01,2002.7916666666667,0.18601901844519345,-0.11308496355035809,-0.257058696151859,-0.015526711880410209,P_local_mm,z
2002-11-01,2002.875,-0.522381779527933,-0.10912581727198889,-0.2550289639832321,-0.014784113793174972,P_local_mm,z
2002-12-01,2002.9583333333333,0.383583681493962,-0.10530155986861646,-0.2530120824327678,-0.014972224524707445,P_local_mm,z
2003-01-01,2003.0416666666667,2.3585810076391662,-0.10164282512288805,-0.25100537302388515,-0.01576251821047062,P_local_mm,z
2003-02-01,2003.125,-0.8597506233690345,-0.09817269848666804,-0.24900892469654695,-0.0158506798568931,P_local_mm,z
2003-03-01,2003.2083333333333,-0.41491565342051806,-0.09491930736558934,-0.2470248105917632,-0.015438624213462735,P_local_mm,z
2003-04-01,2003.2916666666667,-0.534996192775872,-0.09189903163399696,-0.24505525007496312,-0.012965491224219569,P_local_mm,z
2003-05-01,2003.375,0.024441779475858058,-0.08911373050245208,-0.2430994112825452,-0.011607422374842278,P_local_mm,z
2003-06-01,2003.4583333333333,-0.015560413966124263,-0.08655081169918663,-0.24063422568934126,-0.01001746736666376,P_local_mm,z
2003-07-01,2003.5416666666667,-0.3256887475551948,-0.08419313589387498,-0.2379730323841149,-0.008412394221466417,P_local_mm,z
2003-08-01,2003.625,-1.0173082579731993,-0.08202658735410841,-0.23580333770586112,-0.006783498173613886,P_local_mm,z
2003-09-01,2003.7083333333333,0.3445267213341241,-0.08004212435704383,-0.23349855456339416,-0.005122915945616963,P_local_mm,z
2003-10-01,2003.7916666666667,-0.7754764573507984,-0.07822910626387357,-0.23123095920137313,-0.004088368809804819,P_local_mm,z
2003-11-01,2003.875,1.8318180180364976,-0.07658278544442279,-0.22963002797292265,-0.003540012632016232,P_local_mm,z
2003-12-01,2003.9583333333333,-0.11662375450716764,-0.07511180557230163,-0.2281593010692219,-0.003084278777555783,P_local_mm,z
2004-01-01,2004.0416666666667,-0.7720254705534593,-0.07384011423913311,-0.22693142213776782,-0.0031589135109393774,P_local_mm,z
2004-02-01,2004.125,0.4317390679973078,-0.07279110243863901,-0.22774076024919,-0.00271673116800508,P_local_mm,z
2004-03-01,2004.2083333333333,1.5252565872818595,-0.07197441705175417,-0.2301216163677693,-0.0025512772599993144,P_local_mm,z
2004-04-01,2004.2916666666667,0.3677979258251899,-0.07139400035364987,-0.23094781859308688,-0.0008607883503938394,P_local_mm,z
2004-05-01,2004.375,-0.9245402600922401,-0.07104943748177481,-0.23117360377652438,0.001497184843389506,P_local_mm,z
2004-06-01,2004.4583333333333,-0.625808872922974,-0.07094201658313562,-0.23045531301908964,0.0034597722061615738,P_local_mm,z
2004-07-01,2004.5416666666667,-0.3616236698451291,-0.07107507893660948,-0.229832629904488,0.005099363653826674,P_local_mm,z
2004-08-01,2004.625,-0.6016894609693842,-0.07145025428473185,-0.23029072965213968,0.006572991302189862,P_local_mm,z
2004-09-01,2004.7083333333333,0.672321843482502,-0.07207090991213491,-0.2302216772610782,0.007496387464967152,P_local_mm,z
2004-10-01,2004.7916666666667,0.36113052641568744,-0.07292621149538342,-0.22880864389767736,0.008095152532062753,P_local_mm,z
2004-11-01,2004.875,2.352146883952037,-0.07399266427162349,-0.22609269036726443,0.008460167526729189,P_local_mm,z
2004-12-01,2004.9583333333333,-0.10731901332646575,-0.07524589335888408,-0.2240352738550939,0.00815047476782773,P_local_mm,z
2005-01-01,2005.0416666666667,2.0507515454047653,-0.07666622249899833,-0.22230353952271562,0.007206110737014784,P_local_mm,z
2005-02-01,2005.125,-0.8904671872016535,-0.07824222730494639,-0.22070759158867057,0.006380762414226054,P_local_mm,z
2005-03-01,2005.2083333333333,3.318527102168293,-0.07997441029615382,-0.22122693397615234,0.0054302074903437,P_local_mm,z
2005-04-01,2005.2916666666667,-0.20409694721276653,-0.08186059300593584,-0.22478156967198754,0.004536392347483027,P_local_mm,z
2005-05-01,2005.375,0.9678263607708835,-0.08390098521565309,-0.22833687459516752,0.004233858530956829,P_local_mm,z
2005-06-01,2005.4583333333333,1.9548097370101503,-0.08609712924113212,-0.23186069962080286,0.0037762085283758245,P_local_mm,z
2005-07-01,2005.5416666666667,-0.4225227141589764,-0.08845504027084208,-0.2353124763651211,0.0031459452928085984,P_local_mm,z
2005-08-01,2005.625,2.736017973584493,-0.09097763663257294,-0.23746670403116865,0.0023240006317076967,P_local_mm,z
2005-09-01,2005.7083333333333,-0.3354115016167723,-0.0936697096692992,-0.238481257960002,0.0012936920426861256,P_local_mm,z
2005-10-01,2005.7916666666667,-0.5383053712462725,-0.09654219414389507,-0.24129656517566314,7.50689671847371e-05,P_local_mm,z
2005-11-01,2005.875,-0.0007525128854413937,-0.09960210640159989,-0.2437859399936293,-0.001276134393689279,P_local_mm,z
2005-12-01,2005.9583333333333,-0.43336270689501993,-0.10285283997492387,-0.24503813183356302,-0.002347438590148455,P_local_mm,z
2006-01-01,2006.0416666666667,0.3169515762926663,-0.10627953733486871,-0.2462409415543382,-0.0038430099920456445,P_local_mm,z
2006-02-01,2006.125,0.45317685033726923,-0.10985885472230988,-0.24743329348065363,-0.005738914858473451,P_local_mm,z
2006-03-01,2006.2083333333333,-0.7135238462400273,-0.11356861249812883,-0.24986402039607614,-0.008033257885419953,P_local_mm,z
2006-04-01,2006.2916666666667,-0.220160647260183,-0.1173888759901881,-0.2524286637405661,-0.010784924095913456,P_local_mm,z
2006-05-01,2006.375,-0.6324073690211626,-0.12129269404162739,-0.2546533773384901,-0.012480368674228456,P_local_mm,z
2006-06-01,2006.4583333333333,-0.010630075944975531,-0.125252374788003,-0.25671314660388456,-0.014052305427260617,P_local_mm,z
2006-07-01,2006.5416666666667,2.7060771508388,-0.12924154168753618,-0.25920907433858303,-0.01583880800169063,P_local_mm,z
2006-08-01,2006.625,0.13065743720129824,-0.13324139885039235,-0.2618196099772804,-0.017493347766389195,P_local_mm,z
2006-09-01,2006.7083333333333,-0.0713365617979793,-0.13723083096893696,-0.26308533584316307,-0.01931078198485886,P_local_mm,z
2006-10-01,2006.7916666666667,2.1495901249495364,-0.14117984683480705,-0.2642072518653049,-0.02195869893750501,P_local_mm,z
2006-11-01,2006.875,-0.8014479718652323,-0.1450671604844093,-0.26546509975391674,-0.024911564379995327,P_local_mm,z
2006-12-01,2006.9583333333333,-0.4380669788084589,-0.1488831543651587,-0.2682869962168869,-0.02788742687989112,P_local_mm,z
2007-01-01,2007.0416666666667,-1.194415306970074,-0.1526249721779149,-0.27109073374898546,-0.030874841247631936,P_local_mm,z
2007-02-01,2007.125,1.4945852735204175,-0.15629533987326835,-0.27410462237507716,-0.03385132313343481,P_local_mm,z
2007-03-01,2007.2083333333333,0.5469256987680464,-0.15989491490838123,-0.2783211339709237,-0.03726501282405872,P_local_mm,z
2007-04-01,2007.2916666666667,-0.040626539964231226,-0.16343822860343113,-0.2823748392923259,-0.04114295815287976,P_local_mm,z
2007-05-01,2007.375,-0.7462181787750949,-0.1669503407219657,-0.28555712567977243,-0.044676687301216045,P_local_mm,z
2007-06-01,2007.4583333333333,0.20722813105896393,-0.17046081209447334,-0.28850814861184676,-0.045880718639845386,P_local_mm,z
2007-07-01,2007.5416666666667,0.5775051324376541,-0.17398917562694338,-0.29138647605869256,-0.04653650832811956,P_local_mm,z
2007-08-01,2007.625,-0.730132413616701,-0.1775465215472568,-0.29450163684933567,-0.04816719044875719,P_local_mm,z
2007-09-01,2007.7083333333333,-1.089326881064189,-0.18114554298959307,-0.2972526643612201,-0.05054075520829154,P_local_mm,z
2007-10-01,2007.7916666666667,-0.8902239204192008,-0.18479291310756044,-0.2988275184630333,-0.052679691306378916,P_local_mm,z
2007-11-01,2007.875,-0.5769160630977971,-0.18848948651217262,-0.30025190116841877,-0.054276886309901184,P_local_mm,z
2007-12-01,2007.9583333333333,0.25842308976064515,-0.19222571137636035,-0.3025590550557605,-0.05592051672631431,P_local_mm,z
2008-01-01,2008.0416666666667,-0.7906595559682552,-0.19599248304101177,-0.30603289596319155,-0.05791714573732629,P_local_mm,z
2008-02-01,2008.125,0.4491890689816698,-0.19977488420490722,-0.3092368999019554,-0.05980167077303408,P_local_mm,z
2008-03-01,2008.2083333333333,0.24409204059386605,-0.20354490301631195,-0.3111354208446056,-0.062182157584166266,P_local_mm,z
2008-04-01,2008.2916666666667,-0.037704470653547276,-0.20727291997073014,-0.31169732257256844,-0.0645078337124087,P_local_mm,z
2008-05-01,2008.375,2.88258431447958,-0.2109368461583668,-0.3127674036856642,-0.06632570728789093,P_local_mm,z
2008-06-01,2008.4583333333333,-0.034426092019923575,-0.21451979178380173,-0.31399404041051937,-0.06880481174539632,P_local_mm,z
2008-07-01,2008.5416666666667,-0.4335404909502452,-0.21800138385284243,-0.315102290759341,-0.07209333793064054,P_local_mm,z
2008-08-01,2008.625,1.18853625042923,-0.22136373934998835,-0.3157162490161493,-0.07414794317165348,P_local_mm,z
2008-09-01,2008.7083333333333,-0.8740398080727664,-0.22459677557686103,-0.3158636247725737,-0.07563245629361066,P_local_mm,z
2008-10-01,2008.7916666666667,-0.757193633582222,-0.2276987878022179,-0.31593018220706076,-0.0783412927779335,P_local_mm,z
2008-11-01,2008.875,-1.047626127751845,-0.23066640919816886,-0.31683492293298193,-0.08221534478615972,P_local_mm,z
2008-12-01,2008.9583333333333,-0.6237717961273006,-0.23350339499057163,-0.31799491050394874,-0.08588837286832235,P_local_mm,z
2009-01-01,2009.0416666666667,-0.019779029055204175,-0.2362111898504449,-0.31907976883813677,-0.08948671017549581,P_local_mm,z
2009-02-01,2009.125,0.42523824711561214,-0.23879192505967992,-0.32054592907226587,-0.09210500885131032,P_local_mm,z
2009-03-01,2009.2083333333333,-0.26247200950078053,-0.2412491230804715,-0.3219315194059646,-0.09410938743498996,P_local_mm,z
2009-04-01,2009.2916666666667,-0.5405678823088513,-0.24358159847611888,-0.32472655324165295,-0.09577514761116901,P_local_mm,z
2009-05-01,2009.375,-0.46944694946607096,-0.24577940324663952,-0.3278146862664738,-0.09758370005936046,P_local_mm,z
2009-06-01,2009.4583333333333,0.04888911225456206,-0.24782761341877488,-0.3305233005901581,-0.0995359014741703,P_local_mm,z
2009-07-01,2009.5416666666667,-0.7118688480635933,-0.2497173955273512,-0.3331776757233925,-0.10161638918926393,P_local_mm,z
2009-08-01,2009.625,0.6719258816323328,-0.2514493416764495,-0.33578577613747446,-0.10375563994686222,P_local_mm,z
2009-09-01,2009.7083333333333,2.2639174364611265,-0.25303178352303063,-0.33835946769313857,-0.1060486296390677,P_local_mm,z
2009-10-01,2009.7916666666667,-0.24380223777151766,-0.2544822996059599,-0.3409097770258238,-0.10790687225722448,P_local_mm,z
2009-11-01,2009.875,0.031233293647329,-0.25581273084958384,-0.3424554373049916,-0.10929797956824135,P_local_mm,z
2009-12-01,2009.9583333333333,-0.7560608135327462,-0.25703331761953674,-0.3434762948493924,-0.11059146382050034,P_local_mm,z
2010-01-01,2010.0416666666667,-0.9433783541592797,-0.25815169067108884,-0.34530722917212103,-0.11203257068823248,P_local_mm,z
2010-02-01,2010.125,-0.9161838792389668,-0.2591728088569354,-0.34661895558912803,-0.11356960792547167,P_local_mm,z
2010-03-01,2010.2083333333333,-0.7543434157086681,-0.260102089185743,-0.34724634864633974,-0.1134964578284669,P_local_mm,z
2010-04-01,2010.2916666666667,-0.48014084163786186,-0.26094998319644347,-0.3479156044662419,-0.11346657080017783,P_local_mm,z
2010-05-01,2010.375,-0.602372127951764,-0.2617285061413785,-0.34933375114722787,-0.11344268502663192,P_local_mm,z
2010-06-01,2010.4583333333333,-0.12695788526457646,-0.2624526078652971,-0.35087544549309835,-0.11373575525821773,P_local_mm,z
2010-07-01,2010.5416666666667,-0.5866255331868729,-0.26313511252067545,-0.3512511729024903,-0.1154150480078411,P_local_mm,z
2010-08-01,2010.625,-0.8890734396623582,-0.26378438634169826,-0.3504720294323618,-0.11717451280271927,P_local_mm,z
2010-09-01,2010.7083333333333,-1.0104131815681225,-0.26439971781624866,-0.3485231564411789,-0.11897378226514954,P_local_mm,z
2010-10-01,2010.7916666666667,-0.4654780340908091,-0.2649685063326953,-0.34808774266241127,-0.11882908074794084,P_local_mm,z
2010-11-01,2010.875,1.018579266472846,-0.26547187312608217,-0.3482539153691305,-0.11875121756661376,P_local_mm,z
2010-12-01,2010.9583333333333,0.7018090722820733,-0.2658926941034698,-0.34826643085165526,-0.12106248315542276,P_local_mm,z
2011-01-01,2011.0416666666667,0.3676168594314781,-0.26621778472096236,-0.34778208063609245,-0.12237630627901004,P_local_mm,z
2011-02-01,2011.125,0.8140722865657313,-0.26644247267822296,-0.3478434571331913,-0.12288227904575226,P_local_mm,z
2011-03-01,2011.2083333333333,0.10742427937866542,-0.26656248154081164,-0.3477949503801476,-0.12333008011191247,P_local_mm,z
2011-04-01,2011.2916666666667,-0.10397574727172607,-0.26657705237270074,-0.3476543270103202,-0.12373644822526625,P_local_mm,z
2011-05-01,2011.375,-1.0307626094621087,-0.2664936442556301,-0.3474368748095676,-0.12469610134080622,P_local_mm,z
2011-06-01,2011.4583333333333,-0.4658161425378221,-0.26632178881274565,-0.34715659936897375,-0.12449061293059517,P_local_mm,z
2011-07-01,2011.5416666666667,-0.45257027218855295,-0.2660720995035231,-0.3468361484991841,-0.12487669783229857,P_local_mm,z
2011-08-01,2011.625,0.2592619172633116,-0.26575466582427465,-0.3472964380163269,-0.12529307390465216,P_local_mm,z
2011-09-01,2011.7083333333333,-0.7766216558289906,-0.26537591782882886,-0.3475545357248008,-0.12574293144760904,P_local_mm,z
2011-10-01,2011.7916666666667,-0.6901721647306606,-0.2649440125884686,-0.34768988104008897,-0.12582386238839516,P_local_mm,z
2011-11-01,2011.875,-0.4098866837151698,-0.264467894631055,-0.3470794731658573,-0.12600993311163539,P_local_mm,z
2011-12-01,2011.9583333333333,-0.7201907435595646,-0.2639474741704608,-0.3471650447462301,-0.12721814371333137,P_local_mm,z
2012-01-01,2012.0416666666667,1.0897440256628952,-0.2633855852919069,-0.34670471177695006,-0.1278111614603222,P_local_mm,z
2012-02-01,2012.125,-0.6125061713328768,-0.2627852987771793,-0.34648999720615054,-0.12697052858357888,P_local_mm,z
2012-03-01,2012.2083333333333,-0.618034249261948,-0.26216063987057137,-0.3471987054976464,-0.12566025615348814,P_local_mm,z
2012-04-01,2012.2916666666667,-0.14687151685123945,-0.2615159687955155,-0.34766469240477343,-0.12546857305273415,P_local_mm,z
2012-05-01,2012.375,0.2057153666316858,-0.26084659849599395,-0.3477375978647695,-0.12523103348550535,P_local_mm,z
2012-06-01,2012.4583333333333,0.4049962532424521,-0.26014349556638733,-0.34830588952996905,-0.12493293138373847,P_local_mm,z
2012-07-01,2012.5416666666667,-0.7491894084878242,-0.25940166765814104,-0.3489731058731808,-0.1251168364660893,P_local_mm,z
2012-08-01,2012.625,-0.6433835070595911,-0.2586169377099625,-0.3499016531790367,-0.12582735734949363,P_local_mm,z
2012-09-01,2012.7083333333333,-1.022135325126537,-0.25778107668052586,-0.35009574374040275,-0.12599221314747516,P_local_mm,z
2012-10-01,2012.7916666666667,0.7047035102929285,-0.25688786246814993,-0.3500447505397445,-0.12496601650670283,P_local_mm,z
2012-11-01,2012.875,-0.541517205251123,-0.25593554857581713,-0.34975713068610165,-0.12393285149260344,P_local_mm,z
2012-12-01,2012.9583333333333,3.587740653649372,-0.25492592198123065,-0.34926236176961534,-0.12292518734050495,P_local_mm,z
2013-01-01,2013.0416666666667,0.09164204025330384,-0.25386579999177966,-0.3485913222175469,-0.12345784073412464,P_local_mm,z
2013-02-01,2013.125,0.7686826285150103,-0.252764361915244,-0.34868635646660046,-0.12377601451405895,P_local_mm,z
2013-03-01,2013.2083333333333,-0.7112204527718331,-0.2516326863450943,-0.34931794740570493,-0.12402614051892424,P_local_mm,z
2013-04-01,2013.2916666666667,-0.42355798475265777,-0.2504835427305299,-0.3501590073104536,-0.12469123506803591,P_local_mm,z
2013-05-01,2013.375,0.48971044285604026,-0.24932891047446631,-0.3512456590337077,-0.1253992241859666,P_local_mm,z
2013-06-01,2013.4583333333333,-0.6206954162532808,-0.2481794461583884,-0.3533350973374539,-0.12615193816560516,P_local_mm,z
2013-07-01,2013.5416666666667,-0.7427922180544083,-0.2470498135494313,-0.3553234769035905,-0.12650369204111697,P_local_mm,z
2013-08-01,2013.625,-0.16884737296602267,-0.2459555978910271,-0.35692903664213893,-0.12644232702816638,P_local_mm,z
2013-09-01,2013.7083333333333,0.15486466112121025,-0.2449096916752554,-0.35771517099570427,-0.1258656177249927,P_local_mm,z
2013-10-01,2013.7916666666667,-0.7684014491999855,-0.24391773467043545,-0.35842863912430156,-0.12495567540346764,P_local_mm,z
2013-11-01,2013.875,-0.6568484153161579,-0.24297726901311495,-0.3590759871211788,-0.12552893521860647,P_local_mm,z
2013-12-01,2013.9583333333333,-0.5006767099971815,-0.24208057371919858,-0.35952525541441205,-0.12650419699125434,P_local_mm,z
2014-01-01,2014.0416666666667,0.6359742126435618,-0.2412229360400463,-0.3591802198497083,-0.12745924393033067,P_local_mm,z
2014-02-01,2014.125,2.156210197085532,-0.24040059795040578,-0.3602621953491835,-0.12891887415063263,P_local_mm,z
2014-03-01,2014.2083333333333,-0.3381485228515349,-0.23961517592995465,-0.3607748911238964,-0.13173926879593215,P_local_mm,z
2014-04-01,2014.2916666666667,-0.2287023320678356,-0.2388689252702374,-0.3608110109033193,-0.13369953190473763,P_local_mm,z
2014-05-01,2014.375,-0.1563829111845121,-0.2381674108501774,-0.3599903566041894,-0.13515194978929868,P_local_mm,z
2014-06-01,2014.4583333333333,-0.3774767479742647,-0.2375212404502445,-0.36124074725440053,-0.13544215459119313,P_local_mm,z
2014-07-01,2014.5416666666667,-0.23014004638592572,-0.23694461487325763,-0.36080784803763843,-0.1356410062412033,P_local_mm,z
2014-08-01,2014.625,-0.6133289617615019,-0.23645255653594768,-0.36042030862451385,-0.1350015262862061,P_local_mm,z
2014-09-01,2014.7083333333333,0.7215227320852667,-0.2360648266839043,-0.36076271927690173,-0.13574218170095623,P_local_mm,z
2014-10-01,2014.7916666666667,-0.6435485536034503,-0.2357978385753167,-0.3616563279266595,-0.13663100846977438,P_local_mm,z
2014-11-01,2014.875,-0.18323674274815982,-0.23566357740480917,-0.3625036060905745,-0.13707036924724697,P_local_mm,z
2014-12-01,2014.9583333333333,0.10236679533824206,-0.23566912564790185,-0.3629133180612484,-0.13775540818684398,P_local_mm,z
2015-01-01,2015.0416666666667,-1.165214430368523,-0.2358163385899772,-0.3632138364704966,-0.13859416010584338,P_local_mm,z
2015-02-01,2015.125,-0.37240442322972167,-0.2361030659376537,-0.3641673144728223,-0.1395931331649362,P_local_mm,z
2015-03-01,2015.2083333333333,-0.02868127320048455,-0.23652202306047893,-0.36573366073690294,-0.1414051933653233,P_local_mm,z
2015-04-01,2015.2916666666667,-0.5283413202445405,-0.23707048011734114,-0.3678771837678912,-0.1430232794131139,P_local_mm,z
2015-05-01,2015.375,-1.0453068025108565,-0.23844443948631042,-0.3690429867764737,-0.14546677618372017,P_local_mm,z
2015-06-01,2015.4583333333333,-1.126336833563644,-0.24024893280002715,-0.36889552407566445,-0.1470451751027851,P_local_mm,z
2015-07-01,2015.5416666666667,0.564215574619824,-0.24241493880162027,-0.368028266102603,-0.1498794646925818,P_local_mm,z
2015-08-01,2015.625,1.1229583854351084,-0.24486631636326925,-0.36875121854199067,-0.15463567069102716,P_local_mm,z
2015-09-01,2015.7083333333333,0.5924849002854613,-0.24753600183536495,-0.3713818191777168,-0.15770315970688029,P_local_mm,z
2015-10-01,2015.7916666666667,2.4058071966161316,-0.25037095015839095,-0.37396904271394293,-0.15984613139429873,P_local_mm,z
2015-11-01,2015.875,-0.06762884885201213,-0.2533313682193487,-0.37527871681970326,-0.16106123239142717,P_local_mm,z
2015-12-01,2015.9583333333333,-0.6841120298412892,-0.25638797036030775,-0.37801202064623723,-0.16256775020944386,P_local_mm,z
2016-01-01,2016.0416666666667,-0.08215967801184383,-0.2595193235638079,-0.3803578411570197,-0.1638330079055529,P_local_mm,z
2016-02-01,2016.125,-0.9883984445946895,-0.26270938963679513,-0.38181374492414627,-0.16709156638868514,P_local_mm,z
2016-03-01,2016.2083333333333,-0.7415211206189707,-0.2659462478753008,-0.3833484466892048,-0.1699206011904659,P_local_mm,z
2016-04-01,2016.2916666666667,3.996873194187952,-0.2692203577360365,-0.3866424557642004,-0.17209809094699569,P_local_mm,z
2016-05-01,2016.375,-0.07752719230099403,-0.2725239258722663,-0.3897273939886609,-0.17427329462972224,P_local_mm,z
2016-06-01,2016.4583333333333,-0.45902345934446337,-0.27585083486399276,-0.3930874536884996,-0.17644663604215288,P_local_mm,z
2016-07-01,2016.5416666666667,0.33670590715081705,-0.2791963587983656,-0.3973326191612861,-0.17861927261519564,P_local_mm,z
2016-08-01,2016.625,-0.6114624028973733,-0.282556713295328,-0.40145022426018473,-0.18079247281201968,P_local_mm,z
2016-09-01,2016.7083333333333,-1.046088504433814,-0.2859291473780192,-0.40628109499387904,-0.18259009586026206,P_local_mm,z
2016-10-01,2016.7916666666667,0.687948287704752,-0.2893111711922432,-0.4095071750004853,-0.1840603691022017,P_local_mm,z
2016-11-01,2016.875,-0.6925351104410757,-0.29270036632439994,-0.41170882144138843,-0.1855119832388755,P_local_mm,z
2016-12-01,2016.9583333333333,0.9803754963227681,-0.2960950839922575,-0.41308210939171464,-0.18711087041973473,P_local_mm,z
2017-01-01,2017.0416666666667,-1.1007344533156525,-0.2994940007956723,-0.4156841231531349,-0.1895261217974943,P_local_mm,z
2017-02-01,2017.125,1.640565877311772,-0.3028964368149209,-0.41832699576780924,-0.1917468052352959,P_local_mm,z
2017-03-01,2017.2083333333333,-0.25919634731756297,-0.306301714007764,-0.4219473230915109,-0.1911782734205732,P_local_mm,z
2017-04-01,2017.2916666666667,0.22857765417855366,-0.30970968077289635,-0.4261954178249293,-0.19006213450623308,P_local_mm,z
2017-05-01,2017.375,-0.135003262258028,-0.3131205063118544,-0.43047061182350055,-0.18951790703290794,P_local_mm,z
2017-06-01,2017.4583333333333,-0.47573060413974994,-0.3165347583167152,-0.4347725372401629,-0.188882346314486,P_local_mm,z
2017-07-01,2017.5416666666667,-0.4985217235365514,-0.31995318802071104,-0.44054483972707975,-0.18962687080132623,P_local_mm,z
2017-08-01,2017.625,-0.3069905879261246,-0.3233764787303471,-0.4466509806283568,-0.19173050078503442,P_local_mm,z
2017-09-01,2017.7083333333333,-0.19675015095627793,-0.32680522721318944,-0.45167433964897086,-0.193845517288163,P_local_mm,z
2017-10-01,2017.7916666666667,0.4785521919843514,-0.33024007240483305,-0.4568285241656022,-0.19588791441369482,P_local_mm,z
2017-11-01,2017.875,-0.2500839121391756,-0.3336818585928682,-0.46407533278554197,-0.19795772177977697,P_local_mm,z
2017-12-01,2017.9583333333333,-0.6072710602749526,-0.3371318586496009,-0.47069625799930265,-0.1987005338509899,P_local_mm,z
2018-01-01,2018.0416666666667,0.43064529799991474,-0.340591431969767,-0.4758688172794391,-0.19914117218720412,P_local_mm,z
2018-02-01,2018.125,-0.5427243476570605,-0.3440618779104619,-0.4809125734876075,-0.19943685102613415,P_local_mm,z
2018-03-01,2018.2083333333333,-0.6107046651923832,-0.347544782083352,-0.4859766915642139,-0.19952283556484632,P_local_mm,z
2018-04-01,2018.2916666666667,-0.19169040388176783,-0.3510416409790237,-0.49106055172376806,-0.19957246872730222,P_local_mm,z
2018-05-01,2018.375,-0.6548460550826642,-0.3545537734092867,-0.4961636797402617,-0.19959516572959093,P_local_mm,z
2018-06-01,2018.4583333333333,-0.708974259885833,-0.35808248374810003,-0.5012858631214644,-0.20021505243262455,P_local_mm,z
2018-07-01,2018.5416666666667,-0.21669973557576838,-0.3616288645825399,-0.5070789819909108,-0.20107050009068486,P_local_mm,z
2018-08-01,2018.625,-0.7576817666769117,-0.36519378565550964,-0.5129863802026816,-0.2016082071719013,P_local_mm,z
2018-09-01,2018.7083333333333,1.1490759694990076,-0.3687780886254127,-0.5189133080568371,-0.2012584453629513,P_local_mm,z
2018-10-01,2018.7916666666667,1.1479408399455686,-0.37238254343501026,-0.5248585561874364,-0.19955945701781264,P_local_mm,z
2018-11-01,2018.875,-0.18364967727537618,-0.37600849731221897,-0.5308207137453114,-0.19708322673583997,P_local_mm,z
2018-12-01,2018.9583333333333,0.6799454335076826,-0.37965793109825885,-0.5367983297502281,-0.19439635214179368,P_local_mm,z
2019-01-01,2019.0416666666667,-0.7317685276102815,-0.38333312718727813,-0.5427902301176918,-0.19221918223937184,P_local_mm,z
2019-02-01,2019.125,-0.4188566280153973,-0.38703676290487976,-0.5478085983917026,-0.18990763202704325,P_local_mm,z
2019-03-01,2019.2083333333333,-0.6263918174187696,-0.3907713497279964,-0.5523165833619833,-0.1893773473744841,P_local_mm,z
2019-04-01,2019.2916666666667,-0.4963994228077073,-0.3945392174459086,-0.5572832696492744,-0.18987354496887257,P_local_mm,z
2019-05-01,2019.375,-0.4792771228747512,-0.3983424626125132,-0.5631714114045914,-0.1903169244716813,P_local_mm,z
2019-06-01,2019.4583333333333,-0.5348549888061046,-0.4021830061669539,-0.5699322152221387,-0.1907147386318728,P_local_mm,z
2019-07-01,2019.5416666666667,-0.8103315198214207,-0.40606262159336043,-0.5767070594794754,-0.1904542397299992,P_local_mm,z
2019-08-01,2019.625,-0.9645578252185645,-0.409982867711895,-0.5834947170180319,-0.1896315729751804,P_local_mm,z
2019-09-01,2019.7083333333333,-0.7308314316962913,-0.4139448991130515,-0.5894762927175141,-0.1887995823519051,P_local_mm,z
2019-10-01,2019.7916666666667,-0.6729396951136245,-0.41794938137997045,-0.5946931296696277,-0.18732610938624172,P_local_mm,z
2019-11-01,2019.875,-0.9086301628662088,-0.4219966221277985,-0.5999214970484835,-0.1857569962095084,P_local_mm,z
2019-12-01,2019.9583333333333,-0.4790568207606161,-0.4260866123292029,-0.6051613167832053,-0.18325713733454388,P_local_mm,z
2020-01-01,2020.0416666666667,0.20545991816489556,-0.4302189674994694,-0.6104126629215149,-0.18021105001877336,P_local_mm,z
2020-02-01,2020.125,-1.0170276302517975,-0.43439328909682107,-0.6156756338583249,-0.17714495531490643,P_local_mm,z
2020-03-01,2020.2083333333333,-0.7543434157086681,-0.43860948381088916,-0.620994481044111,-0.17405858178560893,P_local_mm,z
2000-06-01,2000.4583333333333,278.06332985124413,51.82477378784159,,,P_IMERG_mm,X
2000-07-01,2000.5416666666667,85.17756377989105,51.69452610988703,,,P_IMERG_mm,X
2000-08-01,2000.625,40.99541283730549,51.56491273229249,,,P_IMERG_mm,X
2000-09-01,2000.7083333333333,115.84376860231056,51.43591907304297,,,P_IMERG_mm,X
2000-10-01,2000.7916666666667,25.5968231024519,51.30752203568379,,,P_IMERG_mm,X
2000-11-01,2000.875,40.3412313364796,51.17966358632579,,,P_IMERG_mm,X
2000-12-01,2000.9583333333333,26.42742464172777,51.05229593717301,,,P_IMERG_mm,X
2001-01-01,2001.0416666666667,15.691156237174448,50.92538847851978,,,P_IMERG_mm,X
2001-02-01,2001.125,19.5070372712011,50.79893655309641,,,P_IMERG_mm,X
2001-03-01,2001.2083333333333,46.52107848510994,50.67296996594416,,,P_IMERG_mm,X
2001-04-01,2001.2916666666667,48.21719709937655,50.54754793810233,,,P_IMERG_mm,X
2001-05-01,2001.375,88.74176546059208,50.42274001641427,,,P_IMERG_mm,X
2001-06-01,2001.4583333333333,81.36289569357436,50.29861335002632,,,P_IMERG_mm,X
2001-07-01,2001.5416666666667,297.6785023161913,50.17520581244746,,,P_IMERG_mm,X
2001-08-01,2001.625,132.70935326749694,50.05252822306356,,,P_IMERG_mm,X
2001-09-01,2001.7083333333333,58.509672482013215,49.930576466667794,,,P_IMERG_mm,X
2001-10-01,2001.7916666666667,47.13945070299718,49.809305823640464,,,P_IMERG_mm,X
2001-11-01,2001.875,13.524419512330578,49.68865477257806,,,P_IMERG_mm,X
2001-12-01,2001.9583333333333,37.50197762155751,49.56856542128482,,,P_IMERG_mm,X
2002-01-01,2002.0416666666667,26.18236318424661,49.44900220162576,,,P_IMERG_mm,X
2002-02-01,2002.125,15.680396216325228,49.329945380052095,,,P_IMERG_mm,X
2002-03-01,2002.2083333333333,16.697532679677384,49.21139621770747,,,P_IMERG_mm,X
2002-04-01,2002.2916666666667,82.17802946039167,49.093384868066344,,,P_IMERG_mm,X
2002-05-01,2002.375,220.0127120709157,48.97596253023488,,,P_IMERG_mm,X
2002-06-01,2002.4583333333333,318.0543535000766,48.85916655804961,,,P_IMERG_mm,X
2002-07-01,2002.5416666666667,113.0323384214816,48.7430274691895,,,P_IMERG_mm,X
2002-08-01,2002.625,204.42097355618407,48.627568394177906,,,P_IMERG_mm,X
2002-09-01,2002.7083333333333,77.54698831407102,48.51277793615357,,,P_IMERG_mm,X
2002-10-01,2002.7916666666667,47.45428161805609,48.39862035029773,,,P_IMERG_mm,X
2002-11-01,2002.875,25.01354220747892,48.285036723911034,,,P_IMERG_mm,X
2002-12-01,2002.9583333333333,47.96298275064072,48.17196337961507,,,P_IMERG_mm,X
2003-01-01,2003.0416666666667,25.051676624994204,48.0593464561412,,,P_IMERG_mm,X
2003-02-01,2003.125,7.635785711918052,47.947135333119434,,,P_IMERG_mm,X
2003-03-01,2003.2083333333333,10.743029093007737,47.83529572648398,,,P_IMERG_mm,X
2003-04-01,2003.2916666666667,22.198476782270333,47.723823722280464,,,P_IMERG_mm,X
2003-05-01,2003.375,79.8320822041849,47.612748504249176,,,P_IMERG_mm,X
2003-06-01,2003.4583333333333,157.71650441683562,47.50212035745578,,,P_IMERG_mm,X
2003-07-01,2003.5416666666667,101.32365850768066,47.39196974481575,,,P_IMERG_mm,X
2003-08-01,2003.625,48.995308757129024,47.28228111859902,,,P_IMERG_mm,X
2003-09-01,2003.7083333333333,29.2745914948924,47.17299282082851,,,P_IMERG_mm,X
2003-10-01,2003.7916666666667,14.051197744437344,47.064027703382045,,,P_IMERG_mm,X
2003-11-01,2003.875,26.461300881579263,46.95531662449495,,,P_IMERG_mm,X
2003-12-01,2003.9583333333333,13.712356470606212,46.84681215024174,,,P_IMERG_mm,X
2004-01-01,2004.0416666666667,13.31211635975676,46.73848915840812,,,P_IMERG_mm,X
2004-02-01,2004.125,16.91234843247416,46.630356462512545,,,P_IMERG_mm,X
2004-03-01,2004.2083333333333,20.477830756989416,46.5224662133118,,,P_IMERG_mm,X
2004-04-01,2004.2916666666667,53.52157722870418,46.414920398117204,,,P_IMERG_mm,X
2004-05-01,2004.375,72.67931297212763,46.30787122167194,,,P_IMERG_mm,X
2004-06-01,2004.4583333333333,80.69026837354713,46.20149558990702,,,P_IMERG_mm,X
2004-07-01,2004.5416666666667,112.82456681568148,46.09597097619317,,,P_IMERG_mm,X
2004-08-01,2004.625,75.4864312270745,45.99145690084715,,,P_IMERG_mm,X
2004-09-01,2004.7083333333333,48.00308905316366,45.88807229568979,,,P_IMERG_mm,X
2004-10-01,2004.7916666666667,41.3622360959124,45.785918109712895,,,P_IMERG_mm,X
2004-11-01,2004.875,49.93231725701971,45.68511945986968,,,P_IMERG_mm,X
2004-12-01,2004.9583333333333,23.623476281728298,45.58584907386822,,,P_IMERG_mm,X
2005-01-01,2005.0416666666667,17.454478537473186,45.48833576841361,,,P_IMERG_mm,X
2005-02-01,2005.125,19.064548178440745,45.392901463779836,,,P_IMERG_mm,X
2005-03-01,2005.2083333333333,32.277754887375174,45.299962601685415,,,P_IMERG_mm,X
2005-04-01,2005.2916666666667,22.8227860236471,45.20995548077143,,,P_IMERG_mm,X
2005-05-01,2005.375,133.729574854804,45.12313491587355,,,P_IMERG_mm,X
2005-06-01,2005.4583333333333,225.95715910152208,45.07089748707362,,,P_IMERG_mm,X
2005-07-01,2005.5416666666667,112.2268003953204,45.02026572473423,,,P_IMERG_mm,X
2005-08-01,2005.625,222.04873745223003,44.97122760167452,,,P_IMERG_mm,X
2005-09-01,2005.7083333333333,38.783179049687234,44.92441345609182,,,P_IMERG_mm,X
2005-10-01,2005.7916666666667,33.67564308141456,44.88065991577384,,,P_IMERG_mm,X
2005-11-01,2005.875,15.783592702470829,44.84092672231519,,,P_IMERG_mm,X
2005-12-01,2005.9583333333333,23.32606844716832,44.80576700142266,,,P_IMERG_mm,X
2006-01-01,2006.0416666666667,25.843716713188886,44.77540106760588,,,P_IMERG_mm,X
2006-02-01,2006.125,12.682133520241802,44.74963975062854,,,P_IMERG_mm,X
2006-03-01,2006.2083333333333,6.962673829465737,44.727718002301586,,,P_IMERG_mm,X
2006-04-01,2006.2916666666667,16.387443867798098,44.70843192382518,,,P_IMERG_mm,X
2006-05-01,2006.375,55.46239264493842,44.69026675858618,,,P_IMERG_mm,X
2006-06-01,2006.4583333333333,138.21807722496533,44.67160078445825,,,P_IMERG_mm,X
2006-07-01,2006.5416666666667,259.76766144835614,44.65110527271632,,,P_IMERG_mm,X
2006-08-01,2006.625,130.30159282784564,44.62819902793002,,,P_IMERG_mm,X
2006-09-01,2006.7083333333333,31.270267507162867,44.6030231746613,,,P_IMERG_mm,X
2006-10-01,2006.7916666666667,51.11194865186643,44.5765433247026,,,P_IMERG_mm,X
2006-11-01,2006.875,41.87589296795199,44.549728396462996,,,P_IMERG_mm,X
2006-12-01,2006.9583333333333,30.101491003923865,44.523243248422126,,,P_IMERG_mm,X
2007-01-01,2007.0416666666667,32.451867266281084,44.497345394839364,,,P_IMERG_mm,X
2007-02-01,2007.125,17.449202886241434,44.47195153882818,,,P_IMERG_mm,X
2007-03-01,2007.2083333333333,45.96577466053736,44.44660457872959,,,P_IMERG_mm,X
2007-04-01,2007.2916666666667,19.36495462635233,44.42029473892803,,,P_IMERG_mm,X
2007-05-01,2007.375,64.59073906211133,44.39151268350676,,,P_IMERG_mm,X
2007-06-01,2007.4583333333333,176.91290241884033,44.359030670418925,,,P_IMERG_mm,X
2007-07-01,2007.5416666666667,170.01604176520678,44.32210744785551,,,P_IMERG_mm,X
2007-08-01,2007.625,117.02131723190053,44.28024276566262,,,P_IMERG_mm,X
2007-09-01,2007.7083333333333,27.55981520200206,44.233650600929096,,,P_IMERG_mm,X
2007-10-01,2007.7916666666667,20.82763337078756,44.182998150066986,,,P_IMERG_mm,X
2007-11-01,2007.875,8.442362122902754,44.12928700566649,,,P_IMERG_mm,X
2007-12-01,2007.9583333333333,15.211642152651969,44.07359866240845,,,P_IMERG_mm,X
2008-01-01,2008.0416666666667,17.530602750752692,44.01678653454398,,,P_IMERG_mm,X
2008-02-01,2008.125,18.011347091094567,43.95982338343652,,,P_IMERG_mm,X
2008-03-01,2008.2083333333333,24.883386191203694,43.9033631839868,,,P_IMERG_mm,X
2008-04-01,2008.2916666666667,24.03094235489406,43.84741768803084,,,P_IMERG_mm,X
2008-05-01,2008.375,187.2555859196271,43.79132041173522,,,P_IMERG_mm,X
2008-06-01,2008.4583333333333,168.34973611525984,43.73404069538232,,,P_IMERG_mm,X
2008-07-01,2008.5416666666667,135.8100731525072,43.67518853617367,,,P_IMERG_mm,X
2008-08-01,2008.625,141.89323108799758,43.61520183491584,,,P_IMERG_mm,X
2008-09-01,2008.7083333333333,48.11309959735938,43.555386681165274,,,P_IMERG_mm,X
2008-10-01,2008.7916666666667,12.245470340810613,43.497513192462684,,,P_IMERG_mm,X
2008-11-01,2008.875,18.05418558310495,43.44314961844034,,,P_IMERG_mm,X
2008-12-01,2008.9583333333333,25.206181076686427,43.3933622412241,,,P_IMERG_mm,X
2009-01-01,2009.0416666666667,17.613089874546535,43.34878425817361,,,P_IMERG_mm,X
2009-02-01,2009.125,8.578732947460711,43.3095008530409,,,P_IMERG_mm,X
2009-03-01,2009.2083333333333,7.90269551068334,43.274993404545754,,,P_IMERG_mm,X
2009-04-01,2009.2916666666667,11.155203454678588,43.24430828964228,,,P_IMERG_mm,X
2009-05-01,2009.375,52.58372320308349,43.21591927537396,,,P_IMERG_mm,X
2009-06-01,2009.4583333333333,119.91433143727984,43.18814643457228,,,P_IMERG_mm,X
2009-07-01,2009.5416666666667,108.68337141037324,43.159679171844125,,,P_IMERG_mm,X
2009-08-01,2009.625,159.4911953736791,43.129904864943484,,,P_IMERG_mm,X
2009-09-01,2009.7083333333333,80.02509897736412,43.09906595417585,,,P_IMERG_mm,X
2009-10-01,2009.7916666666667,21.60053351208203,43.06808741333844,,,P_IMERG_mm,X
2009-11-01,2009.875,39.15441545917052,43.03808985964623,,,P_IMERG_mm,X
2009-12-01,2009.9583333333333,34.69469302085105,43.01003630385294,,,P_IMERG_mm,X
2010-01-01,2010.0416666666667,10.64007272463214,42.98460367539313,,,P_IMERG_mm,X
2010-02-01,2010.125,6.244894546425938,42.961966767213596,,,P_IMERG_mm,X
2010-03-01,2010.2083333333333,9.873885406489444,42.94174424761419,,,P_IMERG_mm,X
2010-04-01,2010.2916666666667,12.924976772631853,42.92314942381075,,,P_IMERG_mm,X
2010-05-01,2010.375,77.23171022958171,42.90508236542242,,,P_IMERG_mm,X
2010-06-01,2010.4583333333333,127.26250707076758,42.886123901135264,,,P_IMERG_mm,X
2010-07-01,2010.5416666666667,104.84191678596926,42.865151749456096,,,P_IMERG_mm,X
2010-08-01,2010.625,69.94485797482378,42.841365955643525,,,P_IMERG_mm,X
2010-09-01,2010.7083333333333,29.484585188905577,42.814897843469495,,,P_IMERG_mm,X
2010-10-01,2010.7916666666667,14.487910603281216,42.78631289434021,,,P_IMERG_mm,X
2010-11-01,2010.875,26.320057059062467,42.756675505816006,,,P_IMERG_mm,X
2010-12-01,2010.9583333333333,27.192680109434104,42.727477530160115,,,P_IMERG_mm,X
2011-01-01,2011.0416666666667,13.387011986912464,42.699947206181434,,,P_IMERG_mm,X
2011-02-01,2011.125,30.930857063963614,42.674919208848365,,,P_IMERG_mm,X
2011-03-01,2011.2083333333333,11.43113573375334,42.65298405886623,,,P_IMERG_mm,X
2011-04-01,2011.2916666666667,25.157751696865635,42.634162420936285,,,P_IMERG_mm,X
2011-05-01,2011.375,22.401781035173464,42.61786390896666,,,P_IMERG_mm,X
2011-06-01,2011.4583333333333,90.371956569974,42.60329369926844,,,P_IMERG_mm,X
2011-07-01,2011.5416666666667,96.67761535018172,42.590064167011995,,,P_IMERG_mm,X
2011-08-01,2011.625,119.04747302592264,42.578349934706104,,,P_IMERG_mm,X
2011-09-01,2011.7083333333333,16.051927541640598,42.56864678046658,,,P_IMERG_mm,X
2011-10-01,2011.7916666666667,14.591209002622014,42.56159195697302,,,P_IMERG_mm,X
2011-11-01,2011.875,27.087186134421465,42.55756412059498,,,P_IMERG_mm,X
2011-12-01,2011.9583333333333,13.89227652157894,42.55691990058895,,,P_IMERG_mm,X
2012-01-01,2012.0416666666667,20.51237720721381,42.55985630931397,,,P_IMERG_mm,X
2012-02-01,2012.125,8.709225269084495,42.56628367866394,,,P_IMERG_mm,X
2012-03-01,2012.2083333333333,4.23922823245642,42.57570593665614,,,P_IMERG_mm,X
2012-04-01,2012.2916666666667,28.84759984035424,42.58731572609647,,,P_IMERG_mm,X
2012-05-01,2012.375,94.34918414455846,42.600162177099975,,,P_IMERG_mm,X
2012-06-01,2012.4583333333333,199.47688203672377,42.61342371757538,,,P_IMERG_mm,X
2012-07-01,2012.5416666666667,90.4496017918522,42.626852038106016,,,P_IMERG_mm,X
2012-08-01,2012.625,77.08691048055195,42.64098117343236,,,P_IMERG_mm,X
2012-09-01,2012.7083333333333,42.474985578967335,42.65709600412877,,,P_IMERG_mm,X
2012-10-01,2012.7916666666667,46.13797703457122,42.67716091426588,,,P_IMERG_mm,X
2012-11-01,2012.875,11.366008459656154,42.70300934948959,,,P_IMERG_mm,X
2012-12-01,2012.9583333333333,61.85481612163797,42.736096463261674,,,P_IMERG_mm,X
2013-01-01,2013.0416666666667,19.324458751666597,42.77722303530256,,,P_IMERG_mm,X
2013-02-01,2013.125,10.05404802287176,42.82643113366556,,,P_IMERG_mm,X
2013-03-01,2013.2083333333333,12.369306885106214,42.88312135436362,,,P_IMERG_mm,X
2013-04-01,2013.2916666666667,12.345694530625977,42.94611288380008,,,P_IMERG_mm,X
2013-05-01,2013.375,117.45713712067132,43.013679308758086,,,P_IMERG_mm,X
2013-06-01,2013.4583333333333,62.11095662332229,43.0837797506326,,,P_IMERG_mm,X
2013-07-01,2013.5416666666667,79.29205531063509,43.15475016044803,,,P_IMERG_mm,X
2013-08-01,2013.625,105.5235981302717,43.225791644939896,,,P_IMERG_mm,X
2013-09-01,2013.7083333333333,35.92358546684107,43.29703090254767,,,P_IMERG_mm,X
2013-10-01,2013.7916666666667,13.447709505802225,43.3690552174373,,,P_IMERG_mm,X
2013-11-01,2013.875,22.028643144561503,43.442746341467405,,,P_IMERG_mm,X
2013-12-01,2013.9583333333333,21.13236769931795,43.51880884329829,,,P_IMERG_mm,X
2014-01-01,2014.0416666666667,8.2760787822941,43.59753497754752,,,P_IMERG_mm,X
2014-02-01,2014.125,48.00659326918511,43.67880025186113,,,P_IMERG_mm,X
2014-03-01,2014.2083333333333,7.303873458968049,43.762017992461146,,,P_IMERG_mm,X
2014-04-01,2014.2916666666667,24.14143114682645,43.84602534769342,,,P_IMERG_mm,X
2014-05-01,2014.375,59.78412184328718,43.92909701454729,,,P_IMERG_mm,X
2014-06-01,2014.4583333333333,147.5808445913834,44.009045637363045,,,P_IMERG_mm,X
2014-07-01,2014.5416666666667,86.4038970725831,44.083834519907285,,,P_IMERG_mm,X
2014-08-01,2014.625,109.48820554973555,44.1522679849306,,,P_IMERG_mm,X
2014-09-01,2014.7083333333333,75.14438322887725,44.213919805090875,,,P_IMERG_mm,X
2014-10-01,2014.7916666666667,33.44217558590087,44.26883419413207,,,P_IMERG_mm,X
2014-11-01,2014.875,16.4880265146955,44.31728007490538,,,P_IMERG_mm,X
2014-12-01,2014.9583333333333,13.240566712731846,44.35933438205784,,,P_IMERG_mm,X
2015-01-01,2015.0416666666667,6.460221011481415,44.39490372656008,,,P_IMERG_mm,X
2015-02-01,2015.125,25.29413249378416,44.42369205330709,,,P_IMERG_mm,X
2015-03-01,2015.2083333333333,29.050416692577176,44.4450736309306,,,P_IMERG_mm,X
2015-04-01,2015.2916666666667,9.234882670793104,44.457971731104344,,,P_IMERG_mm,X
2015-05-01,2015.375,25.74365919443506,44.37704234977894,,,P_IMERG_mm,X
2015-06-01,2015.4583333333333,37.00106232037266,44.27426929438782,,,P_IMERG_mm,X
2015-07-01,2015.5416666666667,138.11399793544683,44.15247971735575,,,P_IMERG_mm,X
2015-08-01,2015.625,255.1121509428639,44.01535546823992,,,P_IMERG_mm,X
2015-09-01,2015.7083333333333,80.91254188746444,43.866336744334234,,,P_IMERG_mm,X
2015-10-01,2015.7916666666667,115.33055862212234,43.708284587461286,,,P_IMERG_mm,X
2015-11-01,2015.875,29.160102578204548,43.543387470075146,,,P_IMERG_mm,X
2015-12-01,2015.9583333333333,17.207930714034816,43.37323241304744,,,P_IMERG_mm,X
2016-01-01,2016.0416666666667,47.95957956478535,43.19899645116594,,,P_IMERG_mm,X
2016-02-01,2016.125,15.275524484911564,43.02156689173579,,,P_IMERG_mm,X
2016-03-01,2016.2083333333333,16.168267008000356,42.84160214382065,,,P_IMERG_mm,X
2016-04-01,2016.2916666666667,197.99654356206108,42.65961754809529,,,P_IMERG_mm,X
2016-05-01,2016.375,101.27111805106392,42.47602519827866,,,P_IMERG_mm,X
2016-06-01,2016.4583333333333,64.70996222272466,42.291124979557146,,,P_IMERG_mm,X
2016-07-01,2016.5416666666667,127.6374660095504,42.10510503707649,,,P_IMERG_mm,X
2016-08-01,2016.625,33.05852841473711,41.918076241141726,,,P_IMERG_mm,X
2016-09-01,2016.7083333333333,12.760314877390192,41.73008349522321,,,P_IMERG_mm,X
2016-10-01,2016.7916666666667,46.4456901931282,41.54116177984934,,,P_IMERG_mm,X
2016-11-01,2016.875,25.735465332055817,41.35135662219814,,,P_IMERG_mm,X
2016-12-01,2016.9583333333333,29.91587229729798,41.16070792033924,,,P_IMERG_mm,X
2017-01-01,2017.0416666666667,6.250465642877868,40.969257983294995,,,P_IMERG_mm,X
2017-02-01,2017.125,34.42286731987755,40.777054633281466,,,P_IMERG_mm,X
2017-03-01,2017.2083333333333,17.32135371935511,40.58415797024248,,,P_IMERG_mm,X
2017-04-01,2017.2916666666667,71.7689227710642,40.39062836571218,,,P_IMERG_mm,X
2017-05-01,2017.375,112.89636262184382,40.196523897597416,,,P_IMERG_mm,X
2017-06-01,2017.4583333333333,129.47040955583805,40.001869491882736,,,P_IMERG_mm,X
2017-07-01,2017.5416666666667,90.96526499031434,39.806640568971964,,,P_IMERG_mm,X
2017-08-01,2017.625,94.47452619407602,39.61076640941479,,,P_IMERG_mm,X
2017-09-01,2017.7083333333333,38.42338061256124,39.414139706381334,,,P_IMERG_mm,X
2017-10-01,2017.7916666666667,49.440262799638745,39.21662673860598,,,P_IMERG_mm,X
2017-11-01,2017.875,19.133587871365812,39.01809329863169,,,P_IMERG_mm,X
2017-12-01,2017.9583333333333,12.63548277557617,38.81840882365019,,,P_IMERG_mm,X
2018-01-01,2018.0416666666667,14.757780219481493,38.61746105848084,,,P_IMERG_mm,X
2018-02-01,2018.125,13.84962627655137,38.4151612098904,,,P_IMERG_mm,X
2018-03-01,2018.2083333333333,5.99376042249273,38.21144201980683,,,P_IMERG_mm,X
2018-04-01,2018.2916666666667,16.065288352310567,38.00625736753472,,,P_IMERG_mm,X
2018-05-01,2018.375,70.07520628824268,37.79958346857959,,,P_IMERG_mm,X
2018-06-01,2018.4583333333333,98.64192651696754,37.5914067823654,,,P_IMERG_mm,X
2018-07-01,2018.5416666666667,115.06268287674106,37.38169186095902,,,P_IMERG_mm,X
2018-08-01,2018.625,31.773886504876376,37.170364897561534,,,P_IMERG_mm,X
2018-09-01,2018.7083333333333,64.02784964796692,36.957318773278146,,,P_IMERG_mm,X
2018-10-01,2018.7916666666667,38.25619983372987,36.74244186831218,,,P_IMERG_mm,X
2018-11-01,2018.875,19.26148222996176,36.52561216636974,,,P_IMERG_mm,X
2018-12-01,2018.9583333333333,13.243402379289163,36.30670976380692,,,P_IMERG_mm,X
2019-01-01,2019.0416666666667,11.232794965858051,36.085631595649815,,,P_IMERG_mm,X
2019-02-01,2019.125,11.51458504120534,35.86229697664622,,,P_IMERG_mm,X
2019-03-01,2019.2083333333333,12.390102562680894,35.63664875680605,,,P_IMERG_mm,X
2019-04-01,2019.2916666666667,13.80456096011697,35.408652689450946,,,P_IMERG_mm,X
2019-05-01,2019.375,45.68179157891906,35.17829615509419,,,P_IMERG_mm,X
2019-06-01,2019.4583333333333,102.8493359243502,34.945581883112226,,,P_IMERG_mm,X
2019-07-01,2019.5416666666667,73.43611283617372,34.71050161717579,,,P_IMERG_mm,X
2019-08-01,2019.625,48.68244366514583,34.47300827186327,,,P_IMERG_mm,X
2019-09-01,2019.7083333333333,33.094926785056714,34.23302326211327,,,P_IMERG_mm,X
2019-10-01,2019.7916666666667,18.577410839987195,33.990455510382034,,,P_IMERG_mm,X
2019-11-01,2019.875,12.4852910261718,33.74521719018906,,,P_IMERG_mm,X
2019-12-01,2019.9583333333333,2.846906068080844,33.49723633881845,,,P_IMERG_mm,X
2020-01-01,2020.0416666666667,10.500408647860343,33.24646409732573,,,P_IMERG_mm,X
2020-02-01,2020.125,9.996716417221622,32.99287986138016,,,P_IMERG_mm,X
2020-03-01,2020.2083333333333,2.8275781476901622,32.73648773092826,,,P_IMERG_mm,X
2000-06-01,2000.4583333333333,137.82755977296569,5.523196219247227,-2.389600600167802,16.668822474932806,P_IMERG_mm,a
2000-07-01,2000.5416666666667,-39.79349566871585,5.389720410203559,-2.3519946517995654,16.399921309225114,P_IMERG_mm,a
2000-08-01,2000.625,-69.88239388778689,5.256929881525946,-2.3180227502257797,16.138047560229865,P_IMERG_mm,a
2000-09-01,2000.7083333333333,66.68236604752568,5.124870690994377,-2.2870956236419895,15.876804925190738,P_IMERG_mm,a
2000-10-01,2000.7916666666667,-9.664293009628096,4.993591718764181,-2.2567011142604914,15.62031468132346,P_IMERG_mm,a
2000-11-01,2000.875,15.958775817447304,4.8631362628736925,-2.2268209105663828,15.35270847669009,P_IMERG_mm,a
2000-12-01,2000.9583333333333,1.8808948984016745,4.733556089765871,-2.197438034288369,15.034341250755299,P_IMERG_mm,a
2001-01-01,2001.0416666666667,-2.3304596154994517,4.604897781696382,-2.164757195106129,14.716895530379066,P_IMERG_mm,a
2001-02-01,2001.125,2.016007148177085,4.477210362998426,-2.0993468844871352,14.508187427974958,P_IMERG_mm,a
2001-03-01,2001.2083333333333,29.451045266928954,4.350550889199697,-2.03477982927975,14.248810210509374,P_IMERG_mm,a
2001-04-01,2001.2916666666667,10.734867457178495,4.224976380067576,-1.9710630158198124,13.905844416756029,P_IMERG_mm,a
2001-05-01,2001.375,0.2270306974256897,4.1005254359322,-1.9418322850887533,13.5641074262948,P_IMERG_mm,a
2001-06-01,2001.4583333333333,-58.87287438470409,3.977227495809646,-1.9362178790399118,13.280527864580142,P_IMERG_mm,a
2001-07-01,2001.5416666666667,172.70744286758443,3.8551147109179786,-1.930974255185506,13.001484596308503,P_IMERG_mm,a
2001-08-01,2001.625,21.831546542404553,3.7342238602512032,-1.9260883082402107,12.723053771847848,P_IMERG_mm,a
2001-09-01,2001.7083333333333,9.348269927228323,3.614589258254054,-1.9215438607075,12.44521189657275,P_IMERG_mm,a
2001-10-01,2001.7916666666667,11.878334590917184,3.496230261102271,-1.9173228923627517,12.168597794328035,P_IMERG_mm,a
2001-11-01,2001.875,-10.85803600670172,3.379155789393891,-1.9134070792691886,11.912390817344633,P_IMERG_mm,a
2001-12-01,2001.9583333333333,12.95544787823141,3.263368341014316,-1.9147555940231558,11.65700432148688,P_IMERG_mm,a
2002-01-01,2002.0416666666667,8.160747331572711,3.148875628608453,-1.9164051956976504,11.402413668628158,P_IMERG_mm,a
2002-02-01,2002.125,-1.8106339066987864,3.035678136973373,-1.918302841875072,11.148594183297423,P_IMERG_mm,a
2002-03-01,2002.2083333333333,-0.3725005385036013,2.9237697363559527,-1.9584031716413095,10.895515563080739,P_IMERG_mm,a
2002-04-01,2002.2916666666667,44.69569981819362,2.813145466325358,-2.012095306364126,10.643146385909489,P_IMERG_mm,a
2002-05-01,2002.375,131.49797730774932,2.7037974401669014,-2.096590450274655,10.391440404202903,P_IMERG_mm,a
2002-06-01,2002.4583333333333,177.81858342179817,2.5956991359211123,-2.1810358581454885,10.140338371714279,P_IMERG_mm,a
2002-07-01,2002.5416666666667,-11.938721027125297,2.488816463499118,-2.2580835725460195,9.88977200399289,P_IMERG_mm,a
2002-08-01,2002.625,93.54316683109168,2.383114011893381,-2.3004958934881676,9.655617042576159,P_IMERG_mm,a
2002-09-01,2002.7083333333333,28.385585759286123,2.278562264228344,-2.3280086786394665,9.424323098222533,P_IMERG_mm,a
2002-10-01,2002.7916666666667,12.193165505976097,2.175126741368963,-2.339075866423321,9.192682184886214,P_IMERG_mm,a
2002-11-01,2002.875,0.6310866884466222,2.0727515288333023,-2.284826741597282,8.960639182313754,P_IMERG_mm,a
2002-12-01,2002.9583333333333,23.416453007314622,1.9713642904429414,-2.227456927561881,8.72814220651143,P_IMERG_mm,a
2003-01-01,2003.0416666666667,7.030060772320304,1.8708818138364256,-2.2007796186192943,8.49514789331111,P_IMERG_mm,a
2003-02-01,2003.125,-9.855244411105962,1.77119861671941,-2.192195005342303,8.262705743413315,P_IMERG_mm,a
2003-03-01,2003.2083333333333,-6.327004125173248,1.672194255569994,-2.243782153259051,8.031181391536174,P_IMERG_mm,a
2003-04-01,2003.2916666666667,-15.28385285992772,1.5737459992480545,-2.3289775821136782,7.799083916373184,P_IMERG_mm,a
2003-05-01,2003.375,-8.682652558981488,1.4757305696046472,-2.441937034103713,7.559940395471561,P_IMERG_mm,a
2003-06-01,2003.4583333333333,17.48073433855717,1.3780279846212866,-2.461584227055008,7.301415186149442,P_IMERG_mm,a
2003-07-01,2003.5416666666667,-23.647400940926232,1.2805145225058154,-2.5252753015854905,7.042589335825162,P_IMERG_mm,a
2003-08-01,2003.625,-61.88249796796336,1.1830483169286088,-2.5639913077782728,6.8044792398459215,P_IMERG_mm,a
2003-09-01,2003.7083333333333,-19.88681105989249,1.0854869161635916,-2.5745456358259395,6.597071718454722,P_IMERG_mm,a
2003-10-01,2003.7916666666667,-21.20991836764265,0.987685425793982,-2.6212794771740815,6.347765584015174,P_IMERG_mm,a
2003-11-01,2003.875,2.0788453625469643,0.8895040759566863,-2.730881734312313,6.08432344003752,P_IMERG_mm,a
2003-12-01,2003.9583333333333,-10.834173272719886,0.7908086609201723,-2.8455955982959145,5.89578347816213,P_IMERG_mm,a
2004-01-01,2004.0416666666667,-4.709499492917139,0.6914576192611405,-2.9561285537337576,5.782262287957104,P_IMERG_mm,a
2004-02-01,2004.125,-0.5786816905498533,0.5913068374038504,-3.0430507230847317,5.579411169591572,P_IMERG_mm,a
2004-03-01,2004.2083333333333,3.407797538808431,0.4902066830868405,-3.1313213690835666,5.416514383883002,P_IMERG_mm,a
2004-04-01,2004.2916666666667,16.03924758650613,0.3879956171473611,-3.257427522777029,5.332837062378001,P_IMERG_mm,a
2004-05-01,2004.375,-15.835421791038755,0.28449106168586374,-3.3744939328999615,5.157816386359095,P_IMERG_mm,a
2004-06-01,2004.4583333333333,-59.54550170473132,0.17948121316627058,-3.4704224449811862,4.983327940895732,P_IMERG_mm,a
2004-07-01,2004.5416666666667,-12.146492632925415,0.07274950029458316,-3.569317932012599,4.877117284681353,P_IMERG_mm,a
2004-08-01,2004.625,-35.39137549801788,-0.03591888507170888,-3.6123130017865925,4.775789900836202,P_IMERG_mm,a
2004-09-01,2004.7083333333333,-1.1583135016212296,-0.14672252374873965,-3.6581233333051677,4.677896842916825,P_IMERG_mm,a
2004-10-01,2004.7916666666667,6.101119983832405,-0.25981963463322016,-3.7364801288363907,4.5802603488340985,P_IMERG_mm,a
2004-11-01,2004.875,25.549861737987413,-0.37532477903804884,-3.8290113929333125,4.559338702631945,P_IMERG_mm,a
2004-12-01,2004.9583333333333,-0.9230534615977994,-0.49329232055665934,-3.9460990804792755,4.571129671282527,P_IMERG_mm,a
2005-01-01,2005.0416666666667,-0.5671373152007142,-0.6136762711902456,-4.073701799840961,4.486123856313704,P_IMERG_mm,a
2005-02-01,2005.125,1.5735180554167307,-0.7362158473378669,-4.2043910737435155,4.391471834590074,P_IMERG_mm,a
2005-03-01,2005.2083333333333,15.20772166919419,-0.860289325876353,-4.338190263449025,4.299737888726722,P_IMERG_mm,a
2005-04-01,2005.2916666666667,-14.659543618550952,-0.9847310350508011,-4.492290103580948,4.204682578695668,P_IMERG_mm,a
2005-05-01,2005.375,45.214840091637626,-1.1076142675967418,-4.645060206626949,4.1048044486496185,P_IMERG_mm,a
2005-06-01,2005.4583333333333,85.72138902324363,-1.1921270973608515,-4.7425223460723505,4.02918279401584,P_IMERG_mm,a
2005-07-01,2005.5416666666667,-12.744259053286498,-1.2747226464003465,-4.8387461131177805,3.947389857275041,P_IMERG_mm,a
2005-08-01,2005.625,111.17093072713764,-1.3552876227962327,-4.913170449100595,3.879173968745607,P_IMERG_mm,a
2005-09-01,2005.7083333333333,-10.378223505097658,-1.433975041979996,-4.96783083765956,3.829507777536059,P_IMERG_mm,a
2005-10-01,2005.7916666666667,-1.5854730306654332,-1.511156089088566,-5.053175747899285,3.7801451971982476,P_IMERG_mm,a
2005-11-01,2005.875,-8.59886281656147,-1.5872516760230833,-5.152771362729619,3.730673876223111,P_IMERG_mm,a
2005-12-01,2005.9583333333333,-1.2204612961577759,-1.6627847119492984,-5.2722806325655105,3.6767043815309814,P_IMERG_mm,a
2006-01-01,2006.0416666666667,7.822100860514986,-1.7380600612600279,-5.340083901370139,3.558179955052381,P_IMERG_mm,a
2006-02-01,2006.125,-4.808896602782212,-1.8132469228232069,-5.407250501516986,3.4419589802541033,P_IMERG_mm,a
2006-03-01,2006.2083333333333,-10.107359388715249,-1.8885148996581034,-5.4830280441969945,3.327533082898628,P_IMERG_mm,a
2006-04-01,2006.2916666666667,-21.094885774399955,-1.9638934017410006,-5.5677910594533655,3.2116438522607664,P_IMERG_mm,a
2006-05-01,2006.375,-33.05234211822797,-2.0391974565039446,-5.654624176283646,3.0936121317571903,P_IMERG_mm,a
2006-06-01,2006.4583333333333,-2.0176928533131218,-2.1141721363089547,-5.758476395441736,2.9730238122922956,P_IMERG_mm,a
2006-07-01,2006.5416666666667,134.79660199974924,-2.1886773211229427,-5.859359250531421,2.8497715709955687,P_IMERG_mm,a
2006-08-01,2006.625,19.423786102753255,-2.262888483472965,-5.957005602838698,2.7237935674650777,P_IMERG_mm,a
2006-09-01,2006.7083333333333,-17.891135047622026,-2.3371752142861446,-6.0511997415122645,2.60508786605551,P_IMERG_mm,a
2006-10-01,2006.7916666666667,15.850832539786431,-2.411740929168234,-6.141772716868114,2.5070235093247493,P_IMERG_mm,a
2006-11-01,2006.875,17.493437448919693,-2.486805344272645,-6.22868586851481,2.402832884101322,P_IMERG_mm,a
2006-12-01,2006.9583333333333,5.554961260597768,-2.5626255011477928,-6.34176032749721,2.293638648747634,P_IMERG_mm,a
2007-01-01,2007.0416666666667,14.430251413607184,-2.639492464751116,-6.454170944115301,2.2019843786304674,P_IMERG_mm,a
2007-02-01,2007.125,-0.04182723678258071,-2.7176328672477297,-6.519354250575745,2.197545682705612,P_IMERG_mm,a
2007-03-01,2007.2083333333333,28.89574144235638,-2.7971807018258055,-6.566873748866468,2.2087031564025654,P_IMERG_mm,a
2007-04-01,2007.2916666666667,-18.117375015845724,-2.8783628359220472,-6.627122027159417,2.2165812482007587,P_IMERG_mm,a
2007-05-01,2007.375,-23.923995701055063,-2.961536524445634,-6.704138462622491,2.2209353001979237,P_IMERG_mm,a
2007-06-01,2007.4583333333333,36.67713234056188,-3.04688383819069,-6.783931544090731,2.221757351260061,P_IMERG_mm,a
2007-07-01,2007.5416666666667,45.044982316599885,-3.134449049058526,-6.858687968264076,2.2191648573056075,P_IMERG_mm,a
2007-08-01,2007.625,6.143510506808141,-3.224403471548591,-6.928146060849297,2.2132879645982793,P_IMERG_mm,a
2007-09-01,2007.7083333333333,-21.601587352782833,-3.3173489628336528,-6.990055745933856,2.191925499985515,P_IMERG_mm,a
2007-10-01,2007.7916666666667,-14.433482741292437,-3.4141067495078907,-7.024425002317169,2.1204821178818642,P_IMERG_mm,a
2007-11-01,2007.875,-15.940093396129544,-3.5152100168833096,-7.115653742577003,1.9938998084239814,P_IMERG_mm,a
2007-12-01,2007.9583333333333,-9.334887590674128,-3.620839785071042,-7.173220664619717,1.8657152934451722,P_IMERG_mm,a
2008-01-01,2008.0416666666667,-0.49101310192120806,-3.731000513710113,-7.232362874420761,1.7696392100482143,P_IMERG_mm,a
2008-02-01,2008.125,0.5203169680705528,-3.8452684234464547,-7.346070961834988,1.6110184837133361,P_IMERG_mm,a
2008-03-01,2008.2083333333333,7.81335297302271,-3.962955530515566,-7.446505408283617,1.544035335011215,P_IMERG_mm,a
2008-04-01,2008.2916666666667,-13.451387287303994,-4.083365998502908,-7.567780305204938,1.4922121457588402,P_IMERG_mm,a
2008-05-01,2008.375,98.7408511564607,-4.205864069829659,-7.67541892346068,1.4422134057564062,P_IMERG_mm,a
2008-06-01,2008.4583333333333,28.113966036981395,-4.329963175084137,-7.777606567491319,1.3923307656427277,P_IMERG_mm,a
2008-07-01,2008.5416666666667,10.839013703900292,-4.455084357685842,-7.86707129889598,1.4197296959425372,P_IMERG_mm,a
2008-08-01,2008.625,31.015424362905193,-4.580611778645909,-7.927756001887915,1.4052281488522675,P_IMERG_mm,a
2008-09-01,2008.7083333333333,-1.0483029574255127,-4.706193663775572,-7.996799188275644,1.3876446960597997,P_IMERG_mm,a
2008-10-01,2008.7916666666667,-23.015645771269384,-4.831525762262729,-8.074462534913206,1.3232178429170653,P_IMERG_mm,a
2008-11-01,2008.875,-6.328269935927349,-4.956447945073823,-8.150270790445378,1.216336981871752,P_IMERG_mm,a
2008-12-01,2008.9583333333333,0.6596513333603298,-5.080963326491034,-8.227650465458069,1.0985421332727041,P_IMERG_mm,a
2009-01-01,2009.0416666666667,-0.4085259781273649,-5.205004394425166,-8.303062060902555,0.9788874433524835,P_IMERG_mm,a
2009-02-01,2009.125,-8.912297175563303,-5.328513703496207,-8.348657447390694,0.8574100166600193,P_IMERG_mm,a
2009-03-01,2009.2083333333333,-9.167337707497644,-5.451444866536235,-8.379635200302745,0.7655568978785048,P_IMERG_mm,a
2009-04-01,2009.2916666666667,-26.327126187519465,-5.5735970127450525,-8.41004305968957,0.6885772760225605,P_IMERG_mm,a
2009-05-01,2009.375,-35.9310115600829,-5.694687680801885,-8.456457043637668,0.6099416376575453,P_IMERG_mm,a
2009-06-01,2009.4583333333333,-20.321438640998608,-5.814347418956283,-8.496707401225734,0.5298158704414483,P_IMERG_mm,a
2009-07-01,2009.5416666666667,-16.287688038233654,-5.93233792403995,-8.530880372720832,0.44835873989212405,P_IMERG_mm,a
2009-08-01,2009.625,48.61338864858671,-6.048408398637358,-8.604975619726362,0.3657506367482139,P_IMERG_mm,a
2009-09-01,2009.7083333333333,30.86369642257923,-6.1625626947851275,-8.688483671297197,0.28221141333210314,P_IMERG_mm,a
2009-10-01,2009.7916666666667,-13.660582599997966,-6.274984718615213,-8.72025829806118,0.18588497381758864,P_IMERG_mm,a
2009-11-01,2009.875,14.771959940138224,-6.3858009662515585,-8.742852558711192,0.05703489113511946,P_IMERG_mm,a
2009-12-01,2009.9583333333333,10.14816327752495,-6.495044680074883,-8.759215878757766,-0.07109420464434749,P_IMERG_mm,a
2010-01-01,2010.0416666666667,-7.381543128041761,-6.602663737567026,-8.781636514033075,-0.14733162932264712,P_IMERG_mm,a
2010-02-01,2010.125,-11.246135576598077,-6.708691105228144,-8.861082815558285,-0.185728383346126,P_IMERG_mm,a
2010-03-01,2010.2083333333333,-7.1961478116915405,-6.813212086900271,-8.975286236875526,-0.22189823477753987,P_IMERG_mm,a
2010-04-01,2010.2916666666667,-24.557352869566202,-6.916151319549859,-9.095560917662276,-0.3050616145440337,P_IMERG_mm,a
2010-05-01,2010.375,-11.28302453358468,-7.017235743705367,-9.164353666639158,-0.33877954278370387,P_IMERG_mm,a
2010-06-01,2010.4583333333333,-12.973263007510866,-7.116375990436121,-9.259254353784737,-0.3829103698128617,P_IMERG_mm,a
2010-07-01,2010.5416666666667,-20.129142662637634,-7.213469409801759,-9.350772910771962,-0.4454420114803996,P_IMERG_mm,a
2010-08-01,2010.625,-40.93294875026861,-7.308317924820144,-9.438790525712225,-0.46951790381757796,P_IMERG_mm,a
2010-09-01,2010.7083333333333,-19.676817365879316,-7.400561676594386,-9.523101055109292,-0.4924655689619316,P_IMERG_mm,a
2010-10-01,2010.7916666666667,-20.77320550879878,-7.489731878301668,-9.60394602368851,-0.5141198856597106,P_IMERG_mm,a
2010-11-01,2010.875,1.937601540030169,-7.575204266677534,-9.681414088148575,-0.5341769325205636,P_IMERG_mm,a
2010-12-01,2010.9583333333333,2.6461503661080066,-7.656323511543507,-9.755149673874723,-0.552307074202095,P_IMERG_mm,a
2011-01-01,2011.0416666666667,-4.634603865761436,-7.732414111433396,-9.816491596885694,-0.6502328675809681,P_IMERG_mm,a
2011-02-01,2011.125,13.4398269409396,-7.802768218450605,-9.838730025580825,-0.7465452607705064,P_IMERG_mm,a
2011-03-01,2011.2083333333333,-5.638897484427645,-7.866471785030632,-9.859403684389605,-0.8163169333917962,P_IMERG_mm,a
2011-04-01,2011.2916666666667,-12.324577945332418,-7.9226214037441665,-9.873611979010583,-0.8745623090324368,P_IMERG_mm,a
2011-05-01,2011.375,-66.11295372799293,-7.9704472298342965,-9.865457289398504,-0.9324763415136215,P_IMERG_mm,a
2011-06-01,2011.4583333333333,-49.863813508304446,-8.00943801472884,-9.85128339341097,-0.9851538510335373,P_IMERG_mm,a
2011-07-01,2011.5416666666667,-28.29344409842517,-8.03927297697201,-9.831727767881041,-1.0298635483208454,P_IMERG_mm,a
2011-08-01,2011.625,8.169666300830258,-8.059790117199125,-9.851020362735161,-1.0431470538665457,P_IMERG_mm,a
2011-09-01,2011.7083333333333,-33.10947501314429,-8.07091379527038,-9.843845847058473,-1.0582251124674154,P_IMERG_mm,a
2011-10-01,2011.7916666666667,-20.66990710945798,-8.072716656095833,-9.816926224543074,-1.0757190653411093,P_IMERG_mm,a
2011-11-01,2011.875,2.704730615389167,-8.065610741700151,-9.788123065595387,-1.0963370942649238,P_IMERG_mm,a
2011-12-01,2011.9583333333333,-10.654253221747156,-8.0498948456776,-9.818389860995774,-1.1209204616024677,P_IMERG_mm,a
2012-01-01,2012.0416666666667,2.4907613545399094,-8.02572826383255,-9.856135431765761,-1.1532730759443137,P_IMERG_mm,a
2012-02-01,2012.125,-8.78180485393952,-7.99320332359121,-9.858809626753576,-1.2117249694703611,P_IMERG_mm,a
2012-03-01,2012.2083333333333,-12.830804985724566,-7.952420747343595,-9.85692998949543,-1.169994393802479,P_IMERG_mm,a
2012-04-01,2012.2916666666667,-8.634729801843815,-7.903352977749012,-9.853818246094496,-1.12043987043945,P_IMERG_mm,a
2012-05-01,2012.375,5.834449381392076,-7.845816386717885,-9.848828221007526,-1.1900916698174373,P_IMERG_mm,a
2012-06-01,2012.4583333333333,59.241111958445316,-7.779625161566031,-9.848851357487897,-1.2891113349263275,P_IMERG_mm,a
2012-07-01,2012.5416666666667,-34.52145765675469,-7.704710562464557,-9.835674507990923,-1.3886389771078205,P_IMERG_mm,a
2012-08-01,2012.625,-33.790896244540434,-7.621139731318651,-9.845351092306444,-1.4883989745618862,P_IMERG_mm,a
2012-09-01,2012.7083333333333,-6.686416975817558,-7.529186951804009,-9.866603761204276,-1.574012654693447,P_IMERG_mm,a
2012-10-01,2012.7916666666667,10.876860922491225,-7.429266878290098,-9.86975026559707,-1.6013745800408825,P_IMERG_mm,a
2012-11-01,2012.875,-13.016447059376144,-7.3220023083697185,-9.87389941017008,-1.5984581821085315,P_IMERG_mm,a
2012-12-01,2012.9583333333333,37.30828637831187,-7.2080746464383205,-9.881652187354485,-1.588048151020586,P_IMERG_mm,a
2013-01-01,2013.0416666666667,1.3028428989926972,-7.088340082349114,-9.884919183040436,-1.5169864150868495,P_IMERG_mm,a
2013-02-01,2013.125,-7.436982100152255,-6.963883548848113,-9.867526761808483,-1.4449794880526154,P_IMERG_mm,a
2013-03-01,2013.2083333333333,-4.700726333074771,-6.835832070088023,-9.890069456552839,-1.4243251654126747,P_IMERG_mm,a
2013-04-01,2013.2916666666667,-25.136635111572076,-6.70527820142282,-9.864999447022898,-1.4352950438779062,P_IMERG_mm,a
2013-05-01,2013.375,28.942402357504932,-6.5733299351305075,-9.837754847389808,-1.408384164103395,P_IMERG_mm,a
2013-06-01,2013.4583333333333,-78.12481345495615,-6.4413017208877505,-9.85082106017629,-1.367538258241759,P_IMERG_mm,a
2013-07-01,2013.5416666666667,-45.6790041379718,-6.310766470168132,-9.905037192961991,-1.281881183005792,P_IMERG_mm,a
2013-08-01,2013.625,-5.35420859482069,-6.183313168818489,-9.959867247646613,-1.1935291721183807,P_IMERG_mm,a
2013-09-01,2013.7083333333333,-13.237817087943824,-6.060215030697034,-9.996442567340363,-1.2278314456370365,P_IMERG_mm,a
2013-10-01,2013.7916666666667,-21.813406606277773,-5.942245465092262,-10.023286885202115,-1.2180949867111976,P_IMERG_mm,a
2013-11-01,2013.875,-2.3538123744707953,-5.829691558231688,-10.089962634876159,-1.2225873531912808,P_IMERG_mm,a
2013-12-01,2013.9583333333333,-3.4141620440081475,-5.722647949066955,-10.157135500996718,-1.2300717724100023,P_IMERG_mm,a
2014-01-01,2014.0416666666667,-9.7455370703798,-5.62112827328228,-10.224508662068375,-1.2867135818422577,P_IMERG_mm,a
2014-02-01,2014.125,30.515563146161096,-5.525057144953891,-10.272389011071112,-1.3356017482399383,P_IMERG_mm,a
2014-03-01,2014.2083333333333,-9.766159759212936,-5.434219329691981,-10.293668934447421,-1.3581219776353108,P_IMERG_mm,a
2014-04-01,2014.2916666666667,-13.340898495371604,-5.348327341256724,-10.350044326226744,-1.3856682647855665,P_IMERG_mm,a
2014-05-01,2014.375,-28.730612919879206,-5.267061870966973,-10.390888443653164,-1.3855561498761564,P_IMERG_mm,a
2014-06-01,2014.4583333333333,7.345074513104947,-5.1903790094987405,-10.392668502511526,-1.355421486577709,P_IMERG_mm,a
2014-07-01,2014.5416666666667,-38.56716237602379,-5.118665526707463,-10.393367840839646,-1.3821548475697576,P_IMERG_mm,a
2014-08-01,2014.625,-1.3896011753568303,-5.052711594311856,-10.367146128198861,-1.3999013836866587,P_IMERG_mm,a
2014-09-01,2014.7083333333333,25.982980674092353,-4.993541592913313,-10.37972220869079,-1.4242643028651245,P_IMERG_mm,a
2014-10-01,2014.7916666666667,-1.8189405261791265,-4.942169187527943,-10.475663436990857,-1.4531478707987582,P_IMERG_mm,a
2014-11-01,2014.875,-7.8944290043368,-4.899461644583715,-10.572648258935894,-1.476878976739312,P_IMERG_mm,a
2014-12-01,2014.9583333333333,-11.305963030594251,-4.866216156853556,-10.579319626763294,-1.4533084087847992,P_IMERG_mm,a
2015-01-01,2015.0416666666667,-11.561394841192485,-4.842945394338453,-10.547133015983718,-1.451097980143741,P_IMERG_mm,a
2015-02-01,2015.125,7.803102370760147,-4.829860455769954,-10.625204683458191,-1.4912079517415555,P_IMERG_mm,a
2015-03-01,2015.2083333333333,11.980383474396191,-4.826882755385885,-10.703696253389161,-1.5372423274928924,P_IMERG_mm,a
2015-04-01,2015.2916666666667,-28.247446971404948,-4.833736795457564,-10.785398064422504,-1.5884223764460141,P_IMERG_mm,a
2015-05-01,2015.375,-62.77107556873133,-4.95402779194049,-10.877197915696518,-1.6910606608489704,P_IMERG_mm,a
2015-06-01,2015.4583333333333,-103.2347077579058,-5.086081390125297,-10.985887808937987,-1.8038367108058395,P_IMERG_mm,a
2015-07-01,2015.5416666666667,13.142938486839938,-5.225622697205058,-11.056277279310768,-1.910149921210386,P_IMERG_mm,a
2015-08-01,2015.625,144.23434421777154,-5.369165144422346,-11.117285166592708,-2.0514613007653866,P_IMERG_mm,a
2015-09-01,2015.7083333333333,31.75113933267955,-5.51423480259105,-11.13950451955231,-2.097088698790245,P_IMERG_mm,a
2015-10-01,2015.7916666666667,80.06944251004234,-5.659236093311227,-11.155922051300143,-2.2227315909238436,P_IMERG_mm,a
2015-11-01,2015.875,4.777647059172249,-5.803253556400555,-11.188479765947905,-2.3904436201880612,P_IMERG_mm,a
2015-12-01,2015.9583333333333,-7.338599029291281,-5.945825949308989,-11.266206877313964,-2.5863646073610993,P_IMERG_mm,a
2016-01-01,2016.0416666666667,29.93796371211145,-6.086788737756391,-11.404645516601214,-2.6811271474790765,P_IMERG_mm,a
2016-02-01,2016.125,-2.2155056381124503,-6.226156208857837,-11.484800301631607,-2.745549669286779,P_IMERG_mm,a
2016-03-01,2016.2083333333333,-0.9017662101806287,-6.364062225220581,-11.566034133596705,-2.8228568899746946,P_IMERG_mm,a
2016-04-01,2016.2916666666667,160.51421391986304,-6.500695816248703,-11.647027373401093,-2.9322629962931495,P_IMERG_mm,a
2016-05-01,2016.375,12.756383287897535,-6.636266676391035,-11.727827615261516,-3.0643732674189463,P_IMERG_mm,a
2016-06-01,2016.4583333333333,-75.5258078555538,-6.77098728469158,-11.829869874702801,-3.143630118804979,P_IMERG_mm,a
2016-07-01,2016.5416666666667,2.6664065609435,-6.90507293320563,-11.958600445331449,-3.173318628972625,P_IMERG_mm,a
2016-08-01,2016.625,-77.81927831035527,-7.038724667856489,-12.086588992863692,-3.200127799768689,P_IMERG_mm,a
2016-09-01,2016.7083333333333,-36.4010876773947,-7.172131626749683,-12.213940689492162,-3.206551188897601,P_IMERG_mm,a
2016-10-01,2016.7916666666667,11.184574081048204,-7.305460557603783,-12.34075539648618,-3.1576558767509018,P_IMERG_mm,a
2016-11-01,2016.875,1.3530098130235189,-7.438848415450925,-12.467129157193249,-3.1049697448608367,P_IMERG_mm,a
2016-12-01,2016.9583333333333,5.369342553971883,-7.572429190362959,-12.593161624834158,-3.0521220219507432,P_IMERG_mm,a
2017-01-01,2017.0416666666667,-11.771150209796032,-7.706335540518817,-12.703662256629503,-3.141930959058344,P_IMERG_mm,a
2017-02-01,2017.125,16.931837196853532,-7.8406969172876355,-12.78647316787123,-3.182169371420049,P_IMERG_mm,a
2017-03-01,2017.2083333333333,0.2513205011741242,-7.975633524002491,-12.88728404061752,-3.1687580444735994,P_IMERG_mm,a
2017-04-01,2017.2916666666667,34.286593128866144,-8.111268495840825,-13.040869628450185,-3.223403182958883,P_IMERG_mm,a
2017-05-01,2017.375,24.381627858677433,-8.247725570726631,-13.141761152556855,-3.283614071139576,P_IMERG_mm,a
2017-06-01,2017.4583333333333,-10.765360522440403,-8.385134902159189,-13.265662835419892,-3.278420011356772,P_IMERG_mm,a
2017-07-01,2017.5416666666667,-34.005794458292556,-8.523631209933601,-13.393944193232743,-3.231855897906232,P_IMERG_mm,a
2017-08-01,2017.625,-16.403280531016364,-8.66333602607685,-13.529748822436778,-3.1852244730627626,P_IMERG_mm,a
2017-09-01,2017.7083333333333,-10.738021942223654,-8.804346754778225,-13.701813495231338,-3.1385519955141605,P_IMERG_mm,a
2017-10-01,2017.7916666666667,14.179146687558749,-8.94674507551867,-13.89584368988493,-3.091857596407373,P_IMERG_mm,a
2017-11-01,2017.875,-5.248867647666486,-9.090606885758064,-14.129859757345846,-3.044580194711678,P_IMERG_mm,a
2017-12-01,2017.9583333333333,-11.911046967749927,-9.236013702281765,-14.314571670132107,-3.006383366442699,P_IMERG_mm,a
2018-01-01,2018.0416666666667,-3.263835633192407,-9.383045399157085,-14.512076433111739,-3.03620156818242,P_IMERG_mm,a
2018-02-01,2018.125,-3.6414038464726453,-9.531775714439318,-14.719253924034282,-3.0630065690731656,P_IMERG_mm,a
2018-03-01,2018.2083333333333,-11.076272795688254,-9.682276870599416,-14.882249020700586,-3.017698045864794,P_IMERG_mm,a
2018-04-01,2018.2916666666667,-21.417041289887486,-9.83461979015725,-15.086360542236118,-2.9619031549415613,P_IMERG_mm,a
2018-05-01,2018.375,-18.439528474923705,-9.988868558906042,-15.335517461514542,-2.9059934163948715,P_IMERG_mm,a
2018-06-01,2018.4583333333333,-41.593843561310905,-10.14507458220275,-15.560976488937431,-2.8347624657102237,P_IMERG_mm,a
2018-07-01,2018.5416666666667,-9.90837657186583,-10.30327552350902,-15.802683281603317,-2.749099312009331,P_IMERG_mm,a
2018-08-01,2018.625,-79.10392022021601,-10.463491654225468,-16.017649091363374,-2.6710415980341806,P_IMERG_mm,a
2018-09-01,2018.7083333333333,14.866447093182025,-10.625737526004272,-16.194159552648337,-2.6488786292634456,P_IMERG_mm,a
2018-10-01,2018.7916666666667,2.995083721649877,-10.790026978366026,-16.408322520379556,-2.627102718544174,P_IMERG_mm,a
2018-11-01,2018.875,-5.1209732890705375,-10.95638553006275,-16.623327474272124,-2.6057363499498214,P_IMERG_mm,a
2018-12-01,2018.9583333333333,-11.303127364036934,-11.124848082291003,-16.839170515096374,-2.5835978581877903,P_IMERG_mm,a
2019-01-01,2019.0416666666667,-6.788820886815849,-11.295452358024942,-17.055858736143886,-2.558898201247738,P_IMERG_mm,a
2019-02-01,2019.125,-5.9764450818186745,-11.46823489356754,-17.25388310322262,-2.5346853784994603,P_IMERG_mm,a
2019-03-01,2019.2083333333333,-4.67993065550009,-11.643233369317867,-17.42252135121922,-2.5109792751865925,P_IMERG_mm,a
2019-04-01,2019.2916666666667,-23.677768682081084,-11.820488294808344,-17.593103288994936,-2.487803476333072,P_IMERG_mm,a
2019-05-01,2019.375,-42.83294318424733,-12.000041157704732,-17.81059586785923,-2.465179082632396,P_IMERG_mm,a
2019-06-01,2019.4583333333333,-37.38643415392825,-12.181921037801471,-18.060155248425193,-2.4431139786755427,P_IMERG_mm,a
2019-07-01,2019.5416666666667,-51.534946612433174,-12.36613511699056,-18.310884887410424,-2.435993554619132,P_IMERG_mm,a
2019-08-01,2019.625,-62.19536305994655,-12.552668181491343,-18.56276987835359,-2.427412171939984,P_IMERG_mm,a
2019-09-01,2019.7083333333333,-16.06647576972818,-12.741482918901127,-18.81767887919066,-2.419397495698197,P_IMERG_mm,a
2019-10-01,2019.7916666666667,-16.6837052720928,-12.932525543290796,-19.044779325624415,-2.411959625194507,P_IMERG_mm,a
2019-11-01,2019.875,-11.897164492860497,-13.125736708761035,-19.270052250909927,-2.4051154578185883,P_IMERG_mm,a
2019-12-01,2019.9583333333333,-21.699623675245252,-13.321054778061267,-19.49616615801848,-2.3988903059531808,P_IMERG_mm,a
2020-01-01,2020.0416666666667,-7.521207204813557,-13.518417768889606,-19.72382917549859,-2.393308292500718,P_IMERG_mm,a
2020-02-01,2020.125,-7.4943137058023925,-13.717760087073666,-20.003059590228474,-2.362289790179359,P_IMERG_mm,a
2020-03-01,2020.2083333333333,-14.242455070490823,-13.919021563643218,-20.28429968694143,-2.3051223884366046,P_IMERG_mm,a
2000-06-01,2000.4583333333333,1.9020977996778725,0.25583108330174203,-0.05761818883030017,0.6292928765598526,P_IMERG_mm,z
2000-07-01,2000.5416666666667,-0.690698943471729,0.25104365190580674,-0.054221452813120935,0.6197670387515899,P_IMERG_mm,z
2000-08-01,2000.625,-1.1088803043159448,0.2462756499045074,-0.0517973553453167,0.61026223109524,P_IMERG_mm,z
2000-09-01,2000.7083333333333,2.560057318898852,0.24152759371635296,-0.05028749958043691,0.6010166723238312,P_IMERG_mm,z
2000-10-01,2000.7916666666667,-0.41052907561337504,0.2368007460640838,-0.0488504876607144,0.5919922174334736,P_IMERG_mm,z
2000-11-01,2000.875,1.4226914686535475,0.2320963305024078,-0.04752140229599269,0.5838921474036383,P_IMERG_mm,z
2000-12-01,2000.9583333333333,0.1378759177747626,0.2274158034591038,-0.046235132710252785,0.5747442036104694,P_IMERG_mm,z
2001-01-01,2001.0416666666667,-0.23462966544475625,0.2227600429084464,-0.04499106651766429,0.5646637816111576,P_IMERG_mm,z
2001-02-01,2001.125,0.1946333077131935,0.2181299145134428,-0.04378829599262307,0.5546333934230966,P_IMERG_mm,z
2001-03-01,2001.2083333333333,2.3093363006130714,0.21352666565805103,-0.04262540414998173,0.5448314094738762,P_IMERG_mm,z
2001-04-01,2001.2916666666667,0.24392189146199264,0.20895155048159622,-0.04150056465653634,0.535287231785277,P_IMERG_mm,z
2001-05-01,2001.375,0.004518807402894426,0.20440537189112126,-0.04041195827196135,0.525339543699044,P_IMERG_mm,z
2001-06-01,2001.4583333333333,-0.812478759780105,0.1998888276190088,-0.039357730605723534,0.5154211430187194,P_IMERG_mm,z
2001-07-01,2001.5416666666667,2.9976971440617866,0.19540289514168627,-0.03889971970454088,0.5055334352195683,P_IMERG_mm,z
2001-08-01,2001.625,0.34641875623926105,0.1909491427190254,-0.03965765625972685,0.49718813391577876,P_IMERG_mm,z
2001-09-01,2001.7083333333333,0.35889708576306484,0.18652922948156128,-0.040439130373235925,0.4892541407133866,P_IMERG_mm,z
2001-10-01,2001.7916666666667,0.5045792500886999,0.18214467035436596,-0.041242469803417794,0.4813269789775703,P_IMERG_mm,z
2001-11-01,2001.875,-0.9679711883776877,0.1777967711120841,-0.04206565943672247,0.4734077890100771,P_IMERG_mm,z
2001-12-01,2001.9583333333333,0.949677872970016,0.17348670490643522,-0.04290658488349624,0.465594508626825,P_IMERG_mm,z
2002-01-01,2002.0416666666667,0.8216205092984341,0.16921600276016865,-0.043763120733935866,0.4578608516494466,P_IMERG_mm,z
2002-02-01,2002.125,-0.17480576228963407,0.1649857331116287,-0.044727177349507936,0.4530284866939516,P_IMERG_mm,z
2002-03-01,2002.2083333333333,-0.029208777066063882,0.16079644814582497,-0.04572874511120921,0.4455233699199041,P_IMERG_mm,z
2002-04-01,2002.2916666666667,1.0155933162063213,0.15664881107053155,-0.04674114360866497,0.43713300652517434,P_IMERG_mm,z
2002-05-01,2002.375,2.6173290222939802,0.15254350862591592,-0.047926371219776276,0.4300007147984963,P_IMERG_mm,z
2002-06-01,2002.4583333333333,2.453996405548933,0.14848066548144911,-0.05178605459211286,0.42290175309050526,P_IMERG_mm,z
2002-07-01,2002.5416666666667,-0.20722135266748887,0.14445996741989708,-0.051469110640055,0.41602369214035834,P_IMERG_mm,z
2002-08-01,2002.625,1.4843248711384853,0.14048075693803105,-0.05341266216674134,0.40783528447106604,P_IMERG_mm,z
2002-09-01,2002.7083333333333,1.089774266895377,0.13654228345432692,-0.055397807874851206,0.39923130066136464,P_IMERG_mm,z
2002-10-01,2002.7916666666667,0.5179529386145842,0.13264300619283784,-0.05638367666321088,0.3913079122857615,P_IMERG_mm,z
2002-11-01,2002.875,0.0562600576575706,0.12878046370010535,-0.057114586852294105,0.38443385314839434,P_IMERG_mm,z
2002-12-01,2002.9583333333333,1.7165047085600778,0.12495158152936856,-0.05650246122607544,0.37769566711575864,P_IMERG_mm,z
2003-01-01,2003.0416666666667,0.7077834758841397,0.12115284927476329,-0.05425345188255149,0.3719391982435106,P_IMERG_mm,z
2003-02-01,2003.125,-0.9514642940576654,0.11737977810880039,-0.05202246835684716,0.36470657940219403,P_IMERG_mm,z
2003-03-01,2003.2083333333333,-0.49611754584474316,0.11362707259744878,-0.049811092485462276,0.3569270932961514,P_IMERG_mm,z
2003-04-01,2003.2916666666667,-0.34728573159302173,0.10988948269687915,-0.04762079325019131,0.3472767398300725,P_IMERG_mm,z
2003-05-01,2003.375,-0.17281907294993892,0.10616187023780772,-0.047797325685758105,0.33798838949176757,P_IMERG_mm,z
2003-06-01,2003.4583333333333,0.24124396003886076,0.10243907150465577,-0.0517937180908866,0.32960022151943025,P_IMERG_mm,z
2003-07-01,2003.5416666666667,-0.4104498630058956,0.09871568647681837,-0.05488916919390477,0.32128704919003925,P_IMERG_mm,z
2003-08-01,2003.625,-0.9819395038002352,0.09498582817644782,-0.0561760861276583,0.31305443293304547,P_IMERG_mm,z
2003-09-01,2003.7083333333333,-0.7634908480474581,0.09124349883905165,-0.05961222289478333,0.30483491160594156,P_IMERG_mm,z
2003-10-01,2003.7916666666667,-0.9009751849026935,0.08748291847962861,-0.06512092326110641,0.29705791015298183,P_IMERG_mm,z
2003-11-01,2003.875,0.18532471386133142,0.08369858491163931,-0.06977850516262794,0.2902209436453268,P_IMERG_mm,z
2003-12-01,2003.9583333333333,-0.7941813147435394,0.07988519542013707,-0.07224712604533949,0.2836335988686367,P_IMERG_mm,z
2004-01-01,2004.0416666666667,-0.4741503706334694,0.0760371683887608,-0.07490352965790767,0.27682012797301564,P_IMERG_mm,z
2004-02-01,2004.125,-0.055868220331769976,0.07214908687362213,-0.07865509469255343,0.2700520721707814,P_IMERG_mm,z
2004-03-01,2004.2083333333333,0.26721464349339275,0.06821568433636016,-0.08563722594569118,0.2634151823392435,P_IMERG_mm,z
2004-04-01,2004.2916666666667,0.36445010844652503,0.06423143869348366,-0.09261229414529656,0.2572062219733892,P_IMERG_mm,z
2004-05-01,2004.375,-0.31518742632028124,0.060190126506594346,-0.09962981159260345,0.2526565252491575,P_IMERG_mm,z
2004-06-01,2004.4583333333333,-0.821761394889763,0.05608470774161396,-0.10648706818338619,0.24831013129432164,P_IMERG_mm,z
2004-07-01,2004.5416666666667,-0.21082766134175765,0.05190799440317015,-0.10991393881312787,0.24471553515228495,P_IMERG_mm,z
2004-08-01,2004.625,-0.561583498347509,0.04765320678332258,-0.11075461074993326,0.2415491887233,P_IMERG_mm,z
2004-09-01,2004.7083333333333,-0.044469762145082414,0.04331394688932683,-0.1113754319343466,0.24132355757624355,P_IMERG_mm,z
2004-10-01,2004.7916666666667,0.2591692061357929,0.03888467185266598,-0.11203298726344342,0.24045843801405245,P_IMERG_mm,z
2004-11-01,2004.875,2.277716708080602,0.03436074269636947,-0.1149204889345456,0.23726074758188972,P_IMERG_mm,z
2004-12-01,2004.9583333333333,-0.06766292113457034,0.029738624542426855,-0.12062409699471961,0.23460804629635043,P_IMERG_mm,z
2005-01-01,2005.0416666666667,-0.05709913943231433,0.02501683669416335,-0.12603691713968015,0.23308477110079,P_IMERG_mm,z
2005-02-01,2005.125,0.15191365970558,0.0201983860907082,-0.13053089042170496,0.23140977213229003,P_IMERG_mm,z
2005-03-01,2005.2083333333333,1.1924786839306742,0.01529350599441776,-0.13514337867174264,0.2283300870594546,P_IMERG_mm,z
2005-04-01,2005.2916666666667,-0.3330999308254501,0.010322173395734864,-0.1399141032131433,0.22348821990942097,P_IMERG_mm,z
2005-05-01,2005.375,0.8999538672238614,0.005315813199129931,-0.14488226404887702,0.21848435260478336,P_IMERG_mm,z
2005-06-01,2005.4583333333333,1.1830033537198583,0.0011523242250908302,-0.1494468924431207,0.21319197241764654,P_IMERG_mm,z
2005-07-01,2005.5416666666667,-0.22120314175753988,-0.0029684286712624076,-0.15402612545019598,0.20745985630885844,P_IMERG_mm,z
2005-08-01,2005.625,1.7640388177563506,-0.007032821850155293,-0.1586184950257853,0.20119624503076167,P_IMERG_mm,z
2005-09-01,2005.7083333333333,-0.39843887696572255,-0.011032364856411573,-0.1632207142633602,0.1946965879978017,P_IMERG_mm,z
2005-10-01,2005.7916666666667,-0.06734923879486802,-0.014969933689058952,-0.16783354194569408,0.1895013200354292,P_IMERG_mm,z
2005-11-01,2005.875,-0.7665706260419817,-0.01885232785519527,-0.1732786252920317,0.18489453066838168,P_IMERG_mm,z
2005-12-01,2005.9583333333333,-0.08946391500095097,-0.022690657513280012,-0.18045158516879797,0.1807426275544973,P_IMERG_mm,z
2006-01-01,2006.0416666666667,0.7875257291615586,-0.026483219169314818,-0.1852487420692101,0.17979861698383923,P_IMERG_mm,z
2006-02-01,2006.125,-0.4642699075231781,-0.030221899253900255,-0.18915440592030802,0.17689034995931896,P_IMERG_mm,z
2006-03-01,2006.2083333333333,-0.7925454505315224,-0.03390165128272823,-0.19296196698521237,0.17312089696215197,P_IMERG_mm,z
2006-04-01,2006.2916666666667,-0.4793263129509323,-0.03751107302168086,-0.1966454743267767,0.1677179938418919,P_IMERG_mm,z
2006-05-01,2006.375,-0.6578721289253602,-0.041033720601291464,-0.20089007041010618,0.1633000961977001,P_IMERG_mm,z
2006-06-01,2006.4583333333333,-0.027845295549268196,-0.04445317699676795,-0.20559480019999513,0.1607578634403568,P_IMERG_mm,z
2006-07-01,2006.5416666666667,2.339675593215117,-0.04776189457753667,-0.21028445179610777,0.1581633288281169,P_IMERG_mm,z
2006-08-01,2006.625,0.30821287947253745,-0.05096445663764439,-0.21495211294494057,0.15548838332093728,P_IMERG_mm,z
2006-09-01,2006.7083333333333,-0.6868732160677744,-0.05407041848236452,-0.21958964961912614,0.1527067422649501,P_IMERG_mm,z
2006-10-01,2006.7916666666667,0.6733268148821723,-0.057088223414210236,-0.22418948143669037,0.149795323981478,P_IMERG_mm,z
2006-11-01,2006.875,1.5595033416531483,-0.060030720651582284,-0.2287459451995693,0.14632253087005134,P_IMERG_mm,z
2006-12-01,2006.9583333333333,0.4071973307275188,-0.06291551868410301,-0.2326838435455924,0.1407932608982253,P_IMERG_mm,z
2007-01-01,2007.0416666666667,1.4528314667803224,-0.06576592858642433,-0.23605987862062974,0.1366298839917561,P_IMERG_mm,z
2007-02-01,2007.125,-0.004038166955339356,-0.06860523793585234,-0.23872808497422712,0.1324108386572401,P_IMERG_mm,z
2007-03-01,2007.2083333333333,2.2657934223100478,-0.07145220862693061,-0.24106775107216113,0.1287515104954206,P_IMERG_mm,z
2007-04-01,2007.2916666666667,-0.4116701393677819,-0.07433490263821091,-0.24339267259668537,0.12605069624252213,P_IMERG_mm,z
2007-05-01,2007.375,-0.47618198819182705,-0.07729133192455397,-0.24582555984505156,0.1233619047620404,P_IMERG_mm,z
2007-06-01,2007.4583333333333,0.5061650430319867,-0.08035494675075083,-0.24681110169486176,0.11928055388907578,P_IMERG_mm,z
2007-07-01,2007.5416666666667,0.7818494246846917,-0.08355213885654407,-0.24855249764634474,0.11426424464141786,P_IMERG_mm,z
2007-08-01,2007.625,0.09748403598332082,-0.08690464486176508,-0.25197767600650406,0.1089788252742175,P_IMERG_mm,z
2007-09-01,2007.7083333333333,-0.8293242288809964,-0.09044188662119083,-0.25535546304689943,0.1036552308077417,P_IMERG_mm,z
2007-10-01,2007.7916666666667,-0.6131192754360009,-0.09419056130699135,-0.25888649956782445,0.10001279916828905,P_IMERG_mm,z
2007-11-01,2007.875,-1.4210259698880652,-0.09816610516977076,-0.26251511957242646,0.09588034663006462,P_IMERG_mm,z
2007-12-01,2007.9583333333333,-0.6842786351231736,-0.1023737355632888,-0.26784014867528566,0.09022438610227335,P_IMERG_mm,z
2008-01-01,2008.0416666666667,-0.04943498658657282,-0.10681824635958188,-0.27176929869071353,0.08492115673489,P_IMERG_mm,z
2008-02-01,2008.125,0.050233459066076784,-0.11149220987276812,-0.2753650859742593,0.08115924942314845,P_IMERG_mm,z
2008-03-01,2008.2083333333333,0.6126661884685607,-0.11637448727071588,-0.279681560482894,0.07898568556015921,P_IMERG_mm,z
2008-04-01,2008.2916666666667,-0.30564772625235365,-0.12144603638229443,-0.28402836213168686,0.07670656949501582,P_IMERG_mm,z
2008-05-01,2008.375,1.9653328568924286,-0.1266906377542317,-0.2897738098401174,0.07432720998247425,P_IMERG_mm,z
2008-06-01,2008.4583333333333,0.3879885345662904,-0.132091302833419,-0.2947359353008324,0.0722999303762593,P_IMERG_mm,z
2008-07-01,2008.5416666666667,0.18813364314322165,-0.13762492573079346,-0.2972832636052229,0.06887165294559171,P_IMERG_mm,z
2008-08-01,2008.625,0.4921467524603092,-0.14326747875845552,-0.2989851545560208,0.06341719709841476,P_IMERG_mm,z
2008-09-01,2008.7083333333333,-0.04024625725889457,-0.14899707972028026,-0.30313071120215673,0.05725605837842695,P_IMERG_mm,z
2008-10-01,2008.7916666666667,-0.9776805994717773,-0.154793469308658,-0.30809908329166424,0.05434923598637426,P_IMERG_mm,z
2008-11-01,2008.875,-0.5641520221956899,-0.16064095164168385,-0.31287744535437406,0.05260069939635846,P_IMERG_mm,z
2008-12-01,2008.9583333333333,0.048354659835426125,-0.1665284514716042,-0.31745215087427836,0.049740788237246265,P_IMERG_mm,z
2009-01-01,2009.0416666666667,-0.04113021866417234,-0.17244060943008696,-0.3218129495514704,0.04462653803503009,P_IMERG_mm,z
2009-02-01,2009.125,-0.8604284365615101,-0.1783648950614902,-0.3249913937830686,0.039507013367031385,P_IMERG_mm,z
2009-03-01,2009.2083333333333,-0.7188358021260446,-0.1842962161844234,-0.3276043326486695,0.03650509186725909,P_IMERG_mm,z
2009-04-01,2009.2916666666667,-0.598215342856797,-0.19023027941125498,-0.33002666320541346,0.03356540024656038,P_IMERG_mm,z
2009-05-01,2009.375,-0.7151690184290265,-0.19615879406610937,-0.3322718283598928,0.031120961366162377,P_IMERG_mm,z
2009-06-01,2009.4583333333333,-0.2804472762124172,-0.20206630706636294,-0.33435011502394774,0.02753005636590563,P_IMERG_mm,z
2009-07-01,2009.5416666666667,-0.28270672708076117,-0.20793674145645685,-0.3362727894521013,0.021939136840681366,P_IMERG_mm,z
2009-08-01,2009.625,0.771387844626988,-0.21375617748554848,-0.3380456880643599,0.018505688554567783,P_IMERG_mm,z
2009-09-01,2009.7083333333333,1.1849134426121362,-0.21951587749340834,-0.34092879219746036,0.015316977209050828,P_IMERG_mm,z
2009-10-01,2009.7916666666667,-0.580287284494609,-0.22521164055635098,-0.34341974729736546,0.012053156434822996,P_IMERG_mm,z
2009-11-01,2009.875,1.3168893167325812,-0.23083814263368502,-0.34528034631402227,0.0077303107957421525,P_IMERG_mm,z
2009-12-01,2009.9583333333333,0.7438944764036954,-0.23638855143021176,-0.3481842638289847,0.00232343451339472,P_IMERG_mm,z
2010-01-01,2010.0416666666667,-0.7431705673334743,-0.24185974494240517,-0.35117526944907207,-0.003180568937954066,P_IMERG_mm,z
2010-02-01,2010.125,-1.0857464311292397,-0.24725837643103782,-0.35447648656502073,-0.008764688158095729,P_IMERG_mm,z
2010-03-01,2010.2083333333333,-0.5642694585369291,-0.2525979009443857,-0.35762989801317,-0.014326661302209411,P_IMERG_mm,z
2010-04-01,2010.2916666666667,-0.558001855648303,-0.25788366052034023,-0.3606397103472671,-0.019931261511976273,P_IMERG_mm,z
2010-05-01,2010.375,-0.2245767438832374,-0.2631091343331427,-0.36351382399973786,-0.025616117503722866,P_IMERG_mm,z
2010-06-01,2010.4583333333333,-0.17903832195735456,-0.26827200547372004,-0.36626589414765637,-0.03136933181339053,P_IMERG_mm,z
2010-07-01,2010.5416666666667,-0.34938316768701666,-0.27337241466069173,-0.3689029715022203,-0.037183551729491546,P_IMERG_mm,z
2010-08-01,2010.625,-0.6495161104473761,-0.27840813019529265,-0.37142301927427585,-0.042619513724510935,P_IMERG_mm,z
2010-09-01,2010.7083333333333,-0.7554288081837575,-0.28337066713978437,-0.37381735825981516,-0.046056784331867044,P_IMERG_mm,z
2010-10-01,2010.7916666666667,-0.8824240786737084,-0.28824173452804314,-0.37607717727201107,-0.04886062520991396,P_IMERG_mm,z
2010-11-01,2010.875,0.17273312265199997,-0.29299626738028256,-0.3781952262531651,-0.04971071867437024,P_IMERG_mm,z
2010-12-01,2010.9583333333333,0.19397171559516455,-0.29760847034612425,-0.3801697032393508,-0.050557865770336226,P_IMERG_mm,z
2011-01-01,2011.0416666666667,-0.4666099113069293,-0.30205412551077,-0.3820066054925553,-0.05144323686257917,P_IMERG_mm,z
2011-02-01,2011.125,1.2975340761927654,-0.3063120115477447,-0.384054935550824,-0.05231993105018659,P_IMERG_mm,z
2011-03-01,2011.2083333333333,-0.4421612386996405,-0.3103583232952346,-0.3864401605306596,-0.05319361102312072,P_IMERG_mm,z
2011-04-01,2011.2916666666667,-0.28004392004727996,-0.31417219167974836,-0.3900564006352477,-0.05404939794567058,P_IMERG_mm,z
2011-05-01,2011.375,-1.3159088533877965,-0.3177388286412745,-0.3922611855403915,-0.05486885842782523,P_IMERG_mm,z
2011-06-01,2011.4583333333333,-0.6881486555658899,-0.3210511188295003,-0.39332948377950877,-0.05563318816589707,P_IMERG_mm,z
2011-07-01,2011.5416666666667,-0.4910916122737635,-0.3241065984060136,-0.39535849447445465,-0.05633058316698025,P_IMERG_mm,z
2011-08-01,2011.625,0.1296346840718005,-0.32691016983018883,-0.3981612375209319,-0.0569631033643012,P_IMERG_mm,z
2011-09-01,2011.7083333333333,-1.2711329674757978,-0.3294684519464913,-0.40103783545997984,-0.05754854924930059,P_IMERG_mm,z
2011-10-01,2011.7916666666667,-0.8780360705336953,-0.33179782713267236,-0.4034392550280501,-0.058109153336541264,P_IMERG_mm,z
2011-11-01,2011.875,0.241121074419337,-0.33392599525525796,-0.4063397652771993,-0.06003231083484104,P_IMERG_mm,z
2011-12-01,2011.9583333333333,-0.7809925702926788,-0.335872466045652,-0.40751423314038215,-0.06167364011083086,P_IMERG_mm,z
2012-01-01,2012.0416666666667,0.2507687751513257,-0.3376462904282858,-0.4098497511986872,-0.06296366395470647,P_IMERG_mm,z
2012-02-01,2012.125,-0.8478301914551986,-0.3392485528899108,-0.4129490382222087,-0.06410962804906926,P_IMERG_mm,z
2012-03-01,2012.2083333333333,-1.0060982030031254,-0.34068054706414463,-0.41481028499279354,-0.06462773224877742,P_IMERG_mm,z
2012-04-01,2012.2916666666667,-0.19620173550634262,-0.3419381803126806,-0.4161499241528543,-0.06505694901997887,P_IMERG_mm,z
2012-05-01,2012.375,0.11612858241373666,-0.3430109670477432,-0.4173295806265138,-0.06528263229234581,P_IMERG_mm,z
2012-06-01,2012.4583333333333,0.8175606452892561,-0.3438849208614872,-0.4198506394993942,-0.06784977419327111,P_IMERG_mm,z
2012-07-01,2012.5416666666667,-0.5991917505596197,-0.34454598419739657,-0.4228417251542413,-0.07158834042145787,P_IMERG_mm,z
2012-08-01,2012.625,-0.5361874032380999,-0.344979771551718,-0.4260119398538746,-0.07517801364564111,P_IMERG_mm,z
2012-09-01,2012.7083333333333,-0.2567037094027415,-0.3451710352055315,-0.42740169426969876,-0.07984233882901902,P_IMERG_mm,z
2012-10-01,2012.7916666666667,0.4620376943907869,-0.3451052256732593,-0.428988337405491,-0.08451591490853932,P_IMERG_mm,z
2012-11-01,2012.875,-1.160389017014033,-0.34477452224331173,-0.43128095451236464,-0.08765005501641673,P_IMERG_mm,z
2012-12-01,2012.9583333333333,2.7348227853584803,-0.3441751937805548,-0.433383889079131,-0.08815313475173611,P_IMERG_mm,z
2013-01-01,2013.0416666666667,0.13116965918854595,-0.34331606563626044,-0.4352693495057966,-0.08669511810477906,P_IMERG_mm,z
2013-02-01,2013.125,-0.7179956811488943,-0.34222119582093663,-0.43879722378545366,-0.08916840563739754,P_IMERG_mm,z
2013-03-01,2013.2083333333333,-0.3685966953576082,-0.3409209479070047,-0.441824201647153,-0.09402079166847328,P_IMERG_mm,z
2013-04-01,2013.2916666666667,-0.57116453518059,-0.33944781132538,-0.44372595830924616,-0.09911542789973306,P_IMERG_mm,z
2013-05-01,2013.375,0.5760680978987441,-0.3378370625795466,-0.4455056148229066,-0.10317059054588171,P_IMERG_mm,z
2013-06-01,2013.4583333333333,-1.0781663407354605,-0.336126685168903,-0.4471640944016541,-0.10605902113458066,P_IMERG_mm,z
2013-07-01,2013.5416666666667,-0.7928541930469716,-0.33435408625734675,-0.44896313748320715,-0.10923397127906755,P_IMERG_mm,z
2013-08-01,2013.625,-0.08495954596989608,-0.33255180315440946,-0.45056800024908006,-0.11269759925037691,P_IMERG_mm,z
2013-09-01,2013.7083333333333,-0.5082238758306985,-0.33074548764281,-0.452085636446524,-0.11464912964929257,P_IMERG_mm,z
2013-10-01,2013.7916666666667,-0.9266107351186895,-0.3289571624503527,-0.45351973899698556,-0.11647998399341274,P_IMERG_mm,z
2013-11-01,2013.875,-0.2098374475760009,-0.32719551305082745,-0.4570834236801715,-0.1178583543552908,P_IMERG_mm,z
2013-12-01,2013.9583333333333,-0.25026955288644515,-0.3254636629192066,-0.45987869653703584,-0.1174688701268719,P_IMERG_mm,z
2014-01-01,2014.0416666666667,-0.9811764542903835,-0.3237669274730127,-0.4617306011198327,-0.11716203103520356,P_IMERG_mm,z
2014-02-01,2014.125,2.9460932205714836,-0.3221117967050903,-0.4630579468181273,-0.11934334377002125,P_IMERG_mm,z
2014-03-01,2014.2083333333333,-0.7657910625964287,-0.32050331378338853,-0.4648466413225801,-0.12126563764435283,P_IMERG_mm,z
2014-04-01,2014.2916666666667,-0.3031371563528178,-0.31894874539625384,-0.4661706999440588,-0.12219315657153128,P_IMERG_mm,z
2014-05-01,2014.375,-0.5718526517522545,-0.31745661768933797,-0.46739520347900515,-0.12542613514461717,P_IMERG_mm,z
2014-06-01,2014.4583333333333,0.10136615705059669,-0.3160394522620253,-0.4684763827019219,-0.1285922533039336,P_IMERG_mm,z
2014-07-01,2014.5416666666667,-0.6694133766881978,-0.3147168243426479,-0.47110283702246614,-0.1319072595689582,P_IMERG_mm,z
2014-08-01,2014.625,-0.022049922569649903,-0.31351216542769494,-0.47411654241128715,-0.13536791623197267,P_IMERG_mm,z
2014-09-01,2014.7083333333333,0.997533887656432,-0.312452576100653,-0.47733762012169323,-0.13925389680555472,P_IMERG_mm,z
2014-10-01,2014.7916666666667,-0.07726669421799315,-0.31156307152524393,-0.4806447525542705,-0.1460509157041886,P_IMERG_mm,z
2014-11-01,2014.875,-0.7037718257864217,-0.31086314790733643,-0.48298142011028244,-0.15256305508518508,P_IMERG_mm,z
2014-12-01,2014.9583333333333,-0.8287650896896765,-0.31037199628986506,-0.4851370937955106,-0.15816001555793224,P_IMERG_mm,z
2015-01-01,2015.0416666666667,-1.1639962287363488,-0.31010291664853085,-0.4883607907394652,-0.1639843403232835,P_IMERG_mm,z
2015-02-01,2015.125,0.7533423808635742,-0.31006119586977815,-0.491541490426078,-0.16533040985614875,P_IMERG_mm,z
2015-03-01,2015.2083333333333,0.9394143468230478,-0.3102487921748628,-0.4960470918686352,-0.16434550051838787,P_IMERG_mm,z
2015-04-01,2015.2916666666667,-0.6418496289518615,-0.3106712794578594,-0.49900763392039726,-0.1634972179326716,P_IMERG_mm,z
2015-05-01,2015.375,-1.2493922812375242,-0.313508224644277,-0.502564477977409,-0.16508755854958063,P_IMERG_mm,z
2015-06-01,2015.4583333333333,-1.4246969967411156,-0.31690808652881813,-0.505280916751821,-0.16541660564053134,P_IMERG_mm,z
2015-07-01,2015.5416666666667,0.22812305313782488,-0.32074916495164224,-0.5079211993523278,-0.16586634409368103,P_IMERG_mm,z
2015-08-01,2015.625,2.288682665419754,-0.32490990314981355,-0.5084491505385227,-0.16797555080202914,P_IMERG_mm,z
2015-09-01,2015.7083333333333,1.218983990071235,-0.329290447969742,-0.5106214999677019,-0.17188062765384565,P_IMERG_mm,z
2015-10-01,2015.7916666666667,3.4012663094732574,-0.3338163065460979,-0.5100053693226959,-0.1750391948331509,P_IMERG_mm,z
2015-11-01,2015.875,0.4259172375797749,-0.3384356998467956,-0.5122544366250606,-0.17618826294619372,P_IMERG_mm,z
2015-12-01,2015.9583333333333,-0.5379439740116936,-0.3431138689920242,-0.5167655121003151,-0.17756628021005721,P_IMERG_mm,z
2016-01-01,2016.0416666666667,3.014141229117392,-0.3478286454868688,-0.5229230907073937,-0.1821023083950815,P_IMERG_mm,z
2016-02-01,2016.125,-0.21389368137556738,-0.35256591847838836,-0.5290555288794896,-0.18544956277839134,P_IMERG_mm,z
2016-03-01,2016.2083333333333,-0.07070993321160163,-0.357316960073952,-0.5351511330811446,-0.18702494614764056,P_IMERG_mm,z
2016-04-01,2016.2916666666667,3.647267264551646,-0.36207675567382724,-0.538416960900968,-0.1886282562677084,P_IMERG_mm,z
2016-05-01,2016.375,0.25390240125733515,-0.3668427871078513,-0.5446075678568497,-0.19024533894043236,P_IMERG_mm,z
2016-06-01,2016.4583333333333,-1.0422986025260856,-0.37161404662649533,-0.5512786972636698,-0.19176004336134794,P_IMERG_mm,z
2016-07-01,2016.5416666666667,0.04628103572106194,-0.3763906443924847,-0.5572549032292717,-0.19485564558288873,P_IMERG_mm,z
2016-08-01,2016.625,-1.2348212505856209,-0.3811728091827691,-0.5620460628305737,-0.19971606018549154,P_IMERG_mm,z
2016-09-01,2016.7083333333333,-1.3975039646609988,-0.3859610906505225,-0.5686305920981138,-0.20450199138931097,P_IMERG_mm,z
2016-10-01,2016.7916666666667,0.4751090280528164,-0.3907556001640829,-0.5752304036228976,-0.20932220904828303,P_IMERG_mm,z
2016-11-01,2016.875,0.12061799351104568,-0.3955560878545781,-0.5800652630319895,-0.21227995503850755,P_IMERG_mm,z
2016-12-01,2016.9583333333333,0.3935908556639967,-0.4003629599355157,-0.5863453044361436,-0.21182210068085086,P_IMERG_mm,z
2017-01-01,2017.0416666666667,-1.1851143084633577,-0.4051772822350988,-0.5911532799432202,-0.21111760637775878,P_IMERG_mm,z
2017-02-01,2017.125,1.6346665646819496,-0.41000054593555557,-0.5974670817594364,-0.21030018453100346,P_IMERG_mm,z
2017-03-01,2017.2083333333333,0.019706721822243672,-0.4148339843517611,-0.6038743383296794,-0.2104234626186683,P_IMERG_mm,z
2017-04-01,2017.2916666666667,0.7790734893692809,-0.4196791311725479,-0.6095406099383377,-0.21549051669586047,P_IMERG_mm,z
2017-05-01,2017.375,0.4852906752773847,-0.4245379505658246,-0.6159862720716215,-0.21853092277949937,P_IMERG_mm,z
2017-06-01,2017.4583333333333,-0.14856802657032428,-0.42941300185119796,-0.6228694991006732,-0.22062181634210748,P_IMERG_mm,z
2017-07-01,2017.5416666666667,-0.5902413424494558,-0.43430730773279913,-0.6301727250692879,-0.21826746323167293,P_IMERG_mm,z
2017-08-01,2017.625,-0.2602840815130135,-0.4392239598414635,-0.6378829970608658,-0.21507000182227926,P_IMERG_mm,z
2017-09-01,2017.7083333333333,-0.4122521933923815,-0.4441658558513971,-0.6439444412102774,-0.21184722908241882,P_IMERG_mm,z
2017-10-01,2017.7916666666667,0.6023153454505975,-0.4491358292292139,-0.650781627290419,-0.2085992011152609,P_IMERG_mm,z
2017-11-01,2017.875,-0.4679255669637696,-0.4541367314748012,-0.6577308350106654,-0.2053258125565901,P_IMERG_mm,z
2017-12-01,2017.9583333333333,-0.8731197759812918,-0.45917172170084647,-0.6629761496048682,-0.20471272353552905,P_IMERG_mm,z
2018-01-01,2018.0416666666667,-0.3286015589326091,-0.4642438471840854,-0.6683379750067399,-0.20531138842773425,P_IMERG_mm,z
2018-02-01,2018.125,-0.351555536893494,-0.46935581109431485,-0.6744790861359302,-0.20589310195108748,P_IMERG_mm,z
2018-03-01,2018.2083333333333,-0.8685205774784095,-0.47451023237313844,-0.6809582488295636,-0.20703647909742728,P_IMERG_mm,z
2018-04-01,2018.2916666666667,-0.4866464576100155,-0.47970964460202103,-0.6875743405105981,-0.20807198271266325,P_IMERG_mm,z
2018-05-01,2018.375,-0.367019432716323,-0.48495628176177275,-0.6954486219642817,-0.20630021215080688,P_IMERG_mm,z
2018-06-01,2018.4583333333333,-0.5740184216308916,-0.49025224760928393,-0.7035764450012273,-0.20452421903876486,P_IMERG_mm,z
2018-07-01,2018.5416666666667,-0.17198049868958923,-0.49559961166528715,-0.7117242992241102,-0.20354636919867708,P_IMERG_mm,z
2018-08-01,2018.625,-1.2552056998394745,-0.5010003724163613,-0.7225772067170676,-0.20371125978523974,P_IMERG_mm,z
2018-09-01,2018.7083333333333,0.5707499439926581,-0.5064565179150169,-0.7341591099034905,-0.20385936794116574,P_IMERG_mm,z
2018-10-01,2018.7916666666667,0.12722802903519453,-0.5119697497440312,-0.7455588739512113,-0.20361583320312246,P_IMERG_mm,z
2018-11-01,2018.875,-0.4565240525277783,-0.5175421466446286,-0.7543885165218878,-0.2033615333902537,P_IMERG_mm,z
2018-12-01,2018.9583333333333,-0.8285572258002984,-0.523176150725897,-0.7632585663281686,-0.20336051074740533,P_IMERG_mm,z
2019-01-01,2019.0416666666667,-0.6834955486223274,-0.5288741744996722,-0.772169365969937,-0.20264820821137108,P_IMERG_mm,z
2019-02-01,2019.125,-0.5769896578454194,-0.5346383425802356,-0.7811208251028,-0.2019416356290833,P_IMERG_mm,z
2019-03-01,2019.2083333333333,-0.3669660499022843,-0.5404705497748654,-0.7901122742189675,-0.20124087198926902,P_IMERG_mm,z
2019-04-01,2019.2916666666667,-0.5380155968922194,-0.5463725873838016,-0.7991581929780472,-0.20054609409713714,P_IMERG_mm,z
2019-05-01,2019.375,-0.8525447128667965,-0.5523462678755948,-0.8082727102333384,-0.19985711765430017,P_IMERG_mm,z
2019-06-01,2019.4583333333333,-0.5159538067649736,-0.5583933127031279,-0.8174411574399278,-0.19917293719658485,P_IMERG_mm,z
2019-07-01,2019.5416666666667,-0.8944962632439228,-0.5645151986424911,-0.8285653815457182,-0.19849186468858737,P_IMERG_mm,z
2019-08-01,2019.625,-0.9869039865419862,-0.5707132700261812,-0.8398343324511875,-0.19780342389235667,P_IMERG_mm,z
2019-09-01,2019.7083333333333,-0.6168212275774504,-0.576988553079635,-0.8501621502591887,-0.19701643328818097,P_IMERG_mm,z
2019-10-01,2019.7916666666667,-0.7087063788664888,-0.5833417142688074,-0.8590235294326352,-0.19622883392356144,P_IMERG_mm,z
2019-11-01,2019.875,-1.0606073184295126,-0.5897732747820437,-0.8685995241092375,-0.19544028741520927,P_IMERG_mm,z
2019-12-01,2019.9583333333333,-1.5906553482248218,-0.5962835637794965,-0.8784129093693682,-0.19465082772649753,P_IMERG_mm,z
2020-01-01,2020.0416666666667,-0.7572318861349993,-0.6028724385324928,-0.8890600462292335,-0.1938605007779098,P_IMERG_mm,z
2020-02-01,2020.125,-0.7235307012277092,-0.6095391222687814,-0.899733908827275,-0.1911988039829869,P_IMERG_mm,z
2020-03-01,2020.2083333333333,-1.1167895131066385,-0.6162825891496039,-0.9092753968275381,-0.18814574797946435,P_IMERG_mm,z
1980-01-01,1980.0416666666667,278.5806451612903,115.7230552679528,,,Caudal_m3s,X
1980-02-01,1980.125,166.89655172413794,115.66485901179958,,,Caudal_m3s,X
1980-03-01,1980.2083333333333,120.83870967741936,115.60780867321405,,,Caudal_m3s,X
1980-04-01,1980.2916666666667,123.68333333333334,115.55182513078648,,,Caudal_m3s,X
1980-05-01,1980.375,117.19677419354838,115.49681193372587,,,Caudal_m3s,X
1980-06-01,1980.4583333333333,98.69666666666669,115.4426626122141,,,Caudal_m3s,X
1980-07-01,1980.5416666666667,96.2290322580645,115.38926851969732,,,Caudal_m3s,X
1980-08-01,1980.625,87.03225806451613,115.33653432740846,,,Caudal_m3s,X
1980-09-01,1980.7083333333333,91.61,115.2843847356737,,,Caudal_m3s,X
1980-10-01,1980.7916666666667,117.2741935483871,115.23277029953444,,,Caudal_m3s,X
1980-11-01,1980.875,176.73333333333332,115.18166176224791,,,Caudal_m3s,X
1980-12-01,1980.9583333333333,350.96774193548384,115.13102233657432,,,Caudal_m3s,X
1981-01-01,1981.0416666666667,251.1153846153846,115.08077535793234,,,Caudal_m3s,X
1981-02-01,1981.125,206.6071428571429,115.03082391140079,,,Caudal_m3s,X
1981-03-01,1981.2083333333333,132.38709677419354,114.98102215110512,,,Caudal_m3s,X
1981-04-01,1981.2916666666667,76.53,114.93116430256164,,,Caudal_m3s,X
1981-05-01,1981.375,74.22258064516129,114.8810222193637,,,Caudal_m3s,X
1981-06-01,1981.4583333333333,66.15333333333334,114.83038858824496,,,Caudal_m3s,X
1981-07-01,1981.5416666666667,55.3258064516129,114.77908831984062,,,Caudal_m3s,X
1981-08-01,1981.625,52.41612903225807,114.72698413537007,,,Caudal_m3s,X
1981-09-01,1981.7083333333333,54.42413793103448,114.67398254696944,,,Caudal_m3s,X
1981-10-01,1981.7916666666667,78.47096774193548,114.6200370354396,,,Caudal_m3s,X
1981-11-01,1981.875,132.06,114.56514734410625,,,Caudal_m3s,X
1981-12-01,1981.9583333333333,143.16666666666666,114.50934414886915,,,Caudal_m3s,X
1982-01-01,1982.0416666666667,139.5806451612903,114.45265412437273,,,Caudal_m3s,X
1982-02-01,1982.125,111.325,114.39508527435721,,,Caudal_m3s,X
1982-03-01,1982.2083333333333,73.87741935483871,114.3366308645584,,,Caudal_m3s,X
1982-04-01,1982.2916666666667,59.080000000000005,114.2772924361972,,,Caudal_m3s,X
1982-05-01,1982.375,49.88709677419355,114.21710767287925,,,Caudal_m3s,X
1982-06-01,1982.4583333333333,104.06,114.15616497982931,,,Caudal_m3s,X
1982-07-01,1982.5416666666667,142.69032258064516,114.09460551591896,,,Caudal_m3s,X
1982-08-01,1982.625,99.99032258064516,114.03259700638701,,,Caudal_m3s,X
1982-09-01,1982.7083333333333,144.13333333333333,113.97031138492974,,,Caudal_m3s,X
1982-10-01,1982.7916666666667,155.46428571428572,113.9079396773191,,,Caudal_m3s,X
1982-11-01,1982.875,256.7,113.84567007924657,,,Caudal_m3s,X
1982-12-01,1982.9583333333333,539.4516129032259,113.78367172871877,,,Caudal_m3s,X
1983-01-01,1983.0416666666667,592.8387096774194,113.72209346352511,,,Caudal_m3s,X
1983-02-01,1983.125,455.1428571428572,113.66109278499917,,,Caudal_m3s,X
1983-03-01,1983.2083333333333,261.0967741935484,113.60084536778187,,,Caudal_m3s,X
1983-04-01,1983.2916666666667,160.66666666666666,113.54153942022967,,,Caudal_m3s,X
1983-05-01,1983.375,99.9,113.48334371001124,,,Caudal_m3s,X
1983-06-01,1983.4583333333333,78.89333333333335,113.42640518391514,,,Caudal_m3s,X
1983-07-01,1983.5416666666667,90.6516129032258,113.37089500860708,,,Caudal_m3s,X
1983-08-01,1983.625,87.89354838709677,113.31703856750084,,,Caudal_m3s,X
1983-09-01,1983.7083333333333,74.18333333333334,113.26512195173136,,,Caudal_m3s,X
1983-10-01,1983.7916666666667,147.3032258064516,113.21550677391093,,,Caudal_m3s,X
1983-11-01,1983.875,247.0,113.16864107741388,,,Caudal_m3s,X
1983-12-01,1983.9583333333333,296.4516129032258,113.12500808166453,,,Caudal_m3s,X
1984-01-01,1984.0416666666667,240.4516129032258,113.0851056625004,,,Caudal_m3s,X
1984-02-01,1984.125,185.48275862068965,113.04947543966551,,,Caudal_m3s,X
1984-03-01,1984.2083333333333,107.11935483870968,113.01867382806033,,,Caudal_m3s,X
1984-04-01,1984.2916666666667,67.74333333333333,112.99327655082195,,,Caudal_m3s,X
1984-05-01,1984.375,57.02258064516129,112.9739728959141,,,Caudal_m3s,X
1984-06-01,1984.4583333333333,44.32,112.9616554495986,,,Caudal_m3s,X
1984-07-01,1984.5416666666667,63.4225806451613,112.95747155213081,,,Caudal_m3s,X
1984-08-01,1984.625,60.222580645161294,112.96283910587971,,,Caudal_m3s,X
1984-09-01,1984.7083333333333,71.82,112.97938494428419,,,Caudal_m3s,X
1984-10-01,1984.7916666666667,145.5774193548387,113.00876186977281,,,Caudal_m3s,X
1984-11-01,1984.875,190.3,113.0521992774214,,,Caudal_m3s,X
1984-12-01,1984.9583333333333,313.2903225806452,113.10957859209375,,,Caudal_m3s,X
1985-01-01,1985.0416666666667,289.741935483871,113.17808299295861,,,Caudal_m3s,X
1985-02-01,1985.125,180.95833333333331,113.10592598688103,,,Caudal_m3s,X
1985-03-01,1985.2083333333333,146.09677419354838,113.01957310043294,,,Caudal_m3s,X
1985-04-01,1985.2916666666667,87.39333333333335,112.92038602299718,,,Caudal_m3s,X
1985-05-01,1985.375,76.87741935483871,112.8094219815174,,,Caudal_m3s,X
1985-06-01,1985.4583333333333,65.76666666666667,112.68731205073757,,,Caudal_m3s,X
1985-07-01,1985.5416666666667,52.016129032258064,112.55426052410941,,,Caudal_m3s,X
1985-08-01,1985.625,46.04516129032258,112.40992025680711,,,Caudal_m3s,X
1985-09-01,1985.7083333333333,59.85333333333333,112.25337722887645,,,Caudal_m3s,X
1985-10-01,1985.7916666666667,81.28387096774195,112.08312754911317,,,Caudal_m3s,X
1985-11-01,1985.875,147.52666666666667,111.76265676743668,,,Caudal_m3s,X
1985-12-01,1985.9583333333333,173.80645161290323,111.56383885093712,,,Caudal_m3s,X
1986-01-01,1986.0416666666667,216.8709677419355,111.34810500497333,,,Caudal_m3s,X
1986-02-01,1986.125,183.53571428571428,111.1152266124107,,,Caudal_m3s,X
1986-03-01,1986.2083333333333,141.2258064516129,110.86523686066491,,,Caudal_m3s,X
1986-04-01,1986.2916666666667,111.4,110.59862181954657,,,Caudal_m3s,X
1986-05-01,1986.375,97.23548387096774,110.31669521710963,,,Caudal_m3s,X
1986-06-01,1986.4583333333333,115.0,110.02164236799756,,,Caudal_m3s,X
1986-07-01,1986.5416666666667,88.63571428571429,109.715823681262,,,Caudal_m3s,X
1986-08-01,1986.625,66.7290322580645,109.40164370057717,,,Caudal_m3s,X
1986-09-01,1986.7083333333333,83.66666666666667,109.081369963052,,,Caudal_m3s,X
1986-10-01,1986.7916666666667,122.6774193548387,108.75722727385609,,,Caudal_m3s,X
1986-11-01,1986.875,159.86666666666667,108.43149843965534,,,Caudal_m3s,X
1986-12-01,1986.9583333333333,309.51612903225805,108.10654248778312,,,Caudal_m3s,X
1987-01-01,1987.0416666666667,351.4516129032258,107.78467222580737,,,Caudal_m3s,X
1987-02-01,1987.125,271.55555555555554,107.468331157189,,,Caudal_m3s,X
1987-03-01,1987.2083333333333,162.5185185185185,107.16060832280549,,,Caudal_m3s,X
1987-04-01,1987.2916666666667,96.328,106.86500081833161,,,Caudal_m3s,X
1987-05-01,1987.375,68.95161290322581,106.58454309526377,,,Caudal_m3s,X
1987-06-01,1987.4583333333333,69.14,106.32133592429052,,,Caudal_m3s,X
1987-07-01,1987.5416666666667,127.42142857142856,106.07639671817813,,,Caudal_m3s,X
1987-08-01,1987.625,130.33870967741936,105.84955405645745,,,Caudal_m3s,X
1987-09-01,1987.7083333333333,122.36333333333332,105.63972076461717,,,Caudal_m3s,X
1987-10-01,1987.7916666666667,155.4193548387097,105.44543550062137,,,Caudal_m3s,X
1987-11-01,1987.875,226.33333333333331,105.26511424013226,,,Caudal_m3s,X
1988-05-01,1988.375,63.16,104.43170065802455,,,Caudal_m3s,X
1988-06-01,1988.4583333333333,59.556666666666665,104.33094940807331,,,Caudal_m3s,X
1988-07-01,1988.5416666666667,48.05483870967742,104.24052118212764,,,Caudal_m3s,X
1988-08-01,1988.625,52.7483870967742,104.16016038969757,,,Caudal_m3s,X
1988-09-01,1988.7083333333333,56.46,104.08902380309209,,,Caudal_m3s,X
1988-10-01,1988.7916666666667,91.8483870967742,104.02576886385486,,,Caudal_m3s,X
1988-11-01,1988.875,138.91,103.96874469314814,,,Caudal_m3s,X
1988-12-01,1988.9583333333333,136.40645161290325,103.91610829745527,,,Caudal_m3s,X
1989-01-01,1989.0416666666667,145.06451612903226,103.86656315995866,,,Caudal_m3s,X
1989-02-01,1989.125,148.28571428571428,103.81961695745069,,,Caudal_m3s,X
1989-03-01,1989.2083333333333,98.34193548387096,103.77517973104518,,,Caudal_m3s,X
1989-04-01,1989.2916666666667,67.83333333333333,103.73360007477197,,,Caudal_m3s,X
1989-05-01,1989.375,52.83870967741935,103.69570783035861,,,Caudal_m3s,X
1989-06-01,1989.4583333333333,40.44666666666667,103.66231804933716,,,Caudal_m3s,X
1989-07-01,1989.5416666666667,36.00322580645161,103.63387847251923,,,Caudal_m3s,X
1989-08-01,1989.625,68.67096774193548,103.61043474024135,,,Caudal_m3s,X
1989-09-01,1989.7083333333333,82.35333333333332,103.59155715044758,,,Caudal_m3s,X
1989-10-01,1989.7916666666667,122.32903225806452,103.57636070448919,,,Caudal_m3s,X
1989-11-01,1989.875,224.53333333333333,103.56359433576333,,,Caudal_m3s,X
1989-12-01,1989.9583333333333,225.32258064516128,103.55200647608297,,,Caudal_m3s,X
1990-01-01,1990.0416666666667,170.3548387096774,103.5409438936412,,,Caudal_m3s,X
1990-02-01,1990.125,122.57857142857142,103.53079571296303,,,Caudal_m3s,X
1990-03-01,1990.2083333333333,85.86774193548388,103.52216994798792,,,Caudal_m3s,X
1990-04-01,1990.2916666666667,62.72666666666667,103.51571641589983,,,Caudal_m3s,X
1990-05-01,1990.375,58.803225806451614,103.51256023677566,,,Caudal_m3s,X
1990-06-01,1990.4583333333333,50.53,103.5141762663908,,,Caudal_m3s,X
1990-07-01,1990.5416666666667,49.68387096774194,103.5218461367687,,,Caudal_m3s,X
1990-08-01,1990.625,52.29032258064516,103.53639599223516,,,Caudal_m3s,X
1990-09-01,1990.7083333333333,56.75666666666667,103.55806425194415,,,Caudal_m3s,X
1990-10-01,1990.7916666666667,78.47741935483872,103.58643969341074,,,Caudal_m3s,X
1990-12-01,1990.9583333333333,135.36774193548385,103.65904080265851,,,Caudal_m3s,X
1991-01-01,1991.0416666666667,129.39032258064515,103.70072381095935,,,Caudal_m3s,X
1991-02-01,1991.125,109.74642857142858,103.7444387822509,,,Caudal_m3s,X
1991-03-01,1991.2083333333333,78.43548387096774,103.78941213606441,,,Caudal_m3s,X
1991-04-01,1991.2916666666667,63.056666666666665,103.83525639904187,,,Caudal_m3s,X
1991-05-01,1991.375,116.58620689655172,103.88189891053727,,,Caudal_m3s,X
1991-06-01,1991.4583333333333,78.96153846153847,103.92929831911864,,,Caudal_m3s,X
1991-07-01,1991.5416666666667,102.65806451612904,103.97709629259674,,,Caudal_m3s,X
1991-08-01,1991.625,77.8483870967742,104.02457539797868,,,Caudal_m3s,X
1991-09-01,1991.7083333333333,101.77,104.07079083961189,,,Caudal_m3s,X
1991-10-01,1991.7916666666667,125.36129032258064,104.11443541622067,,,Caudal_m3s,X
1991-11-01,1991.875,212.9333333333333,104.15366320189422,,,Caudal_m3s,X
1991-12-01,1991.9583333333333,216.29032258064515,104.18621817407413,,,Caudal_m3s,X
1992-01-01,1992.0416666666667,276.6774193548387,104.20988388078145,,,Caudal_m3s,X
1992-02-01,1992.125,206.72413793103448,104.22291289116797,,,Caudal_m3s,X
1992-03-01,1992.2083333333333,158.4193548387097,104.22362960844707,,,Caudal_m3s,X
1992-04-01,1992.2916666666667,94.65,104.2101680285984,,,Caudal_m3s,X
1992-05-01,1992.375,80.08387096774193,104.1807289114752,,,Caudal_m3s,X
1992-06-01,1992.4583333333333,79.97333333333333,104.13399510214767,,,Caudal_m3s,X
1992-07-01,1992.5416666666667,71.15806451612903,104.06892191648217,,,Caudal_m3s,X
1992-08-01,1992.625,68.39032258064516,103.98440494900605,,,Caudal_m3s,X
1992-09-01,1992.7083333333333,80.64666666666668,103.87943372300748,,,Caudal_m3s,X
1992-10-01,1992.7916666666667,132.0032258064516,103.75372739104606,,,Caudal_m3s,X
1992-11-01,1992.875,196.2,103.60775722628837,,,Caudal_m3s,X
1992-12-01,1992.9583333333333,233.6451612903226,103.44256426948408,,,Caudal_m3s,X
1993-01-01,1993.0416666666667,256.96666666666664,103.56059281744056,,,Caudal_m3s,X
1993-02-01,1993.125,192.48,103.66900038108224,,,Caudal_m3s,X
1993-03-01,1993.2083333333333,117.12903225806453,103.76768225281455,,,Caudal_m3s,X
1993-04-01,1993.2916666666667,103.3653846153846,103.53510164762562,,,Caudal_m3s,X
1993-05-01,1993.375,306.6333333333333,103.28658118880917,,,Caudal_m3s,X
1993-06-01,1993.4583333333333,97.74074074074076,103.02432393864903,,,Caudal_m3s,X
1993-07-01,1993.5416666666667,85.11612903225806,102.75014595567387,,,Caudal_m3s,X
1993-08-01,1993.625,76.4,102.46507494285166,,,Caudal_m3s,X
1993-09-01,1993.7083333333333,78.51333333333334,102.16910659026668,,,Caudal_m3s,X
1993-10-01,1993.7916666666667,111.01935483870967,101.86151222382124,,,Caudal_m3s,X
1993-11-01,1993.875,131.56666666666666,101.54142837081166,,,Caudal_m3s,X
1993-12-01,1993.9583333333333,198.6129032258065,101.2080558896254,,,Caudal_m3s,X
1994-01-01,1994.0416666666667,219.67741935483872,100.86090119383738,,,Caudal_m3s,X
1994-02-01,1994.125,142.1153846153846,100.5000499485933,,,Caudal_m3s,X
1994-03-01,1994.2083333333333,96.07142857142856,100.12597048789667,,,Caudal_m3s,X
1994-04-01,1994.2916666666667,69.52333333333333,99.73929727914461,,,Caudal_m3s,X
1994-05-01,1994.375,60.73548387096774,99.3405972046923,,,Caudal_m3s,X
1994-06-01,1994.4583333333333,60.156666666666666,98.93006133376433,,,Caudal_m3s,X
1994-07-01,1994.5416666666667,76.35483870967742,98.50712042545268,,,Caudal_m3s,X
1994-08-01,1994.625,75.80967741935484,98.07032228533167,,,Caudal_m3s,X
1994-09-01,1994.7083333333333,82.01333333333334,97.61746601737873,,,Caudal_m3s,X
1994-10-01,1994.7916666666667,98.00645161290322,97.14618083248025,,,Caudal_m3s,X
1994-11-01,1994.875,161.3,96.65477481477626,,,Caudal_m3s,X
1994-12-01,1994.9583333333333,261.1290322580645,96.1426395408467,,,Caudal_m3s,X
1995-01-01,1995.0416666666667,184.16129032258064,95.61038944568827,,,Caudal_m3s,X
1995-02-01,1995.125,127.78571428571428,95.05980967916562,,,Caudal_m3s,X
1995-03-01,1995.2083333333333,97.83870967741936,94.49367184682838,,,Caudal_m3s,X
1995-04-01,1995.2916666666667,75.61333333333333,93.91544569229659,,,Caudal_m3s,X
1995-05-01,1995.375,60.332258064516125,93.32900013326528,,,Caudal_m3s,X
1995-06-01,1995.4583333333333,61.19666666666667,92.73812746064648,,,Caudal_m3s,X
1995-07-01,1995.5416666666667,55.403225806451616,92.14609662825868,,,Caudal_m3s,X
1995-08-01,1995.625,57.36129032258064,91.55538977345863,,,Caudal_m3s,X
1995-09-01,1995.7083333333333,77.88000000000001,90.96772243578799,,,Caudal_m3s,X
1995-10-01,1995.7916666666667,90.53870967741936,90.38449731663138,,,Caudal_m3s,X
1995-11-01,1995.875,168.2,89.80728587403011,,,Caudal_m3s,X
1995-12-01,1995.9583333333333,198.58064516129036,89.23788107997783,,,Caudal_m3s,X
1996-01-01,1996.0416666666667,128.18064516129033,88.67828163714869,,,Caudal_m3s,X
1996-02-01,1996.125,111.63103448275862,88.1309129702896,,,Caudal_m3s,X
1996-03-01,1996.2083333333333,96.84193548387096,87.59818133288714,,,Caudal_m3s,X
1996-04-01,1996.2916666666667,69.48666666666666,87.08157220348767,,,Caudal_m3s,X
1996-05-01,1996.375,49.961290322580645,86.5820556998943,,,Caudal_m3s,X
1996-06-01,1996.4583333333333,42.75333333333333,86.10054338813421,,,Caudal_m3s,X
1996-07-01,1996.5416666666667,41.35806451612903,85.63801660188508,,,Caudal_m3s,X
1996-08-01,1996.625,38.596774193548384,85.19492274730129,,,Caudal_m3s,X
1996-09-01,1996.7083333333333,38.156666666666666,84.77105879492225,,,Caudal_m3s,X
1996-10-01,1996.7916666666667,47.041935483870965,84.36588556597519,,,Caudal_m3s,X
1996-11-01,1996.875,51.92,83.97924636325692,,,Caudal_m3s,X
1996-12-01,1996.9583333333333,58.73548387096774,83.61155101547509,,,Caudal_m3s,X
1997-01-01,1997.0416666666667,81.80645161290323,83.26357100780643,,,Caudal_m3s,X
1997-02-01,1997.125,75.88214285714285,82.93712264268453,,,Caudal_m3s,X
1997-03-01,1997.2083333333333,61.76774193548387,82.63492169489388,,,Caudal_m3s,X
1997-04-01,1997.2916666666667,43.583333333333336,82.35945124302681,,,Caudal_m3s,X
1997-05-01,1997.375,33.86129032258064,82.11321639358816,,,Caudal_m3s,X
1997-06-01,1997.4583333333333,65.39999999999999,81.89870024279564,,,Caudal_m3s,X
1997-07-01,1997.5416666666667,61.16451612903226,81.71773802420863,,,Caudal_m3s,X
1997-08-01,1997.625,80.0516129032258,81.57095408057697,,,Caudal_m3s,X
1997-09-01,1997.7083333333333,119.24333333333334,81.45781760609634,,,Caudal_m3s,X
1997-10-01,1997.7916666666667,114.45483870967742,81.37731227342016,,,Caudal_m3s,X
1997-11-01,1997.875,208.63333333333333,81.32831859740247,,,Caudal_m3s,X
1997-12-01,1997.9583333333333,335.4516129032258,81.30989539252246,,,Caudal_m3s,X
1998-01-01,1998.0416666666667,413.8064516129032,81.32132952798936,,,Caudal_m3s,X
1998-02-01,1998.125,207.28571428571428,81.36271276235321,,,Caudal_m3s,X
1998-03-01,1998.2083333333333,136.2258064516129,81.43453219052343,,,Caudal_m3s,X
1998-04-01,1998.2916666666667,102.71666666666668,81.53693088526299,,,Caudal_m3s,X
1998-05-01,1998.375,72.36129032258066,81.66953008468056,,,Caudal_m3s,X
1998-06-01,1998.4583333333333,60.38666666666666,81.83200589827787,,,Caudal_m3s,X
1998-07-01,1998.5416666666667,50.39677419354839,82.02429110461198,,,Caudal_m3s,X
1998-08-01,1998.625,44.74516129032258,82.24583813958245,,,Caudal_m3s,X
1998-09-01,1998.7083333333333,39.123333333333335,82.49519450765847,,,Caudal_m3s,X
1998-10-01,1998.7916666666667,61.00967741935484,82.77031834976394,,,Caudal_m3s,X
1998-11-01,1998.875,83.73,83.06893527801195,,,Caudal_m3s,X
1998-12-01,1998.9583333333333,105.7967741935484,83.38876012993441,,,Caudal_m3s,X
1999-01-01,1999.0416666666667,99.74838709677418,83.72767810961565,,,Caudal_m3s,X
1999-02-01,1999.125,89.48928571428571,84.08416879534582,,,Caudal_m3s,X
1999-03-01,1999.2083333333333,61.87741935483872,84.4574107038188,,,Caudal_m3s,X
1999-04-01,1999.2916666666667,41.95357142857143,84.84701674550445,,,Caudal_m3s,X
1999-05-01,1999.375,41.6741935483871,85.25289918953544,,,Caudal_m3s,X
1999-06-01,1999.4583333333333,38.03666666666666,85.67475264283098,,,Caudal_m3s,X
1999-07-01,1999.5416666666667,37.76451612903226,86.11162011537472,,,Caudal_m3s,X
1999-08-01,1999.625,40.71935483870968,86.5616634861388,,,Caudal_m3s,X
1999-09-01,1999.7083333333333,60.79333333333333,87.02217490152067,,,Caudal_m3s,X
1999-10-01,1999.7916666666667,86.81935483870969,87.48992752218093,,,Caudal_m3s,X
1999-11-01,1999.875,138.48333333333332,87.96161605242952,,,Caudal_m3s,X
1999-12-01,1999.9583333333333,144.83870967741936,88.43365288156637,,,Caudal_m3s,X
2000-01-01,2000.0416666666667,133.7741935483871,88.90267284271829,,,Caudal_m3s,X
2000-02-01,2000.125,100.18275862068968,89.36576816523855,,,Caudal_m3s,X
2000-03-01,2000.2083333333333,71.61612903225806,89.82071773650674,,,Caudal_m3s,X
2000-04-01,2000.2916666666667,55.330000000000005,90.26617738939156,,,Caudal_m3s,X
2000-05-01,2000.375,52.148387096774194,90.70137209095586,,,Caudal_m3s,X
2000-06-01,2000.4583333333333,81.89333333333335,91.12549535154272,,,Caudal_m3s,X
2000-07-01,2000.5416666666667,76.85806451612903,91.53723515270823,,,Caudal_m3s,X
2000-08-01,2000.625,69.04137931034482,91.93453018497907,,,Caudal_m3s,X
2000-09-01,2000.7083333333333,73.34666666666666,92.31483719402095,,,Caudal_m3s,X
2000-10-01,2000.7916666666667,135.88387096774193,92.67578593682703,,,Caudal_m3s,X
2000-11-01,2000.875,184.7333333333333,93.01575778072643,,,Caudal_m3s,X
2000-12-01,2000.9583333333333,358.5806451612903,93.33417727943026,,,Caudal_m3s,X
2001-01-01,2001.0416666666667,299.80645161290323,93.63156723845368,,,Caudal_m3s,X
2001-02-01,2001.125,230.67857142857144,93.9098411804274,,,Caudal_m3s,X
2001-03-01,2001.2083333333333,129.3516129032258,94.17203036338792,,,Caudal_m3s,X
2001-04-01,2001.2916666666667,89.25,94.42146630193392,,,Caudal_m3s,X
2001-05-01,2001.375,73.3741935483871,94.66140312635062,,,Caudal_m3s,X
2001-06-01,2001.4583333333333,61.473333333333336,94.89503710376887,,,Caudal_m3s,X
2001-07-01,2001.5416666666667,80.59677419354838,95.12572157133883,,,Caudal_m3s,X
2001-08-01,2001.625,89.37741935483871,95.3564075773473,,,Caudal_m3s,X
2001-09-01,2001.7083333333333,83.48,95.58917005923331,,,Caudal_m3s,X
2001-10-01,2001.7916666666667,134.041935483871,95.82530980128563,,,Caudal_m3s,X
2001-11-01,2001.875,180.4,96.06580393297506,,,Caudal_m3s,X
2001-12-01,2001.9583333333333,331.03225806451616,96.31110134194903,,,Caudal_m3s,X
2002-01-01,2002.0416666666667,215.38709677419357,96.5614472157516,,,Caudal_m3s,X
2002-02-01,2002.125,149.21428571428572,96.81753439714056,,,Caudal_m3s,X
2002-03-01,2002.2083333333333,105.76451612903226,97.08038498473132,,,Caudal_m3s,X
2002-04-01,2002.2916666666667,73.43,97.35083582296868,,,Caudal_m3s,X
2002-05-01,2002.375,62.81379310344828,97.62944565103356,,,Caudal_m3s,X
2002-06-01,2002.4583333333333,81.59666666666666,97.91632691625462,,,Caudal_m3s,X
2002-07-01,2002.5416666666667,65.81612903225806,98.210687063104,,,Caudal_m3s,X
2002-08-01,2002.625,103.63548387096772,98.51060576889567,,,Caudal_m3s,X
2002-09-01,2002.7083333333333,108.49310344827587,98.81338919839106,,,Caudal_m3s,X
2002-10-01,2002.7916666666667,145.29032258064515,99.11575811183369,,,Caudal_m3s,X
2002-11-01,2002.875,243.2333333333333,99.41413279773057,,,Caudal_m3s,X
2002-12-01,2002.9583333333333,348.64516129032256,99.70437875861974,,,Caudal_m3s,X
2003-01-01,2003.0416666666667,371.64516129032256,99.98213627383171,,,Caudal_m3s,X
2003-02-01,2003.125,259.9642857142857,100.24396376065111,,,Caudal_m3s,X
2003-03-01,2003.2083333333333,181.93548387096772,100.48781699866608,,,Caudal_m3s,X
2003-04-01,2003.2916666666667,106.64482758620689,100.71274977382336,,,Caudal_m3s,X
2003-05-01,2003.375,72.73225806451612,100.91836452105213,,,Caudal_m3s,X
2003-06-01,2003.4583333333333,73.46000000000001,101.10435974600736,,,Caudal_m3s,X
2003-07-01,2003.5416666666667,71.29032258064517,101.27016612277828,,,Caudal_m3s,X
2003-08-01,2003.625,58.61290322580645,101.4148369825164,,,Caudal_m3s,X
2003-09-01,2003.7083333333333,69.56666666666666,101.53733052184698,,,Caudal_m3s,X
2003-10-01,2003.7916666666667,106.21290322580644,101.63668430287521,,,Caudal_m3s,X
2003-11-01,2003.875,150.8,101.71209187665941,,,Caudal_m3s,X
2003-12-01,2003.9583333333333,150.6451612903226,101.76327787718255,,,Caudal_m3s,X
2004-01-01,2004.0416666666667,182.1290322580645,101.79060829691575,,,Caudal_m3s,X
2004-02-01,2004.125,129.79310344827587,101.79527735990905,,,Caudal_m3s,X
2004-03-01,2004.2083333333333,92.71612903225804,101.77897860512911,,,Caudal_m3s,X
2004-04-01,2004.2916666666667,71.52,101.74353523898951,,,Caudal_m3s,X
2004-05-01,2004.375,53.1,101.69117240216083,,,Caudal_m3s,X
2004-06-01,2004.4583333333333,52.54,101.6242347895391,,,Caudal_m3s,X
2004-07-01,2004.5416666666667,51.641935483870974,101.54463642665316,,,Caudal_m3s,X
2004-08-01,2004.625,47.01935483870968,101.45343685071211,,,Caudal_m3s,X
2004-09-01,2004.7083333333333,63.92333333333333,101.35079293881864,,,Caudal_m3s,X
2004-10-01,2004.7916666666667,71.89032258064516,101.23635264761339,,,Caudal_m3s,X
2004-11-01,2004.875,104.00333333333332,101.10996432864174,,,Caudal_m3s,X
2004-12-01,2004.9583333333333,140.67741935483872,100.97212121500152,,,Caudal_m3s,X
2005-01-01,2005.0416666666667,136.8548387096774,100.82407446050256,,,Caudal_m3s,X
2005-02-01,2005.125,99.46428571428572,100.66749798397481,,,Caudal_m3s,X
2005-03-01,2005.2083333333333,76.23870967741935,100.5044125509825,,,Caudal_m3s,X
2005-04-01,2005.2916666666667,54.74,100.33717084822209,,,Caudal_m3s,X
2005-05-01,2005.375,50.80645161290322,100.16832988601696,,,Caudal_m3s,X
2005-06-01,2005.4583333333333,95.22333333333331,100.00061772798239,,,Caudal_m3s,X
2005-07-01,2005.5416666666667,86.91612903225807,99.8364693468804,,,Caudal_m3s,X
2005-08-01,2005.625,115.62258064516128,99.6773596544336,,,Caudal_m3s,X
2005-09-01,2005.7083333333333,116.5,99.52368221793083,,,Caudal_m3s,X
2005-10-01,2005.7916666666667,150.06451612903226,99.375398249521,,,Caudal_m3s,X
2005-11-01,2005.875,254.76666666666668,99.23240979579869,,,Caudal_m3s,X
2005-12-01,2005.9583333333333,393.6774193548387,99.09416348932587,,,Caudal_m3s,X
2006-01-01,2006.0416666666667,457.5806451612903,98.95980771981212,,,Caudal_m3s,X
2006-02-01,2006.125,306.1428571428572,98.82901135119313,,,Caudal_m3s,X
2006-03-01,2006.2083333333333,166.3548387096774,98.70214883067376,,,Caudal_m3s,X
2006-04-01,2006.2916666666667,109.30333333333331,98.57980352664515,,,Caudal_m3s,X
2006-05-01,2006.375,73.7709677419355,98.46222992917218,,,Caudal_m3s,X
2006-06-01,2006.4583333333333,64.72333333333333,98.3491050879745,,,Caudal_m3s,X
2006-07-01,2006.5416666666667,113.43225806451612,98.23951771097815,,,Caudal_m3s,X
2006-08-01,2006.625,79.80645161290323,98.13190417701814,,,Caudal_m3s,X
2006-09-01,2006.7083333333333,85.2,98.02395714537745,,,Caudal_m3s,X
2006-10-01,2006.7916666666667,139.39032258064518,97.91322162559717,,,Caudal_m3s,X
2006-11-01,2006.875,220.0,97.79747896251948,,,Caudal_m3s,X
2006-12-01,2006.9583333333333,252.51612903225808,97.67441730855859,,,Caudal_m3s,X
2007-01-01,2007.0416666666667,180.92903225806447,97.54223213434398,,,Caudal_m3s,X
2007-02-01,2007.125,138.37407407407406,97.39997769942259,,,Caudal_m3s,X
2007-03-01,2007.2083333333333,107.81935483870969,97.24733450260834,,,Caudal_m3s,X
2007-04-01,2007.2916666666667,70.15,97.08421817900313,,,Caudal_m3s,X
2007-05-01,2007.375,59.73548387096774,96.91044299985361,,,Caudal_m3s,X
2007-06-01,2007.4583333333333,57.92333333333333,96.72569305510068,,,Caudal_m3s,X
2007-07-01,2007.5416666666667,58.26451612903226,96.52926318568076,,,Caudal_m3s,X
2007-08-01,2007.625,54.0258064516129,96.32008648567246,,,Caudal_m3s,X
2007-09-01,2007.7083333333333,61.24444444444444,96.09682604458149,,,Caudal_m3s,X
2007-10-01,2007.7916666666667,95.895,95.8581932208851,,,Caudal_m3s,X
2007-11-01,2007.875,121.91,95.60302080102213,,,Caudal_m3s,X
2007-12-01,2007.9583333333333,126.75862068965516,95.32986544098235,,,Caudal_m3s,X
2008-01-01,2008.0416666666667,125.16129032258064,95.0370951749877,,,Caudal_m3s,X
2008-02-01,2008.125,97.98275862068964,94.72359220297422,,,Caudal_m3s,X
2008-03-01,2008.2083333333333,70.30322580645162,94.38968841020885,,,Caudal_m3s,X
2008-04-01,2008.2916666666667,57.693333333333335,94.03674157208772,,,Caudal_m3s,X
2008-05-01,2008.375,94.36451612903228,93.66652688575363,,,Caudal_m3s,X
2008-06-01,2008.4583333333333,92.52,93.28070977751065,,,Caudal_m3s,X
2008-07-01,2008.5416666666667,61.86451612903225,92.88031648144555,,,Caudal_m3s,X
2008-08-01,2008.625,80.04516129032258,92.46540672209753,,,Caudal_m3s,X
2008-09-01,2008.7083333333333,80.79333333333334,92.03518468312772,,,Caudal_m3s,X
2008-10-01,2008.7916666666667,116.47741935483872,91.58854656272311,,,Caudal_m3s,X
2008-11-01,2008.875,250.46666666666667,91.1247557377876,,,Caudal_m3s,X
2008-12-01,2008.9583333333333,284.96774193548384,90.64379746299005,,,Caudal_m3s,X
2009-01-01,2009.0416666666667,197.80645161290323,90.14683243555275,,,Caudal_m3s,X
2009-02-01,2009.125,145.07142857142858,89.63618735535523,,,Caudal_m3s,X
2009-03-01,2009.2083333333333,107.90967741935484,89.11501651458796,,,Caudal_m3s,X
2009-04-01,2009.2916666666667,79.90333333333334,88.58702510645655,,,Caudal_m3s,X
2009-05-01,2009.375,60.53870967741936,88.0561253277577,,,Caudal_m3s,X
2009-06-01,2009.4583333333333,57.0,87.52605845681568,,,Caudal_m3s,X
2009-07-01,2009.5416666666667,54.42666666666666,87.00010486067482,,,Caudal_m3s,X
2009-08-01,2009.625,63.81290322580645,86.48085724052595,,,Caudal_m3s,X
2009-09-01,2009.7083333333333,84.76333333333334,85.97015788997578,,,Caudal_m3s,X
2009-10-01,2009.7916666666667,83.80322580645162,85.46914745730432,,,Caudal_m3s,X
2009-11-01,2009.875,121.87666666666668,84.97860101069726,,,Caudal_m3s,X
2009-12-01,2009.9583333333333,200.9032258064516,84.49942558412724,,,Caudal_m3s,X
2010-01-01,2010.0416666666667,196.6129032258065,84.03275921920071,,,Caudal_m3s,X
2010-02-01,2010.125,149.21428571428572,83.57989357360916,,,Caudal_m3s,X
2010-03-01,2010.2083333333333,118.03225806451611,83.14203528358891,,,Caudal_m3s,X
2010-04-01,2010.2916666666667,81.57,82.71987877066972,,,Caudal_m3s,X
2010-05-01,2010.375,62.70645161290323,82.31345899814333,,,Caudal_m3s,X
2010-06-01,2010.4583333333333,59.830000000000005,81.92229478701725,,,Caudal_m3s,X
2010-07-01,2010.5416666666667,50.71290322580645,81.63129305618332,,,Caudal_m3s,X
2010-08-01,2010.625,51.38709677419355,81.35528328379614,,,Caudal_m3s,X
2010-09-01,2010.7083333333333,55.19666666666667,81.09034122494926,,,Caudal_m3s,X
2010-10-01,2010.7916666666667,76.02903225806452,80.83281141293068,,,Caudal_m3s,X
2010-11-01,2010.875,100.02,80.49446948330346,,,Caudal_m3s,X
2010-12-01,2010.9583333333333,99.46129032258064,80.16412961239999,,,Caudal_m3s,X
2011-01-01,2011.0416666666667,92.9,79.84161431207986,,,Caudal_m3s,X
2011-02-01,2011.125,83.84642857142856,79.52737305198072,,,Caudal_m3s,X
2011-03-01,2011.2083333333333,65.95161290322581,79.22228773236479,,,Caudal_m3s,X
2011-04-01,2011.2916666666667,51.4,78.92740293610149,,,Caudal_m3s,X
2011-05-01,2011.375,42.43870967741936,78.64365719280701,,,Caudal_m3s,X
2011-06-01,2011.4583333333333,33.97,78.37191831888903,,,Caudal_m3s,X
2011-07-01,2011.5416666666667,33.432258064516134,78.11326501257567,,,Caudal_m3s,X
2011-08-01,2011.625,32.94516129032258,77.86876307145242,,,Caudal_m3s,X
2011-09-01,2011.7083333333333,45.4,77.63920320289887,,,Caudal_m3s,X
2011-10-01,2011.7916666666667,65.89677419354838,77.42517146330104,,,Caudal_m3s,X
2011-11-01,2011.875,87.08999999999999,77.22750722273682,,,Caudal_m3s,X
2011-12-01,2011.9583333333333,97.23548387096774,77.04716541461264,,,Caudal_m3s,X
2012-01-01,2012.0416666666667,81.7290322580645,76.88516982605401,,,Caudal_m3s,X
2012-02-01,2012.125,80.8103448275862,76.74287956771104,,,Caudal_m3s,X
2012-03-01,2012.2083333333333,73.61290322580645,76.62178989053042,,,Caudal_m3s,X
2012-04-01,2012.2916666666667,55.18,76.52322385140148,,,Caudal_m3s,X
2012-05-01,2012.375,53.63548387096775,76.44837484626576,,,Caudal_m3s,X
2012-06-01,2012.4583333333333,45.91666666666666,76.39822046975638,,,Caudal_m3s,X
2012-07-01,2012.5416666666667,42.73548387096774,76.37327837030988,,,Caudal_m3s,X
2012-08-01,2012.625,34.938709677419354,76.37335959703493,,,Caudal_m3s,X
2012-09-01,2012.7083333333333,48.01,76.39760788426399,,,Caudal_m3s,X
2012-10-01,2012.7916666666667,53.541935483870965,76.44480197057652,,,Caudal_m3s,X
2012-11-01,2012.875,129.83666666666667,76.51367340842862,,,Caudal_m3s,X
2012-12-01,2012.9583333333333,134.8516129032258,76.60300538644665,,,Caudal_m3s,X
2013-01-01,2013.0416666666667,145.09677419354838,76.71140736410659,,,Caudal_m3s,X
2013-02-01,2013.125,101.03214285714286,76.83730903012994,,,Caudal_m3s,X
2013-03-01,2013.2083333333333,69.64516129032258,76.97877433191174,,,Caudal_m3s,X
2013-04-01,2013.2916666666667,52.02666666666666,77.13354707720104,,,Caudal_m3s,X
2013-05-01,2013.375,44.61935483870968,77.29911313943582,,,Caudal_m3s,X
2013-06-01,2013.4583333333333,50.49333333333333,77.472738786155,,,Caudal_m3s,X
2013-07-01,2013.5416666666667,46.83870967741935,77.65144876746686,,,Caudal_m3s,X
2013-08-01,2013.625,50.23225806451613,77.83212407795702,,,Caudal_m3s,X
2013-09-01,2013.7083333333333,56.95,78.01186248818883,,,Caudal_m3s,X
2013-10-01,2013.7916666666667,79.57741935483871,78.18820224470548,,,Caudal_m3s,X
2013-11-01,2013.875,111.81333333333332,78.359322439134,,,Caudal_m3s,X
2013-12-01,2013.9583333333333,137.32258064516128,78.52417713868529,,,Caudal_m3s,X
2014-01-01,2014.0416666666667,124.7290322580645,78.68233190284782,,,Caudal_m3s,X
2014-02-01,2014.125,89.37857142857142,78.8337744120286,,,Caudal_m3s,X
2014-03-01,2014.2083333333333,71.50967741935484,78.97843809988696,,,Caudal_m3s,X
2014-04-01,2014.2916666666667,59.38928571428572,79.1159324920185,,,Caudal_m3s,X
2014-05-01,2014.375,50.0516129032258,79.24582082418611,,,Caudal_m3s,X
2014-06-01,2014.4583333333333,48.9,79.3677661928302,,,Caudal_m3s,X
2014-07-01,2014.5416666666667,44.71935483870968,79.48148508646302,,,Caudal_m3s,X
2014-08-01,2014.625,45.66129032258065,79.58668302024735,,,Caudal_m3s,X
2014-09-01,2014.7083333333333,46.766666666666666,79.6830294505335,,,Caudal_m3s,X
2014-10-01,2014.7916666666667,89.94516129032259,79.77009477690115,,,Caudal_m3s,X
2014-11-01,2014.875,112.14333333333336,79.84738930467681,,,Caudal_m3s,X
2014-12-01,2014.9583333333333,96.16774193548386,79.91431630077132,,,Caudal_m3s,X
2015-01-01,2015.0416666666667,94.98709677419356,79.9702609035862,,,Caudal_m3s,X
2015-02-01,2015.125,77.27142857142857,80.01440963001149,,,Caudal_m3s,X
2015-03-01,2015.2083333333333,62.40909090909091,80.04583818616133,,,Caudal_m3s,X
2015-12-01,2015.9583333333333,203.68421052631575,77.82354315233412,,,Caudal_m3s,X
2016-01-01,2016.0416666666667,169.2258064516129,77.59075036907481,,,Caudal_m3s,X
2016-02-01,2016.125,129.51724137931035,77.36313343919291,,,Caudal_m3s,X
2016-03-01,2016.2083333333333,99.71935483870968,77.14011726235687,,,Caudal_m3s,X
2016-04-01,2016.2916666666667,114.13,76.92106262230413,,,Caudal_m3s,X
2016-05-01,2016.375,75.30000000000001,76.70532700667137,,,Caudal_m3s,X
2016-06-01,2016.4583333333333,76.15,76.49228706879039,,,Caudal_m3s,X
2016-07-01,2016.5416666666667,65.31612903225806,76.28137203129307,,,Caudal_m3s,X
2016-08-01,2016.625,67.18387096774192,76.0720701381681,,,Caudal_m3s,X
2016-09-01,2016.7083333333333,76.42333333333333,75.86393022687588,,,Caudal_m3s,X
2016-10-01,2016.7916666666667,88.36129032258064,75.6565536366112,,,Caudal_m3s,X
2016-11-01,2016.875,137.23333333333332,75.44957963577274,,,Caudal_m3s,X
2016-12-01,2016.9583333333333,170.67741935483872,75.24266634460601,,,Caudal_m3s,X
2017-01-01,2017.0416666666667,186.0,75.03546377516723,,,Caudal_m3s,X
2017-02-01,2017.125,148.85714285714286,74.82760694233846,,,Caudal_m3s,X
2017-03-01,2017.2083333333333,86.87096774193549,74.61871949406763,,,Caudal_m3s,X
2017-04-01,2017.2916666666667,70.42,74.40842184095365,,,Caudal_m3s,X
2017-05-01,2017.375,60.92758620689656,74.19635697096966,,,Caudal_m3s,X
2017-06-01,2017.4583333333333,59.86666666666667,73.9822027574845,,,Caudal_m3s,X
2017-07-01,2017.5416666666667,55.461290322580645,73.76567444602385,,,Caudal_m3s,X
2017-08-01,2017.625,51.28709677419355,73.5465222956121,,,Caudal_m3s,X
2017-09-01,2017.7083333333333,57.91333333333333,73.32453017569993,,,Caudal_m3s,X
2017-10-01,2017.7916666666667,82.33870967741936,73.0995134645093,,,Caudal_m3s,X
2017-11-01,2017.875,111.97333333333331,72.87131021512249,,,Caudal_m3s,X
2017-12-01,2017.9583333333333,138.96774193548387,72.63976326564406,,,Caudal_m3s,X
2018-01-01,2018.0416666666667,109.4258064516129,72.40470196949731,,,Caudal_m3s,X
2018-02-01,2018.125,104.61785714285716,72.16593431212326,,,Caudal_m3s,X
2018-03-01,2018.2083333333333,60.41612903225807,71.92325569559328,,,Caudal_m3s,X
2018-04-01,2018.2916666666667,52.56666666666667,71.67645871770837,,,Caudal_m3s,X
2018-05-01,2018.375,35.21612903225807,71.42535449228838,,,Caudal_m3s,X
2018-06-01,2018.4583333333333,36.25666666666667,71.16978155962394,,,Caudal_m3s,X
2018-07-01,2018.5416666666667,34.34516129032258,70.90961208619254,,,Caudal_m3s,X
2018-08-01,2018.625,37.31935483870968,70.64475142420947,,,Caudal_m3s,X
2018-09-01,2018.7083333333333,47.07333333333334,70.37513661924945,,,Caudal_m3s,X
2018-10-01,2018.7916666666667,54.50967741935484,70.10073272802165,,,Caudal_m3s,X
2018-11-01,2018.875,88.24333333333334,69.82152611227978,,,Caudal_m3s,X
2018-12-01,2018.9583333333333,109.03870967741936,69.53751477305197,,,Caudal_m3s,X
2019-01-01,2019.0416666666667,106.32903225806452,69.24868807923775,,,Caudal_m3s,X
2019-02-01,2019.125,94.01785714285714,68.95501377406528,,,Caudal_m3s,X
2019-03-01,2019.2083333333333,67.15483870967742,68.65643837713968,,,Caudal_m3s,X
2019-04-01,2019.2916666666667,56.53,68.35289634927983,,,Caudal_m3s,X
2019-05-01,2019.375,38.49077419354838,68.04432606236796,,,Caudal_m3s,X
2019-06-01,2019.4583333333333,28.798466666666663,67.73068029243333,,,Caudal_m3s,X
2019-07-01,2019.5416666666667,24.811225806451613,67.41193680452021,,,Caudal_m3s,X
2019-08-01,2019.625,31.21935483870968,67.08810443428321,,,Caudal_m3s,X
2019-09-01,2019.7083333333333,47.7073,66.759224270539,,,Caudal_m3s,X
2019-10-01,2019.7916666666667,44.00661290322581,66.42536447789567,,,Caudal_m3s,X
2019-11-01,2019.875,65.04393333333333,66.08661123664507,,,Caudal_m3s,X
2019-12-01,2019.9583333333333,64.84545161290323,65.74306507225225,,,Caudal_m3s,X
2020-01-01,2020.0416666666667,85.46051612903226,65.39482901696144,,,Caudal_m3s,X
2020-02-01,2020.125,63.96596551724138,65.04200223298955,,,Caudal_m3s,X
2020-03-01,2020.2083333333333,54.00251612903226,64.68467071393621,,,Caudal_m3s,X
2020-04-01,2020.2916666666667,41.385,64.32291788780432,,,Caudal_m3s,X
1980-01-01,1980.0416666666667,100.5908451612903,30.20396738118809,8.073397064373776,58.50692809428627,Caudal_m3s,a
1980-02-01,1980.125,32.93580590220762,30.124084189208983,8.340590670967948,57.920571388394116,Caudal_m3s,a
1980-03-01,1980.2083333333333,27.45280674486804,30.045228783224218,8.643091837894406,57.335171271140695,Caudal_m3s,a
1980-04-01,1980.2916666666667,51.136252964787445,29.967356686829145,8.950227215787216,56.750779231297805,Caudal_m3s,a
1980-05-01,1980.375,58.05108107774069,29.89041926725282,9.26021687657071,56.16744704735088,Caudal_m3s,a
1980-06-01,1980.4583333333333,37.721133333333356,29.814345206699155,9.617978627824513,55.58523013403126,Caudal_m3s,a
1980-07-01,1980.5416666666667,37.309041312959806,29.73903474593816,10.031628888927631,55.004195101398984,Caudal_m3s,a
1980-08-01,1980.625,25.812592939523455,29.66437264887545,10.442662759355247,54.42442876805682,Caudal_m3s,a
1980-09-01,1980.7083333333333,22.728341338979632,29.5902340832232,10.850858043123196,53.846037356331024,Caudal_m3s,a
1980-10-01,1980.7916666666667,21.844906621392198,29.51649383448437,11.155402869702858,53.269130439986604,Caudal_m3s,a
1980-11-01,1980.875,30.649792982456148,29.443030868098813,11.459127207758184,52.69380806543127,Caudal_m3s,a
1980-12-01,1980.9583333333333,158.93494069726594,29.36972798962155,11.810286083445796,52.12015732419129,Caudal_m3s,a
1981-01-01,1981.0416666666667,73.12558461538461,29.29646596039676,12.108028479837147,51.54826072788154,Caudal_m3s,a
1981-02-01,1981.125,72.64639703521257,29.223116581625064,12.253895334838377,50.97819573660113,Caudal_m3s,a
1981-03-01,1981.2083333333333,39.00119384164222,29.149517694026724,12.398223215033944,50.4592255617231,Caudal_m3s,a
1981-04-01,1981.2916666666667,3.9829196314541093,29.075470802829916,12.541016751228748,49.96639249030049,Caudal_m3s,a
1981-05-01,1981.375,15.076887529353598,29.000763637314638,12.682273741087457,49.47358134529916,Caudal_m3s,a
1981-06-01,1981.4583333333333,5.177800000000005,28.92519504312491,12.821989653061854,48.984800437870554,Caudal_m3s,a
1981-07-01,1981.5416666666667,-3.5941844934918024,28.848576223159974,12.97507216860324,48.51164590916953,Caudal_m3s,a
1981-08-01,1981.625,-8.803536092734603,28.770735929673304,13.084538810120806,48.089188346098126,Caudal_m3s,a
1981-09-01,1981.7083333333333,-14.457520729985887,28.691526491803298,13.193016065200128,47.593832658340176,Caudal_m3s,a
1981-10-01,1981.7916666666667,-16.958319185059423,28.610827487464583,13.383899897030465,47.11340297019962,Caudal_m3s,a
1981-11-01,1981.875,-14.02354035087717,28.528548503772456,13.57488540058778,46.75347028464619,Caudal_m3s,a
1981-12-01,1981.9583333333333,-48.86613457155124,28.444631026793715,13.722960207450233,46.29872787189902,Caudal_m3s,a
1982-01-01,1982.0416666666667,-38.409154838709696,28.359048392637927,13.808652345636332,45.76533659351726,Caudal_m3s,a
1982-02-01,1982.125,-22.635745821930314,28.27180294058968,13.892585118415376,45.33991076157395,Caudal_m3s,a
1982-03-01,1982.2083333333333,-19.50848357771261,28.182930834637506,14.071725358345754,45.00176928206236,Caudal_m3s,a
1982-04-01,1982.2916666666667,-13.467080368545886,28.092507637795666,14.355375609319987,44.666632119418935,Caudal_m3s,a
1982-05-01,1982.375,-9.258596341614137,28.000651517823087,14.454178169590218,44.33180245586219,Caudal_m3s,a
1982-06-01,1982.4583333333333,43.08446666666667,27.90752564990253,14.482869819465275,43.97006563497747,Caudal_m3s,a
1982-07-01,1982.5416666666667,83.77033163554046,27.81333379070556,14.565240767467117,43.55894478271846,Caudal_m3s,a
1982-08-01,1982.625,38.77065745565248,27.718290632094536,14.733104584996102,43.14789737119002,Caudal_m3s,a
1982-09-01,1982.7083333333333,75.25167467231296,27.622604422199867,14.899498492252098,42.73692534849298,Caudal_m3s,a
1982-10-01,1982.7916666666667,60.03499878729082,27.52648646684178,15.064441401641437,42.46876240626473,Caudal_m3s,a
1982-11-01,1982.875,110.61645964912282,27.430139612240577,15.227958713842929,42.37216547279737,Caudal_m3s,a
1982-12-01,1982.9583333333333,347.418811665008,27.333757818584807,15.347483750915547,42.104147295349485,Caudal_m3s,a
1983-01-01,1983.0416666666667,414.8489096774194,27.237531931309782,15.455367709483854,41.830266248736436,Caudal_m3s,a
1983-02-01,1983.125,321.1821113209269,27.14166976577036,15.559710579317075,41.55555217294185,Caudal_m3s,a
1983-03-01,1983.2083333333333,167.7108712609971,27.046403580553246,15.660608707746748,41.2874664051655,Caudal_m3s,a
1983-04-01,1983.2916666666667,88.11958629812077,26.95199347926237,15.646765477755956,40.94354836289062,Caudal_m3s,a
1983-05-01,1983.375,40.75430688419232,26.858724142886928,15.568676718283955,40.662817668533805,Caudal_m3s,a
1983-06-01,1983.4583333333333,17.917800000000014,26.76688263700122,15.502244792558143,40.287939381289085,Caudal_m3s,a
1983-07-01,1983.5416666666667,31.731621958121096,26.67677483521527,15.480091607588129,39.88247236226975,Caudal_m3s,a
1983-08-01,1983.625,26.6738832621041,26.588750214872615,15.523874457376559,39.32081598744757,Caudal_m3s,a
1983-09-01,1983.7083333333333,5.30167467231297,26.503204099790977,15.484464531988435,38.75937900323077,Caudal_m3s,a
1983-10-01,1983.7916666666667,51.87393887945669,26.420593119805613,15.196107430261582,38.28063978621878,Caudal_m3s,a
1983-11-01,1983.875,100.91645964912283,26.341458574594327,14.947680543252028,38.02125705861869,Caudal_m3s,a
1983-12-01,1983.9583333333333,104.4188116650079,26.266404683925803,14.844468030048073,37.83292073467199,Caudal_m3s,a
1984-01-01,1984.0416666666667,62.46181290322579,26.19609333575053,14.73971961453748,37.40673941922872,Caudal_m3s,a
1984-02-01,1984.125,51.522012798759334,26.13125917758928,14.672279101730531,37.32488946327479,Caudal_m3s,a
1984-03-01,1984.2083333333333,13.733451906158365,26.072732229244497,14.616584097990446,37.167499089560835,Caudal_m3s,a
1984-04-01,1984.2916666666667,-4.803747035212567,26.0214841477908,14.476858443595454,37.131758601984195,Caudal_m3s,a
1984-05-01,1984.375,-2.1231124706463973,25.97871770514226,14.329634588691468,37.105506048069074,Caudal_m3s,a
1984-06-01,1984.4583333333333,-16.65553333333333,25.945948645505826,14.232421901904576,36.92007009706662,Caudal_m3s,a
1984-07-01,1984.5416666666667,4.502589700056596,25.92506134602023,14.248919259250858,36.73643504708684,Caudal_m3s,a
1984-08-01,1984.625,-0.9970844798313792,25.918331610285662,14.108290788545423,36.611501989886186,Caudal_m3s,a
1984-09-01,1984.7083333333333,2.938341338979626,25.928344588239696,13.875984893006233,36.629542878902434,Caudal_m3s,a
1984-10-01,1984.7916666666667,50.14813242784379,25.957743291298886,13.636803814144287,36.54266883388918,Caudal_m3s,a
1984-11-01,1984.875,44.21645964912284,26.008633040559932,13.389743913885415,36.24399783096665,Caudal_m3s,a
1984-12-01,1984.9583333333333,121.25752134242728,26.08143775653298,13.13396834484682,36.071798276882895,Caudal_m3s,a
1985-01-01,1985.0416666666667,111.75213548387097,26.17325193521592,12.869237341916186,35.98590376803443,Caudal_m3s,a
1985-02-01,1985.125,46.997587511403,26.09215651390293,12.601520412977976,35.89970122561409,Caudal_m3s,a
1985-03-01,1985.2083333333333,52.71087126099707,25.990131780952105,12.334254279687782,35.8701877461784,Caudal_m3s,a
1985-04-01,1985.2916666666667,14.846252964787453,25.865937211776476,12.064605571124233,35.8235671232144,Caudal_m3s,a
1985-05-01,1985.375,17.73172623903102,25.718213815460377,11.7995884960839,35.63173374890435,Caudal_m3s,a
1985-06-01,1985.4583333333333,4.791133333333335,25.54584557765538,11.489349004713427,35.37197798166285,Caudal_m3s,a
1985-07-01,1985.5416666666667,-6.9038619128466365,25.34817065207888,11.25201704137963,35.068930742682056,Caudal_m3s,a
1985-08-01,1985.625,-15.174503834670091,25.12482880109019,10.878526808759144,34.731230477910096,Caudal_m3s,a
1985-09-01,1985.7083333333333,-9.028325327687035,24.875723173931277,10.619459444181695,34.42012881479544,Caudal_m3s,a
1985-10-01,1985.7916666666667,-14.145415959252958,24.600913855153525,10.260815218697038,34.197693347967174,Caudal_m3s,a
1985-11-01,1985.875,1.443126315789499,24.122258511271845,10.04243248395487,33.871132937175574,Caudal_m3s,a
1985-12-01,1985.9583333333333,-18.22634962531467,23.806977862276767,9.685717372582609,33.72100283044817,Caudal_m3s,a
1986-01-01,1986.0416666666667,38.881167741935485,23.468129927162302,9.417697412807472,33.63074959506266,Caudal_m3s,a
1986-02-01,1986.125,49.57496846378396,23.10566392072211,9.247115327694427,33.4533231088472,Caudal_m3s,a
1986-03-01,1986.2083333333333,47.83990351906158,22.719669236407494,9.087359070287777,33.34738404747721,Caudal_m3s,a
1986-04-01,1986.2916666666667,38.852919631454114,22.310788818606696,8.946683045793922,33.23449924090063,Caudal_m3s,a
1986-05-01,1986.375,38.08979075516005,21.880503845210207,8.825587044294839,33.11141587823002,Caudal_m3s,a
1986-06-01,1986.4583333333333,54.02446666666667,21.4312728411143,8.724209552789643,32.976117236650445,Caudal_m3s,a
1986-07-01,1986.5416666666667,29.715723340609586,20.96607720427215,8.642277850867107,32.826345371708214,Caudal_m3s,a
1986-08-01,1986.625,5.509367133071834,20.488372394330195,8.57917803963901,32.659728527509436,Caudal_m3s,a
1986-09-01,1986.7083333333333,14.785008005646304,20.00187461363628,8.534057927258278,32.47589238027827,Caudal_m3s,a
1986-10-01,1986.7916666666667,27.2481324278438,19.510545001050627,8.503263126818199,32.375499562830726,Caudal_m3s,a
1986-11-01,1986.875,13.783126315789502,19.018484109735237,8.443406874721614,32.31991836511017,Caudal_m3s,a
1986-12-01,1986.9583333333333,117.48332779404015,18.529843308286885,8.39808773470057,32.11771050713239,Caudal_m3s,a
1987-01-01,1987.0416666666667,173.4618129032258,18.048587788677118,8.326224916153118,31.916711897420797,Caudal_m3s,a
1987-02-01,1987.125,137.59480973362523,17.578377717200894,8.144468903611916,31.71365407365345,Caudal_m3s,a
1987-03-01,1987.2083333333333,69.13261558596719,17.12279848399808,7.977466732343319,31.6781602547941,Caudal_m3s,a
1987-04-01,1987.2916666666667,23.78091963145411,16.68523277224759,7.822818679356012,31.64937487827525,Caudal_m3s,a
1987-05-01,1987.375,9.80591978741812,16.26847560309813,7.664755062145715,31.61368792984828,Caudal_m3s,a
1987-06-01,1987.4583333333333,8.16446666666667,15.87462179182344,7.239049293343341,31.569880930111864,Caudal_m3s,a
1987-07-01,1987.5416666666667,68.50143762632386,15.504979288658918,7.0856877029214305,31.613667563153996,Caudal_m3s,a
1987-08-01,1987.625,69.11904455242669,15.159981662547745,6.734516723589098,31.65055872772082,Caudal_m3s,a
1987-09-01,1987.7083333333333,53.48167467231295,14.839427655426347,6.537419697021792,31.40655803036382,Caudal_m3s,a
1987-10-01,1987.7916666666667,59.99006791171479,14.542833761303562,6.339667250828083,31.227450932043364,Caudal_m3s,a
1987-11-01,1987.875,80.24979298245614,14.269508764859562,6.082905924879413,31.285847388548607,Caudal_m3s,a
1988-05-01,1988.375,4.014306884192308,13.084225718501086,4.753583943703813,31.087327467149297,Caudal_m3s,a
1988-06-01,1988.4583333333333,-1.4188666666666663,12.955599096756046,4.560504706979064,31.09266301350512,Caudal_m3s,a
1988-07-01,1988.5416666666667,-10.865152235427281,12.84377398442872,4.374089070882694,31.105330524424563,Caudal_m3s,a
1988-08-01,1988.625,-8.471278028218471,12.74765865170114,4.193091401688288,31.19332985471536,Caudal_m3s,a
1988-09-01,1988.7083333333333,-12.421658661020366,12.665889426454127,4.016207038811874,31.101505465791924,Caudal_m3s,a
1988-10-01,1988.7916666666667,-3.5808998302207016,12.596854185363501,3.8421921702200073,30.998056987585215,Caudal_m3s,a
1988-11-01,1988.875,-7.173540350877175,12.538636747842482,3.6526491537276886,30.891330889613272,Caudal_m3s,a
1988-12-01,1988.9583333333333,-55.626349625314646,12.488758332986654,3.3853771583000523,30.785082025440857,Caudal_m3s,a
1989-01-01,1989.0416666666667,-32.925283870967746,12.444803938543751,3.1227173339621164,30.671402816909204,Caudal_m3s,a
1989-02-01,1989.125,14.32496846378396,12.404938424151496,2.8653782531424423,30.550182998058343,Caudal_m3s,a
1989-03-01,1989.2083333333333,4.9560325513196375,12.367817672256503,2.778416957658381,30.52110685481397,Caudal_m3s,a
1989-04-01,1989.2916666666667,-4.713747035212563,12.332542645555387,2.707380820403422,30.505155358990336,Caudal_m3s,a
1989-05-01,1989.375,-6.306983438388336,12.298628265671306,2.651860037989101,30.4780247599136,Caudal_m3s,a
1989-06-01,1989.4583333333333,-20.52886666666666,12.265744050937306,2.5544109614184034,30.439642860378758,Caudal_m3s,a
1989-07-01,1989.5416666666667,-22.91676513865309,12.233538564990592,2.402282750199062,30.390347131143535,Caudal_m3s,a
1989-08-01,1989.625,7.451302616942812,12.2017054092713,2.262908097208526,30.33062901879302,Caudal_m3s,a
1989-09-01,1989.7083333333333,13.471674672312957,12.1698643502583,2.1300140809937114,30.261136435365334,Caudal_m3s,a
1989-10-01,1989.7916666666667,26.89974533106961,12.13749816910762,1.804477127739101,30.182461670573147,Caudal_m3s,a
1989-11-01,1989.875,78.44979298245616,12.103804778885301,1.4131325205166232,30.099708925216298,Caudal_m3s,a
1989-12-01,1989.9583333333333,33.28977940694338,12.06785308535654,1.1615826786590324,29.86010155295588,Caudal_m3s,a
1990-01-01,1990.0416666666667,-7.634961290322593,12.029148611335124,0.7944338263682955,29.5759810097967,Caudal_m3s,a
1990-02-01,1990.125,-11.382174393358895,11.98753347214116,0.6765415472390416,29.270395829066608,Caudal_m3s,a
1990-03-01,1990.2083333333333,-7.51816099706744,11.943059517237096,0.5017411444561226,28.942536859508426,Caudal_m3s,a
1990-04-01,1990.2916666666667,-9.820413701879225,11.896147123237668,0.21561251144342342,28.7451634043134,Caudal_m3s,a
1990-05-01,1990.375,-0.34246730935607417,11.847745041525352,-0.050028948549886154,28.61142286876366,Caudal_m3s,a
1990-06-01,1990.4583333333333,-10.44553333333333,11.799371369737147,-0.29595916552613677,28.47106700944898,Caudal_m3s,a
1990-07-01,1990.5416666666667,-9.236119977362762,11.752787724265026,-0.5824617586578178,28.20867333943446,Caudal_m3s,a
1990-08-01,1990.625,-8.929342544347513,11.709897387660183,-0.7209395897912165,27.843284780675415,Caudal_m3s,a
1990-09-01,1990.7083333333333,-12.1249919943537,11.672588396857307,-0.7563153623400584,27.673254526275056,Caudal_m3s,a
1990-10-01,1990.7916666666667,-16.95186757215619,11.642569069538997,-0.7638774877314152,27.52322014165662,Caudal_m3s,a
1990-12-01,1990.9583333333333,-56.66505930273405,11.60937565375802,-0.6988114733788366,27.680247908286375,Caudal_m3s,a
1991-01-01,1991.0416666666667,-48.599477419354855,11.607569543671794,-0.6387222262827301,27.76023508206926,Caudal_m3s,a
1991-02-01,1991.125,-24.214317250501736,11.615388957024136,-0.5650729114691335,27.83810448538832,Caudal_m3s,a
1991-03-01,1991.2083333333333,-14.950419061583574,11.631736000320023,-0.5806488252067441,27.699308206405703,Caudal_m3s,a
1991-04-01,1991.2916666666667,-9.490413701879227,11.655420735496389,-0.6637027114661497,27.488283580276548,Caudal_m3s,a
1991-05-01,1991.375,57.44051378074403,11.685392506184535,-0.730213788241542,27.260129554022697,Caudal_m3s,a
1991-06-01,1991.4583333333333,17.986005128205136,11.720712397767853,-0.8217232688761296,27.013337523733824,Caudal_m3s,a
1991-07-01,1991.5416666666667,43.738073571024344,11.76041990480487,-0.8978690658855685,26.85035391797052,Caudal_m3s,a
1991-08-01,1991.625,16.62872197178153,11.803616466201952,-0.958545240539223,26.794690509111486,Caudal_m3s,a
1991-09-01,1991.7083333333333,32.88834133897963,11.849562223440792,-1.0043997814069383,26.83970101510236,Caudal_m3s,a
1991-10-01,1991.7916666666667,29.93200339558574,11.897538682591225,-1.03602144394705,26.85100698205092,Caudal_m3s,a
1991-11-01,1991.875,66.84979298245614,11.946638237274325,-1.1807223239260949,26.82860298390321,Caudal_m3s,a
1991-12-01,1991.9583333333333,24.257521342427253,11.996038353419785,-1.4376667601196922,26.772979947579966,Caudal_m3s,a
1992-01-01,1992.0416666666667,98.68761935483872,12.045185569620804,-1.6871913071170896,26.685134699908396,Caudal_m3s,a
1992-02-01,1992.125,72.76339210910416,12.093468061934468,-1.7415889588001134,26.56654523093723,Caudal_m3s,a
1992-03-01,1992.2083333333333,65.03345190615838,12.139858858951074,-1.7923291723107062,26.419090565254514,Caudal_m3s,a
1992-04-01,1992.2916666666667,22.102919631454114,12.182741924695092,-1.8421254330937205,26.244917743521725,Caudal_m3s,a
1992-05-01,1992.375,20.938177851934242,12.220051245409755,-1.8859462548545227,26.046278546298904,Caudal_m3s,a
1992-06-01,1992.4583333333333,18.997799999999998,12.249816485248187,-2.0005665804403656,25.825436196371996,Caudal_m3s,a
1992-07-01,1992.5416666666667,12.23807357102433,12.270253134278065,-2.231058492118101,25.58448192655604,Caudal_m3s,a
1992-08-01,1992.625,7.1706574556524885,12.279603072956345,-2.4558169840248643,25.311501251080234,Caudal_m3s,a
1992-09-01,1992.7083333333333,11.765008005646308,12.2762387769104,-2.67432068031868,24.956692326839857,Caudal_m3s,a
1992-10-01,1992.7916666666667,36.573938879456705,12.25905889745326,-2.8858945296536467,24.603453128269297,Caudal_m3s,a
1992-11-01,1992.875,50.11645964912282,12.227453312076427,-3.098157443402272,24.250932797264316,Caudal_m3s,a
1992-12-01,1992.9583333333333,41.61236005210469,12.181226064997464,-3.304505143662356,24.0384499692813,Caudal_m3s,a
1993-01-01,1993.0416666666667,78.97686666666664,12.408135885920482,-3.57398363227545,23.994343103003036,Caudal_m3s,a
1993-02-01,1993.125,58.51925417806967,12.628525436435845,-3.8305750221151733,23.93332542989462,Caudal_m3s,a
1993-03-01,1993.2083333333333,23.74312932551321,12.836569138260097,-4.072419472477153,23.708686121400724,Caudal_m3s,a
1993-04-01,1993.2916666666667,30.818304246838707,12.719973872912023,-4.239789820272113,23.659013604213676,Caudal_m3s,a
1993-05-01,1993.375,247.48764021752564,12.583273154317213,-4.4344391467829025,23.512427227912067,Caudal_m3s,a
1993-06-01,1993.4583333333333,36.76520740740743,12.427108045762225,-4.776666792693494,23.29313369538131,Caudal_m3s,a
1993-07-01,1993.5416666666667,26.196138087153358,12.252271985631223,-5.111892699148315,23.058628130109152,Caudal_m3s,a
1993-08-01,1993.625,15.180334875007333,12.059614182170856,-5.2672491589149635,22.940812367979103,Caudal_m3s,a
1993-09-01,1993.7083333333333,9.631674672312968,11.849928364463485,-5.410737031594869,22.948559465235828,Caudal_m3s,a
1993-10-01,1993.7916666666667,15.590067911714769,11.623922551087126,-5.626997250329753,22.943628128426127,Caudal_m3s,a
1993-11-01,1993.875,-14.516873684210509,11.382158890818836,-5.838849017013572,22.82166862640862,Caudal_m3s,a
1993-12-01,1993.9583333333333,6.580101987588591,11.12498802672453,-5.945636326664916,22.74111881363839,Caudal_m3s,a
1994-01-01,1994.0416666666667,41.687619354838716,10.852515576177744,-6.006313732282626,22.519790126246157,Caudal_m3s,a
1994-02-01,1994.125,8.154638793454296,10.564761492049595,-6.013945653695778,22.266873406156805,Caudal_m3s,a
1994-03-01,1994.2083333333333,2.6855256388772375,10.261507399868053,-5.92087480171596,21.809288176851915,Caudal_m3s,a
1994-04-01,1994.2916666666667,-3.0237470352125655,9.942277573542487,-6.1024163809787115,21.339364175074373,Caudal_m3s,a
1994-05-01,1994.375,1.5897907551600525,9.606313822804708,-6.098951510219699,20.989969520761964,Caudal_m3s,a
1994-06-01,1994.4583333333333,-0.8188666666666649,9.25257890382885,-6.07489603330508,20.698167543719634,Caudal_m3s,a
1994-07-01,1994.5416666666667,17.434847764572723,8.87988384599841,-6.0294256151609815,20.392891902927765,Caudal_m3s,a
1994-08-01,1994.625,14.590012294362168,8.487136631052278,-5.962106765170218,20.075737053286268,Caudal_m3s,a
1994-09-01,1994.7083333333333,13.131674672312968,8.07355253617619,-5.977578343915664,19.748487898612375,Caudal_m3s,a
1994-10-01,1994.7916666666667,2.577164685908315,7.638857943970198,-6.1927047186566595,19.416115008977492,Caudal_m3s,a
1994-11-01,1994.875,15.21645964912284,7.183629113580139,-6.448813006043076,19.163849153658763,Caudal_m3s,a
1994-12-01,1994.9583333333333,69.09623101984661,6.709148412026749,-6.691336654826181,18.924404184707193,Caudal_m3s,a
1995-01-01,1995.0416666666667,6.171490322580638,6.217087774682085,-6.91955821430614,18.58333282223509,Caudal_m3s,a
1995-02-01,1995.125,-6.175031536216039,5.709329750316445,-7.132674082455618,18.226276522748073,Caudal_m3s,a
1995-03-01,1995.2083333333333,4.452806744868042,5.187886316885104,-7.396563816673823,17.90858893636749,Caudal_m3s,a
1995-04-01,1995.2916666666667,3.066252964787438,4.654535907239692,-7.712908574474551,17.78523708358941,Caudal_m3s,a
1995-05-01,1995.375,1.1865649487084369,4.110809624691299,-7.95765868539308,17.560624040215657,Caudal_m3s,a
1995-06-01,1995.4583333333333,0.2211333333333414,3.558087927961062,-8.058109461024973,17.25538215019093,Caudal_m3s,a
1995-07-01,1995.5416666666667,-3.516765138653085,2.997751379392706,-8.168733323446125,17.041996110463277,Caudal_m3s,a
1995-08-01,1995.625,-3.8583748024120297,2.4312707625619603,-8.223518504638614,16.844003924873284,Caudal_m3s,a
1995-09-01,1995.7083333333333,8.998341338979643,1.860354083451066,-8.291763782836695,16.63918793408819,Caudal_m3s,a
1995-10-01,1995.7916666666667,-4.890577249575543,1.2872290512174538,-8.471066561201194,16.636912345104957,Caudal_m3s,a
1995-11-01,1995.875,22.116459649122817,0.7147900312482863,-8.844604172425628,16.633722487033882,Caudal_m3s,a
1995-12-01,1995.9583333333333,6.547843923072463,0.14612105931524727,-9.15317969890162,16.750646841887203,Caudal_m3s,a
1996-01-01,1996.0416666666667,-49.809154838709674,-0.41580351567276785,-9.458726340120027,16.924786169892148,Caudal_m3s,a
1996-02-01,1996.125,-22.329711339171695,-0.9679941791889792,-9.75700293216447,17.08748921993381,Caudal_m3s,a
1996-03-01,1996.2083333333333,3.4560325513196375,-1.5076482030562308,-9.807923942727617,17.021417634317366,Caudal_m3s,a
1996-04-01,1996.2916666666667,-3.0604137018792272,-2.032849324813549,-9.934687546694239,16.80702541125752,Caudal_m3s,a
1996-05-01,1996.375,-9.184402793227044,-2.542238594356019,-9.95445189788677,16.504238838845076,Caudal_m3s,a
1996-06-01,1996.4583333333333,-18.2222,-3.034614164227568,-10.120905085641704,16.02583913788057,Caudal_m3s,a
1996-07-01,1996.5416666666667,-17.561926428975667,-3.508441106834203,-10.491773653239367,15.547940652828576,Caudal_m3s,a
1996-08-01,1996.625,-22.62289093144429,-3.9621234190009442,-10.807581227416568,15.176417466610776,Caudal_m3s,a
1996-09-01,1996.7083333333333,-30.7249919943537,-4.39413208201773,-11.042006848610912,14.791687121740006,Caudal_m3s,a
1996-10-01,1996.7916666666667,-48.38735144312394,-4.8030941720829965,-11.128298647606792,14.393594016490807,Caudal_m3s,a
1996-11-01,1996.875,-94.16354035087717,-5.187472114697767,-11.175232384408153,13.981690483928286,Caudal_m3s,a
1996-12-01,1996.9583333333333,-133.29731736725017,-5.545659660366883,-11.217694377811128,13.555374170770632,Caudal_m3s,a
1997-01-01,1997.0416666666667,-96.18334838709677,-5.876063849966354,-11.49911026844478,13.173157920605867,Caudal_m3s,a
1997-02-01,1997.125,-58.078602964787464,-6.176911907427016,-11.76820523309082,12.942908557821903,Caudal_m3s,a
1997-03-01,1997.2083333333333,-31.61816099706745,-6.446402244058935,-12.02425542878502,12.926147928328186,Caudal_m3s,a
1997-04-01,1997.2916666666667,-28.963747035212556,-6.683273707319565,-12.26452186114591,12.949396047326829,Caudal_m3s,a
1997-05-01,1997.375,-25.284402793227045,-6.886361870674154,-12.488213561534772,12.78883534833364,Caudal_m3s,a
1997-06-01,1997.4583333333333,4.42446666666666,-7.054723011966857,-12.694580944620437,12.631019940583373,Caudal_m3s,a
1997-07-01,1997.5416666666667,2.244525183927557,-7.187880180744941,-12.787757338925994,12.50723157404297,Caudal_m3s,a
1997-08-01,1997.625,18.83194777823313,-7.28609238014655,-12.942012494114634,12.43303009704485,Caudal_m3s,a
1997-09-01,1997.7083333333333,50.36167467231297,-7.350251875841486,-13.068585613977655,12.489862621364448,Caudal_m3s,a
1997-10-01,1997.7916666666667,19.025551782682513,-7.381531873701711,-13.155517015626168,12.555378514357878,Caudal_m3s,a
1997-11-01,1997.875,62.549792982456154,-7.381288201988024,-13.210844967462732,12.626933816557965,Caudal_m3s,a
1997-12-01,1997.9583333333333,143.4188116650079,-7.350735593839997,-13.23454052381853,12.70423364470614,Caudal_m3s,a
1998-01-01,1998.0416666666667,235.81665161290317,-7.290846781955533,-13.23053540809657,12.710305286095164,Caudal_m3s,a
1998-02-01,1998.125,73.32496846378396,-7.202274457071615,-13.196653052706877,12.67381467271845,Caudal_m3s,a
1998-03-01,1998.2083333333333,42.83990351906158,-7.0856773747420805,-13.134123603792094,12.626409351384781,Caudal_m3s,a
1998-04-01,1998.2916666666667,30.16958629812079,-6.941988936180677,-13.113010704878956,12.56731851128424,Caudal_m3s,a
1998-05-01,1998.375,13.21559720677297,-6.772599880642518,-13.089391661908788,12.495876671451958,Caudal_m3s,a
1998-06-01,1998.4583333333333,-0.588866666666668,-6.578826602464857,-13.161298865417411,12.411664857262908,Caudal_m3s,a
1998-07-01,1998.5416666666667,-8.523216751556312,-6.3614598368154,-13.054899765146276,12.314513819019195,Caudal_m3s,a
1998-08-01,1998.625,-16.474503834670095,-6.120918584185616,-12.886016296100031,12.20443196362039,Caudal_m3s,a
1998-09-01,1998.7083333333333,-29.758325327687032,-5.857584857493601,-12.777003006980012,12.146311841548634,Caudal_m3s,a
1998-10-01,1998.7916666666667,-34.41960950764007,-5.571909092174462,-12.650853326055232,12.164893118349005,Caudal_m3s,a
1998-11-01,1998.875,-62.35354035087717,-5.264728177463583,-12.638352998550568,12.221231155245423,Caudal_m3s,a
1998-12-01,1998.9583333333333,-86.2360270446695,-4.937212601957998,-12.535993902941215,12.310969124819072,Caudal_m3s,a
1999-01-01,1999.0416666666667,-78.24141290322582,-4.590495375142954,-12.351610683615995,12.394714077242533,Caudal_m3s,a
1999-02-01,1999.125,-44.4714601076446,-4.2257603255105805,-12.15903624263344,12.444077617187403,Caudal_m3s,a
1999-03-01,1999.2083333333333,-31.508483577712596,-3.84446310872512,-11.959257398954202,12.618337076363838,Caudal_m3s,a
1999-04-01,1999.2916666666667,-30.593508939974463,-3.4485392694732866,-11.834003212273073,12.83900034237328,Caudal_m3s,a
1999-05-01,1999.375,-17.471499567420587,-3.040214816590363,-11.83297807093957,12.910702225469116,Caudal_m3s,a
1999-06-01,1999.4583333333333,-22.93886666666667,-2.6219962262599443,-11.826013014627321,12.895254627194394,Caudal_m3s,a
1999-07-01,1999.5416666666667,-21.15547481607244,-2.1964644405022216,-11.817967201717108,12.968841631361864,Caudal_m3s,a
1999-08-01,1999.625,-20.500310286282996,-1.766199750303614,-11.79361897150072,13.073819528394505,Caudal_m3s,a
1999-09-01,1999.7083333333333,-8.088325327687038,-1.3338150856507593,-11.767954030080382,13.165775236283151,Caudal_m3s,a
1999-10-01,1999.7916666666667,-8.60993208828522,-0.9020210163909126,-11.736641390455551,13.203405455368676,Caudal_m3s,a
1999-11-01,1999.875,-7.600207017543852,-0.47346743852207757,-11.679886541353174,13.322413119067814,Caudal_m3s,a
1999-12-01,1999.9583333333333,-47.19409156079854,-0.05061757186916482,-11.647800001452497,13.505240518299319,Caudal_m3s,a
2000-01-01,2000.0416666666667,-44.2156064516129,0.3641684362214026,-11.602555044901473,13.704444634364243,Caudal_m3s,a
2000-02-01,2000.125,-33.777987201240634,0.7684994843899806,-11.542109569231258,13.751524927040933,Caudal_m3s,a
2000-03-01,2000.2083333333333,-21.76977390029326,1.1600935831667991,-11.4033590079777,13.937017359592724,Caudal_m3s,a
2000-04-01,2000.2916666666667,-17.217080368545886,1.5368613292332785,-11.215668572583816,14.117416802700795,Caudal_m3s,a
2000-05-01,2000.375,-6.997306019033495,1.8968638354017715,-11.014853644087152,14.16451963951501,Caudal_m3s,a
2000-06-01,2000.4583333333333,20.917800000000014,2.2383010142153243,-10.805589294725449,14.30587555048625,Caudal_m3s,a
2000-07-01,2000.5416666666667,17.938073571024333,2.5595009064073535,-10.58846751338669,14.235264788875718,Caudal_m3s,a
2000-08-01,2000.625,7.82171418535215,2.8589348837532618,-10.363395869587219,14.463309416057582,Caudal_m3s,a
2000-09-01,2000.7083333333333,4.465008005646297,3.1355246002792705,-10.132437667952859,14.914060591473536,Caudal_m3s,a
2000-10-01,2000.7916666666667,40.45458404074702,3.389022193878161,-9.900710851403195,15.380806235073704,Caudal_m3s,a
2000-11-01,2000.875,38.64979298245612,3.6202747118810916,-9.678305489261405,15.856955491215082,Caudal_m3s,a
2000-12-01,2000.9583333333333,166.5478439230724,3.831111373756111,-9.423192889375468,16.23481593299026,Caudal_m3s,a
2001-01-01,2001.0416666666667,121.81665161290323,4.023738172717569,-9.186420921232784,16.530160410905705,Caudal_m3s,a
2001-02-01,2001.125,96.71782560664113,4.200819365571416,-8.951117777021548,16.82867001654926,Caudal_m3s,a
2001-03-01,2001.2083333333333,35.96570997067448,4.3655790721136984,-8.717811778476907,17.118298252148147,Caudal_m3s,a
2001-04-01,2001.2916666666667,16.702919631454108,4.521532734285589,-8.486808209193319,17.44592170827887,Caudal_m3s,a
2001-05-01,2001.375,14.228500432579409,4.672259068783125,-8.258524166657521,17.75604291465504,Caudal_m3s,a
2001-06-01,2001.4583333333333,0.4978000000000051,4.821316030327897,-8.033373833804008,18.086562253215245,Caudal_m3s,a
2001-07-01,2001.5416666666667,21.676783248443684,4.972376168227672,-7.81176167503111,18.567698444725696,Caudal_m3s,a
2001-08-01,2001.625,28.157754229846034,5.128990028829958,-7.598572900872009,18.983039502625026,Caudal_m3s,a
2001-09-01,2001.7083333333333,14.598341338979637,5.294147492328381,-7.268111009841156,19.288779150120906,Caudal_m3s,a
2001-10-01,2001.7916666666667,38.61264855687608,5.470108322994674,-6.87741867317307,19.709586678367533,Caudal_m3s,a
2001-11-01,2001.875,34.316459649122834,5.658844326727582,-6.606407611430668,20.12263756527705,Caudal_m3s,a
2001-12-01,2001.9583333333333,138.99945682629826,5.861972991427837,-6.438511204138327,20.330470993724383,Caudal_m3s,a
2002-01-01,2002.0416666666667,37.39729677419356,6.080622066892471,-6.2651211408500735,20.65733159680351,Caudal_m3s,a
2002-02-01,2002.125,15.253539892355406,6.315529187172282,-6.080117988020163,20.95496674597081,Caudal_m3s,a
2002-03-01,2002.2083333333333,12.378613196480941,6.567091249883546,-5.883221929605255,21.23180285230076,Caudal_m3s,a
2002-04-01,2002.2916666666667,0.882919631454115,6.8352087101060635,-5.804771525373315,21.48909531364512,Caudal_m3s,a
2002-05-01,2002.375,3.668099987640595,7.1188779252995955,-5.7696661461075625,21.64104671820068,Caudal_m3s,a
2002-06-01,2002.4583333333333,20.621133333333333,7.41643833244328,-5.705222177645469,21.683015275001598,Caudal_m3s,a
2002-07-01,2002.5416666666667,6.896138087153361,7.725731630706795,-5.539301249321895,21.749684902082528,Caudal_m3s,a
2002-08-01,2002.625,42.415818745975045,8.044124944738861,-5.371895769076873,21.812823248462013,Caudal_m3s,a
2002-09-01,2002.7083333333333,39.61144478725551,8.368708846934464,-5.203979186770409,21.943892469690933,Caudal_m3s,a
2002-10-01,2002.7916666666667,49.86103565365025,8.696227165903698,-5.036549779112114,22.087849759050236,Caudal_m3s,a
2002-11-01,2002.875,97.14979298245612,9.023179581562204,-4.882630542855968,22.26119942940266,Caudal_m3s,a
2002-12-01,2002.9583333333333,156.61236005210466,9.345656250373661,-4.838890517045113,22.495692478746346,Caudal_m3s,a
2003-01-01,2003.0416666666667,193.65536129032256,9.659496798670807,-4.780354626829978,22.708128994621184,Caudal_m3s,a
2003-02-01,2003.125,126.0035398923554,9.960744889539718,-4.707795320003566,22.898906198241285,Caudal_m3s,a
2003-03-01,2003.2083333333333,88.5495809384164,10.2457040043218,-4.4945656069207205,22.994497712293484,Caudal_m3s,a
2003-04-01,2003.2916666666667,34.097747217660995,10.510946703714433,-4.303470565293962,23.216816575821536,Caudal_m3s,a
2003-05-01,2003.375,13.586564948708428,10.753203375038952,-4.212265944835721,23.351502385729265,Caudal_m3s,a
2003-06-01,2003.4583333333333,12.484466666666677,10.969372517961697,-4.1386567967433425,23.466723036437738,Caudal_m3s,a
2003-07-01,2003.5416666666667,12.370331635540467,11.156663362530525,-4.1174446105582065,23.560295888684244,Caudal_m3s,a
2003-08-01,2003.625,-2.6067618991862247,11.312782645474433,-4.131977986724447,23.632367709840956,Caudal_m3s,a
2003-09-01,2003.7083333333333,0.6850080056462957,11.436298004246842,-4.089032642738224,23.683242774475655,Caudal_m3s,a
2003-10-01,2003.7916666666667,10.783616298811538,11.526505294031843,-3.9934861733967737,23.56335659944775,Caudal_m3s,a
2003-11-01,2003.875,4.716459649122839,11.583102172609463,-4.010241225383982,23.420221410380396,Caudal_m3s,a
2003-12-01,2003.9583333333333,-41.38763994789531,11.606379750767317,-4.024839268411549,23.271216556332774,Caudal_m3s,a
2004-01-01,2004.0416666666667,4.13923225806451,11.59717121377411,-3.898016953443668,23.11907145884295,Caudal_m3s,a
2004-02-01,2004.125,-4.167642373654445,11.55676786635843,-3.8358703383019526,22.96644187324129,Caudal_m3s,a
2004-03-01,2004.2083333333333,-0.6697739002932792,11.48676609326733,-3.8500586980542173,22.815702978152707,Caudal_m3s,a
2004-04-01,2004.2916666666667,-1.0270803685458958,11.389089474033947,-3.8379286214278596,22.668879571655456,Caudal_m3s,a
2004-05-01,2004.375,-6.045693115807687,11.265996724347554,-3.867779162391872,22.679759042521198,Caudal_m3s,a
2004-06-01,2004.4583333333333,-8.435533333333332,11.119947802234325,-4.000922713239681,22.76472601742152,Caudal_m3s,a
2004-07-01,2004.5416666666667,-7.278055461233727,10.953574270389971,-4.127978377142759,22.90241901341155,Caudal_m3s,a
2004-08-01,2004.625,-14.200310286282992,10.769605195752638,-4.248243096650209,23.18324672829699,Caudal_m3s,a
2004-09-01,2004.7083333333333,-4.958325327687035,10.570877624286435,-4.360933705829862,23.451467412064694,Caudal_m3s,a
2004-10-01,2004.7916666666667,-23.538964346349744,10.360314901843529,-4.4651617616352,23.514884679275646,Caudal_m3s,a
2004-11-01,2004.875,-42.080207017543856,10.140891435199066,-4.500081504405528,23.5465541466715,Caudal_m3s,a
2004-12-01,2004.9583333333333,-51.35538188337918,9.915512370181611,-4.51153561312303,23.572909449399337,Caudal_m3s,a
2005-01-01,2005.0416666666667,-41.13496129032259,9.686946271769157,-4.643892843084155,23.476169296153387,Caudal_m3s,a
2005-02-01,2005.125,-34.496460107644594,9.457490007340871,-4.705746846891486,23.247543303031506,Caudal_m3s,a
2005-03-01,2005.2083333333333,-17.147193255131967,9.228894909241504,-4.643735071272329,23.11283145602395,Caudal_m3s,a
2005-04-01,2005.2916666666667,-17.80708036854589,9.002669501058941,-4.709286414980166,22.97140088781563,Caudal_m3s,a
2005-05-01,2005.375,-8.339241502904471,8.7802698201896,-4.769642426299218,22.662424108870066,Caudal_m3s,a
2005-06-01,2005.4583333333333,34.247799999999984,8.563334876763172,-4.947307333173573,22.45060302625441,Caudal_m3s,a
2005-07-01,2005.5416666666667,27.99613808715337,8.353652059799,-5.165607648709125,22.18724583993601,Caudal_m3s,a
2005-08-01,2005.625,54.402915520168605,8.152768120204593,-5.276759552702193,22.10238255726172,Caudal_m3s,a
2005-09-01,2005.7083333333333,47.61834133897963,7.9618617993886955,-5.346027762453646,21.99666720881175,Caudal_m3s,a
2005-10-01,2005.7916666666667,54.63522920203735,7.781999937466896,-5.349866307030214,21.880389919944385,Caudal_m3s,a
2005-11-01,2005.875,108.68312631578951,7.6141465842530405,-5.311045961467901,21.743260707274793,Caudal_m3s,a
2005-12-01,2005.9583333333333,201.64461811662082,7.458897694407637,-5.269648489670957,21.583114306330522,Caudal_m3s,a
2006-01-01,2006.0416666666667,279.5908451612903,7.316454678146968,-5.299982611323317,21.398390037906726,Caudal_m3s,a
2006-02-01,2006.125,172.1821113209269,7.186778268966083,-5.546906230696404,21.187701161154116,Caudal_m3s,a
2006-03-01,2006.2083333333333,72.96893577712609,7.069600184633195,-5.795695092194183,20.949923568350886,Caudal_m3s,a
2006-04-01,2006.2916666666667,36.75625296478742,6.964391856513331,-6.044805535428751,20.684150549295566,Caudal_m3s,a
2006-05-01,2006.375,14.625274626127805,6.870180450143066,-6.307908162428857,20.389951585752662,Caudal_m3s,a
2006-06-01,2006.4583333333333,3.747799999999998,6.785423337523882,-6.495747121521682,20.148453722611016,Caudal_m3s,a
2006-07-01,2006.5416666666667,54.51226711941142,6.70841444753807,-6.677206850227374,19.90727689617205,Caudal_m3s,a
2006-08-01,2006.625,18.586786487910558,6.637502234850705,-6.890268638225026,19.644251615238403,Caudal_m3s,a
2006-09-01,2006.7083333333333,16.318341338979636,6.570983974094762,-7.11651338757993,19.360730485680367,Caudal_m3s,a
2006-10-01,2006.7916666666667,43.96103565365027,6.507272398485684,-7.418674361521644,19.0937794132417,Caudal_m3s,a
2006-11-01,2006.875,73.91645964912283,6.44489549100444,-7.631774778758781,18.8089054927522,Caudal_m3s,a
2006-12-01,2006.9583333333333,60.48332779404018,6.382245845854738,-7.807043268150154,18.503913992815747,Caudal_m3s,a
2007-01-01,2007.0416666666667,2.9392322580644645,6.31781325573353,-7.995788259223849,18.180995845094607,Caudal_m3s,a
2007-02-01,2007.125,4.413328252143742,6.25002687251221,-8.193049770254536,17.842152302182505,Caudal_m3s,a
2007-03-01,2007.2083333333333,14.433451906158368,6.177117865031206,-8.279581569268041,17.493026106229088,Caudal_m3s,a
2007-04-01,2007.2916666666667,-2.397080368545886,6.097047371510784,-8.443057592216949,16.967136067267493,Caudal_m3s,a
2007-05-01,2007.375,0.5897907551600525,6.007447813202419,-8.646395129571635,16.599716669203755,Caudal_m3s,a
2007-06-01,2007.4583333333333,-3.052199999999999,5.905695049782212,-8.942495389454763,16.230880033725164,Caudal_m3s,a
2007-07-01,2007.5416666666667,-0.6554748160724415,5.789006756328913,-9.272339413521175,16.06366482839955,Caudal_m3s,a
2007-08-01,2007.625,-7.193858673379772,5.654774671994715,-9.599398084597103,15.888304603497996,Caudal_m3s,a
2007-09-01,2007.7083333333333,-7.637214216575927,5.500664948473456,-9.835472781667368,15.757283966659465,Caudal_m3s,a
2007-10-01,2007.7916666666667,0.4657130730050909,5.324565228854991,-9.991481556969305,15.501985769478416,Caudal_m3s,a
2007-11-01,2007.875,-24.173540350877175,5.124433084849041,-10.313989143418508,15.020404842454756,Caudal_m3s,a
2007-12-01,2007.9583333333333,-65.27418054856274,4.898030570862889,-10.628531663182489,14.759866663523441,Caudal_m3s,a
2008-01-01,2008.0416666666667,-52.82850967741936,4.643022511962623,-10.98941948410992,14.389115534794644,Caudal_m3s,a
2008-02-01,2008.125,-35.97798720124068,4.357196122347769,-11.399091677975001,13.909212013299841,Caudal_m3s,a
2008-03-01,2008.2083333333333,-23.082677126099696,4.039051002587402,-11.79343876855687,13.41638756973922,Caudal_m3s,a
2008-04-01,2008.2916666666667,-14.853747035212557,3.687655786990061,-12.172081853976245,12.89493334036053,Caudal_m3s,a
2008-05-01,2008.375,35.21882301322459,3.3025626211934567,-12.535099448239436,12.367395675057631,Caudal_m3s,a
2008-06-01,2008.4583333333333,31.544466666666665,2.8838294550838945,-12.883094194016552,11.957829189871283,Caudal_m3s,a
2008-07-01,2008.5416666666667,2.944525183927553,2.4320109337693636,-13.217288022054996,11.684721048861,Caudal_m3s,a
2008-08-01,2008.625,18.82549616532991,1.9480769216621459,-13.572855425651543,11.392937096192759,Caudal_m3s,a
2008-09-01,2008.7083333333333,11.91167467231297,1.4335290530741034,-13.85049773111002,11.083089576081818,Caudal_m3s,a
2008-10-01,2008.7916666666667,21.04813242784381,0.890505561947427,-14.15294771765492,10.739410120943564,Caudal_m3s,a
2008-11-01,2008.875,104.3831263157895,0.32167481795708375,-14.372859499783594,10.296728345656286,Caudal_m3s,a
2008-12-01,2008.9583333333333,92.93494069726594,-0.2699637469955037,-14.615706050022053,9.864247382227658,Caudal_m3s,a
2009-01-01,2009.0416666666667,19.81665161290323,-0.8810180682212445,-14.99070119552758,9.448326157428054,Caudal_m3s,a
2009-02-01,2009.125,11.110682749498267,-1.5078652258384093,-15.441033932987017,8.950085356720644,Caudal_m3s,a
2009-03-01,2009.2083333333333,14.523774486803518,-2.14688509589821,-15.85264061535515,8.528686817060395,Caudal_m3s,a
2009-04-01,2009.2916666666667,7.356252964787444,-2.794646758878106,-16.159594289034438,8.030772372815708,Caudal_m3s,a
2009-05-01,2009.375,1.3930165616116739,-3.4479631281116196,-16.447332596831906,7.609243256194268,Caudal_m3s,a
2009-06-01,2009.4583333333333,-3.975533333333331,-4.103797423371421,-16.73419265100292,7.184159469336985,Caudal_m3s,a
2009-07-01,2009.5416666666667,-4.493324278438038,-4.75906388504879,-17.01852816526055,7.011850993994128,Caudal_m3s,a
2009-08-01,2009.625,2.593238100813778,-5.410578865004537,-17.339207124441458,6.793136467618984,Caudal_m3s,a
2009-09-01,2009.7083333333333,15.881674672312968,-6.055065633642574,-17.701917070211845,6.36755600933418,Caudal_m3s,a
2009-10-01,2009.7916666666667,-11.626061120543284,-6.689358236173297,-18.04115339916314,5.948485499865919,Caudal_m3s,a
2009-11-01,2009.875,-24.206873684210493,-7.310546355383639,-18.43573188099839,5.718713412552541,Caudal_m3s,a
2009-12-01,2009.9583333333333,8.870424568233688,-7.91601273803709,-18.941466663032653,5.503965509629877,Caudal_m3s,a
2010-01-01,2010.0416666666667,18.62310322580649,-8.503563862712472,-19.369934976950024,5.179062147891975,Caudal_m3s,a
2010-02-01,2010.125,15.253539892355406,-9.071551282033873,-19.878864243128643,4.809435356791733,Caudal_m3s,a
2010-03-01,2010.2083333333333,24.646355131964796,-9.619217871744441,-20.33972934326198,4.628891874246697,Caudal_m3s,a
2010-04-01,2010.2916666666667,9.022919631454101,-10.147017361959957,-20.613282159934467,4.388764732462966,Caudal_m3s,a
2010-05-01,2010.375,3.5607584970955415,-10.656498854818324,-20.79236378033796,4.115667894396413,Caudal_m3s,a
2010-06-01,2010.4583333333333,-1.1455333333333257,-11.149705013358151,-21.128977642243154,3.8487678836564143,Caudal_m3s,a
2010-07-01,2010.5416666666667,-8.20708771929825,-11.566510129752531,-21.296191330868524,3.6054301770405477,Caudal_m3s,a
2010-08-01,2010.625,-9.832568350799122,-11.976787701653288,-21.64823831997775,3.4104897237633827,Caudal_m3s,a
2010-09-01,2010.7083333333333,-13.684991994353695,-12.385231913299819,-21.966706275303274,3.196388161854991,Caudal_m3s,a
2010-10-01,2010.7916666666667,-19.400254668930387,-12.795075950754788,-22.19126510560131,2.9097472148982653,Caudal_m3s,a
2010-11-01,2010.875,-46.063540350877176,-13.258277753299604,-22.47844346504966,2.6849339290498233,Caudal_m3s,a
2010-12-01,2010.9583333333333,-92.57151091563726,-13.716487039189522,-22.760001842313017,2.4308974911385377,Caudal_m3s,a
2011-01-01,2011.0416666666667,-85.0898,-14.170333689597326,-23.039985964485552,2.1663162213286813,Caudal_m3s,a
2011-02-01,2011.125,-50.114317250501756,-14.619977791048749,-23.354277092690044,1.891640399208951,Caudal_m3s,a
2011-03-01,2011.2083333333333,-27.43429002932551,-15.065212462594669,-23.696013641128385,1.6058733493895754,Caudal_m3s,a
2011-04-01,2011.2916666666667,-21.147080368545893,-15.505610147730932,-24.13676209702941,1.3480280567751302,Caudal_m3s,a
2011-05-01,2011.375,-16.706983438388328,-15.940577474168233,-24.539498648361086,1.1581515860896694,Caudal_m3s,a
2011-06-01,2011.4583333333333,-27.005533333333332,-16.36934971171818,-24.94144304034078,0.9529965157938985,Caudal_m3s,a
2011-07-01,2011.5416666666667,-25.487732880588567,-16.790824513214982,-25.34144811102455,0.7304999726625904,Caudal_m3s,a
2011-08-01,2011.625,-28.274503834670092,-17.203601089086206,-25.738159299944115,0.4898894446968716,Caudal_m3s,a
2011-09-01,2011.7083333333333,-23.48165866102037,-17.606171445022234,-26.13004700185625,0.2309033185947939,Caudal_m3s,a
2011-10-01,2011.7916666666667,-29.532512733446524,-17.99704581785858,-26.515547461687298,-0.046277363159747065,Caudal_m3s,a
2011-11-01,2011.875,-58.99354035087718,-18.374603738352075,-26.780674976102937,-0.3680609256983043,Caudal_m3s,a
2011-12-01,2011.9583333333333,-94.79731736725016,-18.73723406893302,-26.836039293769122,-0.7740953793861014,Caudal_m3s,a
2012-01-01,2012.0416666666667,-96.2607677419355,-19.083195492593592,-26.941224783120244,-1.182408173299292,Caudal_m3s,a
2012-02-01,2012.125,-53.15040099434411,-19.410465823439115,-27.440493146143705,-1.5657841332806657,Caudal_m3s,a
2012-03-01,2012.2083333333333,-19.77299970674487,-19.71679730263013,-27.617366056085594,-1.8451791044899017,Caudal_m3s,a
2012-04-01,2012.2916666666667,-17.367080368545892,-19.99980799516307,-27.822940382594272,-2.1137382551142787,Caudal_m3s,a
2012-05-01,2012.375,-5.510209244839942,-20.257295741289187,-28.084646134155488,-2.3911548684695823,Caudal_m3s,a
2012-06-01,2012.4583333333333,-15.058866666666674,-20.48736212298457,-28.303971667985657,-2.754332595807394,Caudal_m3s,a
2012-07-01,2012.5416666666667,-16.18450707413696,-20.688455493144087,-28.51208749540445,-2.96705340334157,Caudal_m3s,a
2012-08-01,2012.625,-26.28095544757332,-20.859503514911573,-28.665907159163623,-3.166452778912459,Caudal_m3s,a
2012-09-01,2012.7083333333333,-20.87165866102037,-20.99993477481827,-28.748585643062338,-3.452893146299282,Caudal_m3s,a
2012-10-01,2012.7916666666667,-41.88735144312394,-21.109713105790387,-28.869121301988425,-3.7554176494333147,Caudal_m3s,a
2012-11-01,2012.875,-16.2468736842105,-21.18949806361321,-29.15756402412815,-3.8162929976908013,Caudal_m3s,a
2012-12-01,2012.9583333333333,-57.1811883349921,-21.240751609651824,-29.484325995370774,-3.8552856361496675,Caudal_m3s,a
2013-01-01,2013.0416666666667,-32.89302580645162,-21.26561442626034,-29.628970877931117,-3.9520728991076988,Caudal_m3s,a
2013-02-01,2013.125,-32.92860296478746,-21.266398508159455,-29.884189327126705,-4.383617917514945,Caudal_m3s,a
2013-03-01,2013.2083333333333,-23.74074164222874,-21.245535434339335,-30.100156495619473,-4.612708963792715,Caudal_m3s,a
2013-04-01,2013.2916666666667,-20.520413701879235,-21.205522936479287,-30.26299717161771,-4.718600846929587,Caudal_m3s,a
2013-05-01,2013.375,-14.526338277098006,-21.14895485152928,-30.45172926042058,-4.691884551798919,Caudal_m3s,a
2013-06-01,2013.4583333333333,-10.482199999999999,-21.078501817922348,-30.73209704162303,-4.670465962735075,Caudal_m3s,a
2013-07-01,2013.5416666666667,-12.081281267685348,-20.996853493228638,-31.017195514514917,-4.7420303298963535,Caudal_m3s,a
2013-08-01,2013.625,-10.987407060476542,-20.90660788824472,-31.387456047639752,-4.90135182754504,Caudal_m3s,a
2013-09-01,2013.7083333333333,-11.931658661020364,-20.810040997844435,-31.622695896109107,-5.138966194064094,Caudal_m3s,a
2013-10-01,2013.7916666666667,-15.851867572156195,-20.709244330614524,-31.750070347058625,-5.256809102051274,Caudal_m3s,a
2013-11-01,2013.875,-34.270207017543854,-20.606323407994918,-31.788332746229244,-5.48914301406677,Caudal_m3s,a
2013-12-01,2013.9583333333333,-54.71022059305662,-20.503315229062263,-31.725665680564767,-5.612002116967862,Caudal_m3s,a
2014-01-01,2014.0416666666667,-53.260767741935496,-20.402029920138517,-31.847835133107644,-5.726264792648324,Caudal_m3s,a
2014-02-01,2014.125,-44.5821743933589,-20.303810839002868,-31.977371291164662,-5.868572672137158,Caudal_m3s,a
2014-03-01,2014.2083333333333,-21.876225513196474,-20.209651369760927,-32.22795615192793,-6.11065530959225,Caudal_m3s,a
2014-04-01,2014.2916666666667,-13.157794654260172,-20.120209110991244,-32.55373595970369,-6.345367085592391,Caudal_m3s,a
2014-05-01,2014.375,-9.094080212581886,-20.035819943492715,-32.85232245077923,-6.519974526732896,Caudal_m3s,a
2014-06-01,2014.4583333333333,-12.075533333333333,-19.95668442539072,-33.03385666369466,-6.691295631655205,Caudal_m3s,a
2014-07-01,2014.5416666666667,-14.200636106395024,-19.882926979041454,-33.21156396522799,-6.839647095866065,Caudal_m3s,a
2014-08-01,2014.625,-15.558374802412025,-19.81458827541205,-33.390016090511374,-6.991870026522903,Caudal_m3s,a
2014-09-01,2014.7083333333333,-22.1149919943537,-19.75167423862227,-33.570877365679415,-7.1486204382737,Caudal_m3s,a
2014-10-01,2014.7916666666667,-5.484125636672317,-19.694458901560083,-33.74770989291353,-7.310749795272632,Caudal_m3s,a
2014-11-01,2014.875,-33.94020701754381,-19.643519563167562,-33.92058926026113,-7.4794093659414385,Caudal_m3s,a
2014-12-01,2014.9583333333333,-95.86505930273404,-19.599476856544126,-34.10173427187018,-7.655999963859748,Caudal_m3s,a
2015-01-01,2015.0416666666667,-83.00270322580644,-19.56311200448678,-34.33317193705808,-7.837226257058441,Caudal_m3s,a
2015-02-01,2015.125,-56.689317250501745,-19.53550326688819,-34.55764494025382,-7.9809551598772615,Caudal_m3s,a
2015-03-01,2015.2083333333333,-30.97681202346041,-19.517906536903265,-34.83048963477058,-8.084390588772843,Caudal_m3s,a
2015-12-01,2015.9583333333333,11.651409288097852,-21.529884018479688,-36.92329191968063,-11.164813538170778,Caudal_m3s,a
2016-01-01,2016.0416666666667,-8.763993548387106,-21.755742023176094,-37.14495548192367,-11.339027989219982,Caudal_m3s,a
2016-02-01,2016.125,-4.443504442619968,-21.97814374322423,-37.27653585707312,-11.35941646330612,Caudal_m3s,a
2016-03-01,2016.2083333333333,6.333451906158359,-22.197179827010107,-37.54211256445771,-11.300762494052986,Caudal_m3s,a
2016-04-01,2016.2916666666667,41.582919631454104,-22.413041693157325,-37.582305715594366,-11.240260747927815,Caudal_m3s,a
2016-05-01,2016.375,16.154306884192323,-22.625989092076438,-37.93941348599039,-11.1823846105315,Caudal_m3s,a
2016-06-01,2016.4583333333333,15.174466666666675,-22.836328552335033,-38.173069904838655,-11.261667474487046,Caudal_m3s,a
2016-07-01,2016.5416666666667,6.396138087153361,-23.04439408409383,-38.34091979807302,-11.552468307711292,Caudal_m3s,a
2016-08-01,2016.625,5.9642058427492515,-23.250533643032348,-38.456106979574955,-11.590885477388554,Caudal_m3s,a
2016-09-01,2016.7083333333333,7.541674672312965,-23.455098558892555,-38.572070316892614,-11.715530362596471,Caudal_m3s,a
2016-10-01,2016.7916666666667,-7.067996604414262,-23.658439086326638,-38.832633504434156,-11.923711166660668,Caudal_m3s,a
2016-11-01,2016.875,-8.850207017543852,-23.86090141101596,-39.00238480379284,-12.132761103409196,Caudal_m3s,a
2016-12-01,2016.9583333333333,-21.35538188337918,-24.06282012889812,-39.300126039183596,-12.342709192890476,Caudal_m3s,a
2017-01-01,2017.0416666666667,8.010199999999998,-24.264514961599378,-39.73723332099657,-12.427075469313474,Caudal_m3s,a
2017-02-01,2017.125,14.896397035212544,-24.466289077821028,-40.01605837894971,-12.376393991138958,Caudal_m3s,a
2017-03-01,2017.2083333333333,-6.51493519061583,-24.668444244400003,-40.24098393892326,-12.22304450686699,Caudal_m3s,a
2017-04-01,2017.2916666666667,-2.12708036854589,-24.871284246591255,-40.661232276323375,-12.040656769787049,Caudal_m3s,a
2017-05-01,2017.375,1.7818930910888682,-25.075107860318678,-41.081667766757946,-11.987427507191786,Caudal_m3s,a
2017-06-01,2017.4583333333333,-1.108866666666664,-25.280209995837975,-41.55870516993851,-11.846459095342516,Caudal_m3s,a
2017-07-01,2017.5416666666667,-3.4587006225240557,-25.486883954671292,-41.944280975624416,-11.785521940025298,Caudal_m3s,a
2017-08-01,2017.625,-9.932568350799123,-25.69542071184303,-42.38107462547816,-11.7111271458196,Caudal_m3s,a
2017-09-01,2017.7083333333333,-10.96832532768704,-25.906107326018162,-42.81798242972909,-11.744205208729637,Caudal_m3s,a
2017-10-01,2017.7916666666667,-13.090577249575546,-26.11922429436562,-43.254997593249115,-11.962242171730168,Caudal_m3s,a
2017-11-01,2017.875,-34.11020701754386,-26.335044903363993,-43.751079055053864,-11.793121197008725,Caudal_m3s,a
2017-12-01,2017.9583333333333,-53.06505930273403,-26.553832286797295,-44.26970282751707,-11.559421425478114,Caudal_m3s,a
2018-01-01,2018.0416666666667,-68.5639935483871,-26.775827710736188,-44.64139333989149,-11.224419085429686,Caudal_m3s,a
2018-02-01,2018.125,-29.342888679073155,-27.00124043723925,-44.99166666143423,-10.954053184514908,Caudal_m3s,a
2018-03-01,2018.2083333333333,-32.96977390029325,-27.230247583481926,-45.342288183236526,-10.8314445767357,Caudal_m3s,a
2018-04-01,2018.2916666666667,-19.980413701879222,-27.46300996599444,-45.69341632144194,-10.708168467049415,Caudal_m3s,a
2018-05-01,2018.375,-23.92956408354962,-27.699676816918995,-46.04519595481749,-10.584333944502403,Caudal_m3s,a
2018-06-01,2018.4583333333333,-24.718866666666663,-27.9403921577252,-46.40897800832068,-10.460046279487502,Caudal_m3s,a
2018-07-01,2018.5416666666667,-24.57482965478212,-28.185294797582912,-46.7963311832776,-10.335395758993426,Caudal_m3s,a
2018-08-01,2018.625,-23.900310286282995,-28.434517933764376,-47.18416732532512,-10.21045870633928,Caudal_m3s,a
2018-09-01,2018.7083333333333,-21.80832532768703,-28.68818970425771,-47.61177202358888,-10.084054582645015,Caudal_m3s,a
2018-10-01,2018.7916666666667,-40.91960950764007,-28.946434296119566,-48.101544131705644,-10.067039502552301,Caudal_m3s,a
2018-11-01,2018.875,-57.84020701754383,-29.209371055538494,-48.68949999331894,-9.79896072301436,Caudal_m3s,a
2018-12-01,2018.9583333333333,-82.99409156079854,-29.477103484759894,-49.23101903176897,-9.492297965400244,Caudal_m3s,a
2019-01-01,2019.0416666666667,-71.66076774193549,-29.749708822522003,-49.78035782864381,-9.25897314314091,Caudal_m3s,a
2019-02-01,2019.125,-39.94288867907318,-30.02723234336572,-50.34211458967248,-9.02315148174583,Caudal_m3s,a
2019-03-01,2019.2083333333333,-26.231064222873897,-30.30969140639709,-50.90620585832391,-8.784868065480794,Caudal_m3s,a
2019-04-01,2019.2916666666667,-16.01708036854589,-30.597090997551497,-51.471840126553296,-8.480927438709063,Caudal_m3s,a
2019-05-01,2019.375,-20.654918922259306,-30.889436351822937,-52.03873717109671,-8.15299638986674,Caudal_m3s,a
2019-06-01,2019.4583333333333,-32.17706666666667,-31.186740108490383,-52.60687971021463,-7.817360896394794,Caudal_m3s,a
2019-07-01,2019.5416666666667,-34.108765138653084,-31.489019946688202,-53.17626827953701,-7.594192347049708,Caudal_m3s,a
2019-08-01,2019.625,-30.000310286282993,-31.796291624229298,-53.746914493541205,-7.421659201078617,Caudal_m3s,a
2019-09-01,2019.7083333333333,-21.17435866102037,-32.108567404827404,-54.31883141833748,-7.196672815437141,Caudal_m3s,a
2019-10-01,2019.7916666666667,-51.4226740237691,-32.42586009877574,-54.8920273383723,-6.918269146950576,Caudal_m3s,a
2019-11-01,2019.875,-81.03960701754384,-32.748184957503675,-55.46650274528953,-6.6389889606357695,Caudal_m3s,a
2019-12-01,2019.9583333333333,-127.18734962531467,-33.075541208197635,-56.04224698815499,-6.358979768147739,Caudal_m3s,a
2020-01-01,2020.0416666666667,-92.52928387096775,-33.40790091098406,-56.619242266508564,-6.078391227245844,Caudal_m3s,a
2020-02-01,2020.125,-69.99478030468893,-33.74521560103347,-57.1213128729572,-5.796486246558194,Caudal_m3s,a
2020-03-01,2020.2083333333333,-39.38338680351906,-34.08740784009936,-57.63125031720323,-5.401497939398926,Caudal_m3s,a
2020-04-01,2020.2916666666667,-31.162080368545894,-34.43437543471839,-58.269987530582235,-4.9796593058380605,Caudal_m3s,a
1980-01-01,1980.0416666666667,1.0249302854568507,0.7950020709434695,0.1316732325422769,1.7320738243362712,Caudal_m3s,z
1980-02-01,1980.125,0.5166732618702986,0.7931351426206049,0.1405098232976328,1.7133520088246679,Caudal_m3s,z
1980-03-01,1980.2083333333333,0.7886931745830309,0.7913153957258491,0.14940297452337967,1.6947249282118553,Caudal_m3s,z
1980-04-01,1980.2916666666667,2.483748027284274,0.7895435315364019,0.15835220328006158,1.6761942432820354,Caudal_m3s,z
1980-05-01,1980.375,3.861292553873054,0.7878200935795403,0.1673565598593941,1.6577611110087127,Caudal_m3s,z
1980-06-01,1980.4583333333333,2.0023211696279968,0.7861447245821078,0.17641463627162557,1.6392706673202766,Caudal_m3s,z
1980-07-01,1980.5416666666667,1.7723162414698796,0.7845164612145287,0.18759517955723426,1.6180573224680668,Caudal_m3s,z
1980-08-01,1980.625,1.087834671983335,0.782933325874852,0.20020103975433118,1.597328256074731,Caudal_m3s,z
1980-09-01,1980.7083333333333,1.0974572967825842,0.7813923634084816,0.21277860419065606,1.5813258884180537,Caudal_m3s,z
1980-10-01,1980.7916666666667,0.6619253089673475,0.7798900774545294,0.2232034172189731,1.565563373408244,Caudal_m3s,z
1980-11-01,1980.875,0.5197638869543195,0.778422602044125,0.23434976611641894,1.5491868290056021,Caudal_m3s,z
1980-12-01,1980.9583333333333,1.578121399294774,0.7769860377961619,0.24620252432194084,1.531407634699685,Caudal_m3s,z
1981-01-01,1981.0416666666667,0.745083970552891,0.7755764535014308,0.2543102043645991,1.5137078546333556,Caudal_m3s,z
1981-02-01,1981.125,1.13962448742729,0.7741893322379897,0.2607787808404572,1.496082202100267,Caudal_m3s,z
1981-03-01,1981.2083333333333,1.1204674141103312,0.7728198625117447,0.266804862194838,1.4792708487014763,Caudal_m3s,z
1981-04-01,1981.2916666666667,0.19345509699875738,0.7714627990571102,0.27167512891319107,1.4652337283345347,Caudal_m3s,z
1981-05-01,1981.375,1.002845639941014,0.7701125480273842,0.2773091516294337,1.4512783821013828,Caudal_m3s,z
1981-06-01,1981.4583333333333,0.2748490736077171,0.7687636406460515,0.28461249074507255,1.4375191968898822,Caudal_m3s,z
1981-07-01,1981.5416666666667,-0.17073694012185717,0.7674104837212125,0.29266801582860513,1.42404593423847,Caudal_m3s,z
1981-08-01,1981.625,-0.3710123899668253,0.7660477495987811,0.30075792162723486,1.4128825282754074,Caudal_m3s,z
1981-09-01,1981.7083333333333,-0.6980936876065412,0.7646707288240183,0.3089096542744437,1.4027724486387607,Caudal_m3s,z
1981-10-01,1981.7916666666667,-0.51385619818328,0.763275474166401,0.31793107208126553,1.39275986872188,Caudal_m3s,z
1981-11-01,1981.875,-0.23781334659600545,0.761858882923273,0.3269636054694651,1.3828428313898564,Caudal_m3s,z
1981-12-01,1981.9583333333333,-0.485209182637017,0.7604187139875138,0.33403592465683674,1.3711333070447513,Caudal_m3s,z
1982-01-01,1982.0416666666667,-0.3913547596689677,0.7589535764474061,0.34314811035228415,1.358788097257662,Caudal_m3s,z
1982-02-01,1982.125,-0.3550933189067588,0.7574630125068514,0.3527960778608219,1.3463483989806875,Caudal_m3s,z
1982-03-01,1982.2083333333333,-0.5604602832489375,0.7559475461261242,0.3628594205464035,1.3291760579142389,Caudal_m3s,z
1982-04-01,1982.2916666666667,-0.6541119530538846,0.7544087411791572,0.3684702317184077,1.3121450264619525,Caudal_m3s,z
1982-05-01,1982.375,-0.6158395063360693,0.7528493108993846,0.371634707141726,1.2951524864528186,Caudal_m3s,z
1982-06-01,1982.4583333333333,2.2870187628367047,0.7512732227572363,0.37375359442437056,1.2798535067448824,Caudal_m3s,z
1982-07-01,1982.5416666666667,3.979397864061819,0.7496854813294255,0.3782049088776906,1.2656991316403858,Caudal_m3s,z
1982-08-01,1982.625,1.6339336979691512,0.7480910632507809,0.3830337168716391,1.2473737609044324,Caudal_m3s,z
1982-09-01,1982.7083333333333,3.633591128913705,0.7464951043165892,0.3878103652453789,1.228187909237046,Caudal_m3s,z
1982-10-01,1982.7916666666667,1.81912817527069,0.7449026870611088,0.38886807854513805,1.2143705989630398,Caudal_m3s,z
1982-11-01,1982.875,1.8758508764239736,0.7433189263632967,0.38972535454546375,1.2053298274192998,Caudal_m3s,z
1982-12-01,1982.9583333333333,3.44964460804396,0.7417486566465723,0.390473136538858,1.1941200256081512,Caudal_m3s,z
1983-01-01,1983.0416666666667,4.226937458725759,0.7401963471718919,0.3911210767214603,1.1797236834533529,Caudal_m3s,z
1983-02-01,1983.125,5.038474224778256,0.7386664464355442,0.39085642594939835,1.1666417334282608,Caudal_m3s,z
1983-03-01,1983.2083333333333,4.8181747205738255,0.7371638210802154,0.3891540253055704,1.156824011326434,Caudal_m3s,z
1983-04-01,1983.2916666666667,4.280072080834238,0.7356939126861662,0.3874925209312933,1.1491190360037697,Caudal_m3s,z
1983-05-01,1983.375,2.7107902004348623,0.7342628270984091,0.38587022852096564,1.1458003213282986,Caudal_m3s,z
1983-06-01,1983.4583333333333,0.9511164454185856,0.7328772508132382,0.384385290309083,1.1426498303975383,Caudal_m3s,z
1983-07-01,1983.5416666666667,1.5073683746739714,0.7315439016321378,0.38484364593679826,1.1360098071146283,Caudal_m3s,z
1983-08-01,1983.625,1.1241325161302638,0.7302698651935964,0.381581221829904,1.1218796790670917,Caudal_m3s,z
1983-09-01,1983.7083333333333,0.2559958717409202,0.729062477539893,0.37812875163589355,1.1103959293250385,Caudal_m3s,z
1983-10-01,1983.7916666666667,1.571838855402228,0.727929781751948,0.3724958466672102,1.0990411796534079,Caudal_m3s,z
1983-11-01,1983.875,1.7113567897479967,0.7268813300480963,0.37076739685887683,1.0897728372937974,Caudal_m3s,z
1983-12-01,1983.9583333333333,1.036811417643889,0.7259275917000861,0.369078494802634,1.0786428341601149,Caudal_m3s,z
1984-01-01,1984.0416666666667,0.6364297230668027,0.7250800294714637,0.36875502641107033,1.0719787464565793,Caudal_m3s,z
1984-02-01,1984.125,0.8082403233094707,0.7243522277550493,0.3661365331996629,1.066658836521117,Caudal_m3s,z
1984-03-01,1984.2083333333333,0.3945490849993408,0.7237612850102758,0.3639962682679553,1.0616236944646071,Caudal_m3s,z
1984-04-01,1984.2916666666667,-0.2333236506495267,0.7233291375914913,0.3653989659437308,1.0586355840905075,Caudal_m3s,z
1984-05-01,1984.375,-0.1412197365103922,0.7230848945424442,0.36664561523794387,1.0576577023157854,Caudal_m3s,z
1984-06-01,1984.4583333333333,-0.8841125395166121,0.7230679511402089,0.36426141517022964,1.0555500932789308,Caudal_m3s,z
1984-07-01,1984.5416666666667,0.21388951774843198,0.7233311237440812,0.36200972544877386,1.0547380660244001,Caudal_m3s,z
1984-08-01,1984.625,-0.04202069395346329,0.7239437996240693,0.3593223247630796,1.0593820706552401,Caudal_m3s,z
1984-09-01,1984.7083333333333,0.14188031122933975,0.7249933916126695,0.35660075644954164,1.0614594498793803,Caudal_m3s,z
1984-10-01,1984.7916666666667,1.519544973423212,0.7265839421007814,0.35376444541484253,1.0640203414117335,Caudal_m3s,z
1984-11-01,1984.875,0.7498294995904805,0.7288264209912557,0.350745115536936,1.056459690308765,Caudal_m3s,z
1984-12-01,1984.9583333333333,1.2040089386035118,0.7318136654683415,0.3422149247477269,1.0508932298390739,Caudal_m3s,z
1985-01-01,1985.0416666666667,1.1386538003358329,0.7355772245115209,0.328959949249678,1.051224247518346,Caudal_m3s,z
1985-02-01,1985.125,0.7372643897541247,0.735003431675657,0.31926940057605663,1.052851838255296,Caudal_m3s,z
1985-03-01,1985.2083333333333,1.5143334805882724,0.733828700099043,0.30940362659500625,1.0556899040321557,Caudal_m3s,z
1985-04-01,1985.2916666666667,0.7210999902406989,0.7320000018988072,0.29625448424552564,1.0477733244888514,Caudal_m3s,z
1985-05-01,1985.375,1.179433375278506,0.7294575656519108,0.2832715961603972,1.0366260221005033,Caudal_m3s,z
1985-06-01,1985.4583333333333,0.2543239519096372,0.7261453903599883,0.27420521443723284,1.0286989947940022,Caudal_m3s,z
1985-07-01,1985.5416666666667,-0.32795875118756057,0.7220124478845173,0.2677442996436172,1.0256462049505684,Caudal_m3s,z
1985-08-01,1985.625,-0.6395076790686396,0.7170205595942656,0.26625425792190804,1.0227773036905046,Caudal_m3s,z
1985-09-01,1985.7083333333333,-0.43594036893507737,0.7111483543049105,0.26503918962374023,1.0200862585979331,Caudal_m3s,z
1985-10-01,1985.7916666666667,-0.42862205783617285,0.7043884096684772,0.2618687861059589,1.0136184014419205,Caudal_m3s,z
1985-11-01,1985.875,0.02447275724472799,0.6908369247200802,0.2604450884714637,1.0064907288898441,Caudal_m3s,z
1985-12-01,1985.9583333333333,-0.18097589018845725,0.6825826594558033,0.2565403432433585,1.006884066845065,Caudal_m3s,z
1986-01-01,1986.0416666666667,0.3961641468340404,0.6735330284584948,0.2523756082018271,1.0042817954410854,Caudal_m3s,z
1986-02-01,1986.125,0.7776964905414259,0.6637111059637016,0.2482333543592757,0.9994313501683958,Caudal_m3s,z
1986-03-01,1986.2083333333333,1.3743951840278745,0.6531527764083342,0.2444428950271493,0.994577911135577,Caudal_m3s,z
1986-04-01,1986.2916666666667,1.8871320617744387,0.6419027502892548,0.2426440801092886,0.9848972366172427,Caudal_m3s,z
1986-05-01,1986.375,2.533558767398691,0.6300162784488001,0.23456996821786963,0.9869178380702945,Caudal_m3s,z
1986-06-01,1986.4583333333333,2.8677381543289258,0.6175632038235788,0.22676142858157447,0.9871247518974154,Caudal_m3s,z
1986-07-01,1986.5416666666667,1.411605799833131,0.6046294510592676,0.22010492198081805,0.9865219194375751,Caudal_m3s,z
1986-08-01,1986.625,0.2321843683849458,0.5913208772590334,0.21846064068034218,0.9868055966343563,Caudal_m3s,z
1986-09-01,1986.7083333333333,0.7139066893085435,0.5777544045922641,0.21259785021324942,0.9861815310473948,Caudal_m3s,z
1986-10-01,1986.7916666666667,0.8256491450698744,0.5640563093611282,0.20522925880624274,0.9839505436867071,Caudal_m3s,z
1986-11-01,1986.875,0.23373636854179597,0.5503560370925791,0.19808278805010957,0.9813650027939405,Caudal_m3s,z
1986-12-01,1986.9583333333333,1.1665336321815272,0.536781978096843,0.19100369821679392,0.9807446276037907,Caudal_m3s,z
1987-01-01,1987.0416666666667,1.7674199389586434,0.5234548396780072,0.1843098095115482,0.9796963801295532,Caudal_m3s,z
1987-02-01,1987.125,2.158488526820294,0.5104889990622583,0.17798363482982033,0.9761681469481819,Caudal_m3s,z
1987-03-01,1987.2083333333333,1.9861146643564027,0.49799080061711726,0.1720048167195819,0.9760480376246169,Caudal_m3s,z
1987-04-01,1987.2916666666667,1.1550672721816921,0.4860559574086617,0.1693520741362941,0.9758852449124222,Caudal_m3s,z
1987-05-01,1987.375,0.6522449600607446,0.47476525839001715,0.1690315984356681,0.9778617254310765,Caudal_m3s,z
1987-06-01,1987.4583333333333,0.43338794465495345,0.4641823755428874,0.16911889008648118,0.9818168531985194,Caudal_m3s,z
1987-07-01,1987.5416666666667,3.254069421156571,0.4543490515458956,0.1695966034799956,0.9819390331252604,Caudal_m3s,z
1987-08-01,1987.625,2.9129229029665527,0.4452819468800227,0.16523724402951095,0.9840859314155967,Caudal_m3s,z
1987-09-01,1987.7083333333333,2.582408158954426,0.4369830028051594,0.15222100877747846,0.9856453629450537,Caudal_m3s,z
1987-10-01,1987.7916666666667,1.817766719064294,0.4294416232975757,0.13903212101493223,0.9787334285194536,Caudal_m3s,z
1987-11-01,1987.875,1.3608882889263265,0.4226387703752554,0.13331964427431772,0.967226823852068,Caudal_m3s,z
1988-05-01,1988.375,0.2670133439915666,0.39525482589836325,0.08248598479035872,0.96356892743674,Caudal_m3s,z
1988-06-01,1988.4583333333333,-0.07531658018969492,0.3924731388263707,0.07590201156451505,0.9638083808029201,Caudal_m3s,z
1988-07-01,1988.5416666666667,-0.5161345640420285,0.3900358374031069,0.07150471463684288,0.9601081928342629,Caudal_m3s,z
1988-08-01,1988.625,-0.35700985083898373,0.3878844152178927,0.06717892504796183,0.952255071268913,Caudal_m3s,z
1988-09-01,1988.7083333333333,-0.5997903556780793,0.38596201881255693,0.06292406278364229,0.945984633906142,Caudal_m3s,z
1988-10-01,1988.7916666666667,-0.10850530366555987,0.38421514051900785,0.058741373407469544,0.9413293054492625,Caudal_m3s,z
1988-11-01,1988.875,-0.12164999672688763,0.38259066116027934,0.05454209027182812,0.9361361771828657,Caudal_m3s,z
1988-12-01,1988.9583333333333,-0.5523337557068216,0.3810265504379924,0.049936719638562,0.9304165013988943,Caudal_m3s,z
1989-01-01,1989.0416666666667,-0.33547904426599956,0.37946635463100176,0.0476094791785589,0.9244350588087671,Caudal_m3s,z
1989-02-01,1989.125,0.22471981418485115,0.3778691810921021,0.048922340292455326,0.9180443920010268,Caudal_m3s,z
1989-03-01,1989.2083333333333,0.14238212808487505,0.37620522205970175,0.04413739991293544,0.9126999147002931,Caudal_m3s,z
1989-04-01,1989.2916666666667,-0.22895224466071637,0.3744515590939575,0.03943964968398874,0.9089230525192143,Caudal_m3s,z
1989-05-01,1989.375,-0.41951170823910106,0.3725935895888168,0.03048212044756741,0.904333433375525,Caudal_m3s,z
1989-06-01,1989.4583333333333,-1.0897176379059965,0.37062446564408214,0.019286862306932648,0.8989012805507123,Caudal_m3s,z
1989-07-01,1989.5416666666667,-1.0886303595015498,0.36854115939039983,0.011938794241576633,0.8926137138870234,Caudal_m3s,z
1989-08-01,1989.625,0.31402445144281566,0.36634724942294145,0.011984583368966652,0.8855195804971726,Caudal_m3s,z
1989-09-01,1989.7083333333333,0.6504912720425873,0.3640482657093153,0.00020791443601582285,0.8777544192680942,Caudal_m3s,z
1989-10-01,1989.7916666666667,0.8150926231002787,0.3616492916425519,-0.011408998950430614,0.8691846827053338,Caudal_m3s,z
1989-11-01,1989.875,1.3303636130483105,0.35914760024312775,-0.022725938102268077,0.8657363759342374,Caudal_m3s,z
1989-12-01,1989.9583333333333,0.3305460273834146,0.35653517398120815,-0.03229151742928621,0.8626533973050858,Caudal_m3s,z
1990-01-01,1990.0416666666667,-0.07779339205466483,0.35381162401659927,-0.04352811714542425,0.8596164809537364,Caudal_m3s,z
1990-02-01,1990.125,-0.1785553749149082,0.35098044664328665,-0.053347716584934514,0.8586444430335834,Caudal_m3s,z
1990-03-01,1990.2083333333333,-0.21598965522575916,0.348052619462969,-0.06457410116237099,0.8612845958912078,Caudal_m3s,z
1990-04-01,1990.2916666666667,-0.4769890585443165,0.3450495938010368,-0.07410127070152583,0.8639305238407421,Caudal_m3s,z
1990-05-01,1990.375,-0.0227793599535324,0.3420026251454014,-0.08322491428001173,0.8659595641548521,Caudal_m3s,z
1990-06-01,1990.4583333333333,-0.55447200741728,0.33895819295292545,-0.09143552735225735,0.8614830663643337,Caudal_m3s,z
1990-07-01,1990.5416666666667,-0.43874955957011763,0.3359742121330707,-0.09780828625559737,0.8573364854689963,Caudal_m3s,z
1990-08-01,1990.625,-0.37631432225795003,0.3331213946417567,-0.104238203349395,0.85288724763765,Caudal_m3s,z
1990-09-01,1990.7083333333333,-0.585465553300744,0.33047505918223496,-0.10889818822737343,0.8462377084917599,Caudal_m3s,z
1990-10-01,1990.7916666666667,-0.5136607070356947,0.3281077816373824,-0.10666498308324111,0.8374212477186879,Caudal_m3s,z
1990-12-01,1990.9583333333333,-0.5626474725169751,0.3244439349163046,-0.10530674047997378,0.8263776930085565,Caudal_m3s,z
1991-01-01,1991.0416666666667,-0.49518498611483586,0.32322704874067715,-0.10955804584754084,0.8201214656487231,Caudal_m3s,z
1991-02-01,1991.125,-0.37985681343052835,0.3224417789554165,-0.11352628853095512,0.8133418215334635,Caudal_m3s,z
1991-03-01,1991.2083333333333,-0.4295114004410948,0.3220797172909134,-0.11734394554993428,0.8090347025643126,Caudal_m3s,z
1991-04-01,1991.2916666666667,-0.46096056991867923,0.32211997559071337,-0.12085776833198394,0.8066326246226758,Caudal_m3s,z
1991-05-01,1991.375,3.820680408263321,0.32253403953102594,-0.12408811493881709,0.8046765993352064,Caudal_m3s,z
1991-06-01,1991.4583333333333,0.9547369244449043,0.32328969535248836,-0.12704847372176004,0.8070315834922105,Caudal_m3s,z
1991-07-01,1991.5416666666667,2.077718843276847,0.32435223091860227,-0.1297427159785263,0.8101223961543238,Caudal_m3s,z
1991-08-01,1991.625,0.700793614731252,0.32568259095628277,-0.13061026925447086,0.8128828239364063,Caudal_m3s,z
1991-09-01,1991.7083333333333,1.5880415399973873,0.3272357397995803,-0.1310706912629304,0.8152987072892578,Caudal_m3s,z
1991-10-01,1991.7916666666667,0.9069734624652791,0.3289634161184735,-0.1316473245285654,0.8173603096954988,Caudal_m3s,z
1991-11-01,1991.875,1.1336490351677602,0.3308072079285591,-0.13234014645470174,0.8190551242881204,Caudal_m3s,z
1991-12-01,1991.9583333333333,0.24086153338208452,0.3327021219173354,-0.132995903786463,0.8164407220338054,Caudal_m3s,z
1992-01-01,1992.0416666666667,1.0055381254052327,0.3345784475263957,-0.13298786343811156,0.8108409489018362,Caudal_m3s,z
1992-02-01,1992.125,1.1414598220970962,0.3363604296594305,-0.13183057298955775,0.8046459745444376,Caudal_m3s,z
1992-03-01,1992.2083333333333,1.8683495685755047,0.3379730066947773,-0.1349797182174071,0.7979085610116999,Caudal_m3s,z
1992-04-01,1992.2916666666667,1.073564836079209,0.33934641717652797,-0.13787618008691882,0.7906922620123764,Caudal_m3s,z
1992-05-01,1992.375,1.3927118794406774,0.34041688279814397,-0.14057557090168504,0.7830719234218466,Caudal_m3s,z
1992-06-01,1992.4583333333333,1.008445233609773,0.3411299217122878,-0.1419695686992396,0.7751291170174789,Caudal_m3s,z
1992-07-01,1992.5416666666667,0.581353360765544,0.34144437088960006,-0.14153974650463555,0.7669430275197101,Caudal_m3s,z
1992-08-01,1992.625,0.3021970640241534,0.341328107503726,-0.1408801522937713,0.7585833544220473,Caudal_m3s,z
1992-09-01,1992.7083333333333,0.568083420163986,0.3407566479694567,-0.14327890823889566,0.7501087526344092,Caudal_m3s,z
1992-10-01,1992.7916666666667,1.108231598904147,0.33971218686519167,-0.14661419735727724,0.7415651864216449,Caudal_m3s,z
1992-11-01,1992.875,0.8498826038573116,0.33818346430822654,-0.14979559051913877,0.7329835406755956,Caudal_m3s,z
1992-12-01,1992.9583333333333,0.41318388257035465,0.33616911723977094,-0.15282982427756836,0.7243839253671601,Caudal_m3s,z
1993-01-01,1993.0416666666667,0.8047032746107605,0.3429906864285351,-0.15771751010517865,0.7178362153552709,Caudal_m3s,z
1993-02-01,1993.125,0.9180080192412644,0.3496578442286794,-0.16382678206150703,0.7093201990931702,Caudal_m3s,z
1993-03-01,1993.2083333333333,0.6821176507125294,0.3559864024451092,-0.17001436107770346,0.705677849549172,Caudal_m3s,z
1993-04-01,1993.2916666666667,1.496881330551169,0.3517863970689106,-0.1729852019763655,0.7081662098004077,Caudal_m3s,z
1993-05-01,1993.375,16.46174652747289,0.3469500607240967,-0.18084127608992934,0.7005103560448345,Caudal_m3s,z
1993-06-01,1993.4583333333333,1.9515785076521883,0.341512144101498,-0.19007287145521332,0.6944427812842041,Caudal_m3s,z
1993-07-01,1993.5416666666667,1.2444125971020932,0.3355097068941064,-0.19610960955345502,0.687273957076684,Caudal_m3s,z
1993-08-01,1993.625,0.6397534198924091,0.32897974723823536,-0.2042229581288245,0.6797111133960617,Caudal_m3s,z
1993-09-01,1993.7083333333333,0.465073605315733,0.32195675830667664,-0.20947143031957557,0.6685451462801248,Caudal_m3s,z
1993-10-01,1993.7916666666667,0.4723966413835857,0.31447109863042666,-0.21604854569565363,0.6586105302461427,Caudal_m3s,z
1993-11-01,1993.875,-0.24617936887368413,0.30654672853926046,-0.22265360149105018,0.6589237650760759,Caudal_m3s,z
1993-12-01,1993.9583333333333,0.06533616655091037,0.29819732544003896,-0.22927347634528245,0.6611515558743954,Caudal_m3s,z
1994-01-01,1994.0416666666667,0.42475936589320645,0.2894264275875025,-0.23589177025342953,0.6576355799555593,Caudal_m3s,z
1994-02-01,1994.125,0.1279241150891559,0.2802337719069716,-0.24248994336375074,0.6534120114051873,Caudal_m3s,z
1994-03-01,1994.2083333333333,0.07715261179792317,0.2706163419019143,-0.24809481930440255,0.6510199448846555,Caudal_m3s,z
1994-04-01,1994.2916666666667,-0.1468669544263918,0.26056777678538845,-0.24673099438431095,0.6483223422969633,Caudal_m3s,z
1994-05-01,1994.375,0.10574561388262507,0.25007804463924005,-0.24110886875799895,0.6450290898896901,Caudal_m3s,z
1994-06-01,1994.4583333333333,-0.043467253416812526,0.23913355279326412,-0.23476031744689066,0.6443623674424288,Caudal_m3s,z
1994-07-01,1994.5416666666667,0.8282191869125701,0.2277158175140579,-0.2276891503456833,0.6467393164222176,Caudal_m3s,z
1994-08-01,1994.625,0.6148751222186712,0.21580448544977357,-0.22471937799351693,0.6464664536563023,Caudal_m3s,z
1994-09-01,1994.7083333333333,0.6340740828011475,0.20338246428488801,-0.2247139057219081,0.6392363544607507,Caudal_m3s,z
1994-10-01,1994.7916666666667,0.07809099670442446,0.19044129305948973,-0.22990357593763094,0.6292804016091501,Caudal_m3s,z
1994-11-01,1994.875,0.2580430548891054,0.1769877980691152,-0.23679080874937683,0.6186684856282567,Caudal_m3s,z
1994-12-01,1994.9583333333333,0.6860809857458303,0.16304048365481155,-0.24314120940519318,0.6074624404161475,Caudal_m3s,z
1995-01-01,1995.0416666666667,0.06288193848927821,0.14862846202314392,-0.2489053392027085,0.5951659813770223,Caudal_m3s,z
1995-02-01,1995.125,-0.09686945858989446,0.13379079530331053,-0.2540298455121125,0.5838304490830628,Caudal_m3s,z
1995-03-01,1995.2083333333333,0.12792492658592053,0.11857596387777371,-0.26073902315284814,0.5722700585218118,Caudal_m3s,z
1995-04-01,1995.2916666666667,0.14893151748309783,0.1030368731959173,-0.26565226200472813,0.5637647607428171,Caudal_m3s,z
1995-05-01,1995.375,0.07892487643768381,0.08722978609945582,-0.2666837226810147,0.5554733567266584,Caudal_m3s,z
1995-06-01,1995.4583333333333,0.011738246322850502,0.07121026661741044,-0.26743002980564384,0.5472664601544703,Caudal_m3s,z
1995-07-01,1995.5416666666667,-0.16705923693903332,0.055030518365832864,-0.2743581252302244,0.5509462691934054,Caudal_m3s,z
1995-08-01,1995.625,-0.16260566683108837,0.03873797575030214,-0.2720635627732616,0.5566289487581038,Caudal_m3s,z
1995-09-01,1995.7083333333333,0.43449256653265833,0.022380976984330836,-0.2799141439569189,0.5621843390053568,Caudal_m3s,z
1995-10-01,1995.7916666666667,-0.1481900066253367,0.006023015766891158,-0.27942816363775186,0.5607633578814564,Caudal_m3s,z
1995-11-01,1995.875,0.3750543124215011,-0.010252778029333503,-0.2786749379623329,0.5561156517773621,Caudal_m3s,z
1995-12-01,1995.9583333333333,0.06501586478661993,-0.02635978499089713,-0.2840595258498791,0.5511052132338762,Caudal_m3s,z
1996-01-01,1996.0416666666667,-0.5075105115713727,-0.042215125847066964,-0.2953733373269452,0.5457120529431181,Caudal_m3s,z
1996-02-01,1996.125,-0.350292469796791,-0.05773656604153623,-0.30829165593456803,0.5399244721945354,Caudal_m3s,z
1996-03-01,1996.2083333333333,0.09928854669375914,-0.07284687975168785,-0.32079667633404224,0.5337360492689563,Caudal_m3s,z
1996-04-01,1996.2916666666667,-0.14864789760701794,-0.08747460673767242,-0.33282206725249996,0.5273734700551648,Caudal_m3s,z
1996-05-01,1996.375,-0.6109044906462004,-0.10154943173228458,-0.34436770975326686,0.5206613434860096,Caudal_m3s,z
1996-06-01,1996.4583333333333,-0.9672746705346938,-0.1150004802899539,-0.3529425271307223,0.5135179909113164,Caudal_m3s,z
1996-07-01,1996.5416666666667,-0.8342558893562592,-0.12775523554486204,-0.3526936361914777,0.5059328104663736,Caudal_m3s,z
1996-08-01,1996.625,-0.9534092600995707,-0.13974546761023834,-0.35299168867457165,0.497679854856513,Caudal_m3s,z
1996-09-01,1996.7083333333333,-1.4835823765089473,-0.1509071080557504,-0.35534541335782577,0.4865483060782014,Caudal_m3s,z
1996-10-01,1996.7916666666667,-1.4661913236441297,-0.16118789112204823,-0.35561041032994506,0.4829844356849115,Caudal_m3s,z
1996-11-01,1996.875,-1.5968397492983573,-0.1705400254954912,-0.3557954848367676,0.48003440874469655,Caudal_m3s,z
1996-12-01,1996.9583333333333,-1.3235563437654028,-0.17892391169864116,-0.35200226585004746,0.4761606848866788,Caudal_m3s,z
1997-01-01,1997.0416666666667,-0.9800218554731774,-0.1863071021888756,-0.3596911573461502,0.46911569795962255,Caudal_m3s,z
1997-02-01,1997.125,-0.9110953995716675,-0.1926604315950648,-0.3681928327398461,0.4629078143684447,Caudal_m3s,z
1997-03-01,1997.2083333333333,-0.9083598629096881,-0.19795835441179419,-0.37274782335415446,0.4594727514879421,Caudal_m3s,z
1997-04-01,1997.2916666666667,-1.4068033027567948,-0.20217785326003504,-0.37657967198004083,0.45857473958817296,Caudal_m3s,z
1997-05-01,1997.375,-1.6818028953478077,-0.20530306246942795,-0.379738169639035,0.4529080510500236,Caudal_m3s,z
1997-06-01,1997.4583333333333,0.2348604744373198,-0.2073276878388764,-0.380927761976096,0.4486427914810583,Caudal_m3s,z
1997-07-01,1997.5416666666667,0.10662317491608025,-0.2082576022846405,-0.3809362848518274,0.4540308337301633,Caudal_m3s,z
1997-08-01,1997.625,0.7936454033168409,-0.20811717800827562,-0.38126233354073097,0.4607026645119601,Caudal_m3s,z
1997-09-01,1997.7083333333333,2.4317563047388577,-0.20694253549617347,-0.380471655437187,0.46278805859088107,Caudal_m3s,z
1997-10-01,1997.7916666666667,0.5764956774726554,-0.20477077659114556,-0.38331285825391626,0.4644143923777555,Caudal_m3s,z
1997-11-01,1997.875,1.0607289761258323,-0.20164255955568336,-0.3851004358043611,0.4670102824712996,Caudal_m3s,z
1997-12-01,1997.9583333333333,1.4240562506710608,-0.19759706374657832,-0.3786728259689204,0.46948339485012924,Caudal_m3s,z
1998-01-01,1998.0416666666667,2.4027596911582734,-0.19266794774300372,-0.37172448011499987,0.4717832006245386,Caudal_m3s,z
1998-02-01,1998.125,1.1502694285121677,-0.1868820468696606,-0.36444708166587686,0.47385862904486886,Caudal_m3s,z
1998-03-01,1998.2083333333333,1.2307499127241548,-0.18025819831716586,-0.35707946624589154,0.47566259491580765,Caudal_m3s,z
1998-04-01,1998.2916666666667,1.4653723358170117,-0.1728070344149866,-0.34997037579480067,0.47821998078656913,Caudal_m3s,z
1998-05-01,1998.375,0.8790411158951671,-0.16454300530967939,-0.3447438509300384,0.48179293351431957,Caudal_m3s,z
1998-06-01,1998.4583333333333,-0.031258344820541135,-0.1554767016145027,-0.3388538090925241,0.4862421540188344,Caudal_m3s,z
1998-07-01,1998.5416666666667,-0.4048840427616182,-0.14561178779306938,-0.3326669390298213,0.4908860762845782,Caudal_m3s,z
1998-08-01,1998.625,-0.6942943127435922,-0.13494693494245544,-0.3257646054812585,0.49572842466144773,Caudal_m3s,z
1998-09-01,1998.7083333333333,-1.4369060541558327,-0.12348175716600278,-0.3260138584673625,0.5011488946069703,Caudal_m3s,z
1998-10-01,1998.7916666666667,-1.0429529891223726,-0.11122040016464262,-0.3225662983920777,0.5068459378459232,Caudal_m3s,z
1998-11-01,1998.875,-1.0574008939207455,-0.09817929635016298,-0.31208113449951347,0.5070356801666409,Caudal_m3s,z
1998-12-01,1998.9583333333333,-0.8562680998420437,-0.08438977264253263,-0.2985182882459792,0.5026267210028318,Caudal_m3s,z
1999-01-01,1999.0416666666667,-0.79720966190182,-0.06989176239309883,-0.29524134607818336,0.5050953256339071,Caudal_m3s,z
1999-02-01,1999.125,-0.6976363178170019,-0.05473240198202903,-0.28946782182759817,0.5078531035110709,Caudal_m3s,z
1999-03-01,1999.2083333333333,-0.9052089343778642,-0.038969293250764786,-0.2843534697494855,0.5040253186563445,Caudal_m3s,z
1999-04-01,1999.2916666666667,-1.4859627577658048,-0.0226742721859965,-0.2807259947499522,0.49990594249634474,Caudal_m3s,z
1999-05-01,1999.375,-1.162124286614629,-0.005929032936391438,-0.27695260794617726,0.49707765959492656,Caudal_m3s,z
1999-06-01,1999.4583333333333,-1.2176457671104077,0.011176642818595452,-0.273038829853002,0.504762194293557,Caudal_m3s,z
1999-07-01,1999.5416666666667,-1.0049626120923156,0.028553412749541335,-0.26898351603211806,0.5081365318949177,Caudal_m3s,z
1999-08-01,1999.625,-0.8639561460595738,0.04611451016772676,-0.2647828828953547,0.5114493589539953,Caudal_m3s,z
1999-09-01,1999.7083333333333,-0.3905516692675662,0.06377463785173013,-0.2604290524386569,0.5216381263319008,Caudal_m3s,z
1999-10-01,1999.7916666666667,-0.26089065320815097,0.08144608226808141,-0.25591030767726525,0.5314816726623888,Caudal_m3s,z
1999-11-01,1999.875,-0.12888547545352871,0.09904083093804018,-0.2512153721376632,0.5408550326333981,Caudal_m3s,z
1999-12-01,1999.9583333333333,-0.46860687452129446,0.11647464578677205,-0.24633447127167582,0.5497331684018284,Caudal_m3s,z
2000-01-01,2000.0416666666667,-0.45051728186034534,0.13366380337387715,-0.23984212315186387,0.5598184491104382,Caudal_m3s,z
2000-02-01,2000.125,-0.5298847970654459,0.150523091851224,-0.2328366476830036,0.5712978897384646,Caudal_m3s,z
2000-03-01,2000.2083333333333,-0.625425015625652,0.16696893014307015,-0.224346763714553,0.5819457955858452,Caudal_m3s,z
2000-04-01,2000.2916666666667,-0.8362538692543092,0.1829218843486716,-0.21869184825202787,0.5917342770560381,Caudal_m3s,z
2000-05-01,2000.375,-0.46542881074484,0.19830778854786413,-0.2142290479228077,0.6013919048257687,Caudal_m3s,z
2000-06-01,2000.4583333333333,1.1103630792829973,0.21305787252228847,-0.20649608558788646,0.6102909360031976,Caudal_m3s,z
2000-07-01,2000.5416666666667,0.8521242576009226,0.2271067473948104,-0.1963295896600867,0.6192846089249177,Caudal_m3s,z
2000-08-01,2000.625,0.3296349152177441,0.24039157052674764,-0.18488881326721504,0.624545677923375,Caudal_m3s,z
2000-09-01,2000.7083333333333,0.2155967099801208,0.2528624498513148,-0.17562108357566333,0.6229209778386696,Caudal_m3s,z
2000-10-01,2000.7916666666667,1.2258195241765888,0.26449643923723837,-0.1659251180384839,0.6251184246728185,Caudal_m3s,z
2000-11-01,2000.875,0.6554291130788363,0.2753016682271006,-0.15581878275750904,0.6447726462933316,Caudal_m3s,z
2000-12-01,2000.9583333333333,1.6537126156673239,0.28531533399298836,-0.14955828173192423,0.6656013896839132,Caudal_m3s,z
2001-01-01,2001.0416666666667,1.2412021721342212,0.2945955441087853,-0.1442384850310852,0.6863620678895603,Caudal_m3s,z
2001-02-01,2001.125,1.5172397659119214,0.3032174505537119,-0.14005086809779863,0.7040828997009881,Caudal_m3s,z
2001-03-01,2001.2083333333333,1.0332608332736861,0.31127702521737344,-0.13685476222376006,0.7144129744849348,Caudal_m3s,z
2001-04-01,2001.2916666666667,0.8112804767505973,0.31888809054778233,-0.13255748071587942,0.719334392996768,Caudal_m3s,z
2001-05-01,2001.375,0.9464148083568582,0.3261743584238401,-0.12512958806793886,0.7235936591763261,Caudal_m3s,z
2001-06-01,2001.4583333333333,0.026424324779234974,0.3332632617616943,-0.11732778034580324,0.7271641778156376,Caudal_m3s,z
2001-07-01,2001.5416666666667,1.0297266738047728,0.34028394393675543,-0.1083585241140811,0.7376445895498988,Caudal_m3s,z
2001-08-01,2001.625,1.1866681277691673,0.3473630353526434,-0.09784378763512039,0.7510746396271956,Caudal_m3s,z
2001-09-01,2001.7083333333333,0.7048933305093213,0.3546115087283424,-0.08470793872184985,0.7635735958310832,Caudal_m3s,z
2001-10-01,2001.7916666666667,1.1700068015410414,0.36211820850329635,-0.0707247179485007,0.7676267878828957,Caudal_m3s,z
2001-11-01,2001.875,0.5819437822613903,0.3699583504090439,-0.056671942365460526,0.7723567063233089,Caudal_m3s,z
2001-12-01,2001.9583333333333,1.3801749089632676,0.37818827643620034,-0.04291586293489853,0.7760190305597745,Caudal_m3s,z
2002-01-01,2002.0416666666667,0.3810448356073551,0.3868466986185853,-0.03286425377729321,0.7806385950910378,Caudal_m3s,z
2002-02-01,2002.125,0.23928657566942177,0.39595813897103344,-0.025325967001015397,0.7894438162579936,Caudal_m3s,z
2002-03-01,2002.2083333333333,0.3556258501944618,0.405531038851388,-0.01813237991543431,0.7992055939480104,Caudal_m3s,z
2002-04-01,2002.2916666666667,0.04288444627307337,0.41554702021300394,-0.00873479521930032,0.8086064327982367,Caudal_m3s,z
2002-05-01,2002.375,0.243985243791944,0.4259555217933627,0.0020247305970493737,0.8172665021378221,Caudal_m3s,z
2002-06-01,2002.4583333333333,1.0946153566008492,0.4366862393883835,0.01252050399454891,0.8251582114775116,Caudal_m3s,z
2002-07-01,2002.5416666666667,0.32759184115072404,0.4476548121726639,0.020574473132890056,0.8328318832858145,Caudal_m3s,z
2002-08-01,2002.625,1.7875537874299352,0.4587632474157056,0.028816831745068012,0.8451878955930339,Caudal_m3s,z
2002-09-01,2002.7083333333333,1.912672309409519,0.46990312964428854,0.03580067081189482,0.8568679519262096,Caudal_m3s,z
2002-10-01,2002.7916666666667,1.510845617355675,0.4809554375204822,0.03861938849505778,0.8678611609666221,Caudal_m3s,z
2002-11-01,2002.875,1.647481079114369,0.49179551914020536,0.04341686822501192,0.8781733973710854,Caudal_m3s,z
2002-12-01,2002.9583333333333,1.5550596722658607,0.5022955765584839,0.04807959990479526,0.8878499804348163,Caudal_m3s,z
2003-01-01,2003.0416666666667,1.973174043913102,0.512327266043414,0.04779419258886986,0.8973125356496011,Caudal_m3s,z
2003-02-01,2003.125,1.9766530127329864,0.5217692826980339,0.04744597356230981,0.9018530904606167,Caudal_m3s,z
2003-03-01,2003.2083333333333,2.543945715545901,0.5305086670962487,0.0476800560859302,0.903825567878418,Caudal_m3s,z
2003-04-01,2003.2916666666667,1.6561677376913249,0.5384436985516443,0.048505852498366815,0.905018937487261,Caudal_m3s,z
2003-05-01,2003.375,0.9037161943445112,0.5454859702413197,0.04980029103644849,0.9054273046187639,Caudal_m3s,z
2003-06-01,2003.4583333333333,0.6627030974197066,0.5515565393787605,0.05110426051903555,0.9050403356429224,Caudal_m3s,z
2003-07-01,2003.5416666666667,0.5876361037028678,0.5565841197357617,0.05345106621916653,0.9038532965948272,Caudal_m3s,z
2003-08-01,2003.625,-0.10985823788349154,0.5605090325352475,0.05571776494228653,0.9018684657877624,Caudal_m3s,z
2003-09-01,2003.7083333333333,0.03307619429587301,0.5632996048798727,0.055946134414688625,0.8990951428506591,Caudal_m3s,z
2003-10-01,2003.7916666666667,0.32675573643268074,0.5649514234839458,0.05345076175542883,0.8955495510865158,Caudal_m3s,z
2003-11-01,2003.875,0.07998244560067644,0.5654739706357682,0.05892256454756206,0.8913602414208777,Caudal_m3s,z
2003-12-01,2003.9583333333333,-0.4109525569490108,0.564892528103653,0.060544743406368985,0.8906537777775,Caudal_m3s,z
2004-01-01,2004.0416666666667,0.042175055722295955,0.5632468362723827,0.06179803431446658,0.8946542166245709,Caudal_m3s,z
2004-02-01,2004.125,-0.06537897951847549,0.5605918481854077,0.061936988711879325,0.8947786167798688,Caudal_m3s,z
2004-03-01,2004.2083333333333,-0.019241970723955712,0.556998888265182,0.0592920271882531,0.8943115568542704,Caudal_m3s,z
2004-04-01,2004.2916666666667,-0.04988650304501006,0.5525482090326769,0.05829912582878255,0.8945523081556296,Caudal_m3s,z
2004-05-01,2004.375,-0.40213187037477893,0.54731947195316,0.06207546468676062,0.897228497821353,Caudal_m3s,z
2004-06-01,2004.4583333333333,-0.4477767627281243,0.5413904470955613,0.06556966605393144,0.8960960876755997,Caudal_m3s,z
2004-07-01,2004.5416666666667,-0.34573431657120707,0.5348396397273394,0.06313816934125924,0.8950074814689922,Caudal_m3s,z
2004-08-01,2004.625,-0.598451690557881,0.5277456051334113,0.05612749277068982,0.8941355617270268,Caudal_m3s,z
2004-09-01,2004.7083333333333,-0.2394169565448953,0.5201853432699074,0.04807382783590872,0.8934749225715012,Caudal_m3s,z
2004-10-01,2004.7916666666667,-0.7132571687200893,0.5122329478842471,0.04394924866718786,0.8934299617951147,Caudal_m3s,z
2004-11-01,2004.875,-0.7136026000501983,0.5039611691857855,0.04009664930602203,0.889215270103696,Caudal_m3s,z
2004-12-01,2004.9583333333333,-0.5099258021147643,0.49544449014667896,0.0391760831878894,0.8834091317341467,Caudal_m3s,z
2005-01-01,2005.0416666666667,-0.41912827703103117,0.48676063019285315,0.03721945898845357,0.8788559538730085,Caudal_m3s,z
2005-02-01,2005.125,-0.5411556838692901,0.4779783569455364,0.035758362189929276,0.8757822500524411,Caudal_m3s,z
2005-03-01,2005.2083333333333,-0.4926226454461486,0.46915359406334,0.034783628293667365,0.8707948021104862,Caudal_m3s,z
2005-04-01,2005.2916666666667,-0.8649108640698429,0.46033169700967047,0.032658937113716306,0.8697426432868223,Caudal_m3s,z
2005-05-01,2005.375,-0.5546882249616044,0.4515510551934127,0.030737113712144156,0.8676235697102067,Caudal_m3s,z
2005-06-01,2005.4583333333333,1.8179489557538646,0.44285672452857333,0.02535490863398471,0.8643593037755265,Caudal_m3s,z
2005-07-01,2005.5416666666667,1.3299191961027395,0.43430197312112284,0.020564085794447403,0.8583514765536636,Caudal_m3s,z
2005-08-01,2005.625,2.292732771886817,0.42593482481496814,0.016215684951892465,0.8521712776277907,Caudal_m3s,z
2005-09-01,2005.7083333333333,2.2992921209574324,0.4177919031077187,0.012255338136767772,0.8487559121119557,Caudal_m3s,z
2005-10-01,2005.7916666666667,1.6555090665686545,0.4099013029640999,0.00862349468203931,0.8428110101107537,Caudal_m3s,z
2005-11-01,2005.875,1.8430651134438822,0.4022788886776374,0.0009229954159385642,0.8357758961595841,Caudal_m3s,z
2005-12-01,2005.9583333333333,2.0022009352153494,0.3949342056994866,-0.00985694423255103,0.8314926803359302,Caudal_m3s,z
2006-01-01,2006.0416666666667,2.848779372345495,0.3878713487586345,-0.021368209250014814,0.8242357850944175,Caudal_m3s,z
2006-02-01,2006.125,2.7010692665618135,0.3810921989575678,-0.031824476938704764,0.8159968408923297,Caudal_m3s,z
2006-03-01,2006.2083333333333,2.0963285152897946,0.37459499300709154,-0.04245086732299529,0.8069027173284518,Caudal_m3s,z
2006-04-01,2006.2916666666667,1.7852944926277112,0.36837259757258267,-0.05539113619344697,0.796926576675731,Caudal_m3s,z
2006-05-01,2006.375,0.9728064140026809,0.36241234176357223,-0.06473747062910727,0.7845656420501989,Caudal_m3s,z
2006-06-01,2006.4583333333333,0.19894151146568054,0.35669026315015606,-0.07198763989755759,0.7710625359696287,Caudal_m3s,z
2006-07-01,2006.5416666666667,2.5895325362197794,0.3511801018712563,-0.07930038655738365,0.7568425268259857,Caudal_m3s,z
2006-08-01,2006.625,0.7833134326982397,0.3458570691005835,-0.08921568589260959,0.7419540980138827,Caudal_m3s,z
2006-09-01,2006.7083333333333,0.787944993730725,0.3406934829105597,-0.09482357214392405,0.7264561413669249,Caudal_m3s,z
2006-10-01,2006.7916666666667,1.3320689628890952,0.33566101746913163,-0.101945426689671,0.7105387845085009,Caudal_m3s,z
2006-11-01,2006.875,1.2534866515777507,0.33072954896000323,-0.11052569736219005,0.6941901462746772,Caudal_m3s,z
2006-12-01,2006.9583333333333,0.6005604146802764,0.3258712121723367,-0.12139768362741915,0.6774361002455946,Caudal_m3s,z
2007-01-01,2007.0416666666667,0.02994813446941073,0.32105348557268515,-0.1324588096717133,0.6648974415574194,Caudal_m3s,z
2007-02-01,2007.125,0.06923312307917781,0.31623655284469393,-0.1454276850953919,0.654169866334533,Caudal_m3s,z
2007-03-01,2007.2083333333333,0.41465942298186165,0.3113719499567662,-0.1584477017991026,0.6429305168686021,Caudal_m3s,z
2007-04-01,2007.2916666666667,-0.11642901643023136,0.3063967774188844,-0.17303632650520642,0.6365553758249171,Caudal_m3s,z
2007-05-01,2007.375,0.03923018501917121,0.3012328251459772,-0.18451479767297962,0.630977185689366,Caudal_m3s,z
2007-06-01,2007.4583333333333,-0.16201752529365235,0.29579355391635737,-0.19745090081323566,0.6228543823852087,Caudal_m3s,z
2007-07-01,2007.5416666666667,-0.031137456807182412,0.2899797445030042,-0.21022942377275014,0.609831871796832,Caudal_m3s,z
2007-08-01,2007.625,-0.3031748460367977,0.28368819605864254,-0.21862231720124034,0.5958508448149574,Caudal_m3s,z
2007-09-01,2007.7083333333333,-0.36876938550277943,0.2768178070270456,-0.2264120245722119,0.5840428120567089,Caudal_m3s,z
2007-10-01,2007.7916666666667,0.014111631378508564,0.26926715687692254,-0.23609726147540458,0.574146752336569,Caudal_m3s,z
2007-11-01,2007.875,-0.40993860224148687,0.26093549280231926,-0.24542219322960337,0.5546660365280673,Caudal_m3s,z
2007-12-01,2007.9583333333333,-0.6481304909618881,0.2517231788275022,-0.2543825173397173,0.5378765194240968,Caudal_m3s,z
2008-01-01,2008.0416666666667,-0.5382750231108894,0.2415385302687432,-0.2629815180612858,0.5280239191401094,Caudal_m3s,z
2008-02-01,2008.125,-0.5643968165827363,0.2303053138176983,-0.2712292212918301,0.5172992189780652,Caudal_m3s,z
2008-03-01,2008.2083333333333,-0.6631434836389509,0.2179753324802747,-0.27913413738237575,0.500466119410867,Caudal_m3s,z
2008-04-01,2008.2916666666667,-0.7214639860666641,0.20453091917596936,-0.2867101031884223,0.4885854810058649,Caudal_m3s,z
2008-05-01,2008.375,2.3425951167907124,0.189981489328435,-0.2946819564467062,0.47622829505635195,Caudal_m3s,z
2008-06-01,2008.4583333333333,1.674450044571601,0.17435910538183066,-0.3039564424279938,0.4634281188750191,Caudal_m3s,z
2008-07-01,2008.5416666666667,0.139875741194109,0.15771155042130905,-0.31301373944438254,0.45021066435307255,Caudal_m3s,z
2008-08-01,2008.625,0.7933735093531936,0.14009365629136275,-0.3221050174436967,0.43665124093185254,Caudal_m3s,z
2008-09-01,2008.7083333333333,0.5751653449348031,0.1215699535965218,-0.3279907259947699,0.42408853171805194,Caudal_m3s,z
2008-10-01,2008.7916666666667,0.6377821522405868,0.10221952721775204,-0.33944852548485605,0.4090970343663563,Caudal_m3s,z
2008-11-01,2008.875,1.7701450544019541,0.08213405207098398,-0.3515453252478297,0.3950385350299758,Caudal_m3s,z
2008-12-01,2008.9583333333333,0.9227839895564834,0.06141401979604553,-0.36524669556228884,0.37887100775013716,Caudal_m3s,z
2009-01-01,2009.0416666666667,0.20191386563901637,0.040167559966536016,-0.38050478989452874,0.36371894483980644,Caudal_m3s,z
2009-02-01,2009.125,0.1742964090459541,0.018509745665641997,-0.3958050495136305,0.35476674343238157,Caudal_m3s,z
2009-03-01,2009.2083333333333,0.4172543053021866,-0.003438052930080626,-0.4109695909893018,0.34366478039009996,Caudal_m3s,z
2009-04-01,2009.2916666666667,0.3573018696163838,-0.025550012373705168,-0.42579773202614324,0.329794700406213,Caudal_m3s,z
2009-05-01,2009.375,0.09265709400949439,-0.04770028340558759,-0.4361063722381774,0.31853845271090586,Caudal_m3s,z
2009-06-01,2009.4583333333333,-0.2110301003830323,-0.06976639228201015,-0.4472524335074107,0.30875295342362835,Caudal_m3s,z
2009-07-01,2009.5416666666667,-0.213449376253482,-0.09163002032404445,-0.4595139570810084,0.29687343934647165,Caudal_m3s,z
2009-08-01,2009.625,0.10928829681631835,-0.11317840786803375,-0.4783276939936417,0.28290103780182196,Caudal_m3s,z
2009-09-01,2009.7083333333333,0.7668601722539733,-0.13430530508141816,-0.49774153102561136,0.26697203492429367,Caudal_m3s,z
2009-10-01,2009.7916666666667,-0.35228276470418857,-0.1549152421762941,-0.5136997844717512,0.2548315099998073,Caudal_m3s,z
2009-11-01,2009.875,-0.4105038740170054,-0.17492698275144836,-0.5263142218907237,0.2447909985042833,Caudal_m3s,z
2009-12-01,2009.9583333333333,0.08807759181553272,-0.19427412402367789,-0.5370503272403486,0.23799560008785522,Caudal_m3s,z
2010-01-01,2010.0416666666667,0.18975268052190014,-0.21290767962003174,-0.5499195502498656,0.23219650517371873,Caudal_m3s,z
2010-02-01,2010.125,0.23928657566942177,-0.23079430565929032,-0.5568350713584607,0.22777428318320572,Caudal_m3s,z
2010-03-01,2010.2083333333333,0.7080664739157813,-0.2479221300991818,-0.5634397838603257,0.2209375710419912,Caudal_m3s,z
2010-04-01,2010.2916666666667,0.43825383237212756,-0.2643083308622823,-0.5700521428982198,0.21548417438940798,Caudal_m3s,z
2010-05-01,2010.375,0.23684537851349738,-0.279997953940175,-0.5811782748795993,0.20785568293667558,Caudal_m3s,z
2010-06-01,2010.4583333333333,-0.060807442437603706,-0.2950476335425841,-0.5958017212400779,0.20023740713068455,Caudal_m3s,z
2010-07-01,2010.5416666666667,-0.3898667547650892,-0.3071534281168239,-0.5980079994625853,0.19205552292345754,Caudal_m3s,z
2010-08-01,2010.625,-0.41437947716858675,-0.31883905566407045,-0.6036798538447177,0.18166634541017027,Caudal_m3s,z
2010-09-01,2010.7083333333333,-0.6607914804085286,-0.330257760742553,-0.6139604595658491,0.17738582197386701,Caudal_m3s,z
2010-10-01,2010.7916666666667,-0.5878495975442429,-0.34153594257627173,-0.6239981926254946,0.16580521690649175,Caudal_m3s,z
2010-11-01,2010.875,-0.7811525772246973,-0.3550122208120582,-0.631263994678127,0.15573670264840908,Caudal_m3s,z
2010-12-01,2010.9583333333333,-0.9191753663486911,-0.3682129413235186,-0.635911568894809,0.14848001215658768,Caudal_m3s,z
2011-01-01,2011.0416666666667,-0.8669885700197616,-0.38117692043690987,-0.6431908521214804,0.14002113630100083,Caudal_m3s,z
2011-02-01,2011.125,-0.7861574068386219,-0.39393355008967584,-0.6505166565463966,0.12977220747963888,Caudal_m3s,z
2011-03-01,2011.2083333333333,-0.7881612068574787,-0.40650296051607543,-0.6576096734237699,0.11954536642873904,Caudal_m3s,z
2011-04-01,2011.2916666666667,-1.0271385974323544,-0.4188990809902137,-0.6673860636987186,0.10918692373353966,Caudal_m3s,z
2011-05-01,2011.375,-1.1112721684190208,-0.431126940897564,-0.6772801342310273,0.09868732606327993,Caudal_m3s,z
2011-06-01,2011.4583333333333,-1.4335134263488323,-0.44318019208041354,-0.69094661242119,0.08774657570788603,Caudal_m3s,z
2011-07-01,2011.5416666666667,-1.2107607526978124,-0.45503919881155147,-0.7043188698027824,0.07377111644011686,Caudal_m3s,z
2011-08-01,2011.625,-1.191588372254699,-0.4666708074594811,-0.719171810779757,0.05978536454462796,Caudal_m3s,z
2011-09-01,2011.7083333333333,-1.1338318645319894,-0.478032634415097,-0.7339487482915519,0.04580974698490907,Caudal_m3s,z
2011-10-01,2011.7916666666667,-0.8948684448266541,-0.48907950975359776,-0.7410714438767922,0.03185863348267655,Caudal_m3s,z
2011-11-01,2011.875,-1.0004214989484486,-0.49975996003907186,-0.7487375178398316,0.017943069072156467,Caudal_m3s,z
2011-12-01,2011.9583333333333,-0.9412761880847331,-0.5100176440874173,-0.7568343662691293,0.0048275055400059195,Caudal_m3s,z
2012-01-01,2012.0416666666667,-0.980810689102396,-0.519790406384122,-0.7710411950941096,-0.0021199874121848906,Caudal_m3s,z
2012-02-01,2012.125,-0.833785307485719,-0.5290084609579708,-0.7803020971406889,-0.009170592943345105,Caudal_m3s,z
2012-03-01,2012.2083333333333,-0.5680595814727472,-0.5375977943038206,-0.7922495809865792,-0.013906249833712366,Caudal_m3s,z
2012-04-01,2012.2916666666667,-0.8435395459023264,-0.5454855180284383,-0.8014269973143098,-0.013084798467269445,Caudal_m3s,z
2012-05-01,2012.375,-0.366513931047897,-0.5526047887309452,-0.8083177987655741,-0.012565430210139748,Caudal_m3s,z
2012-06-01,2012.4583333333333,-0.7993579421598869,-0.5588972852360959,-0.8154635649862436,-0.012394601662245697,Caudal_m3s,z
2012-07-01,2012.5416666666667,-0.7688234202285249,-0.5643150138299673,-0.8207669476736009,-0.012645985710770425,Caudal_m3s,z
2012-08-01,2012.625,-1.1075731374876503,-0.5688249643576866,-0.8284288967577504,-0.0144535554402138,Caudal_m3s,z
2012-09-01,2012.7083333333333,-1.0078057941785803,-0.5724102038224088,-0.8351977390529035,-0.014436499894298757,Caudal_m3s,z
2012-10-01,2012.7916666666667,-1.2692339924521343,-0.5750690081205738,-0.8437120322800001,-0.022178423780879464,Caudal_m3s,z
2012-11-01,2012.875,-0.2755169740231108,-0.5768146424570719,-0.8510923961897662,-0.030816217966116832,Caudal_m3s,z
2012-12-01,2012.9583333333333,-0.5677723007456225,-0.5776750739956146,-0.8570451958939685,-0.03568146664193479,Caudal_m3s,z
2013-01-01,2013.0416666666667,-0.33515036358715855,-0.577692947904647,-0.8646128408671456,-0.035926451071611715,Caudal_m3s,z
2013-02-01,2013.125,-0.5165602673626503,-0.5769207426898353,-0.8729429106575142,-0.03663910196931999,Caudal_m3s,z
2013-03-01,2013.2083333333333,-0.6820490548298924,-0.5754235021100425,-0.8838702599675174,-0.037848703570679744,Caudal_m3s,z
2013-04-01,2013.2916666666667,-0.996700659436195,-0.5732789448942721,-0.89446135104216,-0.04170484741497877,Caudal_m3s,z
2013-05-01,2013.375,-0.9662256203167794,-0.5705771845607412,-0.9047782681247283,-0.04469612753509143,Caudal_m3s,z
2013-06-01,2013.4583333333333,-0.5564183551645118,-0.567415294551253,-0.9081595224207155,-0.044795592711740675,Caudal_m3s,z
2013-07-01,2013.5416666666667,-0.5739051515388807,-0.5638932467889826,-0.9083830177068041,-0.046177051771092964,Caudal_m3s,z
2013-08-01,2013.625,-0.46304849666147263,-0.560110774258231,-0.907932590179486,-0.05000163092389022,Caudal_m3s,z
2013-09-01,2013.7083333333333,-0.5761302888301211,-0.5561617071646281,-0.9078061265023434,-0.05465791885777674,Caudal_m3s,z
2013-10-01,2013.7916666666667,-0.480329466372434,-0.5521315546236352,-0.9135671831004034,-0.05759625890299345,Caudal_m3s,z
2013-11-01,2013.875,-0.5811594230461382,-0.5480965687154516,-0.9223340964445688,-0.06263303705389993,Caudal_m3s,z
2013-12-01,2013.9583333333333,-0.5432371856009729,-0.5441201235583337,-0.9289137218161879,-0.07001994064565996,Caudal_m3s,z
2014-01-01,2014.0416666666667,-0.5426793442073586,-0.5402518020666601,-0.9359287076195459,-0.07554140863520868,Caudal_m3s,z
2014-02-01,2014.125,-0.6993731239940084,-0.5365276339345945,-0.9473769337610086,-0.08126777165767894,Caudal_m3s,z
2014-03-01,2014.2083333333333,-0.6284832697888922,-0.5329720322029152,-0.9588215198903002,-0.08460469104756427,Caudal_m3s,z
2014-04-01,2014.2916666666667,-0.6390895816796401,-0.5296003250431395,-0.9622860938961618,-0.0902732154533235,Caudal_m3s,z
2014-05-01,2014.375,-0.6048966454585338,-0.5264269799012562,-0.9660240004762949,-0.0980381595127181,Caudal_m3s,z
2014-06-01,2014.4583333333333,-0.6409960118169438,-0.5234684792482247,-0.9708498389484176,-0.10641093657667042,Caudal_m3s,z
2014-07-01,2014.5416666666667,-0.6745822761686733,-0.5207409272994475,-0.975634184425153,-0.11411403747067907,Caudal_m3s,z
2014-08-01,2014.625,-0.6556853699056602,-0.5182569656881404,-0.9803524832018208,-0.12255015431290096,Caudal_m3s,z
2014-09-01,2014.7083333333333,-1.0678412018948273,-0.5160263177179976,-0.9849963886826548,-0.13143596025969764,Caudal_m3s,z
2014-10-01,2014.7916666666667,-0.16617519220316657,-0.5140614020510754,-0.9895608991181836,-0.13834760961749962,Caudal_m3s,z
2014-11-01,2014.875,-0.5755632324685012,-0.5123771777721438,-0.9940427931090121,-0.1407746390471247,Caudal_m3s,z
2014-12-01,2014.9583333333333,-0.9518781764827476,-0.5109883798414988,-0.9984398659018284,-0.14739644311330416,Caudal_m3s,z
2015-01-01,2015.0416666666667,-0.8457229300987497,-0.5099048463764787,-1.0027509867220528,-0.15579062873583407,Caudal_m3s,z
2015-02-01,2015.125,-0.8893012833505218,-0.509137074204029,-1.0069784104046966,-0.16450488355807233,Caudal_m3s,z
2015-03-01,2015.2083333333333,-0.8899345134468591,-0.5086995979597908,-1.0103688487017068,-0.1726801419233833,Caudal_m3s,z
2015-12-01,2015.9583333333333,0.1156909754948895,-0.5735260015469784,-1.0461258856509799,-0.26280804919987094,Caudal_m3s,z
2016-01-01,2016.0416666666667,-0.08929721581409938,-0.5803784694220114,-1.0554863529037288,-0.2705902229969063,Caudal_m3s,z
2016-02-01,2016.125,-0.06970650547675643,-0.5870775445889385,-1.0628947103429334,-0.2744063472679384,Caudal_m3s,z
2016-03-01,2016.2083333333333,0.18195408346983558,-0.5936351362897613,-1.0702210780508947,-0.2769242960241342,Caudal_m3s,z
2016-04-01,2016.2916666666667,2.0197313767683474,-0.6000649184151177,-1.0774685606718388,-0.2691378295675276,Caudal_m3s,z
2016-05-01,2016.375,1.0745106503938975,-0.6063812857846317,-1.0840290189594202,-0.26485513589609005,Caudal_m3s,z
2016-06-01,2016.4583333333333,0.8054942457847956,-0.6125986245425772,-1.0892744119039042,-0.2606168429440692,Caudal_m3s,z
2016-07-01,2016.5416666666667,0.30384000809498907,-0.6187312498187796,-1.0938487720253702,-0.2564499008773192,Caudal_m3s,z
2016-08-01,2016.625,0.2513528928220879,-0.6247932170590429,-1.1003073918165234,-0.26170355253173905,Caudal_m3s,z
2016-09-01,2016.7083333333333,0.3641561773315853,-0.6307980731350453,-1.1074716648788414,-0.2660243728357917,Caudal_m3s,z
2016-10-01,2016.7916666666667,-0.21416826893531066,-0.6367587977890427,-1.1183271574530955,-0.27080213999364317,Caudal_m3s,z
2016-11-01,2016.875,-0.15008316703548455,-0.6426877989504094,-1.12685819394455,-0.2732358108959219,Caudal_m3s,z
2016-12-01,2016.9583333333333,-0.21204516132463228,-0.6485967265498555,-1.133361642463697,-0.26644749521834915,Caudal_m3s,z
2017-01-01,2017.0416666666667,0.08161673718321459,-0.6544965313957797,-1.1396088042233463,-0.25914121050851957,Caudal_m3s,z
2017-02-01,2017.125,0.2336839750984331,-0.6603975696138626,-1.1511727508201524,-0.25837204390982493,Caudal_m3s,z
2017-03-01,2017.2083333333333,-0.18716792659643228,-0.666309821577637,-1.1596635161956481,-0.26057312622150186,Caudal_m3s,z
2017-04-01,2017.2916666666667,-0.10331479846380098,-0.6722429847679959,-1.168190436351323,-0.26284726552044463,Caudal_m3s,z
2017-05-01,2017.375,0.11852338314260152,-0.6782063662810829,-1.1767570137662584,-0.26519160288792265,Caudal_m3s,z
2017-06-01,2017.4583333333333,-0.05886109469037227,-0.6842089532323329,-1.1884191074961163,-0.2694213204597969,Caudal_m3s,z
2017-07-01,2017.5416666666667,-0.16430095955191587,-0.6902595327026966,-1.2001376378918613,-0.27577346509891365,Caudal_m3s,z
2017-08-01,2017.625,-0.41859383360512165,-0.6963666619362175,-1.2103894819008638,-0.27566489646959746,Caudal_m3s,z
2017-09-01,2017.7083333333333,-0.5296149193127074,-0.7025386098181486,-1.2206008516384934,-0.2776472261978514,Caudal_m3s,z
2017-10-01,2017.7916666666667,-0.39665925520600803,-0.7087832556648102,-1.2308788736184273,-0.2689747209013932,Caudal_m3s,z
2017-11-01,2017.875,-0.5784461185236479,-0.7151080696245855,-1.2413693232870948,-0.26267597031708595,Caudal_m3s,z
2017-12-01,2017.9583333333333,-0.5269017956221591,-0.7215201837808891,-1.2556219935119002,-0.25780839072060246,Caudal_m3s,z
2018-01-01,2018.0416666666667,-0.6986054582495235,-0.7280263650949028,-1.271188035799724,-0.24799756382409585,Caudal_m3s,z
2018-02-01,2018.125,-0.4603101576299245,-0.7346330344001675,-1.2867663975550039,-0.23766251314769898,Caudal_m3s,z
2018-03-01,2018.2083333333333,-0.9471904233459837,-0.7413462530291657,-1.298844438211036,-0.22727525830762993,Caudal_m3s,z
2018-04-01,2018.2916666666667,-0.9704722235033332,-0.7481717880441329,-1.310898814346393,-0.21683479230942548,Caudal_m3s,z
2018-05-01,2018.375,-1.5916852175328053,-0.7551149368168543,-1.3245265071534185,-0.20634000593278504,Caudal_m3s,z
2018-06-01,2018.4583333333333,-1.3121321032032918,-0.7621804332702518,-1.3406595727218544,-0.2029639142238192,Caudal_m3s,z
2018-07-01,2018.5416666666667,-1.1673945026670192,-0.7693722608054374,-1.355302075178639,-0.19981955936969356,Caudal_m3s,z
2018-08-01,2018.625,-1.0072442649017572,-0.7766937524359248,-1.369480361273997,-0.19397579069656098,Caudal_m3s,z
2018-09-01,2018.7083333333333,-1.0530335410103908,-0.7841477329852696,-1.3829756059616172,-0.18291216711043073,Caudal_m3s,z
2018-10-01,2018.7916666666667,-1.239910320314368,-0.7917366312604524,-1.3965452552890307,-0.171776730237781,Caudal_m3s,z
2018-11-01,2018.875,-0.9808630955154969,-0.7994624791542909,-1.4101902761361975,-0.16057209379254425,Caudal_m3s,z
2018-12-01,2018.9583333333333,-0.824077772530852,-0.8073268747877093,-1.4239112371272413,-0.14930085657192688,Caudal_m3s,z
2019-01-01,2019.0416666666667,-0.7301588034182582,-0.8153311248055899,-1.437708257352357,-0.13796554374175266,Caudal_m3s,z
2019-02-01,2019.125,-0.6265953425768664,-0.823476382072568,-1.4530437463189987,-0.12656889594779716,Caudal_m3s,z
2019-03-01,2019.2083333333333,-0.753593667376003,-0.8317637399848629,-1.468468899673955,-0.11511355484315448,Caudal_m3s,z
2019-04-01,2019.2916666666667,-0.7779684560701735,-0.8401942930350049,-1.4840321576985624,-0.10360193172467337,Caudal_m3s,z
2019-05-01,2019.375,-1.373870790253946,-0.8487690948139173,-1.4996131991324828,-0.09203642302799554,Caudal_m3s,z
2019-06-01,2019.4583333333333,-1.708029851432477,-0.8574890683199592,-1.5154076662827407,-0.08041957724086718,Caudal_m3s,z
2019-07-01,2019.5416666666667,-1.6202913906211207,-0.8663546850624515,-1.5325423944316674,-0.06875380373112634,Caudal_m3s,z
2019-08-01,2019.625,-1.26432000753038,-0.8753657823449675,-1.5497098402741951,-0.057041150782422945,Caudal_m3s,z
2019-09-01,2019.7083333333333,-1.022421921188533,-0.884521623202571,-1.5669087965052864,-0.04528349565672265,Caudal_m3s,z
2019-10-01,2019.7916666666667,-1.5581650213042328,-0.8938211185015268,-1.5841764004976429,-0.0334833893228575,Caudal_m3s,z
2019-11-01,2019.875,-1.374282076384638,-0.9032629455506923,-1.6042053355782617,-0.021644151999652035,Caudal_m3s,z
2019-12-01,2019.9583333333333,-1.26288830689291,-0.9128453463847268,-1.624564063566467,-0.009769688945846554,Caudal_m3s,z
2020-01-01,2020.0416666666667,-0.9427902228967857,-0.9225661798625543,-1.6449406099048278,0.0021358793870772073,Caudal_m3s,z
2020-02-01,2020.125,-1.098027829083561,-0.9324230655691499,-1.6664087111011165,0.014068540619119541,Caudal_m3s,z
2020-03-01,2020.2083333333333,-1.1314474564501655,-0.9424135756821019,-1.6845314340716493,0.02602477090929633,Caudal_m3s,z
2020-04-01,2020.2916666666667,-1.5135789416316217,-0.9525352010525746,-1.7007891693498962,0.038001807270080006,Caudal_m3s,z
2000-06-01,2000.4583333333333,-9.396668767326672,-1.545634291899606,,,Temp_C,X
2000-07-01,2000.5416666666667,-8.287654670362201,-1.525000955379439,,,Temp_C,X
2000-08-01,2000.625,-6.9651773518074265,-1.504650771725754,,,Temp_C,X
2000-09-01,2000.7083333333333,-7.171085817285359,-1.4845742185420767,,,Temp_C,X
2000-10-01,2000.7916666666667,-2.3711805412622766,-1.4647558250024986,,,Temp_C,X
2000-11-01,2000.875,-1.5089186937671002,-1.4451749809804055,,,Temp_C,X
2000-12-01,2000.9583333333333,4.990259360240486,-1.4258091211644728,,,Temp_C,X
2001-01-01,2001.0416666666667,7.706072475316432,-1.4066360700519733,,,Temp_C,X
2001-02-01,2001.125,11.266645274456494,-1.3876385724070588,,,Temp_C,X
2001-03-01,2001.2083333333333,6.342576081482889,-1.3688069250025023,,,Temp_C,X
2001-04-01,2001.2916666666667,0.2078824072424367,-1.350140062025842,,,Temp_C,X
2001-05-01,2001.375,-7.334816577259062,-1.3316433006715862,,,Temp_C,X
2001-06-01,2001.4583333333333,-8.569062445259192,-1.3133233761549188,,,Temp_C,X
2001-07-01,2001.5416666666667,-7.938229287277863,-1.2951829225617564,,,Temp_C,X
2001-08-01,2001.625,-6.83254260465435,-1.2772187455941444,,,Temp_C,X
2001-09-01,2001.7083333333333,-6.743234229298935,-1.259422019225886,,,Temp_C,X
2001-10-01,2001.7916666666667,-1.2308081217034328,-1.241778828637448,,,Temp_C,X
2001-11-01,2001.875,-0.2863064771124186,-1.2242710206897895,,,Temp_C,X
2001-12-01,2001.9583333333333,7.132049126993934,-1.2068793553833723,,,Temp_C,X
2002-01-01,2002.0416666666667,7.266730250582725,-1.1895857467950668,,,Temp_C,X
2002-02-01,2002.125,8.548259004612703,-1.1723772465263438,,,Temp_C,X
2002-03-01,2002.2083333333333,6.599918125185923,-1.1552473434294406,,,Temp_C,X
2002-04-01,2002.2916666666667,-0.5966963727620396,-1.1381965083764507,,,Temp_C,X
2002-05-01,2002.375,-5.00130072111034,-1.121230968978412,,,Temp_C,X
2002-06-01,2002.4583333333333,-7.749745177699708,-1.1043585293433125,,,Temp_C,X
2002-07-01,2002.5416666666667,-9.065376234096163,-1.0875849818919459,,,Temp_C,X
2002-08-01,2002.625,-7.101206208075439,-1.070911923320102,,,Temp_C,X
2002-09-01,2002.7083333333333,-5.928427074854142,-1.0543358316926963,,,Temp_C,X
2002-10-01,2002.7916666666667,-2.306554036940156,-1.037848600063072,,,Temp_C,X
2002-11-01,2002.875,-0.3764511848910388,-1.0214384733977815,,,Temp_C,X
2002-12-01,2002.9583333333333,3.41306009234097,-1.0050921111322049,,,Temp_C,X
2003-01-01,2003.0416666666667,7.376333848306672,-0.9887965327735092,,,Temp_C,X
2003-02-01,2003.125,8.211645693224739,-0.9725419551538682,,,Temp_C,X
2003-03-01,2003.2083333333333,8.000078283765333,-0.9563245673374304,,,Temp_C,X
2003-04-01,2003.2916666666667,3.3747656542824984,-0.9401479323156319,,,Temp_C,X
2003-05-01,2003.375,-1.135881493987597,-0.9240232730546653,,,Temp_C,X
2003-06-01,2003.4583333333333,-5.069272973236991,-0.9079674722684123,,,Temp_C,X
2003-07-01,2003.5416666666667,-8.565587090633642,-0.891999892078705,,,Temp_C,X
2003-08-01,2003.625,-6.144301851588523,-0.876139065252018,,,Temp_C,X
2003-09-01,2003.7083333333333,-4.759837749320468,-0.86040024926299,,,Temp_C,X
2003-10-01,2003.7916666666667,-0.725606615829804,-0.8447957888715554,,,Temp_C,X
2003-11-01,2003.875,1.0101132671908315,-0.829336358454824,,,Temp_C,X
2003-12-01,2003.9583333333333,4.014572528561303,-0.8140338637673459,,,Temp_C,X
2004-01-01,2004.0416666666667,9.29907829138648,-0.7989041099735892,,,Temp_C,X
2004-02-01,2004.125,8.45076478252679,-0.7839707805377631,,,Temp_C,X
2004-03-01,2004.2083333333333,7.292476292722767,-0.7692706865194043,,,Temp_C,X
2004-04-01,2004.2916666666667,-1.0564918676288926,-0.7548569622245606,,,Temp_C,X
2004-05-01,2004.375,-5.820978262789765,-0.7408004908308562,,,Temp_C,X
2004-06-01,2004.4583333333333,-7.159796017795884,-0.7271861919074633,,,Temp_C,X
2004-07-01,2004.5416666666667,-7.396295667246591,-0.7141100869004084,,,Temp_C,X
2004-08-01,2004.625,-8.34718420256985,-0.7016796537553384,,,Temp_C,X
2004-09-01,2004.7083333333333,-4.257989471637416,-0.6900157286957302,,,Temp_C,X
2004-10-01,2004.7916666666667,-3.7508577976265087,-0.6792551223211684,,,Temp_C,X
2004-11-01,2004.875,-0.961249950813567,-0.6695563624529265,,,Temp_C,X
2004-12-01,2004.9583333333333,3.936553255433182,-0.6611023961761813,,,Temp_C,X
2005-01-01,2005.0416666666667,7.753528276703719,-0.6541003979354626,,,Temp_C,X
2005-02-01,2005.125,8.858509481787394,-0.6487729398344554,,,Temp_C,X
2005-03-01,2005.2083333333333,4.617350066298684,-0.6453240289950695,,,Temp_C,X
2005-04-01,2005.2916666666667,-0.0770302134160374,-0.6438570678992527,,,Temp_C,X
2005-05-01,2005.375,-7.274614899645485,-0.6442142695024821,,,Temp_C,X
2005-06-01,2005.4583333333333,-5.532329268507056,-0.6455588496346855,,,Temp_C,X
2005-07-01,2005.5416666666667,-8.100025425959075,-0.6465665805333208,,,Temp_C,X
2005-08-01,2005.625,-5.405748498477692,-0.6471265985782984,,,Temp_C,X
2005-09-01,2005.7083333333333,-8.529257016225927,-0.6472717802747857,,,Temp_C,X
2005-10-01,2005.7916666666667,-3.5488627374578527,-0.6471484742282414,,,Temp_C,X
2005-11-01,2005.875,0.6687196135286513,-0.646989761866216,,,Temp_C,X
2005-12-01,2005.9583333333333,5.371102803049098,-0.6470576272756565,,,Temp_C,X
2006-01-01,2006.0416666666667,9.05173678998068,-0.6476044854713893,,,Temp_C,X
2006-02-01,2006.125,8.884424178421796,-0.6488035063887222,,,Temp_C,X
2006-03-01,2006.2083333333333,6.098619489997986,-0.6506888698795578,,,Temp_C,X
2006-04-01,2006.2916666666667,3.0955987997500074,-0.6531317842233857,,,Temp_C,X
2006-05-01,2006.375,-0.2641461008275882,-0.6558812203902378,,,Temp_C,X
2006-06-01,2006.4583333333333,-6.259201067124991,-0.6586565166223294,,,Temp_C,X
2006-07-01,2006.5416666666667,-6.107241487092381,-0.6612435890636013,,,Temp_C,X
2006-08-01,2006.625,-6.918268841100712,-0.6635584643273361,,,Temp_C,X
2006-09-01,2006.7083333333333,-5.504690953614613,-0.6656569143613014,,,Temp_C,X
2006-10-01,2006.7916666666667,-3.0258217628448847,-0.6677088702641094,,,Temp_C,X
2006-11-01,2006.875,0.6331273584427777,-0.6699574214494904,,,Temp_C,X
2006-12-01,2006.9583333333333,5.033656168725543,-0.6726585663310846,,,Temp_C,X
2007-01-01,2007.0416666666667,8.362661142075012,-0.6760273757867722,,,Temp_C,X
2007-02-01,2007.125,5.590668319111558,-0.6801574747070046,,,Temp_C,X
2007-03-01,2007.2083333333333,5.696923631971799,-0.6849946464357959,,,Temp_C,X
2007-04-01,2007.2916666666667,-0.1656362072967567,-0.6903296854977826,,,Temp_C,X
2007-05-01,2007.375,-7.39015954831541,-0.6958251709607111,,,Temp_C,X
2007-06-01,2007.4583333333333,-10.019329605294727,-0.7011164713542513,,,Temp_C,X
2007-07-01,2007.5416666666667,-9.864588586530658,-0.7058958161923099,,,Temp_C,X
2007-08-01,2007.625,-11.091865211236495,-0.7099698119551765,,,Temp_C,X
2007-09-01,2007.7083333333333,-5.466717665972226,-0.7132787518619962,,,Temp_C,X
2007-10-01,2007.7916666666667,-2.717697448281058,-0.715882100018527,,,Temp_C,X
2007-11-01,2007.875,1.0697992632297542,-0.717928585307568,,,Temp_C,X
2007-12-01,2007.9583333333333,5.120024977069022,-0.7196277759999921,,,Temp_C,X
2008-01-01,2008.0416666666667,9.194595191801966,-0.7211968682311364,,,Temp_C,X
2008-02-01,2008.125,7.476066847835341,-0.722810499541947,,,Temp_C,X
2008-03-01,2008.2083333333333,5.825124400388404,-0.7245360312963953,,,Temp_C,X
2008-04-01,2008.2916666666667,1.6333761256125283,-0.7263173079327649,,,Temp_C,X
2008-05-01,2008.375,-5.89234129503626,-0.7279921436441147,,,Temp_C,X
2008-06-01,2008.4583333333333,-8.8704164644289,-0.7293499868638836,,,Temp_C,X
2008-07-01,2008.5416666666667,-7.569417015326337,-0.7302247458073333,,,Temp_C,X
2008-08-01,2008.625,-9.482006205362836,-0.7305470887097655,,,Temp_C,X
2008-09-01,2008.7083333333333,-6.3065057737132975,-0.730366367252023,,,Temp_C,X
2008-10-01,2008.7916666666667,-3.477895076172046,-0.7298377154113163,,,Temp_C,X
2008-11-01,2008.875,2.376121857734006,-0.7291978501327279,,,Temp_C,X
2008-12-01,2008.9583333333333,6.623981325814498,-0.7287030872708802,,,Temp_C,X
2009-01-01,2009.0416666666667,8.494024074750882,-0.7285777448772791,,,Temp_C,X
2009-02-01,2009.125,7.820208307585176,-0.7289470032555712,,,Temp_C,X
2009-03-01,2009.2083333333333,7.869517728379719,-0.7297871572687321,,,Temp_C,X
2009-04-01,2009.2916666666667,7.026789574910879,-0.7309335697849849,,,Temp_C,X
2009-05-01,2009.375,-1.270175744334665,-0.7321150444441772,,,Temp_C,X
2009-06-01,2009.4583333333333,-7.654576015794021,-0.7330510313047438,,,Temp_C,X
2009-07-01,2009.5416666666667,-9.939601357176455,-0.7335499417160121,,,Temp_C,X
2009-08-01,2009.625,-6.856865990670599,-0.7335344033735814,,,Temp_C,X
2009-09-01,2009.7083333333333,-8.032185065989609,-0.7330361161272403,,,Temp_C,X
2009-10-01,2009.7916666666667,-3.134202916527613,-0.7321865195595505,,,Temp_C,X
2009-11-01,2009.875,-0.9045233011750042,-0.731181268793,,,Temp_C,X
2009-12-01,2009.9583333333333,4.155031843881261,-0.7302356500189743,,,Temp_C,X
2010-01-01,2010.0416666666667,8.899587222524246,-0.7295499059496431,,,Temp_C,X
2010-02-01,2010.125,8.587157082182443,-0.7292487741629746,,,Temp_C,X
2010-03-01,2010.2083333333333,8.582260194058222,-0.7293145141477656,,,Temp_C,X
2010-04-01,2010.2916666666667,2.670950798887418,-0.7295763776700105,,,Temp_C,X
2010-05-01,2010.375,-4.609441728550905,-0.7297467525419504,,,Temp_C,X
2010-06-01,2010.4583333333333,-9.095847100050207,-0.7294989285380133,,,Temp_C,X
2010-07-01,2010.5416666666667,-11.886580905977894,-0.7285709363077633,,,Temp_C,X
2010-08-01,2010.625,-7.655523270131482,-0.7268003643107612,,,Temp_C,X
2010-09-01,2010.7083333333333,-6.85943843923809,-0.7241531447320018,,,Temp_C,X
2010-10-01,2010.7916666666667,-2.6069112580299816,-0.7207143561988514,,,Temp_C,X
2010-11-01,2010.875,-0.4498033685526366,-0.7166969605885646,,,Temp_C,X
2010-12-01,2010.9583333333333,2.309882258142977,-0.7124054401371799,,,Temp_C,X
2011-01-01,2011.0416666666667,6.751005394429058,-0.7081611499650939,,,Temp_C,X
2011-02-01,2011.125,7.861921986372181,-0.704222498072045,,,Temp_C,X
2011-03-01,2011.2083333333333,5.388552910124645,-0.7007285975923939,,,Temp_C,X
2011-04-01,2011.2916666666667,0.3991679252468429,-0.6976729282687121,,,Temp_C,X
2011-05-01,2011.375,-2.141369095228697,-0.6949322561157757,,,Temp_C,X
2011-06-01,2011.4583333333333,-9.219489617132467,-0.6923510404618728,,,Temp_C,X
2011-07-01,2011.5416666666667,-11.59801898323832,-0.6898141674356096,,,Temp_C,X
2011-08-01,2011.625,-9.489632945744006,-0.6872949570342849,,,Temp_C,X
2011-09-01,2011.7083333333333,-4.930709587175841,-0.6848540311883268,,,Temp_C,X
2011-10-01,2011.7916666666667,-2.479272081828526,-0.682624003210179,,,Temp_C,X
2011-11-01,2011.875,1.1321440336707838,-0.6807866056948452,,,Temp_C,X
2011-12-01,2011.9583333333333,6.2811696943946345,-0.6795476926526607,,,Temp_C,X
2012-01-01,2012.0416666666667,8.713118631533291,-0.6790828472467456,,,Temp_C,X
2012-02-01,2012.125,8.541416284580919,-0.6794751784384325,,,Temp_C,X
2012-03-01,2012.2083333333333,9.015497082963291,-0.6806558411298574,,,Temp_C,X
2012-04-01,2012.2916666666667,1.5865748048767614,-0.6824141590394587,,,Temp_C,X
2012-05-01,2012.375,-2.685835137560332,-0.6844291467133402,,,Temp_C,X
2012-06-01,2012.4583333333333,-6.72532038174046,-0.6863648596995009,,,Temp_C,X
2012-07-01,2012.5416666666667,-7.497406620308482,-0.6879772371143108,,,Temp_C,X
2012-08-01,2012.625,-7.677520893153542,-0.6891444852301823,,,Temp_C,X
2012-09-01,2012.7083333333333,-3.6944629059554472,-0.6898691504198758,,,Temp_C,X
2012-10-01,2012.7916666666667,-4.5919256003383,-0.6902804656863019,,,Temp_C,X
2012-11-01,2012.875,0.5915856095860477,-0.690590954055993,,,Temp_C,X
2012-12-01,2012.9583333333333,1.6465557332734306,-0.6910544678106411,,,Temp_C,X
2013-01-01,2013.0416666666667,7.695855736989984,-0.6918997476212408,,,Temp_C,X
2013-02-01,2013.125,7.802713488548193,-0.6932530537115572,,,Temp_C,X
2013-03-01,2013.2083333333333,5.55573562150164,-0.6950918694651343,,,Temp_C,X
2013-04-01,2013.2916666666667,2.83763921392881,-0.6972408729104311,,,Temp_C,X
2013-05-01,2013.375,-5.572309995363071,-0.6994027626845707,,,Temp_C,X
2013-06-01,2013.4583333333333,-7.538695002642783,-0.7012259896855977,,,Temp_C,X
2013-07-01,2013.5416666666667,-7.070031294574335,-0.7024160760640036,,,Temp_C,X
2013-08-01,2013.625,-7.1217014577686655,-0.7028147449588842,,,Temp_C,X
2013-09-01,2013.7083333333333,-6.883889002473381,-0.702404905044089,,,Temp_C,X
2013-10-01,2013.7916666666667,-2.767449056325745,-0.7012995801772675,,,Temp_C,X
2013-11-01,2013.875,0.4128472202082207,-0.6997106471043866,,,Temp_C,X
2013-12-01,2013.9583333333333,6.133758585171279,-0.6979202922990293,,,Temp_C,X
2014-01-01,2014.0416666666667,9.33634493091148,-0.6962037606855689,,,Temp_C,X
2014-02-01,2014.125,6.71034060137066,-0.6947628618413211,,,Temp_C,X
2014-03-01,2014.2083333333333,4.76239541633521,-0.6936726369476761,,,Temp_C,X
2014-04-01,2014.2916666666667,1.6433455361895994,-0.6928687180508436,,,Temp_C,X
2014-05-01,2014.375,-6.311010193802531,-0.692158448149216,,,Temp_C,X
2014-06-01,2014.4583333333333,-8.737349698532228,-0.6912530268765936,,,Temp_C,X
2014-07-01,2014.5416666666667,-8.455091038652995,-0.6898763673372527,,,Temp_C,X
2014-08-01,2014.625,-6.495758632656475,-0.6878638484535813,,,Temp_C,X
2014-09-01,2014.7083333333333,-6.483732096170456,-0.6851811414244388,,,Temp_C,X
2014-10-01,2014.7916666666667,-0.6906057159898182,-0.6819060917932348,,,Temp_C,X
2014-11-01,2014.875,0.2071587871689644,-0.6782214035038954,,,Temp_C,X
2014-12-01,2014.9583333333333,2.5935921361187297,-0.6743620595475817,,,Temp_C,X
2015-01-01,2015.0416666666667,9.28856183741783,-0.6705419556147764,,,Temp_C,X
2015-02-01,2015.125,8.753598716803708,-0.6668763451457418,,,Temp_C,X
2015-03-01,2015.2083333333333,8.577540515023372,-0.6633367979889822,,,Temp_C,X
2015-04-01,2015.2916666666667,4.871325571340606,-0.6597464846321748,,,Temp_C,X
2015-05-01,2015.375,-1.6599469124329858,-0.6510707656380544,,,Temp_C,X
2015-06-01,2015.4583333333333,-4.561017565840075,-0.6395783156847272,,,Temp_C,X
2015-07-01,2015.5416666666667,-7.93900250682907,-0.6252029998328478,,,Temp_C,X
2015-08-01,2015.625,-6.502809366531778,-0.6081954619274643,,,Temp_C,X
2015-09-01,2015.7083333333333,-6.171809191193461,-0.5889139438222644,,,Temp_C,X
2015-10-01,2015.7916666666667,-5.263220516442175,-0.5677197376779904,,,Temp_C,X
2015-11-01,2015.875,-1.7080343279814656,-0.5449321501498525,,,Temp_C,X
2015-12-01,2015.9583333333333,2.109075086211874,-0.5208163355840318,,,Temp_C,X
2016-01-01,2016.0416666666667,5.121227563702064,-0.49558872655016845,,,Temp_C,X
2016-02-01,2016.125,9.069682066302732,-0.46942798000978864,,,Temp_C,X
2016-03-01,2016.2083333333333,8.063807031890462,-0.44248539350592886,,,Temp_C,X
2016-04-01,2016.2916666666667,-1.0309169975066652,-0.4148932275628544,,,Temp_C,X
2016-05-01,2016.375,-6.270678244022918,-0.3867670752647222,,,Temp_C,X
2016-06-01,2016.4583333333333,-8.531513956847391,-0.3582019459770287,,,Temp_C,X
2016-07-01,2016.5416666666667,-8.260406363860113,-0.32927104513100397,,,Temp_C,X
2016-08-01,2016.625,-5.657937678973383,-0.30002810916343964,,,Temp_C,X
2016-09-01,2016.7083333333333,-2.7320677904567106,-0.2705114330736628,,,Temp_C,X
2016-10-01,2016.7916666666667,-2.5751608371695625,-0.2407486637716437,,,Temp_C,X
2016-11-01,2016.875,0.653497835410576,-0.21076081413850065,,,Temp_C,X
2016-12-01,2016.9583333333333,2.6191600384809703,-0.18056438203540132,,,Temp_C,X
2017-01-01,2017.0416666666667,8.73956485560052,-0.15017429413468336,,,Temp_C,X
2017-02-01,2017.125,7.622335524125788,-0.11960644442199192,,,Temp_C,X
2017-03-01,2017.2083333333333,5.810546099384396,-0.08888057546934261,,,Temp_C,X
2017-04-01,2017.2916666666667,-0.5686547742892571,-0.05801968381406634,,,Temp_C,X
2017-05-01,2017.375,-7.31864044166133,-0.027047691098202042,,,Temp_C,X
2017-06-01,2017.4583333333333,-7.954562286056728,0.004015190159890075,,,Temp_C,X
2017-07-01,2017.5416666666667,-7.343529772190095,0.03515634477068131,,,Temp_C,X
2017-08-01,2017.625,-8.059015337910012,0.06637098124430195,,,Temp_C,X
2017-09-01,2017.7083333333333,-4.611312735874549,0.09766125388646421,,,Temp_C,X
2017-10-01,2017.7916666666667,-4.298246850339638,0.12903546934440935,,,Temp_C,X
2017-11-01,2017.875,-0.2819341335825243,0.16050611780258695,,,Temp_C,X
2017-12-01,2017.9583333333333,4.33982196554507,0.1920885257731154,,,Temp_C,X
2018-01-01,2018.0416666666667,7.355959620047258,0.2237979862888948,,,Temp_C,X
2018-02-01,2018.125,9.439382344886385,0.2556465658144438,,,Temp_C,X
2018-03-01,2018.2083333333333,6.762794917480619,0.28764118938170663,,,Temp_C,X
2018-04-01,2018.2916666666667,4.009201212668643,0.31978309741459626,,,Temp_C,X
2018-05-01,2018.375,-1.8446430056873169,0.35206931829474364,,,Temp_C,X
2018-06-01,2018.4583333333333,-8.805946088272663,0.38449519845445,,,Temp_C,X
2018-07-01,2018.5416666666667,-8.76364234322358,0.4170586796425266,,,Temp_C,X
2018-08-01,2018.625,-6.273674772594347,0.4497640964815331,,,Temp_C,X
2018-09-01,2018.7083333333333,-3.505254385849639,0.4826224337273886,,,Temp_C,X
2018-10-01,2018.7916666666667,-3.962365759234729,0.5156497571056864,,,Temp_C,X
2018-11-01,2018.875,0.1309678556919493,0.5488655316861859,,,Temp_C,X
2018-12-01,2018.9583333333333,2.768977352280615,0.5822918733775905,,,Temp_C,X
2019-01-01,2019.0416666666667,8.343340910237373,0.6159509146940222,,,Temp_C,X
2019-02-01,2019.125,9.823249646968748,0.6498620201277134,,,Temp_C,X
2019-03-01,2019.2083333333333,7.094643482425056,0.68403845233318,,,Temp_C,X
2019-04-01,2019.2916666666667,4.88833426198903,0.7184864684105149,,,Temp_C,X
2019-05-01,2019.375,-1.964193363923755,0.7532067805156261,,,Temp_C,X
2019-06-01,2019.4583333333333,-8.089618534610906,0.7881971639642417,,,Temp_C,X
2019-07-01,2019.5416666666667,-7.119585618964379,0.8234577749086027,,,Temp_C,X
2019-08-01,2019.625,-5.82783972171103,0.8589953026106567,,,Temp_C,X
2019-09-01,2019.7083333333333,-5.666242318497723,0.894823158330742,,,Temp_C,X
2019-10-01,2019.7916666666667,-2.3535236992176465,0.9309606983893275,,,Temp_C,X
2019-11-01,2019.875,2.8181769330223005,0.9674324961289723,,,Temp_C,X
2019-12-01,2019.9583333333333,7.543139998333117,1.0042655160499272,,,Temp_C,X
2020-01-01,2020.0416666666667,10.793881731378406,1.0414844636299747,,,Temp_C,X
2020-02-01,2020.125,10.126567473310445,1.0791076077417803,,,Temp_C,X
2020-03-01,2020.2083333333333,9.681525693200626,1.1171445623147196,,,Temp_C,X
2000-06-01,2000.4583333333333,-1.619680865616969,-0.1883204021962636,-0.9153410936235704,0.42605555234237763,Temp_C,a
2000-07-01,2000.5416666666667,0.1507109431138307,-0.18395824270805414,-0.898693198168997,0.41910207357098933,Temp_C,a
2000-08-01,2000.625,0.33015170032850527,-0.179679906681166,-0.8821378350838592,0.4092105149220281,Temp_C,a
2000-09-01,2000.7083333333333,-1.4591433537454943,-0.17548645802889268,-0.866899495708016,0.39728441074292403,Temp_C,a
2000-10-01,2000.7916666666667,0.5227278802158111,-0.17137920556590894,-0.8598982383281528,0.3828708014263189,Temp_C,a
2000-11-01,2000.875,-1.7702706036175555,-0.16735884650346533,-0.8529323824793957,0.36851066429702284,Temp_C,a
2000-12-01,2000.9583333333333,0.5834881437373864,-0.16342611141166194,-0.8451311274980176,0.3548228033690231,Temp_C,a
2001-01-01,2001.0416666666667,-0.571087963467372,-0.15958100498985223,-0.8341860360798642,0.3457752401116069,Temp_C,a
2001-02-01,2001.125,2.794367419205784,-0.1558237029718061,-0.8149711938586403,0.3370296272033361,Temp_C,a
2001-03-01,2001.2083333333333,-0.5393180717461634,-0.15215449980439077,-0.8015723392764917,0.3258725290874446,Temp_C,a
2001-04-01,2001.2916666666667,-1.6210399850747428,-0.14857469949870425,-0.7905083856509703,0.314240467018312,Temp_C,a
2001-05-01,2001.375,-3.0315280108622193,-0.14508542930094698,-0.7776206674904456,0.30567279273200176,Temp_C,a
2001-06-01,2001.4583333333333,-0.7920745435494894,-0.1416866111359984,-0.7603465834748951,0.30172213472206244,Temp_C,a
2001-07-01,2001.5416666666667,0.5001363261981693,-0.13837669199723904,-0.7433561845875138,0.29774888624842655,Temp_C,a
2001-08-01,2001.625,0.46278644748158193,-0.13515344797447273,-0.7309087019036351,0.296141776184628,Temp_C,a
2001-09-01,2001.7083333333333,-1.03129176575907,-0.13201493456030763,-0.7188080656174531,0.2915105344816342,Temp_C,a
2001-10-01,2001.7916666666667,1.663100299774655,-0.1289594435024,-0.7068114299502717,0.2856954617125582,Temp_C,a
2001-11-01,2001.875,-0.5476583869628739,-0.12598496318291597,-0.6979129854291656,0.2816315117838306,Temp_C,a
2001-12-01,2001.9583333333333,2.725277910490834,-0.12309009544501058,-0.6906506527214816,0.27754407822101207,Temp_C,a
2002-01-01,2002.0416666666667,-1.010430188201079,-0.12027359641434304,-0.6834155890464334,0.27220427148592097,Temp_C,a
2002-02-01,2002.125,0.07598114936199352,-0.11753500019227463,-0.6762051122215942,0.2659623478872233,Temp_C,a
2002-03-01,2002.2083333333333,-0.2819760280431298,-0.11487358367270029,-0.6685047292617863,0.2590802898118862,Temp_C,a
2002-04-01,2002.2916666666667,-2.425618765079219,-0.11228853319245627,-0.658719635166719,0.2521623617754365,Temp_C,a
2002-05-01,2002.375,-0.6980121547134974,-0.10977866792833015,-0.6489737918312034,0.24521342283027805,Temp_C,a
2002-06-01,2002.4583333333333,0.02724272400999439,-0.1073416403906427,-0.6392668634258507,0.23916984330622476,Temp_C,a
2002-07-01,2002.5416666666667,-0.6270106206201316,-0.10497440355785023,-0.6314509066545575,0.23422765582389937,Temp_C,a
2002-08-01,2002.625,0.19412284406049274,-0.1026736584439932,-0.6247986161232835,0.22958534789035281,Temp_C,a
2002-09-01,2002.7083333333333,-0.21648461131427688,-0.1004356819698879,-0.61813000429475,0.2243407229936225,Temp_C,a
2002-10-01,2002.7916666666667,0.5873543845379317,-0.09825661424764112,-0.6114445645226303,0.2195425310975423,Temp_C,a
2002-11-01,2002.875,-0.6378030947414942,-0.09613244003829892,-0.6047425148259103,0.2147158394328014,Temp_C,a
2002-12-01,2002.9583333333333,-0.9937111241621297,-0.09405920053785362,-0.598024701032904,0.2100504633123741,Temp_C,a
2003-01-01,2003.0416666666667,-0.9008265904771324,-0.0920323556777132,-0.5912927946337632,0.20215343822573167,Temp_C,a
2003-02-01,2003.125,-0.2606321620259706,-0.09004635959240372,-0.5838760088893259,0.19734844774518634,Temp_C,a
2003-03-01,2003.2083333333333,1.1181841305362807,-0.08809464083707223,-0.5741004202964393,0.19849795716358107,Temp_C,a
2003-04-01,2003.2916666666667,1.5458432619653188,-0.08617006123855853,-0.5643464852955246,0.19528806549186992,Temp_C,a
2003-05-01,2003.375,3.1674070724092456,-0.08426578080158045,-0.5537878199033636,0.18800934775526038,Temp_C,a
2003-06-01,2003.4583333333333,2.7077149284727113,-0.0823757226836178,-0.5423028983182198,0.17901602983299622,Temp_C,a
2003-07-01,2003.5416666666667,-0.1272214771576099,-0.08049490228446209,-0.5309841240418245,0.1712923024145213,Temp_C,a
2003-08-01,2003.625,1.151027200547409,-0.07861938972610542,-0.519934921503859,0.1666419354613754,Temp_C,a
2003-09-01,2003.7083333333333,0.9521047142193968,-0.07674547199853535,-0.5105815521196029,0.16222919797697277,Temp_C,a
2003-10-01,2003.7916666666667,2.1683018056482837,-0.07487016381817249,-0.507006346037222,0.15792200832752312,Temp_C,a
2003-11-01,2003.875,0.7487613573403761,-0.0729915598457156,-0.5042609267422857,0.15539964147846697,Temp_C,a
2003-12-01,2003.9583333333333,-0.39219868794179646,-0.07110937008278556,-0.5048797567506133,0.15366197939588772,Temp_C,a
2004-01-01,2004.0416666666667,1.0219178526026749,-0.06922449001106595,-0.5045594363822039,0.15194407401072343,Temp_C,a
2004-02-01,2004.125,-0.02151307272391989,-0.06733845936723748,-0.503849569472065,0.15055294892585933,Temp_C,a
2004-03-01,2004.2083333333333,0.41058213949371414,-0.06545430606194963,-0.5076456170850226,0.14966574780834263,Temp_C,a
2004-04-01,2004.2916666666667,-2.885414259946072,-0.06357647445598437,-0.5089100859309066,0.15112837723064518,Temp_C,a
2004-05-01,2004.375,-1.5176896963929227,-0.06171091418612052,-0.5075794438138115,0.15261769009992282,Temp_C,a
2004-06-01,2004.4583333333333,0.6171918839138186,-0.059863715845887955,-0.5064489691719731,0.15413524346576576,Temp_C,a
2004-07-01,2004.5416666666667,1.0420699462294412,-0.05804176340772257,-0.5060196150923537,0.15585506408981847,Temp_C,a
2004-08-01,2004.625,-1.0518551504339175,-0.05625559061440954,-0.5068283125814426,0.157421047975996,Temp_C,a
2004-09-01,2004.7083333333333,1.4539529919024492,-0.054521356441735766,-0.5103339300113382,0.15578185661698032,Temp_C,a
2004-10-01,2004.7916666666667,-0.856949376148421,-0.052861654158505945,-0.5150384265705076,0.15548541245332315,Temp_C,a
2004-11-01,2004.875,-1.2226018606640223,-0.051309829801774266,-0.5196023789070795,0.15574888692814381,Temp_C,a
2004-12-01,2004.9583333333333,-0.47021796106991776,-0.04991199575823615,-0.5239758037196759,0.15455767018610259,Temp_C,a
2005-01-01,2005.0416666666667,-0.5236321620800855,-0.04873046886655992,-0.5280909402785896,0.1540740029022547,Temp_C,a
2005-02-01,2005.125,0.3862316265366843,-0.047848720994747816,-0.5313136490868791,0.16254073372881234,Temp_C,a
2005-03-01,2005.2083333333333,-2.2645440869303686,-0.0473741925285746,-0.5339064953682666,0.16876031109641917,Temp_C,a
2005-04-01,2005.2916666666667,-1.905952605733217,-0.04743491927150303,-0.535934864997633,0.1681828191418926,Temp_C,a
2005-05-01,2005.375,-2.9713263332486424,-0.04815795576870307,-0.5373372878837029,0.16665572545842536,Temp_C,a
2005-06-01,2005.4583333333333,2.244658633202646,-0.0513054301594127,-0.5377864716529475,0.16419787662829374,Temp_C,a
2005-07-01,2005.5416666666667,0.33834018751695716,-0.05456069331150327,-0.541982124879316,0.16236506239117143,Temp_C,a
2005-08-01,2005.625,1.8895805536582397,-0.057910104124147245,-0.5462385786370147,0.16577853811490623,Temp_C,a
2005-09-01,2005.7083333333333,-2.817314552686062,-0.06135719250197299,-0.5505441317975813,0.16574156408044274,Temp_C,a
2005-10-01,2005.7916666666667,-0.6549543159797651,-0.06490744299931801,-0.5543822737649517,0.16381999541379214,Temp_C,a
2005-11-01,2005.875,0.40736770367819586,-0.06857129506304643,-0.5539878427801921,0.16170342752205866,Temp_C,a
2005-12-01,2005.9583333333333,0.964331586545998,-0.07235005693559175,-0.5518085368121193,0.1625737592928911,Temp_C,a
2006-01-01,2006.0416666666667,0.7745763511968757,-0.07625501670429317,-0.5496535059073948,0.16356812930252457,Temp_C,a
2006-02-01,2006.125,0.41214632317108624,-0.08030773653404046,-0.5505523960082964,0.16698709549108257,Temp_C,a
2006-03-01,2006.2083333333333,-0.7832746632310661,-0.08453426872155073,-0.5522786865440977,0.17100662537215758,Temp_C,a
2006-04-01,2006.2916666666667,1.2666764074328278,-0.08894300342927992,-0.5541315728389513,0.17007992267231656,Temp_C,a
2006-05-01,2006.375,4.039142465569254,-0.09354029217427669,-0.5512118296883545,0.16459478288157775,Temp_C,a
2006-06-01,2006.4583333333333,1.5177868345847116,-0.09834064613720242,-0.5525078617761336,0.1587196805617076,Temp_C,a
2006-07-01,2006.5416666666667,2.331124126383651,-0.10335689650185527,-0.5515628289789213,0.1538532187065709,Temp_C,a
2006-08-01,2006.625,0.3770602110352197,-0.10861477850989869,-0.5503629649210203,0.15092793065456625,Temp_C,a
2006-09-01,2006.7083333333333,0.20725150992525165,-0.11415040606247974,-0.5462327555358406,0.1505162379564957,Temp_C,a
2006-10-01,2006.7916666666667,-0.131913341366797,-0.11999962642434166,-0.5464943391452148,0.1504547239591018,Temp_C,a
2006-11-01,2006.875,0.37177544859232226,-0.12618375313728786,-0.5466130912255621,0.1463687320357407,Temp_C,a
2006-12-01,2006.9583333333333,0.6268849522224427,-0.13269604988270986,-0.5467705144866216,0.14356067392422506,Temp_C,a
2007-01-01,2007.0416666666667,0.08550070329120807,-0.13950736210854386,-0.5451880791490109,0.14067901107089684,Temp_C,a
2007-02-01,2007.125,-2.881609536139152,-0.14655609745002382,-0.548111393208308,0.13785136471840395,Temp_C,a
2007-03-01,2007.2083333333333,-1.1849705212572532,-0.153771119636903,-0.5519570112035159,0.13396947759076333,Temp_C,a
2007-04-01,2007.2916666666667,-1.9945585996139363,-0.1610700321835564,-0.552872757045451,0.1288784834223363,Temp_C,a
2007-05-01,2007.375,-3.086870981918567,-0.16835820581475316,-0.5565526759304251,0.1250291158899417,Temp_C,a
2007-06-01,2007.4583333333333,-2.2423417035850246,-0.175550312161495,-0.5599338411327516,0.12109124247418837,Temp_C,a
2007-07-01,2007.5416666666667,-1.4262229730546263,-0.18255859600251303,-0.5631494093096562,0.11681955750034771,Temp_C,a
2007-08-01,2007.625,-3.7965361591005635,-0.18929006783589752,-0.5676462145013964,0.10955706570682233,Temp_C,a
2007-09-01,2007.7083333333333,0.24522479756763893,-0.1956561058468106,-0.5716146171945211,0.10362927726670325,Temp_C,a
2007-10-01,2007.7916666666667,0.17621097319702983,-0.20157612281952336,-0.5722579217269581,0.10117564558214837,Temp_C,a
2007-11-01,2007.875,0.8084473533792987,-0.20697572791585833,-0.5707059297474868,0.10192198480297134,Temp_C,a
2007-12-01,2007.9583333333333,0.7132537605659222,-0.21180073087768536,-0.5701923477549559,0.09700875219712497,Temp_C,a
2008-01-01,2008.0416666666667,0.9174347530181617,-0.21602136895709967,-0.5690003199819711,0.09317850482190869,Temp_C,a
2008-02-01,2008.125,-0.9962110074153685,-0.21964982876572176,-0.5670221030223677,0.09481698564125644,Temp_C,a
2008-03-01,2008.2083333333333,-1.0567697528406486,-0.22273214430907667,-0.564888549207597,0.09472172097200846,Temp_C,a
2008-04-01,2008.2916666666667,-0.19554626670465125,-0.2253373440839935,-0.5631902053439098,0.09078284372421258,Temp_C,a
2008-05-01,2008.375,-1.5890527286394178,-0.22754371783878666,-0.561004228813845,0.08709033995951065,Temp_C,a
2008-06-01,2008.4583333333333,-1.0934285627191969,-0.22942030833902338,-0.5583461160968972,0.08664587766937397,Temp_C,a
2008-07-01,2008.5416666666667,0.8689485981496947,-0.23102943039518767,-0.5551907672743379,0.08809202198231185,Temp_C,a
2008-08-01,2008.625,-2.1866771532269045,-0.23241773767807217,-0.5574687009786272,0.08846218170608638,Temp_C,a
2008-09-01,2008.7083333333333,-0.5945633101734327,-0.23362341042637466,-0.5619047532775072,0.08777862803107345,Temp_C,a
2008-10-01,2008.7916666666667,-0.5839866546939585,-0.2346765779139018,-0.5617183694170298,0.0845412477918679,Temp_C,a
2008-11-01,2008.875,2.1147699478835507,-0.23560476782055742,-0.5612378949784023,0.07896285989645815,Temp_C,a
2008-12-01,2008.9583333333333,2.217210109311398,-0.23641932368982196,-0.5649597436084381,0.07379101025267316,Temp_C,a
2009-01-01,2009.0416666666667,0.21686363596707814,-0.23711999381852777,-0.5701950455409767,0.07062194933542981,Temp_C,a
2009-02-01,2009.125,-0.6520695476655334,-0.23769549284748467,-0.569698436321652,0.06737678826415378,Temp_C,a
2009-03-01,2009.2083333333333,0.9876235751506668,-0.23812063130555744,-0.5687471299411203,0.06513648996211856,Temp_C,a
2009-04-01,2009.2916666666667,5.197867182593699,-0.23837765791912757,-0.5675233970176184,0.06398862943956327,Temp_C,a
2009-05-01,2009.375,3.0331128220621775,-0.238459784714914,-0.5661885093421276,0.06544875900874474,Temp_C,a
2009-06-01,2009.4583333333333,0.12241188591568175,-0.23837784614047297,-0.5693408619616084,0.0668853479639187,Temp_C,a
2009-07-01,2009.5416666666667,-1.5012357437004233,-0.23816718257351882,-0.5725575305011192,0.06126057360880018,Temp_C,a
2009-08-01,2009.625,0.43846306146533287,-0.23786053374406288,-0.5754066410148954,0.06071197345564173,Temp_C,a
2009-09-01,2009.7083333333333,-2.320242602449744,-0.23746995368850088,-0.578339998976551,0.06241462347384138,Temp_C,a
2009-10-01,2009.7916666666667,-0.24029449504952538,-0.23699530145065054,-0.5776150658650898,0.06150769806152441,Temp_C,a
2009-11-01,2009.875,-1.1658752110254595,-0.23641679156828893,-0.5780833011503075,0.05991103825259399,Temp_C,a
2009-12-01,2009.9583333333333,-0.2517393726218389,-0.23569806715038882,-0.5749989390538811,0.057910410699184844,Temp_C,a
2010-01-01,2010.0416666666667,0.6224267837404422,-0.23480587108124384,-0.5754344630566147,0.06291973603769632,Temp_C,a
2010-02-01,2010.125,0.11487922693173402,-0.23371674553624452,-0.5786141632397903,0.06805673450359304,Temp_C,a
2010-03-01,2010.2083333333333,1.7003660408291692,-0.23240090058381696,-0.5789706813839987,0.0730750932686334,Temp_C,a
2010-04-01,2010.2916666666667,0.8420284065702384,-0.23081902460767928,-0.5756438113640009,0.0771124729880983,Temp_C,a
2010-05-01,2010.375,-0.30615316215406274,-0.2289359484269539,-0.5735190400104679,0.08055133517594394,Temp_C,a
2010-06-01,2010.4583333333333,-1.3188591983405047,-0.22672693993758541,-0.5734784741910216,0.08363856347422449,Temp_C,a
2010-07-01,2010.5416666666667,-3.448215292501862,-0.22417738937309972,-0.575413309241706,0.08708938107768686,Temp_C,a
2010-08-01,2010.625,-0.3601942179955504,-0.22126108243022372,-0.5735731150058091,0.09050300533665434,Temp_C,a
2010-09-01,2010.7083333333333,-1.1474959756982255,-0.2179482351637224,-0.5674857029297006,0.09220368873790796,Temp_C,a
2010-10-01,2010.7916666666667,0.2869971634481061,-0.2142089666684248,-0.5635609223143663,0.09069314127068571,Temp_C,a
2010-11-01,2010.875,-0.711155278403092,-0.2100479942199263,-0.5591185837639644,0.09328692684784409,Temp_C,a
2010-12-01,2010.9583333333333,-2.0968889583601227,-0.20551173531033354,-0.5600021166141727,0.09487308792913511,Temp_C,a
2011-01-01,2011.0416666666667,-1.5261550443547467,-0.2006723173460942,-0.5586666427028298,0.09847790775625186,Temp_C,a
2011-02-01,2011.125,-0.6103558688785284,-0.19561502420944565,-0.557201492669409,0.10197584776913352,Temp_C,a
2011-03-01,2011.2083333333333,-1.4933412431044077,-0.19043063187082354,-0.5535056311634788,0.10530664855222384,Temp_C,a
2011-04-01,2011.2916666666667,-1.4297544670703366,-0.18520255591951634,-0.5473549656793033,0.10765780741289878,Temp_C,a
2011-05-01,2011.375,2.1619194711681455,-0.18001182755855522,-0.5420909270968015,0.10606722447154122,Temp_C,a
2011-06-01,2011.4583333333333,-1.4425017154227646,-0.17494455517102944,-0.5366302360736956,0.10442011728815809,Temp_C,a
2011-07-01,2011.5416666666667,-3.159653369762289,-0.17009093962173824,-0.5311529196453347,0.10474553831832006,Temp_C,a
2011-08-01,2011.625,-2.1943038936080743,-0.1655251712095883,-0.5255177058104726,0.10774202112161063,Temp_C,a
2011-09-01,2011.7083333333333,0.7812328763640242,-0.16128800230194384,-0.5196659099459264,0.10571977059262883,Temp_C,a
2011-10-01,2011.7916666666667,0.4146363396495616,-0.1573838213992676,-0.5156187156212695,0.10845079102775752,Temp_C,a
2011-11-01,2011.875,0.8707921238203283,-0.1537884030673829,-0.5164357629756183,0.11094469425909274,Temp_C,a
2011-12-01,2011.9583333333333,1.8743984778915346,-0.15046398923723492,-0.5171998415326,0.11291475900613465,Temp_C,a
2012-01-01,2012.0416666666667,0.4359581927494869,-0.14736113589478783,-0.5178186516139589,0.11684019996498822,Temp_C,a
2012-02-01,2012.125,0.0691384293302093,-0.1444242394731245,-0.518120287461896,0.11762030313153096,Temp_C,a
2012-03-01,2012.2083333333333,2.1336029297342387,-0.14158575157118278,-0.5192037188143195,0.11808413099698242,Temp_C,a
2012-04-01,2012.2916666666667,-0.24234758744041818,-0.13878828999934748,-0.5172847077614416,0.11890064477869156,Temp_C,a
2012-05-01,2012.375,1.6174534288365106,-0.13598974911615344,-0.5108659212300176,0.12359295255951107,Temp_C,a
2012-06-01,2012.4583333333333,1.051667519969243,-0.13316894167653517,-0.5059779128898869,0.12712524448502024,Temp_C,a
2012-07-01,2012.5416666666667,0.9409589931675502,-0.13032887834754442,-0.4992375890769937,0.12851362707087974,Temp_C,a
2012-08-01,2012.625,-0.38219184101760995,-0.1274849351245002,-0.4919073725662122,0.12805188667193626,Temp_C,a
2012-09-01,2012.7083333333333,2.0174795575844175,-0.12465600032105803,-0.48808127793278683,0.13190185742238317,Temp_C,a
2012-10-01,2012.7916666666667,-1.698017178860212,-0.12187415809941174,-0.484578930320053,0.1354475853649092,Temp_C,a
2012-11-01,2012.875,0.33023369973559225,-0.1191666240049232,-0.4849003722057451,0.13814450489714114,Temp_C,a
2012-12-01,2012.9583333333333,-2.7602154832296693,-0.11656032187508904,-0.4836579592110612,0.13875714561193125,Temp_C,a
2013-01-01,2013.0416666666667,-0.5813047017938207,-0.11407470023403916,-0.4800110200050671,0.13836170844267806,Temp_C,a
2013-02-01,2013.125,-0.6695643667025166,-0.1117128233732995,-0.4757183292759897,0.14008302709376702,Temp_C,a
2013-03-01,2013.2083333333333,-1.3261585317274127,-0.10946432862853668,-0.4708105577631597,0.1494607588972228,Temp_C,a
2013-04-01,2013.2916666666667,1.0087168216116305,-0.1073084445079397,-0.4712582519686907,0.15612817302020965,Temp_C,a
2013-05-01,2013.375,-1.2690214289662283,-0.10521992046244853,-0.47155985148756835,0.1605482813915654,Temp_C,a
2013-06-01,2013.4583333333333,0.23829289906691997,-0.10315614833799984,-0.47126260228054334,0.16517033615510968,Temp_C,a
2013-07-01,2013.5416666666667,1.368334318901697,-0.10106889125696651,-0.47035204226988525,0.16997739098053316,Temp_C,a
2013-08-01,2013.625,0.17362759436726627,-0.09892900992345642,-0.4671838502862878,0.17620932864132252,Temp_C,a
2013-09-01,2013.7083333333333,-1.1719465389335166,-0.0967161416434175,-0.4628750170853871,0.18187145762030726,Temp_C,a
2013-10-01,2013.7916666666667,0.12645936515234268,-0.09441808333456041,-0.4580349481844799,0.18742242961368114,Temp_C,a
2013-11-01,2013.875,0.15149531035776526,-0.09202526467943489,-0.45266226023433337,0.19570453262650767,Temp_C,a
2013-12-01,2013.9583333333333,1.726987368668179,-0.08954959130719062,-0.4433720517423255,0.2055393403821774,Temp_C,a
2014-01-01,2014.0416666666667,1.0591844921276756,-0.08700950742161746,-0.4344783915039803,0.2123214394093639,Temp_C,a
2014-02-01,2014.125,-1.761937253880049,-0.08443050930804086,-0.42535052327671297,0.22206296912152276,Temp_C,a
2014-03-01,2014.2083333333333,-2.119498736893843,-0.08184040946078364,-0.4160024201256458,0.23267902173838012,Temp_C,a
2014-04-01,2014.2916666666667,-0.18557685612758013,-0.07926079357067789,-0.4116062007807669,0.24302492474766677,Temp_C,a
2014-05-01,2014.375,-2.0077216274056884,-0.07670134477489367,-0.4078533191432144,0.2533301992133698,Temp_C,a
2014-06-01,2014.4583333333333,-0.9603617968225251,-0.07414856081494196,-0.4071061940924941,0.2658227283585527,Temp_C,a
2014-07-01,2014.5416666666667,-0.01672542517696307,-0.07156103009561174,-0.40666027681264133,0.2782460033741669,Temp_C,a
2014-08-01,2014.625,0.7995704194794566,-0.06889649386305871,-0.4043262705773553,0.28636802632272684,Temp_C,a
2014-09-01,2014.7083333333333,-0.7717896326305915,-0.06611579987466595,-0.4016406212913643,0.29320579172311284,Temp_C,a
2014-10-01,2014.7916666666667,2.2033027054882695,-0.06317733997295288,-0.3963507873627405,0.30604307922729584,Temp_C,a
2014-11-01,2014.875,-0.05419312268149101,-0.06005785218605295,-0.3887581859850959,0.31914728769362677,Temp_C,a
2014-12-01,2014.9583333333333,-1.8131790803843701,-0.05674495033359559,-0.38352799611846256,0.33157325775807295,Temp_C,a
2015-01-01,2015.0416666666667,1.0114013986340264,-0.05322383207466657,-0.379490751935244,0.343319497958141,Temp_C,a
2015-02-01,2015.125,0.28132086155299874,-0.049468150335840545,-0.37483449162261234,0.3538467139629247,Temp_C,a
2015-03-01,2015.2083333333333,1.6956463617943198,-0.04544038961651684,-0.369542416603072,0.35962834028783935,Temp_C,a
2015-04-01,2015.2916666666667,3.042403179023426,-0.041095684976919136,-0.3597126008916285,0.3651991122260502,Temp_C,a
2015-05-01,2015.375,2.643341653963857,-0.03257241085400437,-0.3452220107419182,0.3710613076971313,Temp_C,a
2015-06-01,2015.4583333333333,3.2159703358696277,-0.022399658242069964,-0.32629539471730745,0.3772911494036937,Temp_C,a
2015-07-01,2015.5416666666667,0.49936310664696215,-0.010828095569947734,-0.31149621655925896,0.38384079695499945,Temp_C,a
2015-08-01,2015.625,0.7925196856041534,0.0018522144974898265,-0.29490020403675,0.3896232338607484,Temp_C,a
2015-09-01,2015.7083333333333,-0.45986672765359593,0.015375820044555432,-0.278485888018387,0.4034241863360184,Temp_C,a
2015-10-01,2015.7916666666667,-2.369312094964087,0.029523964885127606,-0.2692067329214832,0.41819085359511493,Temp_C,a
2015-11-01,2015.875,-1.969386237831921,0.0441277929981453,-0.2563512454001657,0.4287558133744145,Temp_C,a
2015-12-01,2015.9583333333333,-2.297696130291226,0.0590629016714157,-0.2418684474954042,0.43945384502646795,Temp_C,a
2016-01-01,2016.0416666666667,-3.1559328750817404,0.07424007018819054,-0.23091570910337997,0.4503310127101455,Temp_C,a
2016-02-01,2016.125,0.597404211052023,0.08959658923810761,-0.21731834232093178,0.46140128783389833,Temp_C,a
2016-03-01,2016.2083333333333,1.18191287866141,0.10508863915827422,-0.20591845863615854,0.47550742591038675,Temp_C,a
2016-04-01,2016.2916666666667,-2.859839389823845,0.12068393293793706,-0.1975356199066235,0.48881699453141225,Temp_C,a
2016-05-01,2016.375,-1.967389677626075,0.1363580461530286,-0.18908052786921883,0.5051522950652367,Temp_C,a
2016-06-01,2016.4583333333333,-0.7545260551376884,0.152094260176346,-0.18088345161915453,0.5151239372587326,Temp_C,a
2016-07-01,2016.5416666666667,0.17795924961591858,0.16788180990453194,-0.1744324895745708,0.5249437984252987,Temp_C,a
2016-08-01,2016.625,1.637391373162549,0.1837135815228522,-0.1684952651370335,0.5349773748580616,Temp_C,a
2016-09-01,2016.7083333333333,2.9798746730831542,0.19958415657259165,-0.15779563547621023,0.5450454301682961,Temp_C,a
2016-10-01,2016.7916666666667,0.31874758430852523,0.21548821098835355,-0.144485122886755,0.5562582928133806,Temp_C,a
2016-11-01,2016.875,0.3921459255601206,0.2314201852873914,-0.1369757775074489,0.5708702158425519,Temp_C,a
2016-12-01,2016.9583333333333,-1.7876111780221295,0.2473753143598706,-0.12945885894440362,0.5855221377877685,Temp_C,a
2017-01-01,2017.0416666666667,0.4624044168167156,0.26335001695503635,-0.11954909642577184,0.6002137007014765,Temp_C,a
2017-02-01,2017.125,-0.8499423311249217,0.27934254600022124,-0.10925960611990507,0.6149439398808341,Temp_C,a
2017-03-01,2017.2083333333333,-1.0713480538446563,0.2953520787383255,-0.0989113776884682,0.629761307181978,Temp_C,a
2017-04-01,2017.2916666666667,-2.3975771666064367,0.3113791221321115,-0.08884633772555775,0.6473708563009565,Temp_C,a
2017-05-01,2017.375,-3.0153518752644874,0.3274257207548205,-0.07866040858995163,0.669910982379118,Temp_C,a
2017-06-01,2017.4583333333333,-0.17757438434702522,0.3434955840352045,-0.06781271003102851,0.6909387095207119,Temp_C,a
2017-07-01,2017.5416666666667,1.0948358412859367,0.3595937412778932,-0.061027427115849575,0.7068795821826641,Temp_C,a
2017-08-01,2017.625,-0.7636862857740798,0.3757255699940684,-0.05741520342494534,0.7232014732321006,Temp_C,a
2017-09-01,2017.7083333333333,1.100629727665316,0.39189617417036743,-0.05391735949408465,0.7389004982692988,Temp_C,a
2017-10-01,2017.7916666666667,-1.40433842886155,0.40811099781436166,-0.05041507249454044,0.7559276988929838,Temp_C,a
2017-11-01,2017.875,-0.5432860434329797,0.4243753764875237,-0.04682614411370069,0.7722726879372557,Temp_C,a
2017-12-01,2017.9583333333333,-0.06694925095802962,0.4406954473024612,-0.04029207768455002,0.784482069658926,Temp_C,a
2018-01-01,2018.0416666666667,-0.9212008187365459,0.45707800000860827,-0.03330363814773515,0.7967428767725865,Temp_C,a
2018-02-01,2018.125,0.9671044896356751,0.4735302198197279,-0.02529304220923094,0.8094914761662869,Temp_C,a
2018-03-01,2018.2083333333333,-0.11909923574843351,0.49005976860506945,-0.017249819585186028,0.8242939895087789,Temp_C,a
2018-04-01,2018.2916666666667,2.180278820351463,0.5066740459316551,-0.009175064760279617,0.8455689525168251,Temp_C,a
2018-05-01,2018.375,2.4586455607095257,0.52338028179267,-0.0010707163570293577,0.8675289505644355,Temp_C,a
2018-06-01,2018.4583333333333,-1.02895818656296,0.5401845348693055,0.0070604060296178975,0.8895739600063474,Temp_C,a
2018-07-01,2018.5416666666667,-0.3252767297475483,0.557091808924215,0.01702408162637733,0.9120031891545824,Temp_C,a
2018-08-01,2018.625,1.0216542795415844,0.5741076651354279,0.029065365568766707,0.9377104705255387,Temp_C,a
2018-09-01,2018.7083333333333,2.2066880776902256,0.5912381183742396,0.04113292216795903,0.963435383001967,Temp_C,a
2018-10-01,2018.7916666666667,-1.0684573377566413,0.6084886559961152,0.05320341501647181,0.9891717418841399,Temp_C,a
2018-11-01,2018.875,-0.13038405415850612,0.6258639309709407,0.05707959946649788,1.0149138126553336,Temp_C,a
2018-12-01,2018.9583333333333,-1.637793864222485,0.643369208917187,0.056546496597757866,1.0406561788470894,Temp_C,a
2019-01-01,2019.0416666666667,0.06618047145356876,0.6610104908406018,0.055986843963218874,1.0621392896442248,Temp_C,a
2019-02-01,2019.125,1.3509717917180382,0.6787947971434195,0.05540141131559661,1.0826378907159535,Temp_C,a
2019-03-01,2019.2083333333333,0.21274932919600342,0.6967294220234044,0.057030661889372246,1.1081381596700655,Temp_C,a
2019-04-01,2019.2916666666667,3.0594118696718504,0.7148211749010699,0.05985105561294896,1.1330281272694498,Temp_C,a
2019-05-01,2019.375,2.3390952024730876,0.7330765648013309,0.0626380589457205,1.156979914658265,Temp_C,a
2019-06-01,2019.4583333333333,-0.31263063290120385,0.751500650534702,0.0647663723954075,1.1810421170190206,Temp_C,a
2019-07-01,2019.5416666666667,1.3187799945116527,0.7700973114964835,0.06445203268301881,1.2053576378093482,Temp_C,a
2019-08-01,2019.625,1.4674893304249021,0.788870623187292,0.06520045408871225,1.2293874665193099,Temp_C,a
2019-09-01,2019.7083333333333,0.045700145042141926,0.8078242090176165,0.07108584562588306,1.2520417319746504,Temp_C,a
2019-10-01,2019.7916666666667,0.5403847222604412,0.826961156570726,0.07843226482519706,1.2746618677295227,Temp_C,a
2019-11-01,2019.875,2.5568250231718452,0.8462848893108829,0.08587179241907116,1.2972438365806314,Temp_C,a
2019-12-01,2019.9583333333333,3.1363687818300168,0.865798793123623,0.09334101763791948,1.3197846647422984,Temp_C,a
2020-01-01,2020.0416666666667,2.5167212925946014,0.8855048850695038,0.09725492171346674,1.3448422195291774,Temp_C,a
2020-02-01,2020.125,1.6542896180597353,0.9054034081890123,0.09915253413651966,1.3708504304075502,Temp_C,a
2020-03-01,2020.2083333333333,2.799631539971574,0.925493130822957,0.10048675832971439,1.3968385376341672,Temp_C,a
2000-06-01,2000.4583333333333,-1.082321240377637,-0.12618637706195554,-0.5467180323124731,0.25416501870271246,Temp_C,z
2000-07-01,2000.5416666666667,0.10346260698975103,-0.12268176585167945,-0.5366073448183949,0.24875045179419566,Temp_C,z
2000-08-01,2000.625,0.23120552859858445,-0.11923188444876576,-0.5283372111616981,0.2417759289964674,Temp_C,z
2000-09-01,2000.7083333333333,-0.9679303222515044,-0.11583741999928057,-0.5200888081469223,0.23494790012672193,Temp_C,z
2000-10-01,2000.7916666666667,0.43992624965908744,-0.11249923232286768,-0.5118620617248039,0.22931966912890506,Temp_C,z
2000-11-01,2000.875,-1.5443370670623238,-0.1092177965657375,-0.5036567604516038,0.22408624124633225,Temp_C,z
2000-12-01,2000.9583333333333,0.331853262743966,-0.10599364440623663,-0.4956205824245487,0.22105358907640013,Temp_C,z
2001-01-01,2001.0416666666667,-0.4727802099414383,-0.10282672721507384,-0.4872979002722164,0.21665289696223516,Temp_C,z
2001-02-01,2001.125,2.280720352184096,-0.09971703081531322,-0.477872895921099,0.2097135301181212,Temp_C,z
2001-03-01,2001.2083333333333,-0.37045513709099365,-0.0966645158190192,-0.471709877813215,0.20498372444223403,Temp_C,z
2001-04-01,2001.2916666666667,-0.6995344549759196,-0.09366966860357986,-0.46589615616711333,0.2033856864072218,Temp_C,z
2001-05-01,2001.375,-1.2104505134273558,-0.09073285822110218,-0.46358642345140133,0.20110663631219491,Temp_C,z
2001-06-01,2001.4583333333333,-0.5292888992174882,-0.08785386840296372,-0.4612030090168814,0.1966279952993348,Temp_C,z
2001-07-01,2001.5416666666667,0.3433420764917929,-0.0850316841187977,-0.4537901029943783,0.19247448754327204,Temp_C,z
2001-08-01,2001.625,0.3240897596825187,-0.08226487879131586,-0.4466948592374335,0.19180925547200617,Temp_C,z
2001-09-01,2001.7083333333333,-0.6841127491717377,-0.07955221925305864,-0.4398509798558386,0.18964886015818527,Temp_C,z
2001-10-01,2001.7916666666667,1.3996603306957835,-0.07689264028471543,-0.4330290320660564,0.18637836705478678,Temp_C,z
2001-11-01,2001.875,-0.47776263433736915,-0.07428489574943047,-0.4285978658001494,0.18305010926662807,Temp_C,z
2001-12-01,2001.9583333333333,1.5499755670913613,-0.07172819677287764,-0.42470288796433997,0.17970545961764717,Temp_C,z
2002-01-01,2002.0416666666667,-0.8364935475236405,-0.06922180575534811,-0.4207989646496523,0.1763036921046049,Temp_C,z
2002-02-01,2002.125,0.062014662975669564,-0.06676544930581112,-0.41480358499927283,0.17284719649531577,Temp_C,z
2002-03-01,2002.2083333333333,-0.19368805459620617,-0.06435859921431142,-0.4081768076307609,0.16933813556883157,Temp_C,z
2002-04-01,2002.2916666666667,-1.0467378451067748,-0.062000645228362225,-0.40154730499145164,0.16577866085408924,Temp_C,z
2002-05-01,2002.375,-0.2787073607844319,-0.05969076152249998,-0.3954182112148386,0.1637705756614958,Temp_C,z
2002-06-01,2002.4583333333333,0.01820443734792853,-0.05742752458699608,-0.38941397050751,0.16229018641489254,Temp_C,z
2002-07-01,2002.5416666666667,-0.4304408961904191,-0.05520919270160724,-0.3834045853014321,0.1580573702333068,Temp_C,z
2002-08-01,2002.625,0.1359443998907422,-0.05303389111043496,-0.37738934257270407,0.15393893195873312,Temp_C,z
2002-09-01,2002.7083333333333,-0.1436061912998771,-0.05089946951711841,-0.3713677940579536,0.151937754964566,Temp_C,z
2002-10-01,2002.7916666666667,0.4943157260024374,-0.04880370106044756,-0.3654684010823493,0.15012879521910732,Temp_C,z
2002-11-01,2002.875,-0.5564024837126798,-0.04674428359953622,-0.360292759980064,0.1462244606430639,Temp_C,z
2002-12-01,2002.9583333333333,-0.565163632402095,-0.044719005538028246,-0.3551366626865541,0.1442991982009308,Temp_C,z
2003-01-01,2003.0416666666667,-0.7457572419856145,-0.04272524601350269,-0.35000023155680304,0.14392863454570298,Temp_C,z
2003-02-01,2003.125,-0.21272402200256219,-0.04075975310332915,-0.34488382358576813,0.14106755468386498,Temp_C,z
2003-03-01,2003.2083333333333,0.7680756070895343,-0.03881855360173452,-0.3397877407818858,0.13583790275510926,Temp_C,z
2003-04-01,2003.2916666666667,0.6670844850796492,-0.03689727842399374,-0.33471189005647667,0.1314607019983067,Temp_C,z
2003-05-01,2003.375,1.2647052916198376,-0.034991738695424005,-0.32965594002002635,0.12942867105176467,Temp_C,z
2003-06-01,2003.4583333333333,1.8093795155487613,-0.033098097611109135,-0.3246853651497007,0.12736799565180615,Temp_C,z
2003-07-01,2003.5416666666667,-0.08733715959744032,-0.031213156159996706,-0.31813090562587837,0.12615657757506823,Temp_C,z
2003-08-01,2003.625,0.8060653695531957,-0.029334375112810777,-0.3102755321164004,0.12425727037969428,Temp_C,z
2003-09-01,2003.7083333333333,0.6315836072487083,-0.027459334685356235,-0.30708130822242635,0.12198016219428029,Temp_C,z
2003-10-01,2003.7916666666667,1.8248364351525637,-0.02558608682523257,-0.3065040485186838,0.12173317640165296,Temp_C,z
2003-11-01,2003.875,0.6531995256327793,-0.02371337341937142,-0.30517007490769993,0.12149917991968841,Temp_C,z
2003-12-01,2003.9583333333333,-0.22305922688287919,-0.021841009267608652,-0.3049779980838423,0.12124071131125158,Temp_C,z
2004-01-01,2004.0416666666667,0.84600371186776,-0.019969665165213958,-0.30528337152817825,0.12095331647315767,Temp_C,z
2004-02-01,2004.125,-0.017558644028782013,-0.018100486544738364,-0.30724750940629014,0.12021036643100763,Temp_C,z
2004-03-01,2004.2083333333333,0.2820270091836383,-0.016235685261729926,-0.3096816507996355,0.11927867547601022,Temp_C,z
2004-04-01,2004.2916666666667,-1.2451554004191054,-0.014378415494381734,-0.3120539094857578,0.11832609592247055,Temp_C,z
2004-05-01,2004.375,-0.6059941605816537,-0.012532846872284965,-0.3110999925844875,0.11735096117808205,Temp_C,z
2004-06-01,2004.4583333333333,0.4124268549003079,-0.01070345995542194,-0.3128461347317855,0.11726597944279694,Temp_C,z
2004-07-01,2004.5416666666667,0.7153778688859752,-0.008895615890115784,-0.31119695984785933,0.11809319509025887,Temp_C,z
2004-08-01,2004.625,-0.7366150948889117,-0.007117211596189889,-0.31224677936682493,0.1182865276939363,Temp_C,z
2004-09-01,2004.7083333333333,0.9644872687650566,-0.005379890061549993,-0.31412696288249375,0.11787305884055548,Temp_C,z
2004-10-01,2004.7916666666667,-0.7212060796164637,-0.00369948301826867,-0.3159570083785579,0.12069345058455266,Temp_C,z
2004-11-01,2004.875,-1.0665653984336951,-0.002098723512499136,-0.3177161689152033,0.12404287838408415,Temp_C,z
2004-12-01,2004.9583333333333,-0.2674319371467788,-0.0006082317181453913,-0.31937291992757055,0.12635321234252422,Temp_C,z
2005-01-01,2005.0416666666667,-0.4334935060042744,0.0007315581549727374,-0.3208819055622135,0.13063050764081918,Temp_C,z
2005-02-01,2005.125,0.3152364020726196,0.0018673335778761368,-0.32220173809766783,0.133196536119983,Temp_C,z
2005-03-01,2005.2083333333333,-1.5555050611529162,0.002731560513515388,-0.3232201284126902,0.13539164221441863,Temp_C,z
2005-04-01,2005.2916666666667,-0.8224840408239807,0.0032449670825126925,-0.32383661495891203,0.1370880126415212,Temp_C,z
2005-05-01,2005.375,-1.1864127505185391,0.003330669911892592,-0.32402358694336,0.13787604076125262,Temp_C,z
2005-06-01,2005.4583333333333,1.4999508654359734,0.001781380974530157,-0.32216689944144744,0.13594770211106824,Temp_C,z
2005-07-01,2005.5416666666667,0.23226951624518866,0.0001446290231373355,-0.32017185212512206,0.13685596330491162,Temp_C,z
2005-08-01,2005.625,1.3232749378647948,-0.0015728969721844675,-0.32116998381604206,0.13586309436803096,Temp_C,z
2005-09-01,2005.7083333333333,-1.868880241180822,-0.003374789108694258,-0.32263788940604965,0.13383918824019,Temp_C,z
2005-10-01,2005.7916666666667,-0.5512076298820225,-0.005265817100922607,-0.32397008254039883,0.13224796966039157,Temp_C,z
2005-11-01,2005.875,0.3553767675002362,-0.007253643525837791,-0.3251380054548326,0.1305054871649739,Temp_C,z
2005-12-01,2005.9583333333333,0.5484543033086653,-0.009339034594187525,-0.3261246139400447,0.1286299535181097,Temp_C,z
2006-01-01,2006.0416666666667,0.6412398673421779,-0.011530589611635939,-0.32631402637335416,0.12902896060071165,Temp_C,z
2006-02-01,2006.125,0.3363875848514239,-0.013843687274803765,-0.3275628564769536,0.12925983294826118,Temp_C,z
2006-03-01,2006.2083333333333,-0.5380278131746671,-0.016299013025333417,-0.32880480233177944,0.12921072630269131,Temp_C,z
2006-04-01,2006.2916666666667,0.5466143947482724,-0.01890812289211242,-0.3314437355813374,0.1293762926068015,Temp_C,z
2006-05-01,2006.375,1.6127781283023577,-0.021680823576079172,-0.3323083099297803,0.13073270894298622,Temp_C,z
2006-06-01,2006.4583333333333,1.014232472772235,-0.02462799492757331,-0.3325216760659162,0.12768387530610517,Temp_C,z
2006-07-01,2006.5416666666667,1.600309667959506,-0.02775957496714934,-0.33066253166610676,0.12845405731035495,Temp_C,z
2006-08-01,2006.625,0.264055600256331,-0.03109379278202755,-0.32882141898285944,0.12931810664144955,Temp_C,z
2006-09-01,2006.7083333333333,0.13748136553829618,-0.034654771553723984,-0.32605063641564563,0.12588339156045186,Temp_C,z
2006-10-01,2006.7916666666667,-0.11101788089729417,-0.03846615974762206,-0.3220213508896725,0.12173923671898504,Temp_C,z
2006-11-01,2006.875,0.3243270292753976,-0.0425415190513842,-0.3207580102573783,0.11834538727920806,Temp_C,z
2006-12-01,2006.9583333333333,0.35653477965739727,-0.04687419319519871,-0.3224887945573359,0.11586051438470371,Temp_C,z
2007-01-01,2007.0416666666667,0.07078251169352034,-0.0514425162347197,-0.3241092963314113,0.11335412339140435,Temp_C,z
2007-02-01,2007.125,-2.3519260462850204,-0.056204745862203025,-0.32561551107549863,0.11087666172863901,Temp_C,z
2007-03-01,2007.2083333333333,-0.8139508759271699,-0.06111402573250955,-0.3269693946912829,0.10880480508501862,Temp_C,z
2007-04-01,2007.2916666666667,-0.8607205718211423,-0.06611709810857969,-0.3286665154895834,0.10648037791190064,Temp_C,z
2007-05-01,2007.375,-1.2325482567072203,-0.07115301658544748,-0.3295907124802275,0.10532128540316255,Temp_C,z
2007-06-01,2007.4583333333333,-1.498402620846039,-0.07616575134504358,-0.3283566565979354,0.10579572532502096,Temp_C,z
2007-07-01,2007.5416666666667,-0.9790977608669975,-0.08109803844479067,-0.32860612104608755,0.10621619653233436,Temp_C,z
2007-08-01,2007.625,-2.6587176399063903,-0.08588864344833096,-0.32835073050800817,0.10227210073611656,Temp_C,z
2007-09-01,2007.7083333333333,0.16267114312272393,-0.09047837871826822,-0.32997553013201947,0.09414016775562098,Temp_C,z
2007-10-01,2007.7916666666667,0.14829863782154268,-0.09481294866843724,-0.3307735934418782,0.0903079042942781,Temp_C,z
2007-11-01,2007.875,0.7052680036830178,-0.0988416134607367,-0.3304200450721832,0.09033029813736336,Temp_C,z
2007-12-01,2007.9583333333333,0.40565620766878097,-0.10252660881652409,-0.32992541195593617,0.09054217978937146,Temp_C,z
2008-01-01,2008.0416666666667,0.7595064558986792,-0.10584546302943226,-0.3296970809198209,0.09060305384615643,Temp_C,z
2008-02-01,2008.125,-0.81309233140423,-0.10880143333583896,-0.3291433352851383,0.09079444124398268,Temp_C,z
2008-03-01,2008.2083333333333,-0.7258903496311088,-0.11142079956901803,-0.3284947988274251,0.08967569228220151,Temp_C,z
2008-04-01,2008.2916666666667,-0.08438493335221886,-0.11374535532271257,-0.327609158367349,0.08929887690290794,Temp_C,z
2008-05-01,2008.375,-0.6344885102010506,-0.1158232084339708,-0.3264203522751837,0.08670463549090329,Temp_C,z
2008-06-01,2008.4583333333333,-0.7306630481281765,-0.11769909300380119,-0.32567688286857077,0.08462916618582503,Temp_C,z
2008-07-01,2008.5416666666667,0.5965305866127681,-0.11941296560481839,-0.32956168536586594,0.08280132891537775,Temp_C,z
2008-08-01,2008.625,-1.5313319500799896,-0.12099458111142454,-0.3294385527073221,0.08126283607239267,Temp_C,z
2008-09-01,2008.7083333333333,-0.3944066598650804,-0.1224685183080519,-0.3315395454366895,0.08078331634798849,Temp_C,z
2008-10-01,2008.7916666666667,-0.4914814544508369,-0.12385449003077727,-0.334995384539003,0.08016867413694528,Temp_C,z
2008-11-01,2008.875,1.8448691472095338,-0.12517118603884783,-0.33816961464497275,0.07938914210987683,Temp_C,z
2008-12-01,2008.9583333333333,1.2610168978772822,-0.1264265763157234,-0.33818600524985126,0.07826347836223166,Temp_C,z
2009-01-01,2009.0416666666667,0.17953247467986014,-0.12762050354637008,-0.33784290913716397,0.0759746688041995,Temp_C,z
2009-02-01,2009.125,-0.5322092857863869,-0.12874584147055404,-0.33732424304038827,0.0735736288118306,Temp_C,z
2009-03-01,2009.2083333333333,0.6783941538286498,-0.12978553238275595,-0.33709383617539085,0.07109180397462651,Temp_C,z
2009-04-01,2009.2916666666667,2.2430582959650125,-0.13072881090299127,-0.33953141942354503,0.06855548793573593,Temp_C,z
2009-05-01,2009.375,1.211083308349191,-0.13157317261011395,-0.3417480057018182,0.06599011253322196,Temp_C,z
2009-06-01,2009.4583333333333,0.08179943778662764,-0.13232630674997534,-0.3435667722518233,0.06350159159661081,Temp_C,z
2009-07-01,2009.5416666666667,-1.030593801222054,-0.13300674069602722,-0.3421811677196376,0.061020351280978456,Temp_C,z
2009-08-01,2009.625,0.3070560708794665,-0.13363030204793208,-0.33968070557489943,0.05856349789600259,Temp_C,z
2009-09-01,2009.7083333333333,-1.539144981283704,-0.13419927715794144,-0.3394597868995397,0.055768651346822316,Temp_C,z
2009-10-01,2009.7916666666667,-0.20223114171223877,-0.13470804253256696,-0.3382756067081697,0.053979717651684876,Temp_C,z
2009-11-01,2009.875,-1.017078575601034,-0.13513857773709914,-0.33821930946831613,0.05714273225908864,Temp_C,z
2009-12-01,2009.9583333333333,-0.1431743439216749,-0.13546355112105454,-0.3377319222462953,0.05693074429083631,Temp_C,z
2010-01-01,2010.0416666666667,0.5152815053276694,-0.13565946389211245,-0.3381312928735666,0.05615066421388165,Temp_C,z
2010-02-01,2010.125,0.0937626845723992,-0.13570956394047085,-0.33657215863194617,0.055041902570855075,Temp_C,z
2010-03-01,2010.2083333333333,1.1679737204443512,-0.13559388260153965,-0.3345478873363755,0.05554318785333779,Temp_C,z
2010-04-01,2010.2916666666667,0.3633641908204966,-0.1352872313781696,-0.33519248630382775,0.056868562586780066,Temp_C,z
2010-05-01,2010.375,-0.12224305729287767,-0.13476791801146157,-0.3375777661983864,0.05960310773974425,Temp_C,z
2010-06-01,2010.4583333333333,-0.8813028255955931,-0.13402007770945543,-0.3379761352785831,0.0625135263435616,Temp_C,z
2010-07-01,2010.5416666666667,-2.367189377580304,-0.13303414032670646,-0.33861813472947644,0.06542279786739742,Temp_C,z
2010-08-01,2010.625,-0.25224433036980093,-0.13179300411671954,-0.34039364801438227,0.06838654250119795,Temp_C,z
2010-09-01,2010.7083333333333,-0.7611974153799401,-0.13027696442824577,-0.3394341484330051,0.07122577935565826,Temp_C,z
2010-10-01,2010.7916666666667,0.24153597035305505,-0.1284654720599661,-0.3380434416211462,0.07475144662701459,Temp_C,z
2010-11-01,2010.875,-0.6203929809547848,-0.12636010340974357,-0.3369295852735814,0.07662083876794086,Temp_C,z
2010-12-01,2010.9583333333333,-1.1925854019696962,-0.12399056688906918,-0.3339878959526852,0.07781060044566014,Temp_C,z
2011-01-01,2011.0416666666667,-1.2634409205412114,-0.12140365996041225,-0.33588610964687843,0.0801105310463975,Temp_C,z
2011-02-01,2011.125,-0.4981632131331951,-0.11865447446370048,-0.3341095494913605,0.08004123578608666,Temp_C,z
2011-03-01,2011.2083333333333,-1.0257693259688432,-0.11579864037998981,-0.3305729694421558,0.07840814696957304,Temp_C,z
2011-04-01,2011.2916666666667,-0.6169881810937063,-0.11288557059406663,-0.32546529646965255,0.07766563778602147,Temp_C,z
2011-05-01,2011.375,0.8632269022379208,-0.10996405892514124,-0.32033516529495293,0.0772174578147142,Temp_C,z
2011-06-01,2011.4583333333333,-0.9639246094868967,-0.1070877472581037,-0.3176472598002403,0.07598294479723419,Temp_C,z
2011-07-01,2011.5416666666667,-2.169092489671761,-0.10430881161556231,-0.3168275072102482,0.074905595569428,Temp_C,z
2011-08-01,2011.625,-1.5366729631341642,-0.10166897996065676,-0.31569264703869315,0.07659384587476592,Temp_C,z
2011-09-01,2011.7083333333333,0.5182348861278461,-0.09918956919692523,-0.31424925453015656,0.0792136047720229,Temp_C,z
2011-10-01,2011.7916666666667,0.3489567263928882,-0.09686924960880793,-0.31394067125198233,0.08171524633082619,Temp_C,z
2011-11-01,2011.875,0.7596559259209075,-0.09468959880206007,-0.3151638100862586,0.08265792444309839,Temp_C,z
2011-12-01,2011.9583333333333,1.0660460837925567,-0.09262478070282607,-0.31216847108682116,0.08308358681709782,Temp_C,z
2012-01-01,2012.0416666666667,0.3609118368427463,-0.09064217465991112,-0.31024077091864993,0.08322577396925013,Temp_C,z
2012-02-01,2012.125,0.056429738554662795,-0.08870659392436557,-0.309098639942255,0.08457285108730894,Temp_C,z
2012-03-01,2012.2083333333333,1.4655621742348297,-0.08677660023615814,-0.30957446263026134,0.08648440651012451,Temp_C,z
2012-04-01,2012.2916666666667,-0.10458131141474913,-0.08481933074504129,-0.31104098562692845,0.08782067789687922,Temp_C,z
2012-05-01,2012.375,0.6458285479681731,-0.08281332077454719,-0.3122886902443294,0.08708515617579163,Temp_C,z
2012-06-01,2012.4583333333333,0.7027570176575526,-0.08074827229218318,-0.3108896174412931,0.08717700250730091,Temp_C,z
2012-07-01,2012.5416666666667,0.6459655051726095,-0.07862734222989756,-0.307515363026864,0.08928366977302157,Temp_C,z
2012-08-01,2012.625,-0.2676492852849719,-0.07646188305400953,-0.3046335191341316,0.09038576878517524,Temp_C,z
2012-09-01,2012.7083333333333,1.338305542972109,-0.07426607781160716,-0.3036469679976269,0.09097667313688665,Temp_C,z
2012-10-01,2012.7916666666667,-1.4290462736448513,-0.07206259483367637,-0.3033557188087222,0.0931336573027935,Temp_C,z
2012-11-01,2012.875,0.2880871106669418,-0.0698714119993783,-0.3031228386200249,0.09498353588882237,Temp_C,z
2012-12-01,2012.9583333333333,-1.5698459751367995,-0.06771323210290796,-0.303206196032207,0.0953861949082753,Temp_C,z
2013-01-01,2013.0416666666667,-0.4812382269193624,-0.0656042476497474,-0.3018913371752862,0.0964139222569567,Temp_C,z
2013-02-01,2013.125,-0.5464882920334487,-0.06355041473390209,-0.3002191484938191,0.09952706735417668,Temp_C,z
2013-03-01,2013.2083333333333,-0.9109322798786121,-0.06154869621980781,-0.29817702800200446,0.1058287861503645,Temp_C,z
2013-04-01,2013.2916666666667,0.43529596958004624,-0.05958902684776247,-0.29657021093012664,0.10963724558409652,Temp_C,z
2013-05-01,2013.375,-0.5067040894026236,-0.05765956730350824,-0.2953355033171889,0.11199888165805391,Temp_C,z
2013-06-01,2013.4583333333333,0.15923474282265412,-0.05573982528088897,-0.29402475942082335,0.11433711634613693,Temp_C,z
2013-07-01,2013.5416666666667,0.939357374734144,-0.053806559949904145,-0.2929595350629599,0.11666860641358723,Temp_C,z
2013-08-01,2013.625,0.12159155835042175,-0.05184793191756421,-0.290868877571743,0.11960909698545219,Temp_C,z
2013-09-01,2013.7083333333333,-0.7774168234941713,-0.049856397132324086,-0.28781101509661283,0.1241575299084733,Temp_C,z
2013-10-01,2013.7916666666667,0.10642783052392558,-0.047828609238158425,-0.2844484249977002,0.12751634430376635,Temp_C,z
2013-11-01,2013.875,0.13216048596949517,-0.04576262070588921,-0.2808044650619238,0.13273815502977018,Temp_C,z
2013-12-01,2013.9583333333333,0.982207434994759,-0.04367176634272062,-0.2763719963678406,0.1393080511715396,Temp_C,z
2014-01-01,2014.0416666666667,0.8768552282461969,-0.041573824654443176,-0.27286621041849285,0.14594072104003183,Temp_C,z
2014-02-01,2014.125,-1.4380664928228084,-0.03949042326688998,-0.26959036133554776,0.15262838540447865,Temp_C,z
2014-03-01,2014.2083333333333,-1.4558740681505489,-0.03744427214957584,-0.267258796217854,0.15991458774465728,Temp_C,z
2014-04-01,2014.2916666666667,-0.0800827901239992,-0.0354536215832569,-0.26384926412415627,0.16749670705154043,Temp_C,z
2014-05-01,2014.375,-0.8016576676859459,-0.03352846274633638,-0.260775073588144,0.175192005681375,Temp_C,z
2014-06-01,2014.4583333333333,-0.6417436874222229,-0.031660993384878766,-0.2589880438105836,0.1829443076848179,Temp_C,z
2014-07-01,2014.5416666666667,-0.011481953838704456,-0.029827334503232675,-0.2568417695028761,0.19069240885367755,Temp_C,z
2014-08-01,2014.625,0.5599398740142683,-0.028002298906462973,-0.2542775484812826,0.19811464246597568,Temp_C,z
2014-09-01,2014.7083333333333,-0.5119706613506586,-0.0261610880423431,-0.2512835449994139,0.2023722011565454,Temp_C,z
2014-10-01,2014.7916666666667,1.8542930897219376,-0.02427551641068689,-0.24784885982630164,0.20827805365328336,Temp_C,z
2014-11-01,2014.875,-0.04727664119025456,-0.02232803678799188,-0.244777935170864,0.21656927883691382,Temp_C,z
2014-12-01,2014.9583333333333,-1.0312281410048179,-0.020307223124866488,-0.23894395015732411,0.22446640048556554,Temp_C,z
2015-01-01,2015.0416666666667,0.837297572650695,-0.018201001147147497,-0.23228771689787142,0.2319844868509601,Temp_C,z
2015-02-01,2015.125,0.2296098251175031,-0.01599040548134447,-0.22582943673307096,0.23907271478794268,Temp_C,z
2015-03-01,2015.2083333333333,1.1647317943241682,-0.013647678593354893,-0.21935157467136934,0.244462356282851,Temp_C,z
2015-04-01,2015.2916666666667,1.3129015133806385,-0.011138301264338357,-0.21457154206305687,0.24819648682105808,Temp_C,z
2015-05-01,2015.375,1.0554526465663217,-0.006624522813179382,-0.2063207510208263,0.2518046631678841,Temp_C,z
2015-06-01,2015.4583333333333,2.1490116212555415,-0.0009909775779087463,-0.1995769463218963,0.2534300918181073,Temp_C,z
2015-07-01,2015.5416666666667,0.342811263606607,0.0056181565807136204,-0.1927939992183092,0.25477500107967427,Temp_C,z
2015-08-01,2015.625,0.555002238827094,0.013023379252510273,-0.1857365520579056,0.25613822459661295,Temp_C,z
2015-09-01,2015.7083333333333,-0.30505498225921956,0.02105403439710872,-0.17836795865758656,0.2593777588707884,Temp_C,z
2015-10-01,2015.7916666666667,-1.9940061046277806,0.029565227922375616,-0.17203677584812427,0.2674599589028837,Temp_C,z
2015-11-01,2015.875,-1.7180402590604775,0.03844195097373278,-0.16231280448242613,0.2772713602968462,Temp_C,z
2015-12-01,2015.9583333333333,-1.3067925472269912,0.047596909808115144,-0.15283895658033256,0.2884550717272815,Temp_C,z
2016-01-01,2016.0416666666667,-2.6126668791671674,0.056965419819402396,-0.14745985762232516,0.2968968349961363,Temp_C,z
2016-02-01,2016.125,0.48759226623608626,0.06650006380779619,-0.140542020915224,0.30545335541392316,Temp_C,z
2016-03-01,2016.2083333333333,0.8118505950978052,0.07616580058721016,-0.1341881137632268,0.31222440125761225,Temp_C,z
2016-04-01,2016.2916666666667,-1.2341189651696645,0.08593552923897754,-0.1287355369127075,0.3188029356652291,Temp_C,z
2016-05-01,2016.375,-0.785553633963238,0.09578783622809828,-0.12367028608281948,0.32690686673579594,Temp_C,z
2016-06-01,2016.4583333333333,-0.5041978288622888,0.10570679319104494,-0.11768504351631451,0.3373766602579912,Temp_C,z
2016-07-01,2016.5416666666667,0.12216848705734833,0.11568069308724793,-0.1099682776183882,0.34722450579048675,Temp_C,z
2016-08-01,2016.625,1.1466666310611853,0.1257007194279,-0.10362176571819548,0.355432459648932,Temp_C,z
2016-09-01,2016.7083333333333,1.9767153413560756,0.13575964991446796,-0.09492672046562504,0.36370351603520806,Temp_C,z
2016-10-01,2016.7916666666667,0.268257031354154,0.14585073343501473,-0.08753907007514154,0.37194735773583326,Temp_C,z
2016-11-01,2016.875,0.34209769246712884,0.1559674472853345,-0.08407774175262127,0.37862527453653577,Temp_C,z
2016-12-01,2016.9583333333333,-1.0166866427558878,0.1661040762301443,-0.07975299790563392,0.38519751180826173,Temp_C,z
2017-01-01,2017.0416666666667,0.3828055768031352,0.17625590627192678,-0.0739810938184548,0.3935385532060511,Temp_C,z
2017-02-01,2017.125,-0.6937100538233295,0.18641962477428567,-0.06638786726404722,0.40192685052282023,Temp_C,z
2017-03-01,2017.2083333333333,-0.7359041184623807,0.19659273533272104,-0.05852865212598047,0.4103556945659511,Temp_C,z
2017-04-01,2017.2916666666667,-1.034636931813506,0.2067738950789215,-0.051918438026516286,0.42009998243369695,Temp_C,z
2017-05-01,2017.375,-1.2039915885652444,0.21696297180185176,-0.04549994816381204,0.4302070988180411,Temp_C,z
2017-06-01,2017.4583333333333,-0.1186607386712305,0.22716102184448841,-0.03939886944855034,0.4412466800974591,Temp_C,z
2017-07-01,2017.5416666666667,0.7516014963804253,0.23737011550664086,-0.03639059133008476,0.45000559149957464,Temp_C,z
2017-08-01,2017.625,-0.5348101833496474,0.24759270302429742,-0.03337277637726244,0.45843103274457153,Temp_C,z
2017-09-01,2017.7083333333333,0.7301084463319234,0.2578311824136961,-0.030343892756238316,0.4678159266179406,Temp_C,z
2017-10-01,2017.7916666666667,-1.1818870996628925,0.2680883083850697,-0.02730301178645141,0.479277808237658,Temp_C,z
2017-11-01,2017.875,-0.4739483179445266,0.2783668899582051,-0.02424951288979613,0.49335717352154385,Temp_C,z
2017-12-01,2017.9583333333333,-0.03807674175927418,0.2886704246966466,-0.021183128350067082,0.5032310753242678,Temp_C,z
2018-01-01,2018.0416666666667,-0.7626242266360985,0.2990029867119701,-0.018237029456088193,0.5119696628659727,Temp_C,z
2018-02-01,2018.125,0.7893360325635348,0.3093690049305825,-0.015283015840034393,0.5208151935675597,Temp_C,z
2018-03-01,2018.2083333333333,-0.08180872479160045,0.3197733178046367,-0.011539015674320838,0.5315513921094845,Temp_C,z
2018-04-01,2018.2916666666667,0.940865228700561,0.33022058130012216,-0.005760723646409224,0.5459367064832998,Temp_C,z
2018-05-01,2018.375,0.9817058495363493,0.3407154271652215,0.0005073015291506805,0.560490016650984,Temp_C,z
2018-06-01,2018.4583333333333,-0.6875819332182641,0.3512620281574419,0.006599997850974792,0.5766638954568907,Temp_C,z
2018-07-01,2018.5416666666667,-0.22330149196507568,0.36186418141048377,0.013301790214138576,0.5930912654576447,Temp_C,z
2018-08-01,2018.625,0.7154653982135601,0.37252612161438226,0.018549655614953864,0.6080413994433487,Temp_C,z
2018-09-01,2018.7083333333333,1.4638179975014318,0.38325238469467104,0.02232188967475327,0.6218325775189959,Temp_C,z
2018-10-01,2018.7916666666667,-0.899210559279816,0.39404713932723684,0.02592668821722584,0.6356487742779727,Temp_C,z
2018-11-01,2018.875,-0.1137435866467922,0.404914014411605,0.031113425920086597,0.6494879624588448,Temp_C,z
2018-12-01,2018.9583333333333,-0.931479488277141,0.41585709813800986,0.03644140582157099,0.66334754658301,Temp_C,z
2019-01-01,2019.0416666666667,0.05478808728145997,0.4268809771657251,0.04177987242829353,0.6772243278334639,Temp_C,z
2019-02-01,2019.125,1.1026427088366495,0.43799087107729096,0.04712967649025707,0.6911147543714224,Temp_C,z
2019-03-01,2019.2083333333333,0.14613654917615515,0.44919212773185463,0.051042805745127894,0.7044285605403053,Temp_C,z
2019-04-01,2019.2916666666667,1.3202413478400896,0.4604896484807808,0.054259479283245454,0.7157747066982775,Temp_C,z
2019-05-01,2019.375,0.9339709145500278,0.4718881528745757,0.05749148149741952,0.7289999933345604,Temp_C,z
2019-06-01,2019.4583333333333,-0.20890953370174312,0.4833916938791341,0.0606825020838043,0.7439463958755872,Temp_C,z
2019-07-01,2019.5416666666667,0.9053384807966455,0.4950038917419297,0.06380459975274903,0.7591031307863503,Temp_C,z
2019-08-01,2019.625,1.0276840798217082,0.5067285399364587,0.06892208518321499,0.7742745695007949,Temp_C,z
2019-09-01,2019.7083333333333,0.03031542857254886,0.5185690708384214,0.07407025398709048,0.7903780561198455,Temp_C,z
2019-10-01,2019.7916666666667,0.45478619609682114,0.5305284890437348,0.07826872327181095,0.8065311160211144,Temp_C,z
2019-11-01,2019.875,2.2305062566185,0.5426099626316587,0.08064808912323271,0.8226574049867873,Temp_C,z
2019-12-01,2019.9583333333333,1.7837795413492648,0.554816506978695,0.08304531366530732,0.8387560839819697,Temp_C,z
2020-01-01,2020.0416666666667,2.0834899300849012,0.567150098049616,0.08524425800311737,0.8549561319786161,Temp_C,z
2020-02-01,2020.125,1.35020612335512,0.5796115399499595,0.08814640597536613,0.8723097938892252,Temp_C,z
2020-03-01,2020.2083333333333,1.923054205445911,0.592200495177805,0.09296637117330382,0.8904115456285072,Temp_C,z
