tramo,variable,transformacion,date,valor,rellenado
completo,P_local_mm,C,1980-04-01,226.68061910358503,False
completo,P_local_mm,C,1980-05-01,217.5778116008063,False
completo,P_local_mm,C,1980-06-01,92.83057089567563,False
completo,P_local_mm,C,1980-07-01,103.82516783688635,False
completo,P_local_mm,C,1980-08-01,-49.583372514613664,False
completo,P_local_mm,C,1980-09-01,16.85023927388633,False
completo,P_local_mm,C,1980-10-01,-51.79629162911367,False
completo,P_local_mm,C,1980-11-01,-49.455780105013666,False
completo,P_local_mm,C,1980-12-01,-52.98769871744817,False
completo,P_local_mm,C,1981-01-01,-62.646863728101664,False
completo,P_local_mm,C,1981-02-01,-53.35231354651366,False
completo,P_local_mm,C,1981-03-01,-64.66722943377367,False
completo,P_local_mm,C,1981-04-01,-36.47714066602566,False
completo,P_local_mm,C,1981-05-01,266.29869907815635,False
completo,P_local_mm,C,1981-06-01,-26.779366465423067,False
completo,P_local_mm,C,1981-07-01,1.0545211558863343,False
completo,P_local_mm,C,1981-08-01,58.70617959468633,False
completo,P_local_mm,C,1981-09-01,-6.271628620613669,False
completo,P_local_mm,C,1981-10-01,-58.810892598381166,False
completo,P_local_mm,C,1981-11-01,-57.66693702081366,False
completo,P_local_mm,C,1981-12-01,-64.90578209018366,False
completo,P_local_mm,C,1982-01-01,-67.41037889897066,False
completo,P_local_mm,C,1982-02-01,-66.89923376923106,False
completo,P_local_mm,C,1982-03-01,-39.301579592343664,False
completo,P_local_mm,C,1982-04-01,-54.75185038176367,False
completo,P_local_mm,C,1982-05-01,178.47732209366634,False
completo,P_local_mm,C,1982-06-01,636.7223542654464,False
completo,P_local_mm,C,1982-07-01,288.3898163433863,False
completo,P_local_mm,C,1982-08-01,170.43024817788634,False
completo,P_local_mm,C,1982-09-01,238.70046816480064,False
completo,P_local_mm,C,1982-10-01,29.219813503386334,False
completo,P_local_mm,C,1982-11-01,-55.639430362113664,False
completo,P_local_mm,C,1982-12-01,-55.885285412203665,False
completo,P_local_mm,C,1983-01-01,-43.033678024873666,False
completo,P_local_mm,C,1983-02-01,-53.36628613679366,False
completo,P_local_mm,C,1983-03-01,-65.22138114611367,False
completo,P_local_mm,C,1983-04-01,-22.535711819771663,False
completo,P_local_mm,C,1983-05-01,15.506559283886332,False
completo,P_local_mm,C,1983-06-01,88.33780454858635,False
completo,P_local_mm,C,1983-07-01,157.52392423492034,False
completo,P_local_mm,C,1983-08-01,39.85474848305634,False
completo,P_local_mm,C,1983-09-01,-17.312273667613667,False
completo,P_local_mm,C,1983-10-01,-53.831019863013665,False
completo,P_local_mm,C,1983-11-01,-68.09324113581367,False
completo,P_local_mm,C,1983-12-01,-68.28083866597267,False
completo,P_local_mm,C,1984-01-01,-55.764339427073665,False
completo,P_local_mm,C,1984-02-01,-67.89451009534741,False
completo,P_local_mm,C,1984-03-01,-31.801352880573667,False
completo,P_local_mm,C,1984-04-01,-24.900185291133667,False
completo,P_local_mm,C,1984-05-01,136.85037107272635,False
completo,P_local_mm,C,1984-06-01,88.92103516251228,False
completo,P_local_mm,C,1984-07-01,439.9318396838863,False
completo,P_local_mm,C,1984-08-01,6.770754897486327,False
completo,P_local_mm,C,1984-09-01,82.42797418328632,False
completo,P_local_mm,C,1984-10-01,-6.489706764693665,False
completo,P_local_mm,C,1984-11-01,-32.44651369611366,False
completo,P_local_mm,C,1984-12-01,-68.14641024270367,False
completo,P_local_mm,C,1985-01-01,-50.45334582480366,False
completo,P_local_mm,C,1985-02-01,-67.56015639211367,False
completo,P_local_mm,C,1985-03-01,-53.08292134575367,False
completo,P_local_mm,C,1985-04-01,-46.784138746640664,False
completo,P_local_mm,C,1985-05-01,6.6698228663663315,False
completo,P_local_mm,C,1985-06-01,-9.850014475159668,False
completo,P_local_mm,C,1985-07-01,58.951079355616955,False
completo,P_local_mm,C,1985-08-01,-58.26987635120366,False
completo,P_local_mm,C,1985-09-01,32.72734603988633,False
completo,P_local_mm,C,1985-10-01,40.64160997988634,False
completo,P_local_mm,C,1985-11-01,-48.474187624813666,False
completo,P_local_mm,C,1985-12-01,-66.43135170249367,False
completo,P_local_mm,C,1986-01-01,-65.76823661260367,False
completo,P_local_mm,C,1986-02-01,-52.241764475313666,False
completo,P_local_mm,C,1986-03-01,-67.23481463613366,False
completo,P_local_mm,C,1986-04-01,3.6847655176413383,False
completo,P_local_mm,C,1986-05-01,248.11045365088634,False
completo,P_local_mm,C,1986-06-01,397.9213320678863,False
completo,P_local_mm,C,1986-07-01,-55.37550959896367,False
completo,P_local_mm,C,1986-08-01,112.80399610862634,False
completo,P_local_mm,C,1986-09-01,-36.62274384742366,False
completo,P_local_mm,C,1986-10-01,-18.40690679875867,False
completo,P_local_mm,C,1986-11-01,-44.69314967336666,False
completo,P_local_mm,C,1986-12-01,-65.47762733683176,False
completo,P_local_mm,C,1987-01-01,-66.96286066189367,False
completo,P_local_mm,C,1987-02-01,-54.661549971718664,False
completo,P_local_mm,C,1987-03-01,-45.451648131643665,False
completo,P_local_mm,C,1987-04-01,-42.394864062169866,False
completo,P_local_mm,C,1987-05-01,27.783530380221933,False
completo,P_local_mm,C,1987-06-01,22.236470877886333,False
completo,P_local_mm,C,1987-07-01,541.1160433261863,False
completo,P_local_mm,C,1987-08-01,340.11032240618636,False
completo,P_local_mm,C,1987-09-01,9.947162427264047,False
completo,P_local_mm,C,1987-10-01,2.6393287028863313,False
completo,P_local_mm,C,1987-11-01,-67.40823428827066,False
completo,P_local_mm,C,1987-12-01,-52.57400682186366,False
completo,P_local_mm,C,1988-01-01,-67.41726402499867,False
completo,P_local_mm,C,1988-02-01,-65.41505410902647,False
completo,P_local_mm,C,1988-03-01,-62.27540569396667,False
completo,P_local_mm,C,1988-04-01,-53.48070444281367,False
completo,P_local_mm,C,1988-05-01,-48.734304346813666,False
completo,P_local_mm,C,1988-06-01,-38.36299136710367,False
completo,P_local_mm,C,1988-07-01,52.84492390138634,False
completo,P_local_mm,C,1988-08-01,102.73236574738635,False
completo,P_local_mm,C,1988-09-01,-46.03378432421367,False
completo,P_local_mm,C,1988-10-01,-55.55155323961367,False
completo,P_local_mm,C,1988-11-01,-49.564023696113665,False
completo,P_local_mm,C,1988-12-01,-61.469225831043666,False
completo,P_local_mm,C,1989-01-01,-53.70876169507366,False
completo,P_local_mm,C,1989-02-01,-68.22401546428367,False
completo,P_local_mm,C,1989-03-01,-67.99283430294737,False
completo,P_local_mm,C,1989-04-01,-40.03148759241367,False
completo,P_local_mm,C,1989-05-01,-25.702538418493667,False
completo,P_local_mm,C,1989-06-01,-1.5405293595356682,False
completo,P_local_mm,C,1989-07-01,92.81193233388635,False
completo,P_local_mm,C,1989-08-01,236.11763055688633,False
completo,P_local_mm,C,1989-09-01,26.632849121686334,False
completo,P_local_mm,C,1989-10-01,-54.79939516240367,False
completo,P_local_mm,C,1989-11-01,-64.72067934460367,False
completo,P_local_mm,C,1989-12-01,-57.059900975614546,False
completo,P_local_mm,C,1990-01-01,-55.47148750557667,False
completo,P_local_mm,C,1990-02-01,-62.398156708050664,False
completo,P_local_mm,C,1990-03-01,-12.986690252713665,False
completo,P_local_mm,C,1990-04-01,-41.814468279873665,False
completo,P_local_mm,C,1990-05-01,-20.442942968722264,False
completo,P_local_mm,C,1990-06-01,-17.376969424446266,False
completo,P_local_mm,C,1990-07-01,-19.75782323711367,False
completo,P_local_mm,C,1990-08-01,44.64924275488633,False
completo,P_local_mm,C,1990-09-01,53.63010137688633,False
completo,P_local_mm,C,1990-10-01,-40.933716832013666,False
completo,P_local_mm,C,1990-11-01,-53.664900206113664,False
completo,P_local_mm,C,1990-12-01,-32.52968757264367,False
completo,P_local_mm,C,1991-01-01,-58.57360634063866,False
completo,P_local_mm,C,1991-02-01,-65.23464874143667,False
completo,P_local_mm,C,1991-03-01,-67.98454933711366,False
completo,P_local_mm,C,1991-04-01,29.51383775988633,False
completo,P_local_mm,C,1991-05-01,243.99888295566635,False
completo,P_local_mm,C,1991-06-01,86.02131070772634,False
completo,P_local_mm,C,1991-07-01,214.05580598235636,False
completo,P_local_mm,C,1991-08-01,-60.32419576101367,False
completo,P_local_mm,C,1991-09-01,88.47489251801233,False
completo,P_local_mm,C,1991-10-01,-28.24156323341937,False
completo,P_local_mm,C,1991-11-01,-50.892770816313664,False
completo,P_local_mm,C,1991-12-01,3.012851889196341,False
completo,P_local_mm,C,1992-01-01,-67.45411370352986,False
completo,P_local_mm,C,1992-02-01,-55.442328573314064,False
completo,P_local_mm,C,1992-03-01,-64.01463170911367,False
completo,P_local_mm,C,1992-04-01,55.45979061417293,False
completo,P_local_mm,C,1992-05-01,220.21458009788634,False
completo,P_local_mm,C,1992-06-01,182.94739153222633,False
completo,P_local_mm,C,1992-07-01,-14.302908821113668,False
completo,P_local_mm,C,1992-08-01,19.98631919388633,False
completo,P_local_mm,C,1992-09-01,3.1010190638863264,False
completo,P_local_mm,C,1992-10-01,-53.14616595611366,False
completo,P_local_mm,C,1992-11-01,-38.710795798113665,False
completo,P_local_mm,C,1992-12-01,-66.84381615355366,False
completo,P_local_mm,C,1993-01-01,-51.391377077703666,False
completo,P_local_mm,C,1993-02-01,-54.31120566247367,False
completo,P_local_mm,C,1993-03-01,-68.31500303611367,False
completo,P_local_mm,C,1993-04-01,66.90094903258634,False
completo,P_local_mm,C,1993-05-01,219.84100862438632,False
completo,P_local_mm,C,1993-06-01,119.12737791258633,False
completo,P_local_mm,C,1993-07-01,35.14104835361033,False
completo,P_local_mm,C,1993-08-01,-37.33002770601367,False
completo,P_local_mm,C,1993-09-01,-30.730910145813667,False
completo,P_local_mm,C,1993-10-01,-34.423650042613666,False
completo,P_local_mm,C,1993-11-01,-47.853562337113665,False
completo,P_local_mm,C,1993-12-01,-49.107306736183666,False
completo,P_local_mm,C,1994-01-01,-67.39786965051266,False
completo,P_local_mm,C,1994-02-01,-60.28325498909267,False
completo,P_local_mm,C,1994-03-01,-61.758614067647414,False
completo,P_local_mm,C,1994-04-01,25.61433663552333,False
completo,P_local_mm,C,1994-05-01,28.546532433686338,False
completo,P_local_mm,C,1994-06-01,27.35298810735634,False
completo,P_local_mm,C,1994-07-01,209.98801606034735,False
completo,P_local_mm,C,1994-08-01,-51.99594205309967,False
completo,P_local_mm,C,1994-09-01,5.236571490505327,False
completo,P_local_mm,C,1994-10-01,-39.826106224113666,False
completo,P_local_mm,C,1994-11-01,-62.131256875113664,False
completo,P_local_mm,C,1994-12-01,-48.949226835351865,False
completo,P_local_mm,C,1995-01-01,-52.84404987529366,False
completo,P_local_mm,C,1995-02-01,-57.26009570337567,False
completo,P_local_mm,C,1995-03-01,-67.93519809211367,False
completo,P_local_mm,C,1995-04-01,16.171352425186342,False
completo,P_local_mm,C,1995-05-01,-38.522287018413664,False
completo,P_local_mm,C,1995-06-01,147.60147058579417,False
completo,P_local_mm,C,1995-07-01,87.19459848581033,False
completo,P_local_mm,C,1995-08-01,18.21831836808633,False
completo,P_local_mm,C,1995-09-01,-22.58591117451367,False
completo,P_local_mm,C,1995-10-01,-45.14583988611366,False
completo,P_local_mm,C,1995-11-01,-64.47230518691367,False
completo,P_local_mm,C,1995-12-01,-50.85725521713367,False
completo,P_local_mm,C,1996-01-01,-58.90205946587366,False
completo,P_local_mm,C,1996-02-01,-67.95773408008567,False
completo,P_local_mm,C,1996-03-01,-68.00504086611366,False
completo,P_local_mm,C,1996-04-01,-28.87593155753367,False
completo,P_local_mm,C,1996-05-01,-58.79375663580367,False
completo,P_local_mm,C,1996-06-01,-21.545084793067666,False
completo,P_local_mm,C,1996-07-01,-51.606151136013665,False
completo,P_local_mm,C,1996-08-01,32.41058738518633,False
completo,P_local_mm,C,1996-09-01,-64.19637076099366,False
completo,P_local_mm,C,1996-10-01,-50.28501572281367,False
completo,P_local_mm,C,1996-11-01,-65.79147725701367,False
completo,P_local_mm,C,1996-12-01,-48.412655407862665,False
completo,P_local_mm,C,1997-01-01,-58.244063268743666,False
completo,P_local_mm,C,1997-02-01,-60.894807351504866,False
completo,P_local_mm,C,1997-03-01,-56.97255237452467,False
completo,P_local_mm,C,1997-04-01,-49.193672719613666,False
completo,P_local_mm,C,1997-05-01,94.08654402588633,False
completo,P_local_mm,C,1997-06-01,467.8951621059092,False
completo,P_local_mm,C,1997-07-01,-2.4559835398136585,False
completo,P_local_mm,C,1997-08-01,134.44225704646632,False
completo,P_local_mm,C,1997-09-01,180.91892703815654,False
completo,P_local_mm,C,1997-10-01,31.470400768886336,False
completo,P_local_mm,C,1997-11-01,-42.98679361621367,False
completo,P_local_mm,C,1997-12-01,-49.92910445482566,False
completo,P_local_mm,C,1998-01-01,-68.28608369779367,False
completo,P_local_mm,C,1998-02-01,-30.764405665513664,False
completo,P_local_mm,C,1998-03-01,-57.34229805433367,False
completo,P_local_mm,C,1998-04-01,35.36137054288193,False
completo,P_local_mm,C,1998-05-01,-19.534938904493664,False
completo,P_local_mm,C,1998-06-01,-26.971586650430666,False
completo,P_local_mm,C,1998-07-01,-68.25298980186867,False
completo,P_local_mm,C,1998-08-01,-66.90768556779366,False
completo,P_local_mm,C,1998-09-01,0.15213963988634305,False
completo,P_local_mm,C,1998-10-01,-68.31500303611367,False
completo,P_local_mm,C,1998-11-01,-67.48217061071367,False
completo,P_local_mm,C,1998-12-01,-52.566938648720665,False
completo,P_local_mm,C,1999-01-01,-44.914530892192666,False
completo,P_local_mm,C,1999-02-01,-66.82644016397447,False
completo,P_local_mm,C,1999-03-01,-50.993946788313664,False
completo,P_local_mm,C,1999-04-01,-53.31792231676667,False
completo,P_local_mm,C,1999-05-01,-29.392539836113663,False
completo,P_local_mm,C,1999-06-01,47.54871276688634,False
completo,P_local_mm,C,1999-07-01,-31.750501245213663,False
completo,P_local_mm,C,1999-08-01,88.54561226088634,False
completo,P_local_mm,C,1999-09-01,127.51780926388633,False
completo,P_local_mm,C,1999-10-01,-40.085928298613666,False
completo,P_local_mm,C,1999-11-01,-65.85649389611366,False
completo,P_local_mm,C,1999-12-01,-58.78150901196267,False
completo,P_local_mm,C,2000-01-01,-67.89133006393367,False
completo,P_local_mm,C,2000-02-01,-37.503985150392666,False
completo,P_local_mm,C,2000-03-01,-67.97877021011367,False
completo,P_local_mm,C,2000-04-01,-45.71655244325366,False
completo,P_local_mm,C,2000-05-01,-36.66738037700567,False
completo,P_local_mm,C,2000-06-01,544.3532611089163,False
completo,P_local_mm,C,2000-07-01,-1.071992495113662,False
completo,P_local_mm,C,2000-08-01,-33.236618780913666,False
completo,P_local_mm,C,2000-09-01,121.90923338933632,False
completo,P_local_mm,C,2000-10-01,-63.98485142921366,False
completo,P_local_mm,C,2000-11-01,5.257096893516334,False
completo,P_local_mm,C,2000-12-01,-67.19682305734436,False
completo,P_local_mm,C,2001-01-01,-62.51567283100236,False
completo,P_local_mm,C,2001-02-01,-68.30583684577367,False
completo,P_local_mm,C,2001-03-01,-43.25077886511366,False
completo,P_local_mm,C,2001-04-01,-32.22487434174266,False
completo,P_local_mm,C,2001-05-01,128.69711445468633,False
completo,P_local_mm,C,2001-06-01,-28.200403111613667,False
completo,P_local_mm,C,2001-07-01,390.4894704083863,False
completo,P_local_mm,C,2001-08-01,115.23849717888635,False
completo,P_local_mm,C,2001-09-01,-59.631254886113666,False
completo,P_local_mm,C,2001-10-01,-53.97206278291367,False
completo,P_local_mm,C,2001-11-01,-53.847908495113664,False
completo,P_local_mm,C,2001-12-01,-62.804877415978666,False
completo,P_local_mm,C,2002-01-01,-55.203993704575666,False
completo,P_local_mm,C,2002-02-01,-67.90613690936847,False
completo,P_local_mm,C,2002-03-01,-56.33578328611367,False
completo,P_local_mm,C,2002-04-01,-49.677976290066965,False
completo,P_local_mm,C,2002-05-01,219.73933927943634,False
completo,P_local_mm,C,2002-06-01,200.58855283780636,False
completo,P_local_mm,C,2002-07-01,77.35810575668634,False
completo,P_local_mm,C,2002-08-01,197.93920089488634,False
completo,P_local_mm,C,2002-09-01,18.899719225896334,False
completo,P_local_mm,C,2002-10-01,-21.816476462413668,False
completo,P_local_mm,C,2002-11-01,-55.79377713278367,False
completo,P_local_mm,C,2002-12-01,-47.91779804097027,False
completo,P_local_mm,C,2003-01-01,-29.96164159986367,False
completo,P_local_mm,C,2003-02-01,-66.33448526611366,False
completo,P_local_mm,C,2003-03-01,-63.478935030013666,False
completo,P_local_mm,C,2003-04-01,-67.79704804611366,False
completo,P_local_mm,C,2003-05-01,51.13479267411134,False
completo,P_local_mm,C,2003-06-01,97.57531738950632,False
completo,P_local_mm,C,2003-07-01,13.88837749929634,False
completo,P_local_mm,C,2003-08-01,-60.753487360413665,False
completo,P_local_mm,C,2003-09-01,22.41562785838633,False
completo,P_local_mm,C,2003-10-01,-56.706899109113664,False
completo,P_local_mm,C,2003-11-01,0.08406950628632615,False
completo,P_local_mm,C,2003-12-01,-56.484717030179866,False
completo,P_local_mm,C,2004-01-01,-63.07377485027406,False
completo,P_local_mm,C,2004-02-01,-50.85698249394366,False
completo,P_local_mm,C,2004-03-01,-35.835925406013665,False
completo,P_local_mm,C,2004-04-01,6.254171233826341,False
completo,P_local_mm,C,2004-05-01,-48.914474371103665,False
completo,P_local_mm,C,2004-06-01,11.697287712376337,False
completo,P_local_mm,C,2004-07-01,9.307331367926338,False
completo,P_local_mm,C,2004-08-01,-15.521885839303664,False
completo,P_local_mm,C,2004-09-01,43.11009468908634,False
completo,P_local_mm,C,2004-10-01,-15.462089284113667,False
completo,P_local_mm,C,2004-11-01,12.434277250586334,False
completo,P_local_mm,C,2004-12-01,-56.32535721628366,False
completo,P_local_mm,C,2005-01-01,-33.217525162013665,False
completo,P_local_mm,C,2005-02-01,-66.70259947178566,False
completo,P_local_mm,C,2005-03-01,-10.285928832773664,False
completo,P_local_mm,C,2005-04-01,-40.655209073203665,False
completo,P_local_mm,C,2005-05-01,150.59393095588632,False
completo,P_local_mm,C,2005-06-01,374.85828929527634,False
completo,P_local_mm,C,2005-07-01,1.543815724086329,False
completo,P_local_mm,C,2005-08-01,347.7192711105863,False
completo,P_local_mm,C,2005-09-01,-20.510450203913663,False
completo,P_local_mm,C,2005-10-01,-48.10051494811367,False
completo,P_local_mm,C,2005-11-01,-43.41270387211367,False
completo,P_local_mm,C,2005-12-01,-61.90942036431367,False
completo,P_local_mm,C,2006-01-01,-51.55576601301367,False
completo,P_local_mm,C,2006-02-01,-50.60006729143446,False
completo,P_local_mm,C,2006-03-01,-67.73341768611367,False
completo,P_local_mm,C,2006-04-01,-41.972825737013665,False
completo,P_local_mm,C,2006-05-01,-18.115491447503665,False
completo,P_local_mm,C,2006-06-01,98.26914579445184,False
completo,P_local_mm,C,2006-07-01,400.3831451239263,False
completo,P_local_mm,C,2006-08-01,64.17908849601534,False
completo,P_local_mm,C,2006-09-01,-3.8387863698636693,False
completo,P_local_mm,C,2006-10-01,49.43692776818634,False
completo,P_local_mm,C,2006-11-01,-62.41752160583366,False
completo,P_local_mm,C,2006-12-01,-61.989989171342664,False
completo,P_local_mm,C,2007-01-01,-67.54135282421366,False
completo,P_local_mm,C,2007-02-01,-38.11959465233367,False
completo,P_local_mm,C,2007-03-01,-49.774899276113665,False
completo,P_local_mm,C,2007-04-01,-27.24663371418366,False
completo,P_local_mm,C,2007-05-01,-30.11433612836366,False
completo,P_local_mm,C,2007-06-01,128.92753303310533,False
completo,P_local_mm,C,2007-07-01,129.02909761648633,False
completo,P_local_mm,C,2007-08-01,-29.500272991713665,False
completo,P_local_mm,C,2007-09-01,-68.10687784711367,False
completo,P_local_mm,C,2007-10-01,-60.87081624120284,False
completo,P_local_mm,C,2007-11-01,-57.08816953611367,False
completo,P_local_mm,C,2007-12-01,-50.06139002471367,False
completo,P_local_mm,C,2008-01-01,-63.27086583681367,False
completo,P_local_mm,C,2008-02-01,-50.64785775960367,False
completo,P_local_mm,C,2008-03-01,-54.08958513325666,False
completo,P_local_mm,C,2008-04-01,-27.006952494713666,False
completo,P_local_mm,C,2008-05-01,352.46300945260737,False
completo,P_local_mm,C,2008-06-01,94.92041964088634,False
completo,P_local_mm,C,2008-07-01,0.13925045638633549,False
completo,P_local_mm,C,2008-08-01,179.30755064088635,False
completo,P_local_mm,C,2008-09-01,-54.515305276113665,False
completo,P_local_mm,C,2008-10-01,-56.04345818347367,False
completo,P_local_mm,C,2008-11-01,-68.26065575899797,False
completo,P_local_mm,C,2008-12-01,-65.17050591574566,False
completo,P_local_mm,C,2009-01-01,-55.117334275086364,False
completo,P_local_mm,C,2009-02-01,-50.93488979269367,False
completo,P_local_mm,C,2009-03-01,-61.306962342441665,False
completo,P_local_mm,C,2009-04-01,-68.25406298990366,False
completo,P_local_mm,C,2009-05-01,-0.9349022961136626,False
completo,P_local_mm,C,2009-06-01,106.64506307131956,False
completo,P_local_mm,C,2009-07-01,-35.342530562013664,False
completo,P_local_mm,C,2009-08-01,123.08508305388634,False
completo,P_local_mm,C,2009-09-01,143.59121835838633,False
completo,P_local_mm,C,2009-10-01,-37.413684841913664,False
completo,P_local_mm,C,2009-11-01,-42.65350832978366,False
completo,P_local_mm,C,2009-12-01,-67.43618453966766,False
completo,P_local_mm,C,2010-01-01,-64.88615834667367,False
completo,P_local_mm,C,2010-02-01,-67.01079408995366,False
completo,P_local_mm,C,2010-03-01,-68.31500303611367,False
completo,P_local_mm,C,2010-04-01,-63.297566323643665,False
completo,P_local_mm,C,2010-05-01,-14.948936413556666,False
completo,P_local_mm,C,2010-06-01,81.89875941428633,False
completo,P_local_mm,C,2010-07-01,-19.37629586511367,False
completo,P_local_mm,C,2010-08-01,-46.797751371613664,False
completo,P_local_mm,C,2010-09-01,-63.12487284958367,False
completo,P_local_mm,C,2010-10-01,-45.45778116771366,False
completo,P_local_mm,C,2010-11-01,-19.21846814911367,False
completo,P_local_mm,C,2010-12-01,-42.46763687386367,False
completo,P_local_mm,C,2011-01-01,-51.019884030353666,False
completo,P_local_mm,C,2011-02-01,-46.275015258862666,False
completo,P_local_mm,C,2011-03-01,-56.03678763379067,False
completo,P_local_mm,C,2011-04-01,-32.442819583013666,False
completo,P_local_mm,C,2011-05-01,-60.11328294193066,False
completo,P_local_mm,C,2011-06-01,34.212478445717736,False
completo,P_local_mm,C,2011-07-01,-2.286699014693667,False
completo,P_local_mm,C,2011-08-01,78.17505460228634,False
completo,P_local_mm,C,2011-09-01,-48.365071230213665,False
completo,P_local_mm,C,2011-10-01,-53.611405788533666,False
completo,P_local_mm,C,2011-11-01,-53.12366233709967,False
completo,P_local_mm,C,2011-12-01,-66.82184744373366,False
completo,P_local_mm,C,2012-01-01,-43.382012225462866,False
completo,P_local_mm,C,2012-02-01,-63.371452175431564,False
completo,P_local_mm,C,2012-03-01,-66.37290968951366,False
completo,P_local_mm,C,2012-04-01,-35.961322831834664,False
completo,P_local_mm,C,2012-05-01,70.24610223888632,False
completo,P_local_mm,C,2012-06-01,156.75871624509733,False
completo,P_local_mm,C,2012-07-01,-40.100220242613666,False
completo,P_local_mm,C,2012-08-01,-20.059429598513667,False
completo,P_local_mm,C,2012-09-01,-63.86491897798366,False
completo,P_local_mm,C,2012-10-01,-2.9946290419936616,False
completo,P_local_mm,C,2012-11-01,-56.247963895113664,False
completo,P_local_mm,C,2012-12-01,6.958941554529332,False
completo,P_local_mm,C,2013-01-01,-53.93884399866667,False
completo,P_local_mm,C,2013-02-01,-46.818975123973665,False
completo,P_local_mm,C,2013-03-01,-67.70059960611367,False
completo,P_local_mm,C,2013-04-01,-58.65638683835367,False
completo,P_local_mm,C,2013-05-01,100.18713171677635,False
completo,P_local_mm,C,2013-06-01,12.41688573378434,False
completo,P_local_mm,C,2013-07-01,-39.284695326483664,False
completo,P_local_mm,C,2013-08-01,31.584118478286328,False
completo,P_local_mm,C,2013-09-01,10.441821816386337,False
completo,P_local_mm,C,2013-10-01,-56.45016360611366,False
completo,P_local_mm,C,2013-11-01,-58.98539496420967,False
completo,P_local_mm,C,2013-12-01,-63.062289294103664,False
completo,P_local_mm,C,2014-01-01,-48.181493290353664,False
completo,P_local_mm,C,2014-02-01,-30.190532843267263,False
completo,P_local_mm,C,2014-03-01,-62.38517928781366,False
completo,P_local_mm,C,2014-04-01,-42.67345300260966,False
completo,P_local_mm,C,2014-05-01,32.07080936365634,False
completo,P_local_mm,C,2014-06-01,46.64415776688634,False
completo,P_local_mm,C,2014-07-01,26.06909141088633,False
completo,P_local_mm,C,2014-08-01,-16.788607329113667,False
completo,P_local_mm,C,2014-09-01,46.216260975386334,False
completo,P_local_mm,C,2014-10-01,-51.919543956113664,False
completo,P_local_mm,C,2014-11-01,-47.74403795041367,False
completo,P_local_mm,C,2014-12-01,-52.73412444617867,False
completo,P_local_mm,C,2015-01-01,-67.23249787109367,False
completo,P_local_mm,C,2015-02-01,-60.49401885427366,False
completo,P_local_mm,C,2015-03-01,-57.975979949243666,False
completo,P_local_mm,C,2015-04-01,-67.25118557875366,False
completo,P_local_mm,C,2015-05-01,-61.646647951613666,False
completo,P_local_mm,C,2015-06-01,-58.74017825289567,False
completo,P_local_mm,C,2015-07-01,127.33492176888635,False
completo,P_local_mm,C,2015-08-01,172.17074191278633,False
completo,P_local_mm,C,2015-09-01,38.06980317398633,False
completo,P_local_mm,C,2015-10-01,58.734446211886336,False
completo,P_local_mm,C,2015-11-01,-45.00003968311366,False
completo,P_local_mm,C,2015-12-01,-66.20393696217367,False
completo,P_local_mm,C,2016-01-01,-55.77712859126366,False
completo,P_local_mm,C,2016-02-01,-67.87622967411366,False
completo,P_local_mm,C,2016-03-01,-68.13231470611366,False
completo,P_local_mm,C,2016-04-01,303.9271876435523,False
completo,P_local_mm,C,2016-05-01,40.38440914496533,False
completo,P_local_mm,C,2016-06-01,35.168387863111036,False
completo,P_local_mm,C,2016-07-01,98.33159532228632,False
completo,P_local_mm,C,2016-08-01,-16.585470590913665,False
completo,P_local_mm,C,2016-09-01,-65.37713877983866,False
completo,P_local_mm,C,2016-10-01,-3.6026368926359567,False
completo,P_local_mm,C,2016-11-01,-59.83243253481366,False
completo,P_local_mm,C,2016-12-01,-37.69670422450366,False
completo,P_local_mm,C,2017-01-01,-66.55049915709667,False
completo,P_local_mm,C,2017-02-01,-36.370130281872164,False
completo,P_local_mm,C,2017-03-01,-61.26029166065577,False
completo,P_local_mm,C,2017-04-01,-5.165299331503668,False
completo,P_local_mm,C,2017-05-01,34.32482273334273,False
completo,P_local_mm,C,2017-06-01,32.81725259109034,False
completo,P_local_mm,C,2017-07-01,-8.14466961861367,False
completo,P_local_mm,C,2017-08-01,16.550056263186335,False
completo,P_local_mm,C,2017-09-01,-11.756437321913666,False
completo,P_local_mm,C,2017-10-01,-11.201131596113669,False
completo,P_local_mm,C,2017-11-01,-49.33068148141366,False
completo,P_local_mm,C,2017-12-01,-64.88790222548566,False
completo,P_local_mm,C,2018-01-01,-50.353238103763665,False
completo,P_local_mm,C,2018-02-01,-62.535171114413664,False
completo,P_local_mm,C,2018-03-01,-66.26847990811366,False
completo,P_local_mm,C,2018-04-01,-39.63756879201367,False
completo,P_local_mm,C,2018-05-01,-20.481156971513663,False
completo,P_local_mm,C,2018-06-01,-0.006272476722656961,False
completo,P_local_mm,C,2018-07-01,27.782485511046332,False
completo,P_local_mm,C,2018-08-01,-32.49845634811366,False
completo,P_local_mm,C,2018-09-01,73.20868914828631,False
completo,P_local_mm,C,2018-10-01,13.089417273016338,False
completo,P_local_mm,C,2018-11-01,-47.75383911181366,False
completo,P_local_mm,C,2018-12-01,-42.84208956830366,False
completo,P_local_mm,C,2019-01-01,-62.647980912813665,False
completo,P_local_mm,C,2019-02-01,-61.05071251830367,False
completo,P_local_mm,C,2019-03-01,-66.49198588911366,False
completo,P_local_mm,C,2019-04-01,-64.63116801043196,False
completo,P_local_mm,C,2019-05-01,-1.971277699923661,False
completo,P_local_mm,C,2019-06-01,24.496894568886333,False
completo,P_local_mm,C,2019-07-01,-47.89472249111367,False
completo,P_local_mm,C,2019-08-01,-55.012682152313666,False
completo,P_local_mm,C,2019-09-01,-45.47422810761367,False
completo,P_local_mm,C,2019-10-01,-52.986079759113665,False
completo,P_local_mm,C,2019-11-01,-64.96153254211366,False
completo,P_local_mm,C,2019-12-01,-62.69201123281366,False
completo,P_local_mm,C,2020-01-01,-52.73500290080266,False
completo,P_local_mm,C,2020-02-01,-68.21932827051367,False
completo,P_local_mm,C,2020-03-01,-68.31500303611367,False
completo,P_local_mm,A,1980-04-01,245.2186902986539,False
completo,P_local_mm,A,1980-05-01,163.64367490669346,False
completo,P_local_mm,A,1980-06-01,-12.310698190278115,False
completo,P_local_mm,A,1980-07-01,43.041233066969895,False
completo,P_local_mm,A,1980-08-01,-104.9192641804421,False
completo,P_local_mm,A,1980-09-01,10.809191282252614,False
completo,P_local_mm,A,1980-10-01,-28.605811589618057,False
completo,P_local_mm,A,1980-11-01,-11.437129070925318,False
completo,P_local_mm,A,1980-12-01,-3.8765571951797586,False
completo,P_local_mm,A,1981-01-01,-13.114922054231732,False
completo,P_local_mm,A,1981-02-01,-2.697464664502302,False
completo,P_local_mm,A,1981-03-01,-12.476083573131127,False
completo,P_local_mm,A,1981-04-01,-17.93906947095678,False
completo,P_local_mm,A,1981-05-01,212.36456238404347,False
completo,P_local_mm,A,1981-06-01,-131.92063555137682,False
completo,P_local_mm,A,1981-07-01,-59.72941361403012,False
completo,P_local_mm,A,1981-08-01,3.3702879288579073,False
completo,P_local_mm,A,1981-09-01,-12.312676612247385,False
completo,P_local_mm,A,1981-10-01,-35.62041255888556,False
completo,P_local_mm,A,1981-11-01,-19.64828598672532,False
completo,P_local_mm,A,1981-12-01,-15.794640567915257,False
completo,P_local_mm,A,1982-01-01,-17.878437225100733,False
completo,P_local_mm,A,1982-02-01,-16.244384887219702,False
completo,P_local_mm,A,1982-03-01,12.889566268298873,False
completo,P_local_mm,A,1982-04-01,-36.21377918669479,False
completo,P_local_mm,A,1982-05-01,124.5431853995535,False
completo,P_local_mm,A,1982-06-01,531.5810851794927,False
completo,P_local_mm,A,1982-07-01,227.60588157346987,False
completo,P_local_mm,A,1982-08-01,115.09435651205791,False
completo,P_local_mm,A,1982-09-01,232.65942017316692,False
completo,P_local_mm,A,1982-10-01,52.41029354288194,False
completo,P_local_mm,A,1982-11-01,-17.620779328025318,False
completo,P_local_mm,A,1982-12-01,-6.774143889935258,False
completo,P_local_mm,A,1983-01-01,6.498263648996268,False
completo,P_local_mm,A,1983-02-01,-2.711437254782302,False
completo,P_local_mm,A,1983-03-01,-13.030235285471127,False
completo,P_local_mm,A,1983-04-01,-3.9976406247027807,False
completo,P_local_mm,A,1983-05-01,-38.42757741022652,False
completo,P_local_mm,A,1983-06-01,-16.803464537367404,False
completo,P_local_mm,A,1983-07-01,96.73998946500389,False
completo,P_local_mm,A,1983-08-01,-15.481143182772085,False
completo,P_local_mm,A,1983-09-01,-23.353321659247385,False
completo,P_local_mm,A,1983-10-01,-30.64053982351806,False
completo,P_local_mm,A,1983-11-01,-30.07459010172532,False
completo,P_local_mm,A,1983-12-01,-19.16969714370426,False
completo,P_local_mm,A,1984-01-01,-6.232397753203731,False
completo,P_local_mm,A,1984-02-01,-17.239661213336053,False
completo,P_local_mm,A,1984-03-01,20.38979298006887,False
completo,P_local_mm,A,1984-04-01,-6.362114096064785,False
completo,P_local_mm,A,1984-05-01,82.9162343786135,False
completo,P_local_mm,A,1984-06-01,-16.22023392344147,False
completo,P_local_mm,A,1984-07-01,379.1479049139699,False
completo,P_local_mm,A,1984-08-01,-48.5651367683421,False
completo,P_local_mm,A,1984-09-01,76.3869261916526,False
completo,P_local_mm,A,1984-10-01,16.70077327480194,False
completo,P_local_mm,A,1984-11-01,5.572137337974686,False
completo,P_local_mm,A,1984-12-01,-19.03526872043526,False
completo,P_local_mm,A,1985-01-01,-0.9214041509337321,False
completo,P_local_mm,A,1985-02-01,-16.905307510102304,False
completo,P_local_mm,A,1985-03-01,-0.8917754851111273,False
completo,P_local_mm,A,1985-04-01,-28.246067551571784,False
completo,P_local_mm,A,1985-05-01,-47.26431382774652,False
completo,P_local_mm,A,1985-06-01,-114.99128356111342,False
completo,P_local_mm,A,1985-07-01,-1.8328554142995,False
completo,P_local_mm,A,1985-08-01,-113.60576801703209,False
completo,P_local_mm,A,1985-09-01,26.68629804825261,False
completo,P_local_mm,A,1985-10-01,63.83209001938195,False
completo,P_local_mm,A,1985-11-01,-10.455536590725318,False
completo,P_local_mm,A,1985-12-01,-17.32021018022526,False
completo,P_local_mm,A,1986-01-01,-16.23629493873373,False
completo,P_local_mm,A,1986-02-01,-1.5869155933023027,False
completo,P_local_mm,A,1986-03-01,-15.043668775491126,False
completo,P_local_mm,A,1986-04-01,22.22283671271022,False
completo,P_local_mm,A,1986-05-01,194.1763169567735,False
completo,P_local_mm,A,1986-06-01,292.7800629819326,False
completo,P_local_mm,A,1986-07-01,-116.15944436888012,False
completo,P_local_mm,A,1986-08-01,57.46810444279791,False
completo,P_local_mm,A,1986-09-01,-42.66379183905738,False
completo,P_local_mm,A,1986-10-01,4.783573240736937,False
completo,P_local_mm,A,1986-11-01,-6.674498639278317,False
completo,P_local_mm,A,1986-12-01,-16.366485814563358,False
completo,P_local_mm,A,1987-01-01,-17.430918988023734,False
completo,P_local_mm,A,1987-02-01,-4.0067010897073025,False
completo,P_local_mm,A,1987-03-01,6.739497728998874,False
completo,P_local_mm,A,1987-04-01,-23.856792867100985,False
completo,P_local_mm,A,1987-05-01,-26.15060631389092,False
completo,P_local_mm,A,1987-06-01,-82.90479820806742,False
completo,P_local_mm,A,1987-07-01,480.3321085562699,False
completo,P_local_mm,A,1987-08-01,284.7744307403579,False
completo,P_local_mm,A,1987-09-01,3.9061144356303306,False
completo,P_local_mm,A,1987-10-01,25.829808742381935,False
completo,P_local_mm,A,1987-11-01,-29.38958325418232,False
completo,P_local_mm,A,1987-12-01,-3.462865299595258,False
completo,P_local_mm,A,1988-01-01,-17.885322351128732,False
completo,P_local_mm,A,1988-02-01,-14.760205227015103,False
completo,P_local_mm,A,1988-03-01,-10.084259833324126,False
completo,P_local_mm,A,1988-04-01,-34.94263324774479,False
completo,P_local_mm,A,1988-05-01,-102.66844104092652,False
completo,P_local_mm,A,1988-06-01,-143.5042604530574,False
completo,P_local_mm,A,1988-07-01,-7.939010868530117,False
completo,P_local_mm,A,1988-08-01,47.396474081557926,False
completo,P_local_mm,A,1988-09-01,-52.07483231584739,False
completo,P_local_mm,A,1988-10-01,-32.361073200118064,False
completo,P_local_mm,A,1988-11-01,-11.545372662025317,False
completo,P_local_mm,A,1988-12-01,-12.358084308775258,False
completo,P_local_mm,A,1989-01-01,-4.176820021203731,False
completo,P_local_mm,A,1989-02-01,-17.569166582272302,False
completo,P_local_mm,A,1989-03-01,-15.801688442304826,False
completo,P_local_mm,A,1989-04-01,-21.49341639734478,False
completo,P_local_mm,A,1989-05-01,-79.63667511260653,False
completo,P_local_mm,A,1989-06-01,-106.68179844548942,False
completo,P_local_mm,A,1989-07-01,32.02799756396989,False
completo,P_local_mm,A,1989-08-01,180.7817388910579,False
completo,P_local_mm,A,1989-09-01,20.591801130052616,False
completo,P_local_mm,A,1989-10-01,-31.60891512290806,False
completo,P_local_mm,A,1989-11-01,-26.702028310515317,False
completo,P_local_mm,A,1989-12-01,-7.948759453346138,False
completo,P_local_mm,A,1990-01-01,-5.939545831706733,False
completo,P_local_mm,A,1990-02-01,-11.743307826039302,False
completo,P_local_mm,A,1990-03-01,39.20445560792887,False
completo,P_local_mm,A,1990-04-01,-23.276397084804785,False
completo,P_local_mm,A,1990-05-01,-74.37707966283511,False
completo,P_local_mm,A,1990-06-01,-122.51823851040001,False
completo,P_local_mm,A,1990-07-01,-80.54175800703013,False
completo,P_local_mm,A,1990-08-01,-10.686648910942095,False
completo,P_local_mm,A,1990-09-01,47.58905338525261,False
completo,P_local_mm,A,1990-10-01,-17.74323679251806,False
completo,P_local_mm,A,1990-11-01,-15.646249172025316,False
completo,P_local_mm,A,1990-12-01,16.581453949624738,False
completo,P_local_mm,A,1991-01-01,-9.041664666768732,False
completo,P_local_mm,A,1991-02-01,-14.579799859425302,False
completo,P_local_mm,A,1991-03-01,-15.793403476471127,False
completo,P_local_mm,A,1991-04-01,48.05190895495521,False
completo,P_local_mm,A,1991-05-01,190.0647462615535,False
completo,P_local_mm,A,1991-06-01,-19.11995837822741,False
completo,P_local_mm,A,1991-07-01,153.2718712124399,False
completo,P_local_mm,A,1991-08-01,-115.6600874268421,False
completo,P_local_mm,A,1991-09-01,82.4338445263786,False
completo,P_local_mm,A,1991-10-01,-5.051083193923764,False
completo,P_local_mm,A,1991-11-01,-12.874119782225316,False
completo,P_local_mm,A,1991-12-01,52.123993411464745,False
completo,P_local_mm,A,1992-01-01,-17.922172029659922,False
completo,P_local_mm,A,1992-02-01,-4.787479691302703,False
completo,P_local_mm,A,1992-03-01,-11.823485848471126,False
completo,P_local_mm,A,1992-04-01,73.99786180924181,False
completo,P_local_mm,A,1992-05-01,166.2804434037735,False
completo,P_local_mm,A,1992-06-01,77.80612244627258,False
completo,P_local_mm,A,1992-07-01,-75.08684359103012,False
completo,P_local_mm,A,1992-08-01,-35.349572471942096,False
completo,P_local_mm,A,1992-09-01,-2.94002892774739,False
completo,P_local_mm,A,1992-10-01,-29.95568591661806,False
completo,P_local_mm,A,1992-11-01,-0.6921447640253167,False
completo,P_local_mm,A,1992-12-01,-17.732674631285256,False
completo,P_local_mm,A,1993-01-01,-1.8594354038337322,False
completo,P_local_mm,A,1993-02-01,-3.6563567804623034,False
completo,P_local_mm,A,1993-03-01,-16.123857175471127,False
completo,P_local_mm,A,1993-04-01,85.43902022765522,False
completo,P_local_mm,A,1993-05-01,165.90687193027347,False
completo,P_local_mm,A,1993-06-01,13.986108826632575,False
completo,P_local_mm,A,1993-07-01,-25.642886416306126,False
completo,P_local_mm,A,1993-08-01,-92.6659193718421,False
completo,P_local_mm,A,1993-09-01,-36.771958137447385,False
completo,P_local_mm,A,1993-10-01,-11.23317000311806,False
completo,P_local_mm,A,1993-11-01,-9.834911303025317,False
completo,P_local_mm,A,1993-12-01,0.003834786084741637,False
completo,P_local_mm,A,1994-01-01,-17.86592797664273,False
completo,P_local_mm,A,1994-02-01,-9.628406107081302,False
completo,P_local_mm,A,1994-03-01,-9.567468207004875,False
completo,P_local_mm,A,1994-04-01,44.15240783059221,False
completo,P_local_mm,A,1994-05-01,-25.387604260426514,False
completo,P_local_mm,A,1994-06-01,-77.78828097859741,False
completo,P_local_mm,A,1994-07-01,149.20408129043088,False
completo,P_local_mm,A,1994-08-01,-107.3318337189281,False
completo,P_local_mm,A,1994-09-01,-0.8044765011283896,False
completo,P_local_mm,A,1994-10-01,-16.63562618461806,False
completo,P_local_mm,A,1994-11-01,-24.11260584102532,False
completo,P_local_mm,A,1994-12-01,0.16191468691654265,False
completo,P_local_mm,A,1995-01-01,-3.3121082014237313,False
completo,P_local_mm,A,1995-02-01,-6.605246821364302,False
completo,P_local_mm,A,1995-03-01,-15.744052231471127,False
completo,P_local_mm,A,1995-04-01,34.70942362025522,False
completo,P_local_mm,A,1995-05-01,-92.45642371252652,False
completo,P_local_mm,A,1995-06-01,42.46020149984042,False
completo,P_local_mm,A,1995-07-01,26.410663715893875,False
completo,P_local_mm,A,1995-08-01,-37.1175732977421,False
completo,P_local_mm,A,1995-09-01,-28.626959166147387,False
completo,P_local_mm,A,1995-10-01,-21.95535984661806,False
completo,P_local_mm,A,1995-11-01,-26.453654152825315,False
completo,P_local_mm,A,1995-12-01,-1.746113694865258,False
completo,P_local_mm,A,1996-01-01,-9.370117792003732,False
completo,P_local_mm,A,1996-02-01,-17.302885198074303,False
completo,P_local_mm,A,1996-03-01,-15.813895005471126,False
completo,P_local_mm,A,1996-04-01,-10.337860362464786,False
completo,P_local_mm,A,1996-05-01,-112.72789332991651,False
completo,P_local_mm,A,1996-06-01,-126.68635387902142,False
completo,P_local_mm,A,1996-07-01,-112.39008590593012,False
completo,P_local_mm,A,1996-08-01,-22.925304280642095,False
completo,P_local_mm,A,1996-09-01,-70.23741875262738,False
completo,P_local_mm,A,1996-10-01,-27.094535683318057,False
completo,P_local_mm,A,1996-11-01,-27.772826222925318,False
completo,P_local_mm,A,1996-12-01,0.6984861144057426,False
completo,P_local_mm,A,1997-01-01,-8.712121594873732,False
completo,P_local_mm,A,1997-02-01,-10.239958469493502,False
completo,P_local_mm,A,1997-03-01,-4.781406513882127,False
completo,P_local_mm,A,1997-04-01,-30.655601524544785,False
completo,P_local_mm,A,1997-05-01,40.152407331773475,False
completo,P_local_mm,A,1997-06-01,362.7538930199555,False
completo,P_local_mm,A,1997-07-01,-63.239918309730115,False
completo,P_local_mm,A,1997-08-01,79.1063653806379,False
completo,P_local_mm,A,1997-09-01,174.87787904652282,False
completo,P_local_mm,A,1997-10-01,54.66088080838194,False
completo,P_local_mm,A,1997-11-01,-4.968142582125319,False
completo,P_local_mm,A,1997-12-01,-0.8179629325572577,False
completo,P_local_mm,A,1998-01-01,-18.754142023923734,False
completo,P_local_mm,A,1998-02-01,19.8904432164977,False
completo,P_local_mm,A,1998-03-01,-5.151152193691127,False
completo,P_local_mm,A,1998-04-01,53.89944173795081,False
completo,P_local_mm,A,1998-05-01,-73.46907559860651,False
completo,P_local_mm,A,1998-06-01,-132.1128557363844,False
completo,P_local_mm,A,1998-07-01,-129.0369245717851,False
completo,P_local_mm,A,1998-08-01,-122.24357723362209,False
completo,P_local_mm,A,1998-09-01,-5.888908351747373,False
completo,P_local_mm,A,1998-10-01,-45.12452299661806,False
completo,P_local_mm,A,1998-11-01,-29.463519576625316,False
completo,P_local_mm,A,1998-12-01,-3.455797126452257,False
completo,P_local_mm,A,1999-01-01,4.617410781677268,False
completo,P_local_mm,A,1999-02-01,-16.171591281963103,False
completo,P_local_mm,A,1999-03-01,1.1971990723288748,False
completo,P_local_mm,A,1999-04-01,-34.77985112169778,False
completo,P_local_mm,A,1999-05-01,-83.32667653022651,False
completo,P_local_mm,A,1999-06-01,-57.59255631906741,False
completo,P_local_mm,A,1999-07-01,-92.53443601513013,False
completo,P_local_mm,A,1999-08-01,33.20972059505792,False
completo,P_local_mm,A,1999-09-01,121.47676127225262,False
completo,P_local_mm,A,1999-10-01,-16.895448259118062,False
completo,P_local_mm,A,1999-11-01,-27.83784286202532,False
completo,P_local_mm,A,1999-12-01,-9.670367489694257,False
completo,P_local_mm,A,2000-01-01,-18.35938839006373,False
completo,P_local_mm,A,2000-02-01,13.150863731618701,False
completo,P_local_mm,A,2000-03-01,-15.787624349471127,False
completo,P_local_mm,A,2000-04-01,-27.17848124818478,False
completo,P_local_mm,A,2000-05-01,-90.60151707111852,False
completo,P_local_mm,A,2000-06-01,439.2119920229626,False
completo,P_local_mm,A,2000-07-01,-61.85592726503012,False
completo,P_local_mm,A,2000-08-01,-88.57251044674209,False
completo,P_local_mm,A,2000-09-01,115.8681853977026,False
completo,P_local_mm,A,2000-10-01,-40.79437138971806,False
completo,P_local_mm,A,2000-11-01,43.275747927604684,False
completo,P_local_mm,A,2000-12-01,-18.085681535075956,False
completo,P_local_mm,A,2001-01-01,-12.983731157132432,False
completo,P_local_mm,A,2001-02-01,-17.650987963762304,False
completo,P_local_mm,A,2001-03-01,8.940366995528876,False
completo,P_local_mm,A,2001-04-01,-13.68680314667378,False
completo,P_local_mm,A,2001-05-01,74.76297776057348,False
completo,P_local_mm,A,2001-06-01,-133.34167219756742,False
completo,P_local_mm,A,2001-07-01,329.7055356384699,False
completo,P_local_mm,A,2001-08-01,59.90260551305792,False
completo,P_local_mm,A,2001-09-01,-65.67230287774738,False
completo,P_local_mm,A,2001-10-01,-30.781582743418063,False
completo,P_local_mm,A,2001-11-01,-15.829257461025318,False
completo,P_local_mm,A,2001-12-01,-13.693735893710258,False
completo,P_local_mm,A,2002-01-01,-5.67205203070573,False
completo,P_local_mm,A,2002-02-01,-17.251288027357102,False
completo,P_local_mm,A,2002-03-01,-4.144637425471126,False
completo,P_local_mm,A,2002-04-01,-31.139905094998085,False
completo,P_local_mm,A,2002-05-01,165.80520258532349,False
completo,P_local_mm,A,2002-06-01,95.44728375185261,False
completo,P_local_mm,A,2002-07-01,16.574170986769886,False
completo,P_local_mm,A,2002-08-01,142.6033092290579,False
completo,P_local_mm,A,2002-09-01,12.858671234262617,False
completo,P_local_mm,A,2002-10-01,1.3740035770819379,False
completo,P_local_mm,A,2002-11-01,-17.775126098695317,False
completo,P_local_mm,A,2002-12-01,1.1933434812981432,False
completo,P_local_mm,A,2003-01-01,19.570300074006262,False
completo,P_local_mm,A,2003-02-01,-15.679636384102302,False
completo,P_local_mm,A,2003-03-01,-11.287789169371127,False
completo,P_local_mm,A,2003-04-01,-49.258976851044785,False
completo,P_local_mm,A,2003-05-01,-2.799344020001511,False
completo,P_local_mm,A,2003-06-01,-7.565951696447426,False
completo,P_local_mm,A,2003-07-01,-46.89555727062012,False
completo,P_local_mm,A,2003-08-01,-116.08937902624209,False
completo,P_local_mm,A,2003-09-01,16.37457986675261,False
completo,P_local_mm,A,2003-10-01,-33.51641906961806,False
completo,P_local_mm,A,2003-11-01,38.102720540374676,False
completo,P_local_mm,A,2003-12-01,-7.3735755079114575,False
completo,P_local_mm,A,2004-01-01,-13.54183317640413,False
completo,P_local_mm,A,2004-02-01,-0.20213361193230206,False
completo,P_local_mm,A,2004-03-01,16.35522045462887,False
completo,P_local_mm,A,2004-04-01,24.79224242889522,False
completo,P_local_mm,A,2004-05-01,-102.84861106521652,False
completo,P_local_mm,A,2004-06-01,-93.44398137357742,False
completo,P_local_mm,A,2004-07-01,-51.47660340199012,False
completo,P_local_mm,A,2004-08-01,-70.85777750513209,False
completo,P_local_mm,A,2004-09-01,37.06904669745262,False
completo,P_local_mm,A,2004-10-01,7.728390755381939,False
completo,P_local_mm,A,2004-11-01,50.452928284674684,False
completo,P_local_mm,A,2004-12-01,-7.214215694015257,False
completo,P_local_mm,A,2005-01-01,16.314416511856265,False
completo,P_local_mm,A,2005-02-01,-16.047750589774303,False
completo,P_local_mm,A,2005-03-01,41.90521702786887,False
completo,P_local_mm,A,2005-04-01,-22.117137878134784,False
completo,P_local_mm,A,2005-05-01,96.65979426177347,False
completo,P_local_mm,A,2005-06-01,269.7170202093226,False
completo,P_local_mm,A,2005-07-01,-59.24011904583013,False
completo,P_local_mm,A,2005-08-01,292.38337944475796,False
completo,P_local_mm,A,2005-09-01,-26.55149819554738,False
completo,P_local_mm,A,2005-10-01,-24.91003490861806,False
completo,P_local_mm,A,2005-11-01,-5.394052838025319,False
completo,P_local_mm,A,2005-12-01,-12.798278842045256,False
completo,P_local_mm,A,2006-01-01,-2.023824339143733,False
completo,P_local_mm,A,2006-02-01,0.054781590576899575,False
completo,P_local_mm,A,2006-03-01,-15.542271825471127,False
completo,P_local_mm,A,2006-04-01,-23.434754541944784,False
completo,P_local_mm,A,2006-05-01,-72.04962814161652,False
completo,P_local_mm,A,2006-06-01,-6.8721232915019055,False
completo,P_local_mm,A,2006-07-01,339.59921035400987,False
completo,P_local_mm,A,2006-08-01,8.843196830186914,False
completo,P_local_mm,A,2006-09-01,-9.879834361497386,False
completo,P_local_mm,A,2006-10-01,72.62740780768195,False
completo,P_local_mm,A,2006-11-01,-24.39887057174532,False
completo,P_local_mm,A,2006-12-01,-12.878847649074258,False
completo,P_local_mm,A,2007-01-01,-18.00941115034373,False
completo,P_local_mm,A,2007-02-01,12.535254229677696,False
completo,P_local_mm,A,2007-03-01,2.4162465845288743,False
completo,P_local_mm,A,2007-04-01,-8.708562519114777,False
completo,P_local_mm,A,2007-05-01,-84.04847282247651,False
completo,P_local_mm,A,2007-06-01,23.786263947151582,False
completo,P_local_mm,A,2007-07-01,68.24516284656987,False
completo,P_local_mm,A,2007-08-01,-84.8361646575421,False
completo,P_local_mm,A,2007-09-01,-74.14792583874738,False
completo,P_local_mm,A,2007-10-01,-37.680336201707235,False
completo,P_local_mm,A,2007-11-01,-19.069518502025318,False
completo,P_local_mm,A,2007-12-01,-0.9502485024452589,False
completo,P_local_mm,A,2008-01-01,-13.738924162943732,False
completo,P_local_mm,A,2008-02-01,0.006991122407695727,False
completo,P_local_mm,A,2008-03-01,-1.8984392726141266,False
completo,P_local_mm,A,2008-04-01,-8.468881299644783,False
completo,P_local_mm,A,2008-05-01,298.5288727584945,False
completo,P_local_mm,A,2008-06-01,-10.220849445067413,False
completo,P_local_mm,A,2008-07-01,-60.64468431353012,False
completo,P_local_mm,A,2008-08-01,123.97165897505792,False
completo,P_local_mm,A,2008-09-01,-60.55635326774738,False
completo,P_local_mm,A,2008-10-01,-32.85297814397806,False
completo,P_local_mm,A,2008-11-01,-30.24200472490962,False
completo,P_local_mm,A,2008-12-01,-16.05936439347726,False
completo,P_local_mm,A,2009-01-01,-5.585392601216432,False
completo,P_local_mm,A,2009-02-01,-0.2800409106823043,False
completo,P_local_mm,A,2009-03-01,-9.115816481799126,False
completo,P_local_mm,A,2009-04-01,-49.715991794834785,False
completo,P_local_mm,A,2009-05-01,-54.869038990226514,False
completo,P_local_mm,A,2009-06-01,1.5037939853658049,False
completo,P_local_mm,A,2009-07-01,-96.12646533193012,False
completo,P_local_mm,A,2009-08-01,67.74919138805791,False
completo,P_local_mm,A,2009-09-01,137.5501703667526,False
completo,P_local_mm,A,2009-10-01,-14.223204802418058,False
completo,P_local_mm,A,2009-11-01,-4.634857295695317,False
completo,P_local_mm,A,2009-12-01,-18.32504301739926,False
completo,P_local_mm,A,2010-01-01,-15.354216672803732,False
completo,P_local_mm,A,2010-02-01,-16.355945207942305,False
completo,P_local_mm,A,2010-03-01,-16.123857175471127,False
completo,P_local_mm,A,2010-04-01,-44.759495128574784,False
completo,P_local_mm,A,2010-05-01,-68.88307310766952,False
completo,P_local_mm,A,2010-06-01,-23.24250967166742,False
completo,P_local_mm,A,2010-07-01,-80.16023063503013,False
completo,P_local_mm,A,2010-08-01,-102.13364303744208,False
completo,P_local_mm,A,2010-09-01,-69.16592084121739,False
completo,P_local_mm,A,2010-10-01,-22.267301128218058,False
completo,P_local_mm,A,2010-11-01,18.80018288497468,False
completo,P_local_mm,A,2010-12-01,6.643504648404743,False
completo,P_local_mm,A,2011-01-01,-1.4879423564837317,False
completo,P_local_mm,A,2011-02-01,4.379833623148697,False
completo,P_local_mm,A,2011-03-01,-3.8456417731481274,False
completo,P_local_mm,A,2011-04-01,-13.904748387944784,False
completo,P_local_mm,A,2011-05-01,-114.04741963604351,False
completo,P_local_mm,A,2011-06-01,-70.92879064023602,False
completo,P_local_mm,A,2011-07-01,-63.07063378461012,False
completo,P_local_mm,A,2011-08-01,22.83916293645791,False
completo,P_local_mm,A,2011-09-01,-54.40611922184738,False
completo,P_local_mm,A,2011-10-01,-30.420925749038062,False
completo,P_local_mm,A,2011-11-01,-15.105011303011317,False
completo,P_local_mm,A,2011-12-01,-17.710705921465255,False
completo,P_local_mm,A,2012-01-01,6.149929448407068,False
completo,P_local_mm,A,2012-02-01,-12.716603293420203,False
completo,P_local_mm,A,2012-03-01,-14.181763828871127,False
completo,P_local_mm,A,2012-04-01,-17.423251636765784,False
completo,P_local_mm,A,2012-05-01,16.31196554477347,False
completo,P_local_mm,A,2012-06-01,51.61744715914358,False
completo,P_local_mm,A,2012-07-01,-100.88415501253013,False
completo,P_local_mm,A,2012-08-01,-75.3953212643421,False
completo,P_local_mm,A,2012-09-01,-69.90596696961738,False
completo,P_local_mm,A,2012-10-01,20.195850997501942,False
completo,P_local_mm,A,2012-11-01,-18.229312861025317,False
completo,P_local_mm,A,2012-12-01,56.07008307679774,False
completo,P_local_mm,A,2013-01-01,-4.406902324796732,False
completo,P_local_mm,A,2013-02-01,3.835873758037698,False
completo,P_local_mm,A,2013-03-01,-15.509453745471127,False
completo,P_local_mm,A,2013-04-01,-40.11831564328479,False
completo,P_local_mm,A,2013-05-01,46.2529950226635,False
completo,P_local_mm,A,2013-06-01,-92.72438335216941,False
completo,P_local_mm,A,2013-07-01,-100.06863009640011,False
completo,P_local_mm,A,2013-08-01,-23.7517731875421,False
completo,P_local_mm,A,2013-09-01,4.400773824752621,False
completo,P_local_mm,A,2013-10-01,-33.25968356661806,False
completo,P_local_mm,A,2013-11-01,-20.966743930121318,False
completo,P_local_mm,A,2013-12-01,-13.951147771835258,False
completo,P_local_mm,A,2014-01-01,1.3504483835162695,False
completo,P_local_mm,A,2014-02-01,20.4643160387441,False
completo,P_local_mm,A,2014-03-01,-10.194033427171128,False
completo,P_local_mm,A,2014-04-01,-24.13538180754078,False
completo,P_local_mm,A,2014-05-01,-21.863327330456514,False
completo,P_local_mm,A,2014-06-01,-58.497111319067415,False
completo,P_local_mm,A,2014-07-01,-34.71484335903013,False
completo,P_local_mm,A,2014-08-01,-72.12449899494209,False
completo,P_local_mm,A,2014-09-01,40.175212983752616,False
completo,P_local_mm,A,2014-10-01,-28.72906391661806,False
completo,P_local_mm,A,2014-11-01,-9.725386916325318,False
completo,P_local_mm,A,2014-12-01,-3.622982923910257,False
completo,P_local_mm,A,2015-01-01,-17.700556197223733,False
completo,P_local_mm,A,2015-02-01,-9.839169972262303,False
completo,P_local_mm,A,2015-03-01,-5.784834088601128,False
completo,P_local_mm,A,2015-04-01,-48.71311438368478,False
completo,P_local_mm,A,2015-05-01,-115.58078464572651,False
completo,P_local_mm,A,2015-06-01,-163.88144733884943,False
completo,P_local_mm,A,2015-07-01,66.55098699896989,False
completo,P_local_mm,A,2015-08-01,116.8348502469579,False
completo,P_local_mm,A,2015-09-01,32.02875518235261,False
completo,P_local_mm,A,2015-10-01,81.92492625138195,False
completo,P_local_mm,A,2015-11-01,-6.981388649025314,False
completo,P_local_mm,A,2015-12-01,-17.09279543990526,False
completo,P_local_mm,A,2016-01-01,-6.245186917393731,False
completo,P_local_mm,A,2016-02-01,-17.221380792102302,False
completo,P_local_mm,A,2016-03-01,-15.941168845471127,False
completo,P_local_mm,A,2016-04-01,322.46525883862125,False
completo,P_local_mm,A,2016-05-01,-13.549727549147518,False
completo,P_local_mm,A,2016-06-01,-69.97288122284272,False
completo,P_local_mm,A,2016-07-01,37.54766055236986,False
completo,P_local_mm,A,2016-08-01,-71.9213622567421,False
completo,P_local_mm,A,2016-09-01,-71.41818677147238,False
completo,P_local_mm,A,2016-10-01,19.587843146859647,False
completo,P_local_mm,A,2016-11-01,-21.81378150072532,False
completo,P_local_mm,A,2016-12-01,11.414437297764744,False
completo,P_local_mm,A,2017-01-01,-17.01855748322673,False
completo,P_local_mm,A,2017-02-01,14.284718600139199,False
completo,P_local_mm,A,2017-03-01,-9.069145800013228,False
completo,P_local_mm,A,2017-04-01,13.372771863565214,False
completo,P_local_mm,A,2017-05-01,-19.609313960770123,False
completo,P_local_mm,A,2017-06-01,-72.32401649486341,False
completo,P_local_mm,A,2017-07-01,-68.92860438853012,False
completo,P_local_mm,A,2017-08-01,-38.78583540264209,False
completo,P_local_mm,A,2017-09-01,-17.797485313547384,False
completo,P_local_mm,A,2017-10-01,11.989348443381937,False
completo,P_local_mm,A,2017-11-01,-11.312030447325318,False
completo,P_local_mm,A,2017-12-01,-15.776760703217258,False
completo,P_local_mm,A,2018-01-01,-0.8212964298937315,False
completo,P_local_mm,A,2018-02-01,-11.880322232402303,False
completo,P_local_mm,A,2018-03-01,-14.077334047471126,False
completo,P_local_mm,A,2018-04-01,-21.099497596944786,False
completo,P_local_mm,A,2018-05-01,-74.4152936656265,False
completo,P_local_mm,A,2018-06-01,-105.14754156267641,False
completo,P_local_mm,A,2018-07-01,-33.001449258870124,False
completo,P_local_mm,A,2018-08-01,-87.83434801394209,False
completo,P_local_mm,A,2018-09-01,67.16764115665259,False
completo,P_local_mm,A,2018-10-01,36.27989731251194,False
completo,P_local_mm,A,2018-11-01,-9.735188077725317,False
completo,P_local_mm,A,2018-12-01,6.269051953964741,False
completo,P_local_mm,A,2019-01-01,-13.116039238943731,False
completo,P_local_mm,A,2019-02-01,-10.395863636292303,False
completo,P_local_mm,A,2019-03-01,-14.300840028471127,False
completo,P_local_mm,A,2019-04-01,-46.09309681536308,False
completo,P_local_mm,A,2019-05-01,-55.90541439403651,False
completo,P_local_mm,A,2019-06-01,-80.64437451706742,False
completo,P_local_mm,A,2019-07-01,-108.67865726103012,False
completo,P_local_mm,A,2019-08-01,-110.3485738181421,False
completo,P_local_mm,A,2019-09-01,-51.51527609924739,False
completo,P_local_mm,A,2019-10-01,-29.79559971961806,False
completo,P_local_mm,A,2019-11-01,-26.942881508025316,False
completo,P_local_mm,A,2019-12-01,-13.580869710545256,False
completo,P_local_mm,A,2020-01-01,-3.2030612269327303,False
completo,P_local_mm,A,2020-02-01,-17.564479388502303,False
completo,P_local_mm,A,2020-03-01,-16.123857175471127,False
completo,P_local_mm,AD,1980-04-01,224.28424145977533,False
completo,P_local_mm,AD,1980-05-01,142.79663504000226,False
completo,P_local_mm,AD,1980-06-01,-33.070329084781925,False
completo,P_local_mm,AD,1980-07-01,22.369011144653467,False
completo,P_local_mm,AD,1980-08-01,-125.50407713057115,False
completo,P_local_mm,AD,1980-09-01,-9.688212695689044,False
completo,P_local_mm,AD,1980-10-01,-49.015806595372325,False
completo,P_local_mm,AD,1980-11-01,-31.75971510449221,False
completo,P_local_mm,AD,1980-12-01,-24.11173425655926,False
completo,P_local_mm,AD,1981-01-01,-33.26269014342385,False
completo,P_local_mm,AD,1981-02-01,-22.75782378150704,False
completo,P_local_mm,AD,1981-03-01,-32.44903371794848,False
completo,P_local_mm,AD,1981-04-01,-37.82461064358675,False
completo,P_local_mm,AD,1981-05-01,192.5664301836009,False
completo,P_local_mm,AD,1981-06-01,-151.63135877963202,False
completo,P_local_mm,AD,1981-07-01,-79.35272787009794,False
completo,P_local_mm,AD,1981-08-01,-16.16561735502252,False
completo,P_local_mm,AD,1981-09-01,-31.76117292394043,False
completo,P_local_mm,AD,1981-10-01,-54.98149989839122,False
completo,P_local_mm,AD,1981-11-01,-38.921964354043595,False
completo,P_local_mm,AD,1981-12-01,-34.980909963046145,False
completo,P_local_mm,AD,1982-01-01,-36.97729764804424,False
completo,P_local_mm,AD,1982-02-01,-35.25583633797582,False
completo,P_local_mm,AD,1982-03-01,-6.0344762102698635,False
completo,P_local_mm,AD,1982-04-01,-55.05041269307614,False
completo,P_local_mm,AD,1982-05-01,105.79396086535952,False
completo,P_local_mm,AD,1982-06-01,512.9192696174861,False
completo,P_local_mm,AD,1982-07-01,209.03147498365067,False
completo,P_local_mm,AD,1982-08-01,96.6073588944261,False
completo,P_local_mm,AD,1982-09-01,214.2598315277225,False
completo,P_local_mm,AD,1982-10-01,34.098113869624896,False
completo,P_local_mm,AD,1982-11-01,-35.84555002909498,False
completo,P_local_mm,AD,1982-12-01,-24.911505618817536,False
completo,P_local_mm,AD,1983-01-01,-11.551689107698621,False
completo,P_local_mm,AD,1983-02-01,-20.673981039289806,False
completo,P_local_mm,AD,1983-03-01,-30.90537009779125,False
completo,P_local_mm,AD,1983-04-01,-21.78536646483552,False
completo,P_local_mm,AD,1983-05-01,-56.12789427817187,False
completo,P_local_mm,AD,1983-06-01,-34.416372433125375,False
completo,P_local_mm,AD,1983-07-01,79.2144905414333,False
completo,P_local_mm,AD,1983-08-01,-32.919233134155284,False
completo,P_local_mm,AD,1983-09-01,-40.7040026384432,False
completo,P_local_mm,AD,1983-10-01,-47.90381183052649,False
completo,P_local_mm,AD,1983-11-01,-47.25045313654637,False
completo,P_local_mm,AD,1983-12-01,-36.258151206337914,False
completo,P_local_mm,AD,1984-01-01,-23.233442843650007,False
completo,P_local_mm,AD,1984-02-01,-34.15329733159494,False
completo,P_local_mm,AD,1984-03-01,3.5635658339973624,False
completo,P_local_mm,AD,1984-04-01,-23.100932269948906,False
completo,P_local_mm,AD,1984-05-01,66.26482517691676,False
completo,P_local_mm,AD,1984-06-01,-32.78423415295082,False
completo,P_local_mm,AD,1984-07-01,362.67131365664795,False
completo,P_local_mm,AD,1984-08-01,-64.95431905347668,False
completo,P_local_mm,AD,1984-09-01,60.08515287870541,False
completo,P_local_mm,AD,1984-10-01,0.4864089340421245,False
completo,P_local_mm,AD,1984-11-01,-10.554818030597746,False
completo,P_local_mm,AD,1984-12-01,-35.074815116820304,False
completo,P_local_mm,AD,1985-01-01,-16.87354157513139,False
completo,P_local_mm,AD,1985-02-01,-32.77003596211258,False
completo,P_local_mm,AD,1985-03-01,-16.66909496493402,False
completo,P_local_mm,AD,1985-04-01,-43.93597805920729,False
completo,P_local_mm,AD,1985-05-01,-62.86681536319465,False
completo,P_local_mm,AD,1985-06-01,-130.50637612437416,False
completo,P_local_mm,AD,1985-07-01,-17.260539005372856,False
completo,P_local_mm,AD,1985-08-01,-128.94604263591805,False
completo,P_local_mm,AD,1985-09-01,11.433432401554025,False
completo,P_local_mm,AD,1985-10-01,48.66663334487075,False
completo,P_local_mm,AD,1985-11-01,-25.53358429304913,False
completo,P_local_mm,AD,1985-12-01,-32.31084891036169,False
completo,P_local_mm,AD,1986-01-01,-31.139524696682777,False
completo,P_local_mm,AD,1986-02-01,-16.402736379063967,False
completo,P_local_mm,AD,1986-03-01,-29.772080589065403,False
completo,P_local_mm,AD,1986-04-01,7.581833871323326,False
completo,P_local_mm,AD,1986-05-01,179.62272308757397,False
completo,P_local_mm,AD,1986-06-01,278.3138780849205,False
completo,P_local_mm,AD,1986-07-01,-130.53822029370485,False
completo,P_local_mm,AD,1986-08-01,43.176737490160555,False
completo,P_local_mm,AD,1986-09-01,-56.86774981950735,False
completo,P_local_mm,AD,1986-10-01,-9.332975767525648,False
completo,P_local_mm,AD,1986-11-01,-20.703638675353517,False
completo,P_local_mm,AD,1986-12-01,-30.308216878451177,False
completo,P_local_mm,AD,1987-01-01,-31.285241079724166,False
completo,P_local_mm,AD,1987-02-01,-17.773614209220348,False
completo,P_local_mm,AD,1987-03-01,-6.940006418326789,False
completo,P_local_mm,AD,1987-04-01,-37.44888804223926,False
completo,P_local_mm,AD,1987-05-01,-39.65529251684181,False
completo,P_local_mm,AD,1987-06-01,-96.32207543883092,False
completo,P_local_mm,AD,1987-07-01,467.00224029769373,False
completo,P_local_mm,AD,1987-08-01,271.53197145396916,False
completo,P_local_mm,AD,1987-09-01,-9.248935878571023,False
completo,P_local_mm,AD,1987-10-01,12.762167400367964,False
completo,P_local_mm,AD,1987-11-01,-42.36981562400891,False
completo,P_local_mm,AD,1987-12-01,-16.35568869723446,False
completo,P_local_mm,AD,1988-01-01,-30.69073677658055,False
completo,P_local_mm,AD,1988-02-01,-27.478210680279535,False
completo,P_local_mm,AD,1988-03-01,-22.714856314401175,False
completo,P_local_mm,AD,1988-04-01,-47.48582075663445,False
completo,P_local_mm,AD,1988-05-01,-115.1242195776288,False
completo,P_local_mm,AD,1988-06-01,-155.8726300175723,False
completo,P_local_mm,AD,1988-07-01,-20.21997146085763,False
completo,P_local_mm,AD,1988-08-01,35.2029224614178,False
completo,P_local_mm,AD,1988-09-01,-64.18097496380013,False
completo,P_local_mm,AD,1988-10-01,-44.37980687588342,False
completo,P_local_mm,AD,1988-11-01,-23.476697365603286,False
completo,P_local_mm,AD,1988-12-01,-24.202000040165842,False
completo,P_local_mm,AD,1989-01-01,-15.933326780406933,False
completo,P_local_mm,AD,1989-02-01,-29.23826436928812,False
completo,P_local_mm,AD,1989-03-01,-27.38337725713326,False
completo,P_local_mm,AD,1989-04-01,-32.98769623998583,False
completo,P_local_mm,AD,1989-05-01,-91.04354598306018,False
completo,P_local_mm,AD,1989-06-01,-118.0012603437557,False
completo,P_local_mm,AD,1989-07-01,20.795944637890997,False
completo,P_local_mm,AD,1989-08-01,169.63709493716638,False
completo,P_local_mm,AD,1989-09-01,9.53456614834849,False
completo,P_local_mm,AD,1989-10-01,-42.578741132424796,False
completo,P_local_mm,AD,1989-11-01,-37.58444534784468,False
completo,P_local_mm,AD,1989-12-01,-18.743767518488113,False
completo,P_local_mm,AD,1990-01-01,-16.64714492466132,False
completo,P_local_mm,AD,1990-02-01,-22.363497946806504,False
completo,P_local_mm,AD,1990-03-01,28.671674459349052,False
completo,P_local_mm,AD,1990-04-01,-33.72176926119722,False
completo,P_local_mm,AD,1990-05-01,-84.73504286704016,False
completo,P_local_mm,AD,1990-06-01,-132.78879274241768,False
completo,P_local_mm,AD,1990-07-01,-90.72490326686041,False
completo,P_local_mm,AD,1990-08-01,-20.78238519858499,False
completo,P_local_mm,AD,1990-09-01,37.5807260697971,False
completo,P_local_mm,AD,1990-10-01,-27.66415513578619,False
completo,P_local_mm,AD,1990-11-01,-25.47975854310606,False
completo,P_local_mm,AD,1990-12-01,6.83535355073138,False
completo,P_local_mm,AD,1991-01-01,-18.700356093474703,False
completo,P_local_mm,AD,1991-02-01,-24.15108231394389,False
completo,P_local_mm,AD,1991-03-01,-25.277276958802332,False
completo,P_local_mm,AD,1991-04-01,38.655444444811394,False
completo,P_local_mm,AD,1991-05-01,180.75569072359707,False
completo,P_local_mm,AD,1991-06-01,-28.341604943996458,False
completo,P_local_mm,AD,1991-07-01,144.13763361885822,False
completo,P_local_mm,AD,1991-08-01,-124.70691604823638,False
completo,P_local_mm,AD,1991-09-01,73.47442487717171,False
completo,P_local_mm,AD,1991-10-01,-13.923093870943276,False
completo,P_local_mm,AD,1991-11-01,-21.65872148705744,False
completo,P_local_mm,AD,1991-12-01,43.42680067882,False
completo,P_local_mm,AD,1992-01-01,-26.53195579011728,False
completo,P_local_mm,AD,1992-02-01,-13.309854479572678,False
completo,P_local_mm,AD,1992-03-01,-20.258451664553718,False
completo,P_local_mm,AD,1992-04-01,65.6503049653466,False
completo,P_local_mm,AD,1992-05-01,158.02029553206566,False
completo,P_local_mm,AD,1992-06-01,69.63338354675214,False
completo,P_local_mm,AD,1992-07-01,-83.17217351836317,False
completo,P_local_mm,AD,1992-08-01,-43.34749342708776,False
completo,P_local_mm,AD,1992-09-01,-10.850540910705671,False
completo,P_local_mm,AD,1992-10-01,-37.77878892738896,False
completo,P_local_mm,AD,1992-11-01,-8.42783880260883,False
completo,P_local_mm,AD,1992-12-01,-25.380959697681384,False
completo,P_local_mm,AD,1993-01-01,-9.420311498042476,False
completo,P_local_mm,AD,1993-02-01,-11.129823902483663,False
completo,P_local_mm,AD,1993-03-01,-23.5099153253051,False
completo,P_local_mm,AD,1993-04-01,78.14037105000862,False
completo,P_local_mm,AD,1993-05-01,158.69563172481426,False
completo,P_local_mm,AD,1993-06-01,6.862277593360755,False
completo,P_local_mm,AD,1993-07-01,-32.679308677390566,False
completo,P_local_mm,AD,1993-08-01,-99.61493266073914,False
completo,P_local_mm,AD,1993-09-01,-43.63356245415705,False
completo,P_local_mm,AD,1993-10-01,-18.007365347640345,False
completo,P_local_mm,AD,1993-11-01,-16.521697675360215,False
completo,P_local_mm,AD,1993-12-01,-6.595542614062772,False
completo,P_local_mm,AD,1994-01-01,-24.377896404602858,False
completo,P_local_mm,AD,1994-02-01,-16.052965562854048,False
completo,P_local_mm,AD,1994-03-01,-15.904618690590235,False
completo,P_local_mm,AD,1994-04-01,37.90266631919424,False
completo,P_local_mm,AD,1994-05-01,-31.549936799637102,False
completo,P_local_mm,AD,1994-06-01,-83.86320454562062,False
completo,P_local_mm,AD,1994-07-01,143.21656669559505,False
completo,P_local_mm,AD,1994-08-01,-113.23193934157653,False
completo,P_local_mm,AD,1994-09-01,-6.6171731515894425,False
completo,P_local_mm,AD,1994-10-01,-22.360913862891728,False
completo,P_local_mm,AD,1994-11-01,-29.750484547111604,False
completo,P_local_mm,AD,1994-12-01,-5.388555046982356,False
completo,P_local_mm,AD,1995-01-01,-8.775168963135245,False
completo,P_local_mm,AD,1995-02-01,-11.980898610888431,False
completo,P_local_mm,AD,1995-03-01,-21.032295048807875,False
completo,P_local_mm,AD,1995-04-01,29.50858977510586,False
completo,P_local_mm,AD,1995-05-01,-97.56984858548849,False
completo,P_local_mm,AD,1995-06-01,37.43418559906583,False
completo,P_local_mm,AD,1995-07-01,21.47205678730667,False
completo,P_local_mm,AD,1995-08-01,-41.96877125414192,False
completo,P_local_mm,AD,1995-09-01,-33.390748150359826,False
completo,P_local_mm,AD,1995-10-01,-26.63173985864311,False
completo,P_local_mm,AD,1995-11-01,-31.042625192662985,False
completo,P_local_mm,AD,1995-12-01,-6.2476757625155415,False
completo,P_local_mm,AD,1996-01-01,-13.784270887466633,False
completo,P_local_mm,AD,1996-02-01,-21.629629321349817,False
completo,P_local_mm,AD,1996-03-01,-20.05323015655926,False
completo,P_local_mm,AD,1996-04-01,-14.48978654136553,False
completo,P_local_mm,AD,1996-05-01,-116.79241053662987,False
completo,P_local_mm,AD,1996-06-01,-130.6634621135474,False
completo,P_local_mm,AD,1996-07-01,-116.27978516826872,False
completo,P_local_mm,AD,1996-08-01,-26.727594570793304,False
completo,P_local_mm,AD,1996-09-01,-73.9523000705912,False
completo,P_local_mm,AD,1996-10-01,-30.722008029094496,False
completo,P_local_mm,AD,1996-11-01,-31.31288959651437,False
completo,P_local_mm,AD,1996-12-01,-2.7541682869959274,False
completo,P_local_mm,AD,1997-01-01,-12.077367024088016,False
completo,P_local_mm,AD,1997-02-01,-13.517794926520402,False
completo,P_local_mm,AD,1997-03-01,-7.971833998721644,False
completo,P_local_mm,AD,1997-04-01,-33.75862003719692,False
completo,P_local_mm,AD,1997-05-01,37.13679779130872,False
completo,P_local_mm,AD,1997-06-01,359.82569245167815,False
completo,P_local_mm,AD,1997-07-01,-66.0807099058201,False
completo,P_local_mm,AD,1997-08-01,76.3529827567353,False
completo,P_local_mm,AD,1997-09-01,172.21190539480762,False
completo,P_local_mm,AD,1997-10-01,52.08231612885412,False
completo,P_local_mm,AD,1997-11-01,-7.4592982894657585,False
completo,P_local_mm,AD,1997-12-01,-3.2217096677103143,False
completo,P_local_mm,AD,1998-01-01,-21.070479786889404,False
completo,P_local_mm,AD,1998-02-01,17.661514425719414,False
completo,P_local_mm,AD,1998-03-01,-7.292672012282027,False
completo,P_local_mm,AD,1998-04-01,51.84533089154729,False
completo,P_local_mm,AD,1998-05-01,-75.43577747282264,False
completo,P_local_mm,AD,1998-06-01,-133.99214863841314,False
completo,P_local_mm,AD,1998-07-01,-130.82880850162647,False
completo,P_local_mm,AD,1998-08-01,-123.94805219127608,False
completo,P_local_mm,AD,1998-09-01,-7.505974337213969,False
completo,P_local_mm,AD,1998-10-01,-46.654180009897274,False
completo,P_local_mm,AD,1998-11-01,-30.905767617717142,False
completo,P_local_mm,AD,1998-12-01,-4.810636195356697,False
completo,P_local_mm,AD,1999-01-01,3.3499806849602116,False
completo,P_local_mm,AD,1999-02-01,-17.351612406492773,False
completo,P_local_mm,AD,1999-03-01,0.10458691998658765,False
completo,P_local_mm,AD,1999-04-01,-35.78505430185268,False
completo,P_local_mm,AD,1999-05-01,-84.24447073819402,False
completo,P_local_mm,AD,1999-06-01,-58.42294155484755,False
completo,P_local_mm,AD,1999-07-01,-93.27741227872288,False
completo,P_local_mm,AD,1999-08-01,32.554153303652555,False
completo,P_local_mm,AD,1999-09-01,120.90860295303463,False
completo,P_local_mm,AD,1999-10-01,-17.376197606148658,False
completo,P_local_mm,AD,1999-11-01,-28.231183236868528,False
completo,P_local_mm,AD,1999-12-01,-9.976298892350083,False
completo,P_local_mm,AD,2000-01-01,-18.57791082053217,False
completo,P_local_mm,AD,2000-02-01,13.019750273337644,False
completo,P_local_mm,AD,2000-03-01,-15.8313288355648,False
completo,P_local_mm,AD,2000-04-01,-27.134776762091068,False
completo,P_local_mm,AD,2000-05-01,-90.47040361283743,False
completo,P_local_mm,AD,2000-06-01,439.4305144534311,False
completo,P_local_mm,AD,2000-07-01,-61.54999586237425,False
completo,P_local_mm,AD,2000-08-01,-88.17917007189884,False
completo,P_local_mm,AD,2000-09-01,116.34893474473324,False
completo,P_local_mm,AD,2000-10-01,-40.22621307050004,False
completo,P_local_mm,AD,2000-11-01,43.93131521901009,False
completo,P_local_mm,AD,2000-12-01,-17.34270527148317,False
completo,P_local_mm,AD,2001-01-01,-12.153345921352258,False
completo,P_local_mm,AD,2001-02-01,-16.733193755794748,False
completo,P_local_mm,AD,2001-03-01,9.94557017568382,False
completo,P_local_mm,AD,2001-04-01,-12.594190994331454,False
completo,P_local_mm,AD,2001-05-01,75.9429988851032,False
completo,P_local_mm,AD,2001-06-01,-132.0742421008503,False
completo,P_local_mm,AD,2001-07-01,331.06037470737436,False
completo,P_local_mm,AD,2001-08-01,61.344853554149786,False
completo,P_local_mm,AD,2001-09-01,-64.14264586446814,False
completo,P_local_mm,AD,2001-10-01,-29.16451675795143,False
completo,P_local_mm,AD,2001-11-01,-14.1247825033713,False
completo,P_local_mm,AD,2001-12-01,-11.901851963868854,False
completo,P_local_mm,AD,2002-01-01,-3.792759128676943,False
completo,P_local_mm,AD,2002-02-01,-15.284586153140928,False
completo,P_local_mm,AD,2002-03-01,-2.0905265790675696,False
completo,P_local_mm,AD,2002-04-01,-28.99838527640714,False
completo,P_local_mm,AD,2002-05-01,168.0341313761018,False
completo,P_local_mm,AD,2002-06-01,97.76362151481831,False
completo,P_local_mm,AD,2002-07-01,18.97791772192298,False
completo,P_local_mm,AD,2002-08-01,145.0944649363984,False
completo,P_local_mm,AD,2002-09-01,15.437235913790483,False
completo,P_local_mm,AD,2002-10-01,4.039977228797186,False
completo,P_local_mm,AD,2002-11-01,-15.021743474792682,False
completo,P_local_mm,AD,2002-12-01,4.034135077388161,False
completo,P_local_mm,AD,2003-01-01,22.498500642283666,False
completo,P_local_mm,AD,2003-02-01,-12.664026843637515,False
completo,P_local_mm,AD,2003-03-01,-8.184770656718957,False
completo,P_local_mm,AD,2003-04-01,-46.06854936620523,False
completo,P_local_mm,AD,2003-05-01,0.47849243702542843,False
completo,P_local_mm,AD,2003-06-01,-4.2007062672331,False
completo,P_local_mm,AD,2003-07-01,-43.44290286921841,False
completo,P_local_mm,AD,2003-08-01,-112.549315652653,False
completo,P_local_mm,AD,2003-09-01,20.00205221252909,False
completo,P_local_mm,AD,2003-10-01,-29.801537751654195,False
completo,P_local_mm,AD,2003-11-01,41.905010830525924,False
completo,P_local_mm,AD,2003-12-01,-3.4838762455728265,False
completo,P_local_mm,AD,2004-01-01,-9.564724941878113,False
completo,P_local_mm,AD,2004-02-01,3.8623835947810985,False
completo,P_local_mm,AD,2004-03-01,20.507146633529658,False
completo,P_local_mm,AD,2004-04-01,29.03157757998339,False
completo,P_local_mm,AD,2004-05-01,-98.52186694194096,False
completo,P_local_mm,AD,2004-06-01,-89.02982827811448,False
completo,P_local_mm,AD,2004-07-01,-46.97504133433979,False
completo,P_local_mm,AD,2004-08-01,-66.26880646529438,False
completo,P_local_mm,AD,2004-09-01,41.74542670947771,False
completo,P_local_mm,AD,2004-10-01,12.492179739594418,False
completo,P_local_mm,AD,2004-11-01,55.30412624107454,False
completo,P_local_mm,AD,2004-12-01,-2.275608765428009,False
completo,P_local_mm,AD,2005-01-01,21.340432412630896,False
completo,P_local_mm,AD,2005-02-01,-10.934325716812285,False
completo,P_local_mm,AD,2005-03-01,47.106050873018276,False
completo,P_local_mm,AD,2005-04-01,-16.828895060797997,False
completo,P_local_mm,AD,2005-05-01,102.03544605129764,False
completo,P_local_mm,AD,2005-06-01,275.18008097103416,False
completo,P_local_mm,AD,2005-07-01,-53.68964931193119,False
completo,P_local_mm,AD,2005-08-01,298.0212581508443,False
completo,P_local_mm,AD,2005-09-01,-20.826210517273672,False
completo,P_local_mm,AD,2005-10-01,-19.097338258156967,False
completo,P_local_mm,AD,2005-11-01,0.5060527846231597,False
completo,P_local_mm,AD,2005-12-01,-6.810764247209395,False
completo,P_local_mm,AD,2006-01-01,4.051099227879515,False
completo,P_local_mm,AD,2006-02-01,6.2171141297875305,False
completo,P_local_mm,AD,2006-03-01,-9.292530314073113,False
completo,P_local_mm,AD,2006-04-01,-17.097604058359384,False
completo,P_local_mm,AD,2006-05-01,-65.62506868584374,False
completo,P_local_mm,AD,2006-06-01,-0.36015486354173554,False
completo,P_local_mm,AD,2006-07-01,346.1985877541574,False
completo,P_local_mm,AD,2006-08-01,15.529983202521853,False
completo,P_local_mm,AD,2006-09-01,-3.105639016975063,False
completo,P_local_mm,AD,2006-10-01,79.48901212439165,False
completo,P_local_mm,AD,2006-11-01,-17.449857282848228,False
completo,P_local_mm,AD,2006-12-01,-5.842425387989783,False
completo,P_local_mm,AD,2007-01-01,-10.885579917071869,False
completo,P_local_mm,AD,2007-02-01,19.74649443513694,False
completo,P_local_mm,AD,2007-03-01,9.714895762175505,False
completo,P_local_mm,AD,2007-04-01,-1.3225043692807628,False
completo,P_local_mm,AD,2007-05-01,-76.57500570045511,False
completo,P_local_mm,AD,2007-06-01,31.347140041360365,False
completo,P_local_mm,AD,2007-07-01,75.89344791296604,False
completo,P_local_mm,AD,2007-08-01,-77.10047061895855,False
completo,P_local_mm,AD,2007-09-01,-66.32482282797645,False
completo,P_local_mm,AD,2007-10-01,-29.769824218748912,False
completo,P_local_mm,AD,2007-11-01,-11.071597546879612,False
completo,P_local_mm,AD,2007-12-01,7.135081424887833,False
completo,P_local_mm,AD,2008-01-01,-5.566185263423257,False
completo,P_local_mm,AD,2008-02-01,8.267138994115557,False
completo,P_local_mm,AD,2008-03-01,6.449117571281118,False
completo,P_local_mm,AD,2008-04-01,-0.03391548356215246,False
completo,P_local_mm,AD,2008-05-01,307.05124754676456,False
completo,P_local_mm,AD,2008-06-01,-1.611065684610013,False
completo,P_local_mm,AD,2008-07-01,-51.94749158088534,False
completo,P_local_mm,AD,2008-08-01,132.7562606798901,False
completo,P_local_mm,AD,2008-09-01,-51.68434259072783,False
completo,P_local_mm,AD,2008-10-01,-23.893558494771128,False
completo,P_local_mm,AD,2008-11-01,-21.195176103515298,False
completo,P_local_mm,AD,2008-12-01,-6.925126799895555,False
completo,P_local_mm,AD,2009-01-01,3.63625396455266,False
completo,P_local_mm,AD,2009-02-01,9.02901462727417,False
completo,P_local_mm,AD,2009-03-01,0.2806480283447357,False
completo,P_local_mm,AD,2009-04-01,-40.232118312503545,False
completo,P_local_mm,AD,2009-05-01,-45.29775653570789,False
completo,P_local_mm,AD,2009-06-01,11.162485412071819,False
completo,P_local_mm,AD,2009-07-01,-86.38036493303673,False
completo,P_local_mm,AD,2009-08-01,77.58270075913869,False
completo,P_local_mm,AD,2009-09-01,147.47108871002078,False
completo,P_local_mm,AD,2009-10-01,-4.214877486962505,False
completo,P_local_mm,AD,2009-11-01,5.460878991947618,False
completo,P_local_mm,AD,2009-12-01,-8.141897757568938,False
completo,P_local_mm,AD,2010-01-01,-5.083662440786027,False
completo,P_local_mm,AD,2010-02-01,-5.997982003737217,False
completo,P_local_mm,AD,2010-03-01,-5.678484999078652,False
completo,P_local_mm,AD,2010-04-01,-34.226713979994926,False
completo,P_local_mm,AD,2010-05-01,-58.26288298690227,False
completo,P_local_mm,AD,2010-06-01,-12.534910578712793,False
completo,P_local_mm,AD,2010-07-01,-69.36522256988812,False
completo,P_local_mm,AD,2010-08-01,-91.2512260001127,False
completo,P_local_mm,AD,2010-09-01,-58.196094831700606,False
completo,P_local_mm,AD,2010-10-01,-11.210066146513892,False
completo,P_local_mm,AD,2010-11-01,29.944826838866234,False
completo,P_local_mm,AD,2010-12-01,17.87555757448368,False
completo,P_local_mm,AD,2011-01-01,9.831519541782587,False
completo,P_local_mm,AD,2011-02-01,15.786704493602398,False
completo,P_local_mm,AD,2011-03-01,7.648638069492964,False
completo,P_local_mm,AD,2011-04-01,-2.323059573116309,False
completo,P_local_mm,AD,2011-05-01,-102.37832184902766,False
completo,P_local_mm,AD,2011-06-01,-59.172283881032776,False
completo,P_local_mm,AD,2011-07-01,-51.2267180532195,False
completo,P_local_mm,AD,2011-08-01,34.770487640035924,False
completo,P_local_mm,AD,2011-09-01,-42.38738554608199,False
completo,P_local_mm,AD,2011-10-01,-18.314783101085283,False
completo,P_local_mm,AD,2011-11-01,-2.911459682871154,False
completo,P_local_mm,AD,2011-12-01,-5.4297453291377025,False
completo,P_local_mm,AD,2012-01-01,18.518299012922004,False
completo,P_local_mm,AD,2012-02-01,-0.2608247567178843,False
completo,P_local_mm,AD,2012-03-01,-1.638576319981425,False
completo,P_local_mm,AD,2012-04-01,-4.792655155688692,False
completo,P_local_mm,AD,2012-05-01,29.029970998037946,False
completo,P_local_mm,AD,2012-06-01,64.42286158459544,False
completo,P_local_mm,AD,2012-07-01,-87.9913316148909,False
completo,P_local_mm,AD,2012-08-01,-62.41508889451548,False
completo,P_local_mm,AD,2012-09-01,-56.83832562760337,False
completo,P_local_mm,AD,2012-10-01,33.35090131170334,False
completo,P_local_mm,AD,2012-11-01,-4.9868535746365374,False
completo,P_local_mm,AD,2012-12-01,69.3999513353739,False
completo,P_local_mm,AD,2013-01-01,9.01037490596682,False
completo,P_local_mm,AD,2013-02-01,17.340559960988635,False
completo,P_local_mm,AD,2013-03-01,-1.9173585703328087,False
completo,P_local_mm,AD,2013-04-01,-26.438811495959087,False
completo,P_local_mm,AD,2013-05-01,60.01990814217658,False
completo,P_local_mm,AD,2013-06-01,-78.87006126046893,False
completo,P_local_mm,AD,2013-07-01,-86.12689903251226,False
completo,P_local_mm,AD,2013-08-01,-9.722633151466859,False
completo,P_local_mm,AD,2013-09-01,18.517322833015243,False
completo,P_local_mm,AD,2013-10-01,-19.055725586168045,False
completo,P_local_mm,AD,2013-11-01,-6.675376977483921,False
completo,P_local_mm,AD,2013-12-01,0.42762815298952184,False
completo,P_local_mm,AD,2014-01-01,15.816633280528432,False
completo,P_local_mm,AD,2014-02-01,35.01790990794365,False
completo,P_local_mm,AD,2014-03-01,4.446969414215808,False
completo,P_local_mm,AD,2014-04-01,-9.406969993966463,False
completo,P_local_mm,AD,2014-05-01,-7.047506544694812,False
completo,P_local_mm,AD,2014-06-01,-43.59388156111833,False
completo,P_local_mm,AD,2014-07-01,-19.724204628893652,False
completo,P_local_mm,AD,2014-08-01,-57.04645129261823,False
completo,P_local_mm,AD,2014-09-01,55.340669658263856,False
completo,P_local_mm,AD,2014-10-01,-13.476198269919436,False
completo,P_local_mm,AD,2014-11-01,5.614887702560688,False
completo,P_local_mm,AD,2014-12-01,11.80470066716314,False
completo,P_local_mm,AD,2015-01-01,-2.1854636339629536,False
completo,P_local_mm,AD,2015-02-01,5.76333156318586,False
completo,P_local_mm,AD,2015-03-01,9.905076419034417,False
completo,P_local_mm,AD,2015-04-01,-32.93579490386185,False
completo,P_local_mm,AD,2015-05-01,-99.71605619371618,False
completo,P_local_mm,AD,2015-06-01,-147.92930991465172,False
completo,P_local_mm,AD,2015-07-01,82.59053339535498,False
completo,P_local_mm,AD,2015-08-01,132.96180561553035,False
completo,P_local_mm,AD,2015-09-01,48.24311952311247,False
completo,P_local_mm,AD,2015-10-01,98.22669956432918,False
completo,P_local_mm,AD,2015-11-01,9.407793636109309,False
completo,P_local_mm,AD,2015-12-01,-0.6162041825832532,False
completo,P_local_mm,AD,2016-01-01,10.318813312115665,False
completo,P_local_mm,AD,2016-02-01,-0.5699715904055225,False
completo,P_local_mm,AD,2016-03-01,0.7976493284130353,False
completo,P_local_mm,AD,2016-04-01,339.2914859846928,False
completo,P_local_mm,AD,2016-05-01,3.363908569111411,False
completo,P_local_mm,AD,2016-06-01,-52.9718361323964,False
completo,P_local_mm,AD,2016-07-01,54.636114615003564,False
completo,P_local_mm,AD,2016-08-01,-54.745499221921015,False
completo,P_local_mm,AD,2016-09-01,-54.15491476446391,False
completo,P_local_mm,AD,2016-10-01,36.938524126055505,False
completo,P_local_mm,AD,2016-11-01,-4.375691549342079,False
completo,P_local_mm,AD,2016-12-01,28.939936221335365,False
completo,P_local_mm,AD,2017-01-01,0.5943504125312771,False
completo,P_local_mm,AD,2017-02-01,31.98503546808459,False
completo,P_local_mm,AD,2017-03-01,8.718580040119551,False
completo,P_local_mm,AD,2017-04-01,31.247906675885375,False
completo,P_local_mm,AD,2017-05-01,-1.646770176262578,False
completo,P_local_mm,AD,2017-06-01,-54.274063738168486,False
completo,P_local_mm,AD,2017-07-01,-50.7912426596478,False
completo,P_local_mm,AD,2017-08-01,-20.56106470157239,False
completo,P_local_mm,AD,2017-09-01,0.5146943597097007,False
completo,P_local_mm,AD,2017-10-01,30.388937088826403,False
completo,P_local_mm,AD,2017-11-01,7.174967170306532,False
completo,P_local_mm,AD,2017-12-01,2.797645886601982,False
completo,P_local_mm,AD,2018-01-01,17.84051913211289,False
completo,P_local_mm,AD,2018-02-01,6.868902301791703,False
completo,P_local_mm,AD,2018-03-01,4.759299458910263,False
completo,P_local_mm,AD,2018-04-01,-2.175455118376007,False
completo,P_local_mm,AD,2018-05-01,-55.403842214870345,False
completo,P_local_mm,AD,2018-06-01,-86.04868113973286,False
completo,P_local_mm,AD,2018-07-01,-13.815179863739196,False
completo,P_local_mm,AD,2018-08-01,-68.56066964662378,False
completo,P_local_mm,AD,2018-09-01,86.5287284961583,False
completo,P_local_mm,AD,2018-10-01,55.728393624205026,False
completo,P_local_mm,AD,2018-11-01,9.80071720615515,False
completo,P_local_mm,AD,2018-12-01,25.89236621003259,False
completo,P_local_mm,AD,2019-01-01,6.594683989311509,False
completo,P_local_mm,AD,2019-02-01,9.40226856415032,False
completo,P_local_mm,AD,2019-03-01,5.584701144158879,False
completo,P_local_mm,AD,2019-04-01,-26.120146670545694,False
completo,P_local_mm,AD,2019-05-01,-35.84505527703174,False
completo,P_local_mm,AD,2019-06-01,-60.49660642787526,False
completo,P_local_mm,AD,2019-07-01,-88.44348019965058,False
completo,P_local_mm,AD,2019-08-01,-90.02598778457516,False
completo,P_local_mm,AD,2019-09-01,-31.105281093493076,False
completo,P_local_mm,AD,2019-10-01,-9.29819574167636,False
completo,P_local_mm,AD,2019-11-01,-6.358068557896232,False
completo,P_local_mm,AD,2019-12-01,7.091352211771211,False
completo,P_local_mm,AD,2020-01-01,17.556569667571118,False
completo,P_local_mm,AD,2020-02-01,3.2825604781889304,False
completo,P_local_mm,AD,2020-03-01,4.8105916634074966,False
completo,Caudal_m3s,C,1980-04-01,11.617674261965902,False
completo,Caudal_m3s,C,1980-05-01,5.131115122180944,False
completo,Caudal_m3s,C,1980-06-01,-13.368992404700748,False
completo,Caudal_m3s,C,1980-07-01,-15.836626813302928,False
completo,Caudal_m3s,C,1980-08-01,-25.033401006851307,False
completo,Caudal_m3s,C,1980-09-01,-20.455659071367435,False
completo,Caudal_m3s,C,1980-10-01,5.208534477019668,False
completo,Caudal_m3s,C,1980-11-01,64.66767426196589,False
completo,Caudal_m3s,C,1980-12-01,238.9020828641164,False
completo,Caudal_m3s,C,1981-01-01,139.04972554401718,False
completo,Caudal_m3s,C,1981-02-01,94.54148378577545,False
completo,Caudal_m3s,C,1981-03-01,20.321437702826103,False
completo,Caudal_m3s,C,1981-04-01,-35.535659071367434,False
completo,Caudal_m3s,C,1981-05-01,-37.84307842620615,False
completo,Caudal_m3s,C,1981-06-01,-45.9123257380341,False
completo,Caudal_m3s,C,1981-07-01,-56.73985261975454,False
completo,Caudal_m3s,C,1981-08-01,-59.649530039109365,False
completo,Caudal_m3s,C,1981-09-01,-57.641521140332955,False
completo,Caudal_m3s,C,1981-10-01,-33.59469132943195,False
completo,Caudal_m3s,C,1981-11-01,19.994340928632568,False
completo,Caudal_m3s,C,1981-12-01,31.101007595299222,False
completo,Caudal_m3s,C,1982-01-01,27.51498608992287,False
completo,Caudal_m3s,C,1982-02-01,-0.7406590713674319,False
completo,Caudal_m3s,C,1982-03-01,-38.18823971652873,False
completo,Caudal_m3s,C,1982-04-01,-52.98565907136743,False
completo,Caudal_m3s,C,1982-05-01,-62.17856229717388,False
completo,Caudal_m3s,C,1982-06-01,-8.005659071367432,False
completo,Caudal_m3s,C,1982-07-01,30.624663509277724,False
completo,Caudal_m3s,C,1982-08-01,-12.075336490722279,False
completo,Caudal_m3s,C,1982-09-01,32.06767426196589,False
completo,Caudal_m3s,C,1982-10-01,43.39862664291829,False
completo,Caudal_m3s,C,1982-11-01,144.63434092863255,False
completo,Caudal_m3s,C,1982-12-01,427.3859538318584,False
completo,Caudal_m3s,C,1983-01-01,480.7730506060519,False
completo,Caudal_m3s,C,1983-02-01,343.07719807148976,False
completo,Caudal_m3s,C,1983-03-01,149.03111512218098,False
completo,Caudal_m3s,C,1983-04-01,48.60100759529922,False
completo,Caudal_m3s,C,1983-05-01,-12.165659071367429,False
completo,Caudal_m3s,C,1983-06-01,-33.17232573803409,False
completo,Caudal_m3s,C,1983-07-01,-21.41404616814164,False
completo,Caudal_m3s,C,1983-08-01,-24.172110684270663,False
completo,Caudal_m3s,C,1983-09-01,-37.8823257380341,False
completo,Caudal_m3s,C,1983-10-01,35.23756673508416,False
completo,Caudal_m3s,C,1983-11-01,134.93434092863257,False
completo,Caudal_m3s,C,1983-12-01,184.38595383185836,False
completo,Caudal_m3s,C,1984-01-01,128.38595383185836,False
completo,Caudal_m3s,C,1984-02-01,73.41709954932222,False
completo,Caudal_m3s,C,1984-03-01,-4.946304232657752,False
completo,Caudal_m3s,C,1984-04-01,-44.32232573803411,False
completo,Caudal_m3s,C,1984-05-01,-55.043078426206144,False
completo,Caudal_m3s,C,1984-06-01,-67.74565907136744,False
completo,Caudal_m3s,C,1984-07-01,-48.64307842620614,False
completo,Caudal_m3s,C,1984-08-01,-51.84307842620614,False
completo,Caudal_m3s,C,1984-09-01,-40.24565907136744,False
completo,Caudal_m3s,C,1984-10-01,33.51176028347126,False
completo,Caudal_m3s,C,1984-11-01,78.23434092863258,False
completo,Caudal_m3s,C,1984-12-01,201.22466350927775,False
completo,Caudal_m3s,C,1985-01-01,177.67627641250354,False
completo,Caudal_m3s,C,1985-02-01,68.89267426196588,False
completo,Caudal_m3s,C,1985-03-01,34.03111512218095,False
completo,Caudal_m3s,C,1985-04-01,-24.67232573803409,False
completo,Caudal_m3s,C,1985-05-01,-35.18823971652873,False
completo,Caudal_m3s,C,1985-06-01,-46.29899240470077,False
completo,Caudal_m3s,C,1985-07-01,-60.04953003910937,False
completo,Caudal_m3s,C,1985-08-01,-66.02049778104485,False
completo,Caudal_m3s,C,1985-09-01,-52.2123257380341,False
completo,Caudal_m3s,C,1985-10-01,-30.781788103625487,False
completo,Caudal_m3s,C,1985-11-01,35.461007595299236,False
completo,Caudal_m3s,C,1985-12-01,61.7407925415358,False
completo,Caudal_m3s,C,1986-01-01,104.80530867056805,False
completo,Caudal_m3s,C,1986-02-01,71.47005521434684,False
completo,Caudal_m3s,C,1986-03-01,29.160147380245462,False
completo,Caudal_m3s,C,1986-04-01,-0.6656590713674291,False
completo,Caudal_m3s,C,1986-05-01,-14.830175200399694,False
completo,Caudal_m3s,C,1986-06-01,2.9343409286325652,False
completo,Caudal_m3s,C,1986-07-01,-23.42994478565315,False
completo,Caudal_m3s,C,1986-08-01,-45.33662681330293,False
completo,Caudal_m3s,C,1986-09-01,-28.398992404700763,False
completo,Caudal_m3s,C,1986-10-01,10.61176028347127,False
completo,Caudal_m3s,C,1986-11-01,47.80100759529924,False
completo,Caudal_m3s,C,1986-12-01,197.45046996089062,False
completo,Caudal_m3s,C,1987-01-01,239.38595383185836,False
completo,Caudal_m3s,C,1987-02-01,159.4898964841881,False
completo,Caudal_m3s,C,1987-03-01,50.45285944715107,False
completo,Caudal_m3s,C,1987-04-01,-15.737659071367432,False
completo,Caudal_m3s,C,1987-05-01,-43.11404616814163,False
completo,Caudal_m3s,C,1987-06-01,-42.925659071367434,False
completo,Caudal_m3s,C,1987-07-01,15.355769500061129,False
completo,Caudal_m3s,C,1987-08-01,18.273050606051925,False
completo,Caudal_m3s,C,1987-09-01,10.29767426196588,False
completo,Caudal_m3s,C,1987-10-01,43.35369576734226,False
completo,Caudal_m3s,C,1987-11-01,114.26767426196588,False
completo,Caudal_m3s,C,1987-12-01,147.51102079959597,True
completo,Caudal_m3s,C,1988-01-01,120.76210521166743,True
completo,Caudal_m3s,C,1988-02-01,64.02713668388711,True
completo,Caudal_m3s,C,1988-03-01,10.74637944479747,True
completo,Caudal_m3s,C,1988-04-01,-22.798357468918596,True
completo,Caudal_m3s,C,1988-05-01,-48.90565907136744,False
completo,Caudal_m3s,C,1988-06-01,-52.50899240470077,False
completo,Caudal_m3s,C,1988-07-01,-64.01082036169001,False
completo,Caudal_m3s,C,1988-08-01,-59.31727197459323,False
completo,Caudal_m3s,C,1988-09-01,-55.605659071367434,False
completo,Caudal_m3s,C,1988-10-01,-20.21727197459323,False
completo,Caudal_m3s,C,1988-11-01,26.844340928632562,False
completo,Caudal_m3s,C,1988-12-01,24.34079254153582,False
completo,Caudal_m3s,C,1989-01-01,32.99885705766482,False
completo,Caudal_m3s,C,1989-02-01,36.22005521434684,False
completo,Caudal_m3s,C,1989-03-01,-13.72372358749648,False
completo,Caudal_m3s,C,1989-04-01,-44.232325738034106,False
completo,Caudal_m3s,C,1989-05-01,-59.22694939394808,False
completo,Caudal_m3s,C,1989-06-01,-71.61899240470076,False
completo,Caudal_m3s,C,1989-07-01,-76.06243326491582,False
completo,Caudal_m3s,C,1989-08-01,-43.39469132943195,False
completo,Caudal_m3s,C,1989-09-01,-29.71232573803411,False
completo,Caudal_m3s,C,1989-10-01,10.26337318669708,False
completo,Caudal_m3s,C,1989-11-01,112.4676742619659,False
completo,Caudal_m3s,C,1989-12-01,113.25692157379385,False
completo,Caudal_m3s,C,1990-01-01,58.289179638309975,False
completo,Caudal_m3s,C,1990-02-01,10.512912357203987,False
completo,Caudal_m3s,C,1990-03-01,-26.197917135883557,False
completo,Caudal_m3s,C,1990-04-01,-49.33899240470077,False
completo,Caudal_m3s,C,1990-05-01,-53.26243326491582,False
completo,Caudal_m3s,C,1990-06-01,-61.535659071367434,False
completo,Caudal_m3s,C,1990-07-01,-62.381788103625496,False
completo,Caudal_m3s,C,1990-08-01,-59.775336490722275,False
completo,Caudal_m3s,C,1990-09-01,-55.30899240470077,False
completo,Caudal_m3s,C,1990-10-01,-33.58823971652872,False
completo,Caudal_m3s,C,1990-11-01,-2.7905821579353756,True
completo,Caudal_m3s,C,1990-12-01,23.302082864116414,False
completo,Caudal_m3s,C,1991-01-01,17.324663509277713,False
completo,Caudal_m3s,C,1991-02-01,-2.319230499938854,False
completo,Caudal_m3s,C,1991-03-01,-33.63017520039969,False
completo,Caudal_m3s,C,1991-04-01,-49.00899240470077,False
completo,Caudal_m3s,C,1991-05-01,4.5205478251842806,False
completo,Caudal_m3s,C,1991-06-01,-33.10412060982897,False
completo,Caudal_m3s,C,1991-07-01,-9.40759455523839,False
completo,Caudal_m3s,C,1991-08-01,-34.21727197459323,False
completo,Caudal_m3s,C,1991-09-01,-10.295659071367439,False
completo,Caudal_m3s,C,1991-10-01,13.295631251213209,False
completo,Caudal_m3s,C,1991-11-01,100.86767426196587,False
completo,Caudal_m3s,C,1991-12-01,104.22466350927772,False
completo,Caudal_m3s,C,1992-01-01,164.61176028347128,False
completo,Caudal_m3s,C,1992-02-01,94.65847885966704,False
completo,Caudal_m3s,C,1992-03-01,46.35369576734226,False
completo,Caudal_m3s,C,1992-04-01,-17.41565907136743,False
completo,Caudal_m3s,C,1992-05-01,-31.981788103625505,False
completo,Caudal_m3s,C,1992-06-01,-32.092325738034106,False
completo,Caudal_m3s,C,1992-07-01,-40.907594555238404,False
completo,Caudal_m3s,C,1992-08-01,-43.67533649072227,False
completo,Caudal_m3s,C,1992-09-01,-31.41899240470076,False
completo,Caudal_m3s,C,1992-10-01,19.937566735084175,False
completo,Caudal_m3s,C,1992-11-01,84.13434092863255,False
completo,Caudal_m3s,C,1992-12-01,121.57950221895516,False
completo,Caudal_m3s,C,1993-01-01,144.9010075952992,False
completo,Caudal_m3s,C,1993-02-01,80.41434092863256,False
completo,Caudal_m3s,C,1993-03-01,5.063373186697092,False
completo,Caudal_m3s,C,1993-04-01,-8.700274455982836,False
completo,Caudal_m3s,C,1993-05-01,194.5676742619659,False
completo,Caudal_m3s,C,1993-06-01,-14.324918330626673,False
completo,Caudal_m3s,C,1993-07-01,-26.949530039109376,False
completo,Caudal_m3s,C,1993-08-01,-35.66565907136743,False
completo,Caudal_m3s,C,1993-09-01,-33.5523257380341,False
completo,Caudal_m3s,C,1993-10-01,-1.0463042326577607,False
completo,Caudal_m3s,C,1993-11-01,19.501007595299228,False
completo,Caudal_m3s,C,1993-12-01,86.54724415443906,False
completo,Caudal_m3s,C,1994-01-01,107.61176028347128,False
completo,Caudal_m3s,C,1994-02-01,30.04972554401718,False
completo,Caudal_m3s,C,1994-03-01,-15.99423049993888,False
completo,Caudal_m3s,C,1994-04-01,-42.54232573803411,False
completo,Caudal_m3s,C,1994-05-01,-51.330175200399694,False
completo,Caudal_m3s,C,1994-06-01,-51.90899240470077,False
completo,Caudal_m3s,C,1994-07-01,-35.71082036169001,False
completo,Caudal_m3s,C,1994-08-01,-36.25598165201259,False
completo,Caudal_m3s,C,1994-09-01,-30.0523257380341,False
completo,Caudal_m3s,C,1994-10-01,-14.059207458464215,False
completo,Caudal_m3s,C,1994-11-01,49.23434092863258,False
completo,Caudal_m3s,C,1994-12-01,149.06337318669708,False
completo,Caudal_m3s,C,1995-01-01,72.0956312512132,False
completo,Caudal_m3s,C,1995-02-01,15.720055214346843,False
completo,Caudal_m3s,C,1995-03-01,-14.226949393948075,False
completo,Caudal_m3s,C,1995-04-01,-36.452325738034105,False
completo,Caudal_m3s,C,1995-05-01,-51.73340100685131,False
completo,Caudal_m3s,C,1995-06-01,-50.86899240470076,False
completo,Caudal_m3s,C,1995-07-01,-56.66243326491582,False
completo,Caudal_m3s,C,1995-08-01,-54.70436874878679,False
completo,Caudal_m3s,C,1995-09-01,-34.185659071367425,False
completo,Caudal_m3s,C,1995-10-01,-21.526949393948072,False
completo,Caudal_m3s,C,1995-11-01,56.134340928632554,False
completo,Caudal_m3s,C,1995-12-01,86.51498608992293,False
completo,Caudal_m3s,C,1996-01-01,16.114986089922894,False
completo,Caudal_m3s,C,1996-02-01,-0.4346245886088127,False
completo,Caudal_m3s,C,1996-03-01,-15.22372358749648,False
completo,Caudal_m3s,C,1996-04-01,-42.57899240470077,False
completo,Caudal_m3s,C,1996-05-01,-62.10436874878679,False
completo,Caudal_m3s,C,1996-06-01,-69.3123257380341,False
completo,Caudal_m3s,C,1996-07-01,-70.7075945552384,False
completo,Caudal_m3s,C,1996-08-01,-73.46888487781905,False
completo,Caudal_m3s,C,1996-09-01,-73.90899240470077,False
completo,Caudal_m3s,C,1996-10-01,-65.02372358749648,False
completo,Caudal_m3s,C,1996-11-01,-60.14565907136743,False
completo,Caudal_m3s,C,1996-12-01,-53.330175200399694,False
completo,Caudal_m3s,C,1997-01-01,-30.259207458464203,False
completo,Caudal_m3s,C,1997-02-01,-36.18351621422458,False
completo,Caudal_m3s,C,1997-03-01,-50.297917135883566,False
completo,Caudal_m3s,C,1997-04-01,-68.48232573803409,False
completo,Caudal_m3s,C,1997-05-01,-78.20436874878679,False
completo,Caudal_m3s,C,1997-06-01,-46.66565907136744,False
completo,Caudal_m3s,C,1997-07-01,-50.90114294233518,False
completo,Caudal_m3s,C,1997-08-01,-32.01404616814163,False
completo,Caudal_m3s,C,1997-09-01,7.177674261965905,False
completo,Caudal_m3s,C,1997-10-01,2.389179638309983,False
completo,Caudal_m3s,C,1997-11-01,96.56767426196589,False
completo,Caudal_m3s,C,1997-12-01,223.38595383185836,False
completo,Caudal_m3s,C,1998-01-01,301.7407925415357,False
completo,Caudal_m3s,C,1998-02-01,95.22005521434684,False
completo,Caudal_m3s,C,1998-03-01,24.160147380245462,False
completo,Caudal_m3s,C,1998-04-01,-9.348992404700752,False
completo,Caudal_m3s,C,1998-05-01,-39.70436874878678,False
completo,Caudal_m3s,C,1998-06-01,-51.67899240470077,False
completo,Caudal_m3s,C,1998-07-01,-61.668884877819046,False
completo,Caudal_m3s,C,1998-08-01,-67.32049778104485,False
completo,Caudal_m3s,C,1998-09-01,-72.9423257380341,False
completo,Caudal_m3s,C,1998-10-01,-51.0559816520126,False
completo,Caudal_m3s,C,1998-11-01,-28.33565907136743,False
completo,Caudal_m3s,C,1998-12-01,-6.268884877819033,False
completo,Caudal_m3s,C,1999-01-01,-12.317271974593254,False
completo,Caudal_m3s,C,1999-02-01,-22.57637335708172,False
completo,Caudal_m3s,C,1999-03-01,-50.18823971652871,False
completo,Caudal_m3s,C,1999-04-01,-70.11208764279601,False
completo,Caudal_m3s,C,1999-05-01,-70.39146552298033,False
completo,Caudal_m3s,C,1999-06-01,-74.02899240470077,False
completo,Caudal_m3s,C,1999-07-01,-74.30114294233518,False
completo,Caudal_m3s,C,1999-08-01,-71.34630423265776,False
completo,Caudal_m3s,C,1999-09-01,-51.272325738034105,False
completo,Caudal_m3s,C,1999-10-01,-25.24630423265775,False
completo,Caudal_m3s,C,1999-11-01,26.417674261965885,False
completo,Caudal_m3s,C,1999-12-01,32.773050606051925,False
completo,Caudal_m3s,C,2000-01-01,21.70853447701967,False
completo,Caudal_m3s,C,2000-02-01,-11.882900450677752,False
completo,Caudal_m3s,C,2000-03-01,-40.449530039109376,False
completo,Caudal_m3s,C,2000-04-01,-56.73565907136743,False
completo,Caudal_m3s,C,2000-05-01,-59.91727197459324,False
completo,Caudal_m3s,C,2000-06-01,-30.17232573803409,False
completo,Caudal_m3s,C,2000-07-01,-35.2075945552384,False
completo,Caudal_m3s,C,2000-08-01,-43.02427976102261,False
completo,Caudal_m3s,C,2000-09-01,-38.71899240470077,False
completo,Caudal_m3s,C,2000-10-01,23.818211896374493,False
completo,Caudal_m3s,C,2000-11-01,72.66767426196586,False
completo,Caudal_m3s,C,2000-12-01,246.51498608992287,False
completo,Caudal_m3s,C,2001-01-01,187.7407925415358,False
completo,Caudal_m3s,C,2001-02-01,118.61291235720401,False
completo,Caudal_m3s,C,2001-03-01,17.285953831858365,False
completo,Caudal_m3s,C,2001-04-01,-22.815659071367435,False
completo,Caudal_m3s,C,2001-05-01,-38.69146552298034,False
completo,Caudal_m3s,C,2001-06-01,-50.5923257380341,False
completo,Caudal_m3s,C,2001-07-01,-31.46888487781905,False
completo,Caudal_m3s,C,2001-08-01,-22.688239716528727,False
completo,Caudal_m3s,C,2001-09-01,-28.58565907136743,False
completo,Caudal_m3s,C,2001-10-01,21.97627641250355,False
completo,Caudal_m3s,C,2001-11-01,68.33434092863257,False
completo,Caudal_m3s,C,2001-12-01,218.96659899314872,False
completo,Caudal_m3s,C,2002-01-01,103.32143770282613,False
completo,Caudal_m3s,C,2002-02-01,37.14862664291829,False
completo,Caudal_m3s,C,2002-03-01,-6.301142942335176,False
completo,Caudal_m3s,C,2002-04-01,-38.63565907136743,False
completo,Caudal_m3s,C,2002-05-01,-49.25186596791915,False
completo,Caudal_m3s,C,2002-06-01,-30.46899240470077,False
completo,Caudal_m3s,C,2002-07-01,-46.24953003910937,False
completo,Caudal_m3s,C,2002-08-01,-8.430175200399717,False
completo,Caudal_m3s,C,2002-09-01,-3.57255562309156,False
completo,Caudal_m3s,C,2002-10-01,33.22466350927772,False
completo,Caudal_m3s,C,2002-11-01,131.16767426196586,False
completo,Caudal_m3s,C,2002-12-01,236.57950221895513,False
completo,Caudal_m3s,C,2003-01-01,259.5795022189551,False
completo,Caudal_m3s,C,2003-02-01,147.8986266429183,False
completo,Caudal_m3s,C,2003-03-01,69.86982479960028,False
completo,Caudal_m3s,C,2003-04-01,-5.420831485160548,False
completo,Caudal_m3s,C,2003-05-01,-39.33340100685132,False
completo,Caudal_m3s,C,2003-06-01,-38.60565907136743,False
completo,Caudal_m3s,C,2003-07-01,-40.77533649072227,False
completo,Caudal_m3s,C,2003-08-01,-53.452755845560986,False
completo,Caudal_m3s,C,2003-09-01,-42.49899240470077,False
completo,Caudal_m3s,C,2003-10-01,-5.852755845560992,False
completo,Caudal_m3s,C,2003-11-01,38.73434092863258,False
completo,Caudal_m3s,C,2003-12-01,38.579502218955156,False
completo,Caudal_m3s,C,2004-01-01,70.06337318669708,False
completo,Caudal_m3s,C,2004-02-01,17.727444376908437,False
completo,Caudal_m3s,C,2004-03-01,-19.349530039109396,False
completo,Caudal_m3s,C,2004-04-01,-40.54565907136744,False
completo,Caudal_m3s,C,2004-05-01,-58.96565907136743,False
completo,Caudal_m3s,C,2004-06-01,-59.525659071367436,False
completo,Caudal_m3s,C,2004-07-01,-60.42372358749646,False
completo,Caudal_m3s,C,2004-08-01,-65.04630423265775,False
completo,Caudal_m3s,C,2004-09-01,-48.1423257380341,False
completo,Caudal_m3s,C,2004-10-01,-40.17533649072227,False
completo,Caudal_m3s,C,2004-11-01,-8.062325738034119,False
completo,Caudal_m3s,C,2004-12-01,28.611760283471284,False
completo,Caudal_m3s,C,2005-01-01,24.789179638309975,False
completo,Caudal_m3s,C,2005-02-01,-12.601373357081712,False
completo,Caudal_m3s,C,2005-03-01,-35.826949393948084,False
completo,Caudal_m3s,C,2005-04-01,-57.32565907136743,False
completo,Caudal_m3s,C,2005-05-01,-61.25920745846422,False
completo,Caudal_m3s,C,2005-06-01,-16.84232573803412,False
completo,Caudal_m3s,C,2005-07-01,-25.149530039109365,False
completo,Caudal_m3s,C,2005-08-01,3.5569215737938435,False
completo,Caudal_m3s,C,2005-09-01,4.434340928632565,False
completo,Caudal_m3s,C,2005-10-01,37.99885705766482,False
completo,Caudal_m3s,C,2005-11-01,142.70100759529925,False
completo,Caudal_m3s,C,2005-12-01,281.6117602834713,False
completo,Caudal_m3s,C,2006-01-01,345.5149860899229,False
completo,Caudal_m3s,C,2006-02-01,194.0771980714898,False
completo,Caudal_m3s,C,2006-03-01,54.289179638309975,False
completo,Caudal_m3s,C,2006-04-01,-2.7623257380341215,False
completo,Caudal_m3s,C,2006-05-01,-38.29469132943194,False
completo,Caudal_m3s,C,2006-06-01,-47.342325738034106,False
completo,Caudal_m3s,C,2006-07-01,1.3665989931486848,False
completo,Caudal_m3s,C,2006-08-01,-32.2592074584642,False
completo,Caudal_m3s,C,2006-09-01,-26.865659071367432,False
completo,Caudal_m3s,C,2006-10-01,27.32466350927774,False
completo,Caudal_m3s,C,2006-11-01,107.93434092863257,False
completo,Caudal_m3s,C,2006-12-01,140.45046996089064,False
completo,Caudal_m3s,C,2007-01-01,68.86337318669703,False
completo,Caudal_m3s,C,2007-02-01,26.308415002706624,False
completo,Caudal_m3s,C,2007-03-01,-4.246304232657749,False
completo,Caudal_m3s,C,2007-04-01,-41.91565907136743,False
completo,Caudal_m3s,C,2007-05-01,-52.330175200399694,False
completo,Caudal_m3s,C,2007-06-01,-54.1423257380341,False
completo,Caudal_m3s,C,2007-07-01,-53.801142942335176,False
completo,Caudal_m3s,C,2007-08-01,-58.039852619754534,False
completo,Caudal_m3s,C,2007-09-01,-50.821214626922995,False
completo,Caudal_m3s,C,2007-10-01,-16.17065907136744,False
completo,Caudal_m3s,C,2007-11-01,9.844340928632562,False
completo,Caudal_m3s,C,2007-12-01,14.692961618287725,False
completo,Caudal_m3s,C,2008-01-01,13.095631251213206,False
completo,Caudal_m3s,C,2008-02-01,-14.082900450677798,False
completo,Caudal_m3s,C,2008-03-01,-41.76243326491581,False
completo,Caudal_m3s,C,2008-04-01,-54.3723257380341,False
completo,Caudal_m3s,C,2008-05-01,-17.701142942335153,False
completo,Caudal_m3s,C,2008-06-01,-19.54565907136744,False
completo,Caudal_m3s,C,2008-07-01,-50.20114294233518,False
completo,Caudal_m3s,C,2008-08-01,-32.02049778104485,False
completo,Caudal_m3s,C,2008-09-01,-31.272325738034098,False
completo,Caudal_m3s,C,2008-10-01,4.411760283471281,False
completo,Caudal_m3s,C,2008-11-01,138.40100759529923,False
completo,Caudal_m3s,C,2008-12-01,172.9020828641164,False
completo,Caudal_m3s,C,2009-01-01,85.7407925415358,False
completo,Caudal_m3s,C,2009-02-01,33.00576950006115,False
completo,Caudal_m3s,C,2009-03-01,-4.155981652012599,False
completo,Caudal_m3s,C,2009-04-01,-32.1623257380341,False
completo,Caudal_m3s,C,2009-05-01,-51.52694939394807,False
completo,Caudal_m3s,C,2009-06-01,-55.065659071367435,False
completo,Caudal_m3s,C,2009-07-01,-57.63899240470077,False
completo,Caudal_m3s,C,2009-08-01,-48.25275584556098,False
completo,Caudal_m3s,C,2009-09-01,-27.3023257380341,False
completo,Caudal_m3s,C,2009-10-01,-28.262433264915813,False
completo,Caudal_m3s,C,2009-11-01,9.811007595299245,False
completo,Caudal_m3s,C,2009-12-01,88.83756673508415,False
completo,Caudal_m3s,C,2010-01-01,84.54724415443906,False
completo,Caudal_m3s,C,2010-02-01,37.14862664291829,False
completo,Caudal_m3s,C,2010-03-01,5.966598993148679,False
completo,Caudal_m3s,C,2010-04-01,-30.49565907136744,False
completo,Caudal_m3s,C,2010-05-01,-49.359207458464205,False
completo,Caudal_m3s,C,2010-06-01,-52.23565907136743,False
completo,Caudal_m3s,C,2010-07-01,-61.352755845560985,False
completo,Caudal_m3s,C,2010-08-01,-60.67856229717388,False
completo,Caudal_m3s,C,2010-09-01,-56.86899240470076,False
completo,Caudal_m3s,C,2010-10-01,-36.03662681330292,False
completo,Caudal_m3s,C,2010-11-01,-12.045659071367439,False
completo,Caudal_m3s,C,2010-12-01,-12.604368748786797,False
completo,Caudal_m3s,C,2011-01-01,-19.16565907136743,False
completo,Caudal_m3s,C,2011-02-01,-28.219230499938874,False
completo,Caudal_m3s,C,2011-03-01,-46.11404616814163,False
completo,Caudal_m3s,C,2011-04-01,-60.665659071367436,False
completo,Caudal_m3s,C,2011-05-01,-69.62694939394808,False
completo,Caudal_m3s,C,2011-06-01,-78.09565907136744,False
completo,Caudal_m3s,C,2011-07-01,-78.6334010068513,False
completo,Caudal_m3s,C,2011-08-01,-79.12049778104486,False
completo,Caudal_m3s,C,2011-09-01,-66.66565907136743,False
completo,Caudal_m3s,C,2011-10-01,-46.16888487781905,False
completo,Caudal_m3s,C,2011-11-01,-24.975659071367446,False
completo,Caudal_m3s,C,2011-12-01,-14.830175200399694,False
completo,Caudal_m3s,C,2012-01-01,-30.336626813302928,False
completo,Caudal_m3s,C,2012-02-01,-31.25531424378123,False
completo,Caudal_m3s,C,2012-03-01,-38.452755845560986,False
completo,Caudal_m3s,C,2012-04-01,-56.885659071367435,False
completo,Caudal_m3s,C,2012-05-01,-58.43017520039969,False
completo,Caudal_m3s,C,2012-06-01,-66.14899240470078,False
completo,Caudal_m3s,C,2012-07-01,-69.3301752003997,False
completo,Caudal_m3s,C,2012-08-01,-77.12694939394808,False
completo,Caudal_m3s,C,2012-09-01,-64.05565907136744,False
completo,Caudal_m3s,C,2012-10-01,-58.52372358749647,False
completo,Caudal_m3s,C,2012-11-01,17.77100759529924,False
completo,Caudal_m3s,C,2012-12-01,22.785953831858365,False
completo,Caudal_m3s,C,2013-01-01,33.03111512218095,False
completo,Caudal_m3s,C,2013-02-01,-11.033516214224576,False
completo,Caudal_m3s,C,2013-03-01,-42.42049778104486,False
completo,Caudal_m3s,C,2013-04-01,-60.03899240470078,False
completo,Caudal_m3s,C,2013-05-01,-67.44630423265775,False
completo,Caudal_m3s,C,2013-06-01,-61.5723257380341,False
completo,Caudal_m3s,C,2013-07-01,-65.22694939394808,False
completo,Caudal_m3s,C,2013-08-01,-61.833401006851304,False
completo,Caudal_m3s,C,2013-09-01,-55.11565907136743,False
completo,Caudal_m3s,C,2013-10-01,-32.488239716528724,False
completo,Caudal_m3s,C,2013-11-01,-0.2523257380341164,False
completo,Caudal_m3s,C,2013-12-01,25.256921573793846,False
completo,Caudal_m3s,C,2014-01-01,12.663373186697072,False
completo,Caudal_m3s,C,2014-02-01,-22.687087642796016,False
completo,Caudal_m3s,C,2014-03-01,-40.55598165201259,False
completo,Caudal_m3s,C,2014-04-01,-52.676373357081715,False
completo,Caudal_m3s,C,2014-05-01,-62.01404616814163,False
completo,Caudal_m3s,C,2014-06-01,-63.165659071367436,False
completo,Caudal_m3s,C,2014-07-01,-67.34630423265776,False
completo,Caudal_m3s,C,2014-08-01,-66.4043687487868,False
completo,Caudal_m3s,C,2014-09-01,-65.29899240470077,False
completo,Caudal_m3s,C,2014-10-01,-22.120497781044847,False
completo,Caudal_m3s,C,2014-11-01,0.07767426196592453,False
completo,Caudal_m3s,C,2014-12-01,-15.897917135883574,False
completo,Caudal_m3s,C,2015-01-01,-17.078562297173875,False
completo,Caudal_m3s,C,2015-02-01,-34.79423049993886,False
completo,Caudal_m3s,C,2015-03-01,-49.65656816227653,False
completo,Caudal_m3s,C,2015-04-01,-65.75892169166437,True
completo,Caudal_m3s,C,2015-05-01,-74.42383990978499,True
completo,Caudal_m3s,C,2015-06-01,-67.85753065764176,True
completo,Caudal_m3s,C,2015-07-01,-65.1766040112528,True
completo,Caudal_m3s,C,2015-08-01,-58.14046079674725,True
completo,Caudal_m3s,C,2015-09-01,-45.74199822610197,True
completo,Caudal_m3s,C,2015-10-01,-14.457900925509847,True
completo,Caudal_m3s,C,2015-11-01,40.932821532990005,True
completo,Caudal_m3s,C,2015-12-01,91.61855145494832,False
completo,Caudal_m3s,C,2016-01-01,57.16014738024546,False
completo,Caudal_m3s,C,2016-02-01,17.451582307942914,False
completo,Caudal_m3s,C,2016-03-01,-12.346304232657758,False
completo,Caudal_m3s,C,2016-04-01,2.0643409286325607,False
completo,Caudal_m3s,C,2016-05-01,-36.76565907136742,False
completo,Caudal_m3s,C,2016-06-01,-35.91565907136743,False
completo,Caudal_m3s,C,2016-07-01,-46.74953003910937,False
completo,Caudal_m3s,C,2016-08-01,-44.88178810362551,False
completo,Caudal_m3s,C,2016-09-01,-35.6423257380341,False
completo,Caudal_m3s,C,2016-10-01,-23.70436874878679,False
completo,Caudal_m3s,C,2016-11-01,25.167674261965885,False
completo,Caudal_m3s,C,2016-12-01,58.611760283471284,False
completo,Caudal_m3s,C,2017-01-01,73.93434092863257,False
completo,Caudal_m3s,C,2017-02-01,36.791483785775426,False
completo,Caudal_m3s,C,2017-03-01,-25.194691329431947,False
completo,Caudal_m3s,C,2017-04-01,-41.64565907136743,False
completo,Caudal_m3s,C,2017-05-01,-51.13807286447088,False
completo,Caudal_m3s,C,2017-06-01,-52.19899240470077,False
completo,Caudal_m3s,C,2017-07-01,-56.60436874878679,False
completo,Caudal_m3s,C,2017-08-01,-60.778562297173885,False
completo,Caudal_m3s,C,2017-09-01,-54.15232573803411,False
completo,Caudal_m3s,C,2017-10-01,-29.726949393948075,False
completo,Caudal_m3s,C,2017-11-01,-0.09232573803411981,False
completo,Caudal_m3s,C,2017-12-01,26.902082864116437,False
completo,Caudal_m3s,C,2018-01-01,-2.639852619754535,False
completo,Caudal_m3s,C,2018-02-01,-7.447801928510273,False
completo,Caudal_m3s,C,2018-03-01,-51.649530039109365,False
completo,Caudal_m3s,C,2018-04-01,-59.498992404700765,False
completo,Caudal_m3s,C,2018-05-01,-76.84953003910937,False
completo,Caudal_m3s,C,2018-06-01,-75.80899240470077,False
completo,Caudal_m3s,C,2018-07-01,-77.72049778104486,False
completo,Caudal_m3s,C,2018-08-01,-74.74630423265776,False
completo,Caudal_m3s,C,2018-09-01,-64.9923257380341,False
completo,Caudal_m3s,C,2018-10-01,-57.5559816520126,False
completo,Caudal_m3s,C,2018-11-01,-23.822325738034095,False
completo,Caudal_m3s,C,2018-12-01,-3.0269493939480725,False
completo,Caudal_m3s,C,2019-01-01,-5.7366268133029195,False
completo,Caudal_m3s,C,2019-02-01,-18.047801928510296,False
completo,Caudal_m3s,C,2019-03-01,-44.910820361690014,False
completo,Caudal_m3s,C,2019-04-01,-55.535659071367434,False
completo,Caudal_m3s,C,2019-05-01,-73.57488487781904,False
completo,Caudal_m3s,C,2019-06-01,-83.26719240470078,False
completo,Caudal_m3s,C,2019-07-01,-87.25443326491582,False
completo,Caudal_m3s,C,2019-08-01,-80.84630423265776,False
completo,Caudal_m3s,C,2019-09-01,-64.35835907136743,False
completo,Caudal_m3s,C,2019-10-01,-68.05904616814163,False
completo,Caudal_m3s,C,2019-11-01,-47.02172573803411,False
completo,Caudal_m3s,C,2019-12-01,-47.2202074584642,False
completo,Caudal_m3s,C,2020-01-01,-26.605142942335178,False
completo,Caudal_m3s,C,2020-02-01,-48.099693554126056,False
completo,Caudal_m3s,C,2020-03-01,-58.063142942335176,False
completo,Caudal_m3s,A,1980-04-01,40.78490212836804,False
completo,Caudal_m3s,A,1980-05-01,47.699730241321284,False
completo,Caudal_m3s,A,1980-06-01,27.36978249691395,False
completo,Caudal_m3s,A,1980-07-01,26.9576904765404,False
completo,Caudal_m3s,A,1980-08-01,15.46124210310405,False
completo,Caudal_m3s,A,1980-09-01,12.376990502560227,False
completo,Caudal_m3s,A,1980-10-01,11.493555784972793,False
completo,Caudal_m3s,A,1980-11-01,20.29844214603674,False
completo,Caudal_m3s,A,1980-12-01,148.58358986084653,False
completo,Caudal_m3s,A,1981-01-01,62.774233778965204,False
completo,Caudal_m3s,A,1981-02-01,62.295046198793166,False
completo,Caudal_m3s,A,1981-03-01,28.649843005222813,False
completo,Caudal_m3s,A,1981-04-01,-6.368431204965296,False
completo,Caudal_m3s,A,1981-05-01,4.7255366929341935,False
completo,Caudal_m3s,A,1981-06-01,-5.1735508364194,False
completo,Caudal_m3s,A,1981-07-01,-13.945535329911207,False
completo,Caudal_m3s,A,1981-08-01,-19.15488692915401,False
completo,Caudal_m3s,A,1981-09-01,-24.808871566405294,False
completo,Caudal_m3s,A,1981-10-01,-27.30967002147883,False
completo,Caudal_m3s,A,1981-11-01,-24.374891187296576,False
completo,Caudal_m3s,A,1981-12-01,-59.21748540797065,False
completo,Caudal_m3s,A,1982-01-01,-48.7605056751291,False
completo,Caudal_m3s,A,1982-02-01,-32.98709665834972,False
completo,Caudal_m3s,A,1982-03-01,-29.859834414132017,False
completo,Caudal_m3s,A,1982-04-01,-23.818431204965293,False
completo,Caudal_m3s,A,1982-05-01,-19.609947178033543,False
completo,Caudal_m3s,A,1982-06-01,32.733115830247264,False
completo,Caudal_m3s,A,1982-07-01,73.41898079912106,False
completo,Caudal_m3s,A,1982-08-01,28.419306619233076,False
completo,Caudal_m3s,A,1982-09-01,64.90032383589356,False
completo,Caudal_m3s,A,1982-10-01,49.68364795087141,False
completo,Caudal_m3s,A,1982-11-01,100.26510881270342,False
completo,Caudal_m3s,A,1982-12-01,337.0674608285886,False
completo,Caudal_m3s,A,1983-01-01,404.497558841,False
completo,Caudal_m3s,A,1983-02-01,310.8307604845075,False
completo,Caudal_m3s,A,1983-03-01,157.35952042457768,False
completo,Caudal_m3s,A,1983-04-01,77.76823546170137,False
completo,Caudal_m3s,A,1983-05-01,30.40295604777291,False
completo,Caudal_m3s,A,1983-06-01,7.566449163580609,False
completo,Caudal_m3s,A,1983-07-01,21.38027112170169,False
completo,Caudal_m3s,A,1983-08-01,16.32253242568469,False
completo,Caudal_m3s,A,1983-09-01,-5.049676164106435,False
completo,Caudal_m3s,A,1983-10-01,41.52258804303728,False
completo,Caudal_m3s,A,1983-11-01,90.56510881270343,False
completo,Caudal_m3s,A,1983-12-01,94.0674608285885,False
completo,Caudal_m3s,A,1984-01-01,52.110462066806384,False
completo,Caudal_m3s,A,1984-02-01,41.17066196233993,False
completo,Caudal_m3s,A,1984-03-01,3.38210106973896,False
completo,Caudal_m3s,A,1984-04-01,-15.155097871631972,False
completo,Caudal_m3s,A,1984-05-01,-12.474463307065802,False
completo,Caudal_m3s,A,1984-06-01,-27.006884169752738,False
completo,Caudal_m3s,A,1984-07-01,-5.848761136362809,False
completo,Caudal_m3s,A,1984-08-01,-11.348435316250784,False
completo,Caudal_m3s,A,1984-09-01,-7.413009497439779,False
completo,Caudal_m3s,A,1984-10-01,39.796781591424384,False
completo,Caudal_m3s,A,1984-11-01,33.86510881270343,False
completo,Caudal_m3s,A,1984-12-01,110.90617050600788,False
completo,Caudal_m3s,A,1985-01-01,101.40078464745157,False
completo,Caudal_m3s,A,1985-02-01,36.64623667498359,False
completo,Caudal_m3s,A,1985-03-01,42.35952042457766,False
completo,Caudal_m3s,A,1985-04-01,4.494902128368048,False
completo,Caudal_m3s,A,1985-05-01,7.380375402611614,False
completo,Caudal_m3s,A,1985-06-01,-5.56021750308607,False
completo,Caudal_m3s,A,1985-07-01,-17.255212749266043,False
completo,Caudal_m3s,A,1985-08-01,-25.525854671089498,False
completo,Caudal_m3s,A,1985-09-01,-19.379676164106442,False
completo,Caudal_m3s,A,1985-10-01,-24.496766795672364,False
completo,Caudal_m3s,A,1985-11-01,-8.908224520629906,False
completo,Caudal_m3s,A,1985-12-01,-28.577700461734075,False
completo,Caudal_m3s,A,1986-01-01,28.52981690551608,False
completo,Caudal_m3s,A,1986-02-01,39.223617627364554,False
completo,Caudal_m3s,A,1986-03-01,37.48855268264217,False
completo,Caudal_m3s,A,1986-04-01,28.501568795034707,False
completo,Caudal_m3s,A,1986-05-01,27.738439918740646,False
completo,Caudal_m3s,A,1986-06-01,43.67311583024726,False
completo,Caudal_m3s,A,1986-07-01,19.36437250419018,False
completo,Caudal_m3s,A,1986-08-01,-4.841983703347571,False
completo,Caudal_m3s,A,1986-09-01,4.433657169226899,False
completo,Caudal_m3s,A,1986-10-01,16.896781591424393,False
completo,Caudal_m3s,A,1986-11-01,3.4317754793700974,False
completo,Caudal_m3s,A,1986-12-01,107.13197695762075,False
completo,Caudal_m3s,A,1987-01-01,163.11046206680638,False
completo,Caudal_m3s,A,1987-02-01,127.24345889720583,False
completo,Caudal_m3s,A,1987-03-01,58.78126474954778,False
completo,Caudal_m3s,A,1987-04-01,13.429568795034706,False
completo,Caudal_m3s,A,1987-05-01,-0.5454310490012855,False
completo,Caudal_m3s,A,1987-06-01,-2.1868841697527355,False
completo,Caudal_m3s,A,1987-07-01,58.15008678990446,False
completo,Caudal_m3s,A,1987-08-01,58.76769371600728,False
completo,Caudal_m3s,A,1987-09-01,43.13032383589354,False
completo,Caudal_m3s,A,1987-10-01,49.63871707529538,False
completo,Caudal_m3s,A,1987-11-01,69.89844214603674,False
completo,Caudal_m3s,A,1987-12-01,57.1925277963261,True
completo,Caudal_m3s,A,1988-01-01,44.48661344661546,True
completo,Caudal_m3s,A,1988-02-01,31.78069909690482,True
completo,Caudal_m3s,A,1988-03-01,19.07478474719418,True
completo,Caudal_m3s,A,1988-04-01,6.368870397483542,True
completo,Caudal_m3s,A,1988-05-01,-6.337043952227097,False
completo,Caudal_m3s,A,1988-06-01,-11.770217503086071,False
completo,Caudal_m3s,A,1988-07-01,-21.216503071846688,False
completo,Caudal_m3s,A,1988-08-01,-18.822628864637878,False
completo,Caudal_m3s,A,1988-09-01,-22.773009497439773,False
completo,Caudal_m3s,A,1988-10-01,-13.932250666640106,False
completo,Caudal_m3s,A,1988-11-01,-17.524891187296582,False
completo,Caudal_m3s,A,1988-12-01,-65.97770046173405,False
completo,Caudal_m3s,A,1989-01-01,-43.27663470738715,False
completo,Caudal_m3s,A,1989-02-01,3.973617627364556,False
completo,Caudal_m3s,A,1989-03-01,-5.395318285099767,False
completo,Caudal_m3s,A,1989-04-01,-15.065097871631968,False
completo,Caudal_m3s,A,1989-05-01,-16.658334274807743,False
completo,Caudal_m3s,A,1989-06-01,-30.880217503086065,False
completo,Caudal_m3s,A,1989-07-01,-33.2681159750725,False
completo,Caudal_m3s,A,1989-08-01,-2.9000482194765933,False
completo,Caudal_m3s,A,1989-09-01,3.1203238358935526,False
completo,Caudal_m3s,A,1989-10-01,16.548394494650204,False
completo,Caudal_m3s,A,1989-11-01,68.09844214603676,False
completo,Caudal_m3s,A,1989-12-01,22.938428570523975,False
completo,Caudal_m3s,A,1990-01-01,-17.986312126742,False
completo,Caudal_m3s,A,1990-02-01,-21.7335252297783,False
completo,Caudal_m3s,A,1990-03-01,-17.869511833486847,False
completo,Caudal_m3s,A,1990-04-01,-20.171764538298632,False
completo,Caudal_m3s,A,1990-05-01,-10.693818145775479,False
completo,Caudal_m3s,A,1990-06-01,-20.796884169752737,False
completo,Caudal_m3s,A,1990-07-01,-19.58747081378217,False
completo,Caudal_m3s,A,1990-08-01,-19.28069338076692,False
completo,Caudal_m3s,A,1990-09-01,-22.476342830773106,False
completo,Caudal_m3s,A,1990-10-01,-27.303218408575596,False
completo,Caudal_m3s,A,1990-11-01,-47.15981427386452,True
completo,Caudal_m3s,A,1990-12-01,-67.01641013915345,False
completo,Caudal_m3s,A,1991-01-01,-58.95082825577426,False
completo,Caudal_m3s,A,1991-02-01,-34.56566808692114,False
completo,Caudal_m3s,A,1991-03-01,-25.30176989800298,False
completo,Caudal_m3s,A,1991-04-01,-19.841764538298634,False
completo,Caudal_m3s,A,1991-05-01,47.08916294432462,False
completo,Caudal_m3s,A,1991-06-01,7.634654291785731,False
completo,Caudal_m3s,A,1991-07-01,33.38672273460494,False
completo,Caudal_m3s,A,1991-08-01,6.2773711353621255,False
completo,Caudal_m3s,A,1991-09-01,22.536990502560222,False
completo,Caudal_m3s,A,1991-10-01,19.58065255916633,False
completo,Caudal_m3s,A,1991-11-01,56.49844214603673,False
completo,Caudal_m3s,A,1991-12-01,13.906170506007848,False
completo,Caudal_m3s,A,1992-01-01,88.33626851841932,False
completo,Caudal_m3s,A,1992-02-01,62.41204127268475,False
completo,Caudal_m3s,A,1992-03-01,54.68210106973897,False
completo,Caudal_m3s,A,1992-04-01,11.751568795034709,False
completo,Caudal_m3s,A,1992-05-01,10.586827015514837,False
completo,Caudal_m3s,A,1992-06-01,8.646449163580593,False
completo,Caudal_m3s,A,1992-07-01,1.8867227346049251,False
completo,Caudal_m3s,A,1992-08-01,-3.1806933807669164,False
completo,Caudal_m3s,A,1992-09-01,1.4136571692269033,False
completo,Caudal_m3s,A,1992-10-01,26.222588043037298,False
completo,Caudal_m3s,A,1992-11-01,39.76510881270341,False
completo,Caudal_m3s,A,1992-12-01,31.261009215685284,False
completo,Caudal_m3s,A,1993-01-01,68.62551583024724,False
completo,Caudal_m3s,A,1993-02-01,48.167903341650266,False
completo,Caudal_m3s,A,1993-03-01,13.391778489093804,False
completo,Caudal_m3s,A,1993-04-01,20.4669534104193,False
completo,Caudal_m3s,A,1993-05-01,237.13628938110622,False
completo,Caudal_m3s,A,1993-06-01,26.413856570988024,False
completo,Caudal_m3s,A,1993-07-01,15.844787250733953,False
completo,Caudal_m3s,A,1993-08-01,4.828984038587928,False
completo,Caudal_m3s,A,1993-09-01,-0.7196761641064366,False
completo,Caudal_m3s,A,1993-10-01,5.238717075295364,False
completo,Caudal_m3s,A,1993-11-01,-24.868224520629916,False
completo,Caudal_m3s,A,1993-12-01,-3.7712488488308136,False
completo,Caudal_m3s,A,1994-01-01,31.33626851841931,False
completo,Caudal_m3s,A,1994-02-01,-2.1967120429651086,False
completo,Caudal_m3s,A,1994-03-01,-7.665825197542167,False
completo,Caudal_m3s,A,1994-04-01,-13.37509787163197,False
completo,Caudal_m3s,A,1994-05-01,-8.761560081259352,False
completo,Caudal_m3s,A,1994-06-01,-11.17021750308607,False
completo,Caudal_m3s,A,1994-07-01,7.083496928153318,False
completo,Caudal_m3s,A,1994-08-01,4.238661457942763,False
completo,Caudal_m3s,A,1994-09-01,2.7803238358935634,False
completo,Caudal_m3s,A,1994-10-01,-7.77418615051109,False
completo,Caudal_m3s,A,1994-11-01,4.8651088127034345,False
completo,Caudal_m3s,A,1994-12-01,58.744880183427206,False
completo,Caudal_m3s,A,1995-01-01,-4.179860513838767,False
completo,Caudal_m3s,A,1995-02-01,-16.526382372635446,False
completo,Caudal_m3s,A,1995-03-01,-5.898544091551363,False
completo,Caudal_m3s,A,1995-04-01,-7.285097871631967,False
completo,Caudal_m3s,A,1995-05-01,-9.164785887710968,False
completo,Caudal_m3s,A,1995-06-01,-10.130217503086064,False
completo,Caudal_m3s,A,1995-07-01,-13.86811597507249,False
completo,Caudal_m3s,A,1995-08-01,-14.209725638831435,False
completo,Caudal_m3s,A,1995-09-01,-1.3530094974397624,False
completo,Caudal_m3s,A,1995-10-01,-15.241928085994948,False
completo,Caudal_m3s,A,1995-11-01,11.765108812703412,False
completo,Caudal_m3s,A,1995-12-01,-3.8035069133469417,False
completo,Caudal_m3s,A,1996-01-01,-60.16050567512908,False
completo,Caudal_m3s,A,1996-02-01,-32.6810621755911,False
completo,Caudal_m3s,A,1996-03-01,-6.895318285099767,False
completo,Caudal_m3s,A,1996-04-01,-13.411764538298632,False
completo,Caudal_m3s,A,1996-05-01,-19.53575362964645,False
completo,Caudal_m3s,A,1996-06-01,-28.573550836419408,False
completo,Caudal_m3s,A,1996-07-01,-27.913277265395074,False
completo,Caudal_m3s,A,1996-08-01,-32.974241767863695,False
completo,Caudal_m3s,A,1996-09-01,-41.07634283077311,False
completo,Caudal_m3s,A,1996-10-01,-58.73870227954335,False
completo,Caudal_m3s,A,1996-11-01,-104.51489118729657,False
completo,Caudal_m3s,A,1996-12-01,-143.6486682036696,False
completo,Caudal_m3s,A,1997-01-01,-106.53469922351617,False
completo,Caudal_m3s,A,1997-02-01,-68.42995380120686,False
completo,Caudal_m3s,A,1997-03-01,-41.969511833486855,False
completo,Caudal_m3s,A,1997-04-01,-39.31509787163196,False
completo,Caudal_m3s,A,1997-05-01,-35.63575362964645,False
completo,Caudal_m3s,A,1997-06-01,-5.926884169752745,False
completo,Caudal_m3s,A,1997-07-01,-8.106825652491848,False
completo,Caudal_m3s,A,1997-08-01,8.480596941813724,False
completo,Caudal_m3s,A,1997-09-01,40.010323835893566,False
completo,Caudal_m3s,A,1997-10-01,8.674200946263108,False
completo,Caudal_m3s,A,1997-11-01,52.19844214603675,False
completo,Caudal_m3s,A,1997-12-01,133.06746082858848,False
completo,Caudal_m3s,A,1998-01-01,225.46530077648376,False
completo,Caudal_m3s,A,1998-02-01,62.973617627364554,False
completo,Caudal_m3s,A,1998-03-01,32.48855268264217,False
completo,Caudal_m3s,A,1998-04-01,19.818235461701384,False
completo,Caudal_m3s,A,1998-05-01,2.8642463703535643,False
completo,Caudal_m3s,A,1998-06-01,-10.940217503086073,False
completo,Caudal_m3s,A,1998-07-01,-18.87456758797572,False
completo,Caudal_m3s,A,1998-08-01,-26.825854671089502,False
completo,Caudal_m3s,A,1998-09-01,-40.10967616410644,False
completo,Caudal_m3s,A,1998-10-01,-44.770960344059475,False
completo,Caudal_m3s,A,1998-11-01,-72.70489118729657,False
completo,Caudal_m3s,A,1998-12-01,-96.5873778810889,False
completo,Caudal_m3s,A,1999-01-01,-88.59276373964522,False
completo,Caudal_m3s,A,1999-02-01,-54.82281094406401,False
completo,Caudal_m3s,A,1999-03-01,-41.859834414132,False
completo,Caudal_m3s,A,1999-04-01,-40.94485977639387,False
completo,Caudal_m3s,A,1999-05-01,-27.822850403839993,False
completo,Caudal_m3s,A,1999-06-01,-33.290217503086076,False
completo,Caudal_m3s,A,1999-07-01,-31.506825652491848,False
completo,Caudal_m3s,A,1999-08-01,-30.851661122702403,False
completo,Caudal_m3s,A,1999-09-01,-18.439676164106444,False
completo,Caudal_m3s,A,1999-10-01,-18.961282924704626,False
completo,Caudal_m3s,A,1999-11-01,-17.95155785396326,False
completo,Caudal_m3s,A,1999-12-01,-57.54544239721795,False
completo,Caudal_m3s,A,2000-01-01,-54.566957288032306,False
completo,Caudal_m3s,A,2000-02-01,-44.12933803766004,False
completo,Caudal_m3s,A,2000-03-01,-32.121124736712666,False
completo,Caudal_m3s,A,2000-04-01,-27.568431204965293,False
completo,Caudal_m3s,A,2000-05-01,-17.3486568554529,False
completo,Caudal_m3s,A,2000-06-01,10.566449163580609,False
completo,Caudal_m3s,A,2000-07-01,7.586722734604928,False
completo,Caudal_m3s,A,2000-08-01,-2.529636651067255,False
completo,Caudal_m3s,A,2000-09-01,-5.886342830773108,False
completo,Caudal_m3s,A,2000-10-01,30.103233204327616,False
completo,Caudal_m3s,A,2000-11-01,28.298442146036713,False
completo,Caudal_m3s,A,2000-12-01,156.196493086653,False
completo,Caudal_m3s,A,2001-01-01,111.46530077648383,False
completo,Caudal_m3s,A,2001-02-01,86.36647477022173,False
completo,Caudal_m3s,A,2001-03-01,25.614359134255075,False
completo,Caudal_m3s,A,2001-04-01,6.351568795034703,False
completo,Caudal_m3s,A,2001-05-01,3.877149596160004,False
completo,Caudal_m3s,A,2001-06-01,-9.8535508364194,False
completo,Caudal_m3s,A,2001-07-01,11.325432412024279,False
completo,Caudal_m3s,A,2001-08-01,17.806403393426628,False
completo,Caudal_m3s,A,2001-09-01,4.246990502560232,False
completo,Caudal_m3s,A,2001-10-01,28.261297720456675,False
completo,Caudal_m3s,A,2001-11-01,23.965108812703427,False
completo,Caudal_m3s,A,2001-12-01,128.64810598987884,False
completo,Caudal_m3s,A,2002-01-01,27.045945937774157,False
completo,Caudal_m3s,A,2002-02-01,4.902189055936001,False
completo,Caudal_m3s,A,2002-03-01,2.0272623600615365,False
completo,Caudal_m3s,A,2002-04-01,-9.46843120496529,False
completo,Caudal_m3s,A,2002-05-01,-6.68325084877881,False
completo,Caudal_m3s,A,2002-06-01,10.269782496913928,False
completo,Caudal_m3s,A,2002-07-01,-3.4552127492660443,False
completo,Caudal_m3s,A,2002-08-01,32.06446790955564,False
completo,Caudal_m3s,A,2002-09-01,29.2600939508361,False
completo,Caudal_m3s,A,2002-10-01,39.50968481723084,False
completo,Caudal_m3s,A,2002-11-01,86.79844214603672,False
completo,Caudal_m3s,A,2002-12-01,146.26100921568525,False
completo,Caudal_m3s,A,2003-01-01,183.30401045390315,False
completo,Caudal_m3s,A,2003-02-01,115.652189055936,False
completo,Caudal_m3s,A,2003-03-01,78.198230101997,False
completo,Caudal_m3s,A,2003-04-01,23.74639638124159,False
completo,Caudal_m3s,A,2003-05-01,3.2352141122890234,False
completo,Caudal_m3s,A,2003-06-01,2.133115830247272,False
completo,Caudal_m3s,A,2003-07-01,2.0189807991210618,False
completo,Caudal_m3s,A,2003-08-01,-12.95811273560563,False
completo,Caudal_m3s,A,2003-09-01,-9.66634283077311,False
completo,Caudal_m3s,A,2003-10-01,0.4322654623921327,False
completo,Caudal_m3s,A,2003-11-01,-5.6348911872965655,False
completo,Caudal_m3s,A,2003-12-01,-51.738990784314716,False
completo,Caudal_m3s,A,2004-01-01,-6.212118578354895,False
completo,Caudal_m3s,A,2004-02-01,-14.51899321007385,False
completo,Caudal_m3s,A,2004-03-01,-11.021124736712684,False
completo,Caudal_m3s,A,2004-04-01,-11.3784312049653,False
completo,Caudal_m3s,A,2004-05-01,-16.397043952227094,False
completo,Caudal_m3s,A,2004-06-01,-18.78688416975274,False
completo,Caudal_m3s,A,2004-07-01,-17.629406297653134,False
completo,Caudal_m3s,A,2004-08-01,-24.5516611227024,False
completo,Caudal_m3s,A,2004-09-01,-15.30967616410644,False
completo,Caudal_m3s,A,2004-10-01,-33.89031518276915,False
completo,Caudal_m3s,A,2004-11-01,-52.43155785396326,False
completo,Caudal_m3s,A,2004-12-01,-61.70673271979859,False
completo,Caudal_m3s,A,2005-01-01,-51.486312126742,False
completo,Caudal_m3s,A,2005-02-01,-44.847810944064,False
completo,Caudal_m3s,A,2005-03-01,-27.498544091551373,False
completo,Caudal_m3s,A,2005-04-01,-28.158431204965297,False
completo,Caudal_m3s,A,2005-05-01,-18.690592339323878,False
completo,Caudal_m3s,A,2005-06-01,23.896449163580577,False
completo,Caudal_m3s,A,2005-07-01,17.644787250733962,False
completo,Caudal_m3s,A,2005-08-01,44.0515646837492,False
completo,Caudal_m3s,A,2005-09-01,37.266990502560226,False
completo,Caudal_m3s,A,2005-10-01,44.283878365617944,False
completo,Caudal_m3s,A,2005-11-01,98.33177547937011,False
completo,Caudal_m3s,A,2005-12-01,191.2932672802014,False
completo,Caudal_m3s,A,2006-01-01,269.2394943248709,False
completo,Caudal_m3s,A,2006-02-01,161.8307604845075,False
completo,Caudal_m3s,A,2006-03-01,62.617584940706685,False
completo,Caudal_m3s,A,2006-04-01,26.404902128368015,False
completo,Caudal_m3s,A,2006-05-01,4.2739237897084,False
completo,Caudal_m3s,A,2006-06-01,-6.603550836419407,False
completo,Caudal_m3s,A,2006-07-01,44.16091628299201,False
completo,Caudal_m3s,A,2006-08-01,8.235435651491153,False
completo,Caudal_m3s,A,2006-09-01,5.966990502560231,False
completo,Caudal_m3s,A,2006-10-01,33.609684817230864,False
completo,Caudal_m3s,A,2006-11-01,63.56510881270342,False
completo,Caudal_m3s,A,2006-12-01,50.13197695762077,False
completo,Caudal_m3s,A,2007-01-01,-7.41211857835494,False
completo,Caudal_m3s,A,2007-02-01,-5.938022584275663,False
completo,Caudal_m3s,A,2007-03-01,4.082101069738963,False
completo,Caudal_m3s,A,2007-04-01,-12.748431204965291,False
completo,Caudal_m3s,A,2007-05-01,-9.761560081259352,False
completo,Caudal_m3s,A,2007-06-01,-13.403550836419404,False
completo,Caudal_m3s,A,2007-07-01,-11.006825652491846,False
completo,Caudal_m3s,A,2007-08-01,-17.54520950979918,False
completo,Caudal_m3s,A,2007-09-01,-17.988565052995334,False
completo,Caudal_m3s,A,2007-10-01,-9.885637763414314,False
completo,Caudal_m3s,A,2007-11-01,-34.52489118729658,False
completo,Caudal_m3s,A,2007-12-01,-75.62553138498214,False
completo,Caudal_m3s,A,2008-01-01,-63.17986051383877,False
completo,Caudal_m3s,A,2008-02-01,-46.32933803766009,False
completo,Caudal_m3s,A,2008-03-01,-33.4340279625191,False
completo,Caudal_m3s,A,2008-04-01,-25.205097871631963,False
completo,Caudal_m3s,A,2008-05-01,24.867472176805187,False
completo,Caudal_m3s,A,2008-06-01,21.193115830247258,False
completo,Caudal_m3s,A,2008-07-01,-7.406825652491852,False
completo,Caudal_m3s,A,2008-08-01,8.474145328910504,False
completo,Caudal_m3s,A,2008-09-01,1.5603238358935645,False
completo,Caudal_m3s,A,2008-10-01,10.696781591424406,False
completo,Caudal_m3s,A,2008-11-01,94.0317754793701,False
completo,Caudal_m3s,A,2008-12-01,82.58358986084654,False
completo,Caudal_m3s,A,2009-01-01,9.465300776483824,False
completo,Caudal_m3s,A,2009-02-01,0.7593319130788618,False
completo,Caudal_m3s,A,2009-03-01,4.172423650384113,False
completo,Caudal_m3s,A,2009-04-01,-2.9950978716319607,False
completo,Caudal_m3s,A,2009-05-01,-8.958334274807731,False
completo,Caudal_m3s,A,2009-06-01,-14.326884169752736,False
completo,Caudal_m3s,A,2009-07-01,-14.844675114857443,False
completo,Caudal_m3s,A,2009-08-01,-7.758112735605627,False
completo,Caudal_m3s,A,2009-09-01,5.530323835893563,False
completo,Caudal_m3s,A,2009-10-01,-21.97741195696269,False
completo,Caudal_m3s,A,2009-11-01,-34.5582245206299,False
completo,Caudal_m3s,A,2009-12-01,-1.4809262681857174,False
completo,Caudal_m3s,A,2010-01-01,8.271752389387084,False
completo,Caudal_m3s,A,2010-02-01,4.902189055936001,False
completo,Caudal_m3s,A,2010-03-01,14.295004295545391,False
completo,Caudal_m3s,A,2010-04-01,-1.3284312049653035,False
completo,Caudal_m3s,A,2010-05-01,-6.790592339323863,False
completo,Caudal_m3s,A,2010-06-01,-11.49688416975273,False
completo,Caudal_m3s,A,2010-07-01,-18.558438555717657,False
completo,Caudal_m3s,A,2010-08-01,-20.183919187218528,False
completo,Caudal_m3s,A,2010-09-01,-24.0363428307731,False
completo,Caudal_m3s,A,2010-10-01,-29.751605505349794,False
completo,Caudal_m3s,A,2010-11-01,-56.41489118729658,False
completo,Caudal_m3s,A,2010-12-01,-102.92286175205666,False
completo,Caudal_m3s,A,2011-01-01,-95.4411508364194,False
completo,Caudal_m3s,A,2011-02-01,-60.46566808692116,False
completo,Caudal_m3s,A,2011-03-01,-37.78564086574492,False
completo,Caudal_m3s,A,2011-04-01,-31.4984312049653,False
completo,Caudal_m3s,A,2011-05-01,-27.058334274807734,False
completo,Caudal_m3s,A,2011-06-01,-37.35688416975274,False
completo,Caudal_m3s,A,2011-07-01,-35.83908371700797,False
completo,Caudal_m3s,A,2011-08-01,-38.6258546710895,False
completo,Caudal_m3s,A,2011-09-01,-33.833009497439775,False
completo,Caudal_m3s,A,2011-10-01,-39.88386356986593,False
completo,Caudal_m3s,A,2011-11-01,-69.34489118729658,False
completo,Caudal_m3s,A,2011-12-01,-105.14866820366956,False
completo,Caudal_m3s,A,2012-01-01,-106.6121185783549,False
completo,Caudal_m3s,A,2012-02-01,-63.50175183076352,False
completo,Caudal_m3s,A,2012-03-01,-30.124350543164276,False
completo,Caudal_m3s,A,2012-04-01,-27.7184312049653,False
completo,Caudal_m3s,A,2012-05-01,-15.861560081259347,False
completo,Caudal_m3s,A,2012-06-01,-25.41021750308608,False
completo,Caudal_m3s,A,2012-07-01,-26.535857910556366,False
completo,Caudal_m3s,A,2012-08-01,-36.632306283992726,False
completo,Caudal_m3s,A,2012-09-01,-31.223009497439776,False
completo,Caudal_m3s,A,2012-10-01,-52.23870227954335,False
completo,Caudal_m3s,A,2012-11-01,-26.598224520629905,False
completo,Caudal_m3s,A,2012-12-01,-67.5325391714115,False
completo,Caudal_m3s,A,2013-01-01,-43.244376642871025,False
completo,Caudal_m3s,A,2013-02-01,-43.279953801206865,False
completo,Caudal_m3s,A,2013-03-01,-34.09209247864815,False
completo,Caudal_m3s,A,2013-04-01,-30.871764538298642,False
completo,Caudal_m3s,A,2013-05-01,-24.877689113517413,False
completo,Caudal_m3s,A,2013-06-01,-20.833550836419406,False
completo,Caudal_m3s,A,2013-07-01,-22.432632104104755,False
completo,Caudal_m3s,A,2013-08-01,-21.33875789689595,False
completo,Caudal_m3s,A,2013-09-01,-22.28300949743977,False
completo,Caudal_m3s,A,2013-10-01,-26.2032184085756,False
completo,Caudal_m3s,A,2013-11-01,-44.62155785396326,False
completo,Caudal_m3s,A,2013-12-01,-65.06157142947602,False
completo,Caudal_m3s,A,2014-01-01,-63.6121185783549,False
completo,Caudal_m3s,A,2014-02-01,-54.933525229778304,False
completo,Caudal_m3s,A,2014-03-01,-32.22757634961588,False
completo,Caudal_m3s,A,2014-04-01,-23.50914549067958,False
completo,Caudal_m3s,A,2014-05-01,-19.445431049001293,False
completo,Caudal_m3s,A,2014-06-01,-22.42688416975274,False
completo,Caudal_m3s,A,2014-07-01,-24.55198694281443,False
completo,Caudal_m3s,A,2014-08-01,-25.909725638831432,False
completo,Caudal_m3s,A,2014-09-01,-32.46634283077311,False
completo,Caudal_m3s,A,2014-10-01,-15.835476473091722,False
completo,Caudal_m3s,A,2014-11-01,-44.29155785396322,False
completo,Caudal_m3s,A,2014-12-01,-106.21641013915344,False
completo,Caudal_m3s,A,2015-01-01,-93.35405406222584,False
completo,Caudal_m3s,A,2015-02-01,-67.04066808692114,False
completo,Caudal_m3s,A,2015-03-01,-41.32816285987982,False
completo,Caudal_m3s,A,2015-04-01,-36.59169382526223,True
completo,Caudal_m3s,A,2015-05-01,-31.855224790644648,True
completo,Caudal_m3s,A,2015-06-01,-27.118755756027063,True
completo,Caudal_m3s,A,2015-07-01,-22.38228672140948,True
completo,Caudal_m3s,A,2015-08-01,-17.645817686791894,True
completo,Caudal_m3s,A,2015-09-01,-12.909348652174307,True
completo,Caudal_m3s,A,2015-10-01,-8.172879617556722,True
completo,Caudal_m3s,A,2015-11-01,-3.4364105829391374,True
completo,Caudal_m3s,A,2015-12-01,1.3000584516784475,False
completo,Caudal_m3s,A,2016-01-01,-19.115344384806512,False
completo,Caudal_m3s,A,2016-02-01,-14.794855279039373,False
completo,Caudal_m3s,A,2016-03-01,-4.017898930261046,False
completo,Caudal_m3s,A,2016-04-01,31.231568795034697,False
completo,Caudal_m3s,A,2016-05-01,5.802956047772918,False
completo,Caudal_m3s,A,2016-06-01,4.82311583024727,False
completo,Caudal_m3s,A,2016-07-01,-3.9552127492660443,False
completo,Caudal_m3s,A,2016-08-01,-4.387144993670153,False
completo,Caudal_m3s,A,2016-09-01,-2.80967616410644,False
completo,Caudal_m3s,A,2016-10-01,-17.41934744083367,False
completo,Caudal_m3s,A,2016-11-01,-19.20155785396326,False
completo,Caudal_m3s,A,2016-12-01,-31.706732719798588,False
completo,Caudal_m3s,A,2017-01-01,-2.3411508364194074,False
completo,Caudal_m3s,A,2017-02-01,4.545046198793139,False
completo,Caudal_m3s,A,2017-03-01,-16.866286027035237,False
completo,Caudal_m3s,A,2017-04-01,-12.478431204965295,False
completo,Caudal_m3s,A,2017-05-01,-8.569457745330537,False
completo,Caudal_m3s,A,2017-06-01,-11.460217503086069,False
completo,Caudal_m3s,A,2017-07-01,-13.81005145894346,False
completo,Caudal_m3s,A,2017-08-01,-20.28391918721853,False
completo,Caudal_m3s,A,2017-09-01,-21.319676164106447,False
completo,Caudal_m3s,A,2017-10-01,-23.441928085994952,False
completo,Caudal_m3s,A,2017-11-01,-44.461557853963264,False
completo,Caudal_m3s,A,2017-12-01,-63.416410139153434,False
completo,Caudal_m3s,A,2018-01-01,-78.9153443848065,False
completo,Caudal_m3s,A,2018-02-01,-39.69423951549256,False
completo,Caudal_m3s,A,2018-03-01,-43.321124736712655,False
completo,Caudal_m3s,A,2018-04-01,-30.33176453829863,False
completo,Caudal_m3s,A,2018-05-01,-34.28091491996903,False
completo,Caudal_m3s,A,2018-06-01,-35.07021750308607,False
completo,Caudal_m3s,A,2018-07-01,-34.92618049120153,False
completo,Caudal_m3s,A,2018-08-01,-34.2516611227024,False
completo,Caudal_m3s,A,2018-09-01,-32.159676164106436,False
completo,Caudal_m3s,A,2018-10-01,-51.270960344059475,False
completo,Caudal_m3s,A,2018-11-01,-68.19155785396323,False
completo,Caudal_m3s,A,2018-12-01,-93.34544239721794,False
completo,Caudal_m3s,A,2019-01-01,-82.01211857835489,False
completo,Caudal_m3s,A,2019-02-01,-50.294239515492585,False
completo,Caudal_m3s,A,2019-03-01,-36.582415059293304,False
completo,Caudal_m3s,A,2019-04-01,-26.368431204965297,False
completo,Caudal_m3s,A,2019-05-01,-31.006269758678712,False
completo,Caudal_m3s,A,2019-06-01,-42.528417503086075,False
completo,Caudal_m3s,A,2019-07-01,-44.46011597507249,False
completo,Caudal_m3s,A,2019-08-01,-40.351661122702396,False
completo,Caudal_m3s,A,2019-09-01,-31.525709497439777,False
completo,Caudal_m3s,A,2019-10-01,-61.774024860188504,False
completo,Caudal_m3s,A,2019-11-01,-91.39095785396324,False
completo,Caudal_m3s,A,2019-12-01,-137.53870046173407,False
completo,Caudal_m3s,A,2020-01-01,-102.88063470738714,False
completo,Caudal_m3s,A,2020-02-01,-80.34613114110833,False
completo,Caudal_m3s,A,2020-03-01,-49.734737639938466,False
completo,Caudal_m3s,AD,1980-04-01,4.924985365272008,False
completo,Caudal_m3s,AD,1980-05-01,11.989541731933379,False
completo,Caudal_m3s,AD,1980-06-01,-8.19067775876583,False
completo,Caudal_m3s,AD,1980-07-01,-8.453041525431253,False
completo,Caudal_m3s,AD,1980-08-01,-19.799761645159478,False
completo,Caudal_m3s,AD,1980-09-01,-22.734284991995175,False
completo,Caudal_m3s,AD,1980-10-01,-23.46799145587449,False
completo,Caudal_m3s,AD,1980-11-01,-14.513376841102414,False
completo,Caudal_m3s,AD,1980-12-01,113.9214991274155,False
completo,Caudal_m3s,AD,1981-01-01,28.2618712992423,False
completo,Caudal_m3s,AD,1981-02-01,27.93241197277839,False
completo,Caudal_m3s,AD,1981-03-01,-5.563062967083837,False
completo,Caudal_m3s,AD,1981-04-01,-40.43160892356382,False
completo,Caudal_m3s,AD,1981-05-01,-29.187912771956206,False
completo,Caudal_m3s,AD,1981-06-01,-38.937272047601674,False
completo,Caudal_m3s,AD,1981-07-01,-47.559528287385355,False
completo,Caudal_m3s,AD,1981-08-01,-52.61915163292003,False
completo,Caudal_m3s,AD,1981-09-01,-58.123408016463195,False
completo,Caudal_m3s,AD,1981-10-01,-60.474478217828604,False
completo,Caudal_m3s,AD,1981-11-01,-57.389971129938225,False
completo,Caudal_m3s,AD,1981-12-01,-92.08283709690417,False
completo,Caudal_m3s,AD,1982-01-01,-81.47612911035449,False
completo,Caudal_m3s,AD,1982-02-01,-65.55299183986699,False
completo,Caudal_m3s,AD,1982-03-01,-62.27600134194116,False
completo,Caudal_m3s,AD,1982-04-01,-56.08486987906631,False
completo,Caudal_m3s,AD,1982-05-01,-51.726657598426435,False
completo,Caudal_m3s,AD,1982-06-01,0.7661336635624956,False
completo,Caudal_m3s,AD,1982-07-01,41.60172688614442,False
completo,Caudal_m3s,AD,1982-08-01,-3.2482190400354405,False
completo,Caudal_m3s,AD,1982-09-01,33.38252643033317,False
completo,Caudal_m3s,AD,1982-10-01,18.315578799019143,False
completo,Caudal_m3s,AD,1982-11-01,69.04676791455927,False
completo,Caudal_m3s,AD,1982-12-01,305.99884818415256,False
completo,Caudal_m3s,AD,1983-01-01,373.5786744502721,False
completo,Caudal_m3s,AD,1983-02-01,280.06160434748773,False
completo,Caudal_m3s,AD,1983-03-01,126.74009254126605,False
completo,Caudal_m3s,AD,1983-04-01,47.298535832097855,False
completo,Caudal_m3s,AD,1983-05-01,0.08298467187752223,False
completo,Caudal_m3s,AD,1983-06-01,-22.60379395860665,False
completo,Caudal_m3s,AD,1983-07-01,-8.640243746777447,False
completo,Caudal_m3s,AD,1983-08-01,-13.548254189086318,False
completo,Caudal_m3s,AD,1983-09-01,-34.77073452516932,False
completo,Caudal_m3s,AD,1983-10-01,11.95125793568252,False
completo,Caudal_m3s,AD,1983-11-01,61.14350695905679,False
completo,Caudal_m3s,AD,1983-12-01,64.79558722864999,False
completo,Caudal_m3s,AD,1984-01-01,22.988316720576,False
completo,Caudal_m3s,AD,1984-02-01,12.198244869817671,False
completo,Caudal_m3s,AD,1984-03-01,-25.440587769075172,False
completo,Caudal_m3s,AD,1984-04-01,-43.82805845673798,False
completo,Caudal_m3s,AD,1984-05-01,-40.99769563846368,False
completo,Caudal_m3s,AD,1984-06-01,-55.3803882474425,False
completo,Caudal_m3s,AD,1984-07-01,-34.072536960344436,False
completo,Caudal_m3s,AD,1984-08-01,-39.422482886524286,False
completo,Caudal_m3s,AD,1984-09-01,-35.33732881400516,False
completo,Caudal_m3s,AD,1984-10-01,12.02219052856713,False
completo,Caudal_m3s,AD,1984-11-01,6.240246003554304,False
completo,Caudal_m3s,AD,1984-12-01,83.43103595056688,False
completo,Caudal_m3s,AD,1985-01-01,74.07537834571869,False
completo,Caudal_m3s,AD,1985-02-01,9.47055862695884,False
completo,Caudal_m3s,AD,1985-03-01,15.333570630261036,False
completo,Caudal_m3s,AD,1985-04-01,-22.38131941224045,False
completo,Caudal_m3s,AD,1985-05-01,-19.34611788428876,False
completo,Caudal_m3s,AD,1985-06-01,-32.13698253627832,False
completo,Caudal_m3s,AD,1985-07-01,-43.68224952875017,False
completo,Caudal_m3s,AD,1985-08-01,-51.8031631968655,False
completo,Caudal_m3s,AD,1985-09-01,-45.507256436174316,False
completo,Caudal_m3s,AD,1985-10-01,-50.47461881403211,False
completo,Caudal_m3s,AD,1985-11-01,-34.73634828528153,False
completo,Caudal_m3s,AD,1985-12-01,-54.25609597267757,False
completo,Caudal_m3s,AD,1986-01-01,3.001149648280709,False
completo,Caudal_m3s,AD,1986-02-01,13.84467862383731,False
completo,Caudal_m3s,AD,1986-03-01,12.259341932823052,False
completo,Caudal_m3s,AD,1986-04-01,3.4220862989237126,False
completo,Caudal_m3s,AD,1986-05-01,2.8086856763377774,False
completo,Caudal_m3s,AD,1986-06-01,18.893089841552516,False
completo,Caudal_m3s,AD,1986-07-01,-5.265925230796441,False
completo,Caudal_m3s,AD,1986-08-01,-29.322553184626067,False
completo,Caudal_m3s,AD,1986-09-01,-19.89718405834347,False
completo,Caudal_m3s,AD,1986-10-01,-7.284331382437848,False
completo,Caudal_m3s,AD,1986-11-01,-20.59960924078402,False
completo,Caudal_m3s,AD,1986-12-01,83.25032049117476,False
completo,Caudal_m3s,AD,1987-01-01,139.3785338540685,False
completo,Caudal_m3s,AD,1987-02-01,103.66125893817609,False
completo,Caudal_m3s,AD,1987-03-01,35.34879304422617,False
completo,Caudal_m3s,AD,1987-04-01,-9.853174656578782,False
completo,Caudal_m3s,AD,1987-05-01,-23.678446246906653,False
completo,Caudal_m3s,AD,1987-06-01,-25.170171113949976,False
completo,Caudal_m3s,AD,1987-07-01,35.31652809941534,False
completo,Caudal_m3s,AD,1987-08-01,36.08386327922629,False
completo,Caudal_m3s,AD,1987-09-01,20.59622165282068,False
completo,Caudal_m3s,AD,1987-10-01,27.254343145930648,False
completo,Caudal_m3s,AD,1987-11-01,47.663796470380134,False
completo,Caudal_m3s,AD,1987-12-01,35.107610374377614,True
completo,Caudal_m3s,AD,1988-01-01,22.5514242783751,True
completo,Caudal_m3s,AD,1988-02-01,9.995238182372585,True
completo,Caudal_m3s,AD,1988-03-01,-2.560947913629928,True
completo,Caudal_m3s,AD,1988-04-01,-15.117134009632439,True
completo,Caudal_m3s,AD,1988-05-01,-27.673320105634957,False
completo,Caudal_m3s,AD,1988-06-01,-32.956765402785805,False
completo,Caudal_m3s,AD,1988-07-01,-42.253322717838294,False
completo,Caudal_m3s,AD,1988-08-01,-39.70972025692136,False
completo,Caudal_m3s,AD,1988-09-01,-43.51037263601513,False
completo,Caudal_m3s,AD,1988-10-01,-34.519885551507336,False
completo,Caudal_m3s,AD,1988-11-01,-37.962797818455684,False
completo,Caudal_m3s,AD,1988-12-01,-86.26587883918502,False
completo,Caudal_m3s,AD,1989-01-01,-63.41508483113,False
completo,Caudal_m3s,AD,1989-02-01,-16.01510424267017,False
completo,Caudal_m3s,AD,1989-03-01,-25.234311901426366,False
completo,Caudal_m3s,AD,1989-04-01,-34.75436323425044,False
completo,Caudal_m3s,AD,1989-05-01,-36.197871383718095,False
completo,Caudal_m3s,AD,1989-06-01,-50.27002635828829,False
completo,Caudal_m3s,AD,1989-07-01,-52.5081965765666,False
completo,Caudal_m3s,AD,1989-08-01,-21.99040056726257,False
completo,Caudal_m3s,AD,1989-09-01,-15.820300258184295,False
completo,Caudal_m3s,AD,1989-10-01,-2.2425013457195178,False
completo,Caudal_m3s,AD,1989-11-01,49.457274559375165,False
completo,Caudal_m3s,AD,1989-12-01,4.446989237570502,False
completo,Caudal_m3s,AD,1990-01-01,-36.32802320598735,False
completo,Caudal_m3s,AD,1990-02-01,-39.92550805531552,False
completo,Caudal_m3s,AD,1990-03-01,-35.911766405315944,False
completo,Caudal_m3s,AD,1990-04-01,-38.0642908564196,False
completo,Caudal_m3s,AD,1990-05-01,-28.436616210188326,False
completo,Caudal_m3s,AD,1990-06-01,-38.389953980457456,False
completo,Caudal_m3s,AD,1990-07-01,-37.03081237077876,False
completo,Caudal_m3s,AD,1990-08-01,-36.57430668405539,False
completo,Caudal_m3s,AD,1990-09-01,-39.62022788035345,False
completo,Caudal_m3s,AD,1990-10-01,-44.29737520444782,False
completo,Caudal_m3s,AD,1990-11-01,-64.00424281602861,True
completo,Caudal_m3s,AD,1990-12-01,-83.71111042760941,False
completo,Caudal_m3s,AD,1991-01-01,-75.4958002905221,False
completo,Caudal_m3s,AD,1991-02-01,-50.96091186796086,False
completo,Caudal_m3s,AD,1991-03-01,-41.54728542533457,False
completo,Caudal_m3s,AD,1991-04-01,-35.9375518119221,False
completo,Caudal_m3s,AD,1991-05-01,31.14310392440928,False
completo,Caudal_m3s,AD,1991-06-01,-8.161676474421482,False
completo,Caudal_m3s,AD,1991-07-01,17.74012022210585,False
completo,Caudal_m3s,AD,1991-08-01,-9.219503123428835,False
completo,Caudal_m3s,AD,1991-09-01,7.1898444974773845,False
completo,Caudal_m3s,AD,1991-10-01,4.38323480779162,False
completo,Caudal_m3s,AD,1991-11-01,41.45075264837014,False
completo,Caudal_m3s,AD,1991-12-01,-0.9917907379506108,False
completo,Caudal_m3s,AD,1992-01-01,73.58803552816899,False
completo,Caudal_m3s,AD,1992-02-01,47.81353653614254,False
completo,Caudal_m3s,AD,1992-03-01,40.233324586904885,False
completo,Caudal_m3s,AD,1992-04-01,-2.547479434091249,False
completo,Caudal_m3s,AD,1992-05-01,-3.562492959902995,False
completo,Caudal_m3s,AD,1992-06-01,-5.353142558129113,False
completo,Caudal_m3s,AD,1992-07-01,-11.963140733396655,False
completo,Caudal_m3s,AD,1992-08-01,-16.880828595060372,False
completo,Caudal_m3s,AD,1992-09-01,-12.136749791358428,False
completo,Caudal_m3s,AD,1992-10-01,12.821909336160093,False
completo,Caudal_m3s,AD,1992-11-01,26.51415835953433,False
completo,Caudal_m3s,AD,1992-12-01,18.159787016224332,False
completo,Caudal_m3s,AD,1993-01-01,55.67402188449441,False
completo,Caudal_m3s,AD,1993-02-01,35.36613764960556,False
completo,Caudal_m3s,AD,1993-03-01,0.7397410507572264,False
completo,Caudal_m3s,AD,1993-04-01,7.964644225790849,False
completo,Caudal_m3s,AD,1993-05-01,224.78370845018588,False
completo,Caudal_m3s,AD,1993-06-01,14.211003893775825,False
completo,Caudal_m3s,AD,1993-07-01,3.7916628272298762,False
completo,Caudal_m3s,AD,1993-08-01,-7.074412131208023,False
completo,Caudal_m3s,AD,1993-09-01,-12.473344080194261,False
completo,Caudal_m3s,AD,1993-10-01,-6.365222587084334,False
completo,Caudal_m3s,AD,1993-11-01,-36.32243592930149,False
completo,Caudal_m3s,AD,1993-12-01,-15.07573200379426,False
completo,Caudal_m3s,AD,1994-01-01,20.181513617163986,False
completo,Caudal_m3s,AD,1994-02-01,-13.201738690512306,False
completo,Caudal_m3s,AD,1994-03-01,-18.52112359138124,False
completo,Caudal_m3s,AD,1994-04-01,-24.080668011762917,False
completo,Caudal_m3s,AD,1994-05-01,-19.317401967682173,False
completo,Caudal_m3s,AD,1994-06-01,-21.576331135800764,False
completo,Caudal_m3s,AD,1994-07-01,-3.172888450853252,False
completo,Caudal_m3s,AD,1994-08-01,-5.867995667355681,False
completo,Caudal_m3s,AD,1994-09-01,-7.176605035696754,False
completo,Caudal_m3s,AD,1994-10-01,-17.58138676839328,False
completo,Caudal_m3s,AD,1994-11-01,-4.792363551470631,False
completo,Caudal_m3s,AD,1994-12-01,49.23713607296126,False
completo,Caudal_m3s,AD,1995-01-01,-13.537876370596583,False
completo,Caudal_m3s,AD,1995-02-01,-25.734669975685136,False
completo,Caudal_m3s,AD,1995-03-01,-14.957103440892928,False
completo,Caudal_m3s,AD,1995-04-01,-16.193928967265407,False
completo,Caudal_m3s,AD,1995-05-01,-17.923888729636282,False
completo,Caudal_m3s,AD,1995-06-01,-18.73959209130325,False
completo,Caudal_m3s,AD,1995-07-01,-22.32776230958155,False
completo,Caudal_m3s,AD,1995-08-01,-22.51964371963237,False
completo,Caudal_m3s,AD,1995-09-01,-9.513199324532573,False
completo,Caudal_m3s,AD,1995-10-01,-23.25238965937963,False
completo,Caudal_m3s,AD,1995-11-01,3.9043754930268495,False
completo,Caudal_m3s,AD,1995-12-01,-11.514511979315378,False
completo,Caudal_m3s,AD,1996-01-01,-67.72178248738939,False
completo,Caudal_m3s,AD,1996-02-01,-40.092610734143285,False
completo,Caudal_m3s,AD,1996-03-01,-14.157138589943825,False
completo,Caudal_m3s,AD,1996-04-01,-20.523856589434565,False
completo,Caudal_m3s,AD,1996-05-01,-26.49811742707426,False
completo,Caudal_m3s,AD,1996-06-01,-35.386186380139094,False
completo,Caudal_m3s,AD,1996-07-01,-34.57618455540663,False
completo,Caudal_m3s,AD,1996-08-01,-39.48742080416713,False
completo,Caudal_m3s,AD,1996-09-01,-47.43979361336841,False
completo,Caudal_m3s,AD,1996-10-01,-64.95242480843052,False
completo,Caudal_m3s,AD,1996-11-01,-110.57888546247563,False
completo,Caudal_m3s,AD,1996-12-01,-149.5629342251405,False
completo,Caudal_m3s,AD,1997-01-01,-112.29923699127897,False
completo,Caudal_m3s,AD,1997-02-01,-74.04476331526155,False
completo,Caudal_m3s,AD,1997-03-01,-47.434593093833406,False
completo,Caudal_m3s,AD,1997-04-01,-44.630450878270395,False
completo,Caudal_m3s,AD,1997-05-01,-40.80137838257676,False
completo,Caudal_m3s,AD,1997-06-01,-10.94278066897492,False
completo,Caudal_m3s,AD,1997-07-01,-12.972993898005898,False
completo,Caudal_m3s,AD,1997-08-01,3.7641569500078003,False
completo,Caudal_m3s,AD,1997-09-01,35.443612097795764,False
completo,Caudal_m3s,AD,1997-10-01,4.257217461873433,False
completo,Caudal_m3s,AD,1997-11-01,47.9311869153552,False
completo,Caudal_m3s,AD,1997-12-01,128.94993385161507,False
completo,Caudal_m3s,AD,1998-01-01,221.49750205321845,False
completo,Caudal_m3s,AD,1998-02-01,59.15554715780738,False
completo,Caudal_m3s,AD,1998-03-01,28.820210466793128,False
completo,Caudal_m3s,AD,1998-04-01,16.299621499560466,False
completo,Caudal_m3s,AD,1998-05-01,-0.5046393380792278,False
completo,Caudal_m3s,AD,1998-06-01,-14.159374957810746,False
completo,Caudal_m3s,AD,1998-07-01,-21.943996788992266,False
completo,Caudal_m3s,AD,1998-08-01,-29.745555618397923,False
completo,Caudal_m3s,AD,1998-09-01,-42.879648857706734,False
completo,Caudal_m3s,AD,1998-10-01,-47.39120478395164,False
completo,Caudal_m3s,AD,1998-11-01,-75.17540737348061,False
completo,Caudal_m3s,AD,1998-12-01,-98.9081658135648,False
completo,Caudal_m3s,AD,1999-01-01,-90.76382341841301,False
completo,Caudal_m3s,AD,1999-02-01,-56.844142369123674,False
completo,Caudal_m3s,AD,1999-03-01,-43.73143758548354,False
completo,Caudal_m3s,AD,1999-04-01,-42.66673469403728,False
completo,Caudal_m3s,AD,1999-05-01,-29.394997067775286,False
completo,Caudal_m3s,AD,1999-06-01,-34.71263591331324,False
completo,Caudal_m3s,AD,1999-07-01,-32.77951580901089,False
completo,Caudal_m3s,AD,1999-08-01,-31.974623025513317,False
completo,Caudal_m3s,AD,1999-09-01,-19.412909813209232,False
completo,Caudal_m3s,AD,1999-10-01,-19.78478832009929,False
completo,Caudal_m3s,AD,1999-11-01,-18.625334995649794,False
completo,Caudal_m3s,AD,1999-12-01,-58.06949128519636,False
completo,Caudal_m3s,AD,2000-01-01,-54.94127792230259,False
completo,Caudal_m3s,AD,2000-02-01,-44.3539304182222,False
completo,Caudal_m3s,AD,2000-03-01,-32.1959888635667,False
completo,Caudal_m3s,AD,2000-04-01,-27.493567078111205,False
completo,Caudal_m3s,AD,2000-05-01,-17.124064474890687,False
completo,Caudal_m3s,AD,2000-06-01,10.94076979785095,False
completo,Caudal_m3s,AD,2000-07-01,8.110771622583394,False
completo,Caudal_m3s,AD,2000-08-01,-1.8558595093806627,False
completo,Caudal_m3s,AD,2000-09-01,-5.062837435378389,False
completo,Caudal_m3s,AD,2000-10-01,31.07646685343046,False
completo,Caudal_m3s,AD,2000-11-01,29.421404048847684,False
completo,Caudal_m3s,AD,2000-12-01,157.4691832431721,False
completo,Caudal_m3s,AD,2001-01-01,112.88771918671105,False
completo,Caudal_m3s,AD,2001-02-01,87.93862143415708,False
completo,Caudal_m3s,AD,2001-03-01,27.336234051898543,False
completo,Caudal_m3s,AD,2001-04-01,8.223171966386298,False
completo,Caudal_m3s,AD,2001-05-01,5.898481021219725,False
completo,Caudal_m3s,AD,2001-06-01,-7.682491157651553,False
completo,Caudal_m3s,AD,2001-07-01,13.646220344500252,False
completo,Caudal_m3s,AD,2001-08-01,20.276919579610727,False
completo,Caudal_m3s,AD,2001-09-01,6.867234942452457,False
completo,Caudal_m3s,AD,2001-10-01,31.031270414057026,False
completo,Caudal_m3s,AD,2001-11-01,26.884809760011905,False
completo,Caudal_m3s,AD,2001-12-01,131.71753519089543,False
completo,Caudal_m3s,AD,2002-01-01,30.265103392498887,False
completo,Caudal_m3s,AD,2002-02-01,8.27107476436885,False
completo,Caudal_m3s,AD,2002-03-01,5.545876322202512,False
completo,Caudal_m3s,AD,2002-04-01,-5.800088989116189,False
completo,Caudal_m3s,AD,2002-05-01,-2.8651803792215826,False
completo,Caudal_m3s,AD,2002-06-01,14.237581220179282,False
completo,Caudal_m3s,AD,2002-07-01,0.6623142277074354,False
completo,Caudal_m3s,AD,2002-08-01,36.331723140237244,False
completo,Caudal_m3s,AD,2002-09-01,33.67707743522583,False
completo,Caudal_m3s,AD,2002-10-01,44.0763965553287,False
completo,Caudal_m3s,AD,2002-11-01,91.5148821378427,False
completo,Caudal_m3s,AD,2002-12-01,151.12717746119935,False
completo,Caudal_m3s,AD,2003-01-01,188.31990695312538,False
completo,Caudal_m3s,AD,2003-02-01,120.81781380886636,False
completo,Caudal_m3s,AD,2003-03-01,83.51358310863549,False
completo,Caudal_m3s,AD,2003-04-01,29.211477641588196,False
completo,Caudal_m3s,AD,2003-05-01,8.850023626343757,False
completo,Caudal_m3s,AD,2003-06-01,7.897653598010132,False
completo,Caudal_m3s,AD,2003-07-01,7.933246820592048,False
completo,Caudal_m3s,AD,2003-08-01,-6.894118460426517,False
completo,Caudal_m3s,AD,2003-09-01,-3.4526203018858705,False
completo,Caudal_m3s,AD,2003-10-01,6.7957162449874975,False
completo,Caudal_m3s,AD,2003-11-01,0.8782878490069255,False
completo,Caudal_m3s,AD,2003-12-01,-45.076083494303106,False
completo,Caudal_m3s,AD,2004-01-01,0.6005169653648412,False
completo,Caudal_m3s,AD,2004-02-01,-7.556629412645988,False
completo,Caudal_m3s,AD,2004-03-01,-3.9090326855766957,False
completo,Caudal_m3s,AD,2004-04-01,-4.116610900121186,False
completo,Caudal_m3s,AD,2004-05-01,-8.985495393674853,False
completo,Caudal_m3s,AD,2004-06-01,-11.225607357492372,False
completo,Caudal_m3s,AD,2004-07-01,-9.91840123168464,False
completo,Caudal_m3s,AD,2004-08-01,-16.69092780302578,False
completo,Caudal_m3s,AD,2004-09-01,-7.299214590721695,False
completo,Caudal_m3s,AD,2004-10-01,-25.73012535567628,False
completo,Caudal_m3s,AD,2004-11-01,-44.12163977316227,False
completo,Caudal_m3s,AD,2004-12-01,-53.24708638528947,False
completo,Caudal_m3s,AD,2005-01-01,-42.87693753852476,False
completo,Caudal_m3s,AD,2005-02-01,-36.08870810213863,False
completo,Caudal_m3s,AD,2005-03-01,-18.58971299591788,False
completo,Caudal_m3s,AD,2005-04-01,-19.099871855623675,False
completo,Caudal_m3s,AD,2005-05-01,-9.48230473627413,False
completo,Caudal_m3s,AD,2005-06-01,33.25446502033845,False
completo,Caudal_m3s,AD,2005-07-01,27.152531361199962,False
completo,Caudal_m3s,AD,2005-08-01,53.709037047923324,False
completo,Caudal_m3s,AD,2005-09-01,47.07419112044248,False
completo,Caudal_m3s,AD,2005-10-01,54.24080723720832,False
completo,Caudal_m3s,AD,2005-11-01,108.4384326046686,False
completo,Caudal_m3s,AD,2005-12-01,201.54965265920802,False
completo,Caudal_m3s,AD,2006-01-01,279.64560795758564,False
completo,Caudal_m3s,AD,2006-02-01,172.38660237093038,False
completo,Caudal_m3s,AD,2006-03-01,73.3231550808377,False
completo,Caudal_m3s,AD,2006-04-01,37.26020052220714,False
completo,Caudal_m3s,AD,2006-05-01,15.278950437255654,False
completo,Caudal_m3s,AD,2006-06-01,4.551204064835973,False
completo,Caudal_m3s,AD,2006-07-01,55.46539943795552,False
completo,Caudal_m3s,AD,2006-08-01,19.689647060162784,False
completo,Caudal_m3s,AD,2006-09-01,17.570930164939988,False
completo,Caudal_m3s,AD,2006-10-01,45.36335273331874,False
completo,Caudal_m3s,AD,2006-11-01,75.46850498249943,False
completo,Caudal_m3s,AD,2006-12-01,62.1851013811249,False
completo,Caudal_m3s,AD,2007-01-01,4.790734098857316,False
completo,Caudal_m3s,AD,2007-02-01,6.41455834664472,False
completo,Caudal_m3s,AD,2007-03-01,16.58441025436747,False
completo,Caudal_m3s,AD,2007-04-01,-0.09639376662865651,False
completo,Caudal_m3s,AD,2007-05-01,3.0402056107854083,False
completo,Caudal_m3s,AD,2007-06-01,-0.4520568906665172,False
completo,Caudal_m3s,AD,2007-07-01,2.0943965469691666,False
completo,Caudal_m3s,AD,2007-08-01,-4.29425905663004,False
completo,Caudal_m3s,AD,2007-09-01,-4.587886346118076,False
completo,Caudal_m3s,AD,2007-10-01,3.6647691971710703,False
completo,Caudal_m3s,AD,2007-11-01,-20.82475597300307,False
completo,Caudal_m3s,AD,2007-12-01,-61.7756679169805,False
completo,Caudal_m3s,AD,2008-01-01,-49.180268792129006,False
completo,Caudal_m3s,AD,2008-02-01,-32.1800180622422,False
completo,Caudal_m3s,AD,2008-03-01,-19.134979733393088,False
completo,Caudal_m3s,AD,2008-04-01,-10.756321388797822,False
completo,Caudal_m3s,AD,2008-05-01,39.465976913347454,False
completo,Caudal_m3s,AD,2008-06-01,35.94134882049765,False
completo,Caudal_m3s,AD,2008-07-01,7.4911355914666675,False
completo,Caudal_m3s,AD,2008-08-01,23.52183482657714,False
completo,Caudal_m3s,AD,2008-09-01,16.757741587268328,False
completo,Caudal_m3s,AD,2008-10-01,26.043927596507295,False
completo,Caudal_m3s,AD,2008-11-01,109.5286497381611,False
completo,Caudal_m3s,AD,2008-12-01,98.23019237334569,False
completo,Caudal_m3s,AD,2009-01-01,25.26163154269109,False
completo,Caudal_m3s,AD,2009-02-01,16.705390932994256,False
completo,Caudal_m3s,AD,2009-03-01,20.268210924007633,False
completo,Caudal_m3s,AD,2009-04-01,13.250417655699687,False
completo,Caudal_m3s,AD,2009-05-01,7.436909506232043,False
completo,Caudal_m3s,AD,2009-06-01,2.218087864995164,False
completo,Caudal_m3s,AD,2009-07-01,1.850025173598576,False
completo,Caudal_m3s,AD,2009-08-01,9.086315806558519,False
completo,Caudal_m3s,AD,2009-09-01,22.524480631765833,False
completo,Caudal_m3s,AD,2009-10-01,-4.833526907382293,False
completo,Caudal_m3s,AD,2009-11-01,-17.264611217341375,False
completo,Caudal_m3s,AD,2009-12-01,15.962415288810933,False
completo,Caudal_m3s,AD,2010-01-01,25.864822200091858,False
completo,Caudal_m3s,AD,2010-02-01,22.6449871203489,False
completo,Caudal_m3s,AD,2010-03-01,32.18753061366642,False
completo,Caudal_m3s,AD,2010-04-01,16.71382336686385,False
completo,Caudal_m3s,AD,2010-05-01,11.401390486213417,False
completo,Caudal_m3s,AD,2010-06-01,6.844826909492669,False
completo,Caudal_m3s,AD,2010-07-01,-0.06699922276413162,False
completo,Caudal_m3s,AD,2010-08-01,-1.5427516005568762,False
completo,Caudal_m3s,AD,2010-09-01,-5.245446990403323,False
completo,Caudal_m3s,AD,2010-10-01,-10.81098141127189,False
completo,Caudal_m3s,AD,2010-11-01,-37.32453883951055,False
completo,Caudal_m3s,AD,2010-12-01,-83.6827811505625,False
completo,Caudal_m3s,AD,2011-01-01,-76.05134198121712,False
completo,Caudal_m3s,AD,2011-02-01,-40.926130978010754,False
completo,Caudal_m3s,AD,2011-03-01,-18.09637550312638,False
completo,Caudal_m3s,AD,2011-04-01,-11.659437588638639,False
completo,Caudal_m3s,AD,2011-05-01,-7.069612404772954,False
completo,Caudal_m3s,AD,2011-06-01,-17.218434046009833,False
completo,Caudal_m3s,AD,2011-07-01,-15.550905339556941,False
completo,Caudal_m3s,AD,2011-08-01,-18.18794803993034,False
completo,Caudal_m3s,AD,2011-09-01,-13.24537461257249,False
completo,Caudal_m3s,AD,2011-10-01,-19.14650043129052,False
completo,Caudal_m3s,AD,2011-11-01,-48.457799795013045,False
completo,Caudal_m3s,AD,2011-12-01,-84.11184855767789,False
completo,Caudal_m3s,AD,2012-01-01,-85.4255706786551,False
completo,Caudal_m3s,AD,2012-02-01,-42.1654756773556,False
completo,Caudal_m3s,AD,2012-03-01,-8.638346136048234,False
completo,Caudal_m3s,AD,2012-04-01,-6.082698544141131,False
completo,Caudal_m3s,AD,2012-05-01,5.92390083327294,False
completo,Caudal_m3s,AD,2012-06-01,-3.4750283348456676,False
completo,Caudal_m3s,AD,2012-07-01,-4.450940488607827,False
completo,Caudal_m3s,AD,2012-08-01,-14.39766060833606,False
completo,Caudal_m3s,AD,2012-09-01,-8.838635568074984,False
completo,Caudal_m3s,AD,2012-10-01,-29.70460009647043,False
completo,Caudal_m3s,AD,2012-11-01,-3.914394083848862,False
completo,Caudal_m3s,AD,2012-12-01,-44.69898048092233,False
completo,Caudal_m3s,AD,2013-01-01,-20.26108969867373,False
completo,Caudal_m3s,AD,2013-02-01,-20.146938603301443,False
completo,Caudal_m3s,AD,2013-03-01,-10.8093490270346,False
completo,Caudal_m3s,AD,2013-04-01,-7.4392928329769745,False
completo,Caudal_m3s,AD,2013-05-01,-1.295489154487619,False
completo,Caudal_m3s,AD,2013-06-01,2.898377376318514,False
completo,Caudal_m3s,AD,2013-07-01,1.4490243623412908,False
completo,Caudal_m3s,AD,2013-08-01,2.692626823258223,False
completo,Caudal_m3s,AD,2013-09-01,1.898103476422527,False
completo,Caudal_m3s,AD,2013-10-01,-1.8723771810051772,False
completo,Caudal_m3s,AD,2013-11-01,-20.14098837268471,False
completo,Caudal_m3s,AD,2013-12-01,-40.43127369448934,False
completo,Caudal_m3s,AD,2014-01-01,-38.8320925896601,False
completo,Caudal_m3s,AD,2014-02-01,-30.003770987375376,False
completo,Caudal_m3s,AD,2014-03-01,-7.148093853504832,False
completo,Caudal_m3s,AD,2014-04-01,1.720065259139595,False
completo,Caudal_m3s,AD,2014-05-01,5.933507954526007,False
completo,Caudal_m3s,AD,2014-06-01,3.101783087482687,False
completo,Caudal_m3s,AD,2014-07-01,1.126408568129122,False
completo,Caudal_m3s,AD,2014-08-01,-0.08160187417975351,False
completo,Caudal_m3s,AD,2014-09-01,-6.488490812413303,False
completo,Caudal_m3s,AD,2014-10-01,10.292103798976209,False
completo,Caudal_m3s,AD,2014-11-01,-18.014249328187162,False
completo,Caudal_m3s,AD,2014-12-01,-79.78937335966926,False
completo,Caudal_m3s,AD,2015-01-01,-66.77728902903354,False
completo,Caudal_m3s,AD,2015-02-01,-40.314174800020716,False
completo,Caudal_m3s,AD,2015-03-01,-14.451941319271263,False
completo,Caudal_m3s,AD,2015-04-01,-9.565744030945552,True
completo,Caudal_m3s,AD,2015-05-01,-4.679546742619841,True
completo,Caudal_m3s,AD,2015-06-01,0.2066505457058696,True
completo,Caudal_m3s,AD,2015-07-01,5.092847834031581,True
completo,Caudal_m3s,AD,2015-08-01,9.979045122357292,True
completo,Caudal_m3s,AD,2015-09-01,14.865242410683004,True
completo,Caudal_m3s,AD,2015-10-01,19.751439699008714,True
completo,Caudal_m3s,AD,2015-11-01,24.637636987334425,True
completo,Caudal_m3s,AD,2015-12-01,29.523834275660136,False
completo,Caudal_m3s,AD,2016-01-01,9.258159692883297,False
completo,Caudal_m3s,AD,2016-02-01,13.728377052358569,False
completo,Caudal_m3s,AD,2016-03-01,24.655061654845014,False
completo,Caudal_m3s,AD,2016-04-01,60.05425763384889,False
completo,Caudal_m3s,AD,2016-05-01,34.77537314029523,False
completo,Caudal_m3s,AD,2016-06-01,33.945261176477715,False
completo,Caudal_m3s,AD,2016-07-01,25.31666085067252,False
completo,Caudal_m3s,AD,2016-08-01,25.03445685997653,False
completo,Caudal_m3s,AD,2016-09-01,26.761653943248376,False
completo,Caudal_m3s,AD,2016-10-01,12.301710920229269,False
completo,Caudal_m3s,AD,2016-11-01,10.669228760807812,False
completo,Caudal_m3s,AD,2016-12-01,-1.6862178513193982,False
completo,Caudal_m3s,AD,2017-01-01,27.829092285767913,False
completo,Caudal_m3s,AD,2017-02-01,34.86501757468858,False
completo,Caudal_m3s,AD,2017-03-01,13.603413602568338,False
completo,Caudal_m3s,AD,2017-04-01,18.140996678346397,False
completo,Caudal_m3s,AD,2017-05-01,22.19969839168929,False
completo,Caudal_m3s,AD,2017-06-01,19.458666887641876,False
completo,Caudal_m3s,AD,2017-07-01,17.258561185492603,False
completo,Caudal_m3s,AD,2017-08-01,10.934421710925669,False
completo,Caudal_m3s,AD,2017-09-01,10.04839298774587,False
completo,Caudal_m3s,AD,2017-10-01,8.075869319565498,False
completo,Caudal_m3s,AD,2017-11-01,-12.794032194694694,False
completo,Caudal_m3s,AD,2017-12-01,-31.59915622617673,False
completo,Caudal_m3s,AD,2018-01-01,-46.94836221812168,False
completo,Caudal_m3s,AD,2018-02-01,-7.577529095099607,False
completo,Caudal_m3s,AD,2018-03-01,-11.05468606261158,False
completo,Caudal_m3s,AD,2018-04-01,2.084402389510579,False
completo,Caudal_m3s,AD,2018-05-01,-1.7150197384517014,False
completo,Caudal_m3s,AD,2018-06-01,-2.3545940678606243,False
completo,Caudal_m3s,AD,2018-07-01,-2.060828802267949,False
completo,Caudal_m3s,AD,2018-08-01,-1.2365811800607034,False
completo,Caudal_m3s,AD,2018-09-01,1.0051320322433952,False
completo,Caudal_m3s,AD,2018-10-01,-17.956423894001524,False
completo,Caudal_m3s,AD,2018-11-01,-34.72729315019715,False
completo,Caudal_m3s,AD,2018-12-01,-59.731449439743734,False
completo,Caudal_m3s,AD,2019-01-01,-48.24839736717255,False
completo,Caudal_m3s,AD,2019-02-01,-16.38079005060213,False
completo,Caudal_m3s,AD,2019-03-01,-2.5192373406947155,False
completo,Caudal_m3s,AD,2019-04-01,7.84447476734141,False
completo,Caudal_m3s,AD,2019-05-01,3.356364467336114,False
completo,Caudal_m3s,AD,2019-06-01,-8.016055023363116,False
completo,Caudal_m3s,AD,2019-07-01,-9.798025241641412,False
completo,Caudal_m3s,AD,2019-08-01,-5.539842135563184,False
completo,Caudal_m3s,AD,2019-09-01,3.4358377434075535,False
completo,Caudal_m3s,AD,2019-10-01,-26.66274936563304,False
completo,Caudal_m3s,AD,2019-11-01,-56.12995410569966,False
completo,Caudal_m3s,AD,2019-12-01,-102.12796845976234,False
completo,Caudal_m3s,AD,2020-01-01,-67.32017445170732,False
completo,Caudal_m3s,AD,2020-02-01,-44.63594263172036,False
completo,Caudal_m3s,AD,2020-03-01,-13.874820876842378,False
comun,P_local_mm,C,2001-04-01,-25.00168707921992,False
comun,P_local_mm,C,2001-05-01,135.92030171720907,False
comun,P_local_mm,C,2001-06-01,-20.977215849090925,False
comun,P_local_mm,C,2001-07-01,397.71265767090904,False
comun,P_local_mm,C,2001-08-01,122.46168444140909,False
comun,P_local_mm,C,2001-09-01,-52.408067623590924,False
comun,P_local_mm,C,2001-10-01,-46.748875520390925,False
comun,P_local_mm,C,2001-11-01,-46.62472123259092,False
comun,P_local_mm,C,2001-12-01,-55.581690153455924,False
comun,P_local_mm,C,2002-01-01,-47.98080644205292,False
comun,P_local_mm,C,2002-02-01,-60.68294964684572,False
comun,P_local_mm,C,2002-03-01,-49.112596023590925,False
comun,P_local_mm,C,2002-04-01,-42.45478902754422,False
comun,P_local_mm,C,2002-05-01,226.96252654195908,False
comun,P_local_mm,C,2002-06-01,207.8117401003291,False
comun,P_local_mm,C,2002-07-01,84.58129301920908,False
comun,P_local_mm,C,2002-08-01,205.16238815740908,False
comun,P_local_mm,C,2002-09-01,26.122906488419076,False
comun,P_local_mm,C,2002-10-01,-14.593289199890926,False
comun,P_local_mm,C,2002-11-01,-48.570589870260925,False
comun,P_local_mm,C,2002-12-01,-40.694610778447526,False
comun,P_local_mm,C,2003-01-01,-22.738454337340926,False
comun,P_local_mm,C,2003-02-01,-59.111298003590925,False
comun,P_local_mm,C,2003-03-01,-56.255747767490924,False
comun,P_local_mm,C,2003-04-01,-60.57386078359092,False
comun,P_local_mm,C,2003-05-01,58.35797993663408,False
comun,P_local_mm,C,2003-06-01,104.79850465202907,False
comun,P_local_mm,C,2003-07-01,21.111564761819082,False
comun,P_local_mm,C,2003-08-01,-53.53030009789092,False
comun,P_local_mm,C,2003-09-01,29.638815120909072,False
comun,P_local_mm,C,2003-10-01,-49.48371184659092,False
comun,P_local_mm,C,2003-11-01,7.307256768809069,False
comun,P_local_mm,C,2003-12-01,-49.26152976765712,False
comun,P_local_mm,C,2004-01-01,-55.85058758775132,False
comun,P_local_mm,C,2004-02-01,-43.63379523142092,False
comun,P_local_mm,C,2004-03-01,-28.612738143490922,False
comun,P_local_mm,C,2004-04-01,13.477358496349083,False
comun,P_local_mm,C,2004-05-01,-41.69128710858092,False
comun,P_local_mm,C,2004-06-01,18.92047497489908,False
comun,P_local_mm,C,2004-07-01,16.53051863044908,False
comun,P_local_mm,C,2004-08-01,-8.298698576780922,False
comun,P_local_mm,C,2004-09-01,50.33328195160908,False
comun,P_local_mm,C,2004-10-01,-8.238902021590924,False
comun,P_local_mm,C,2004-11-01,19.657464513109076,False
comun,P_local_mm,C,2004-12-01,-49.10216995376092,False
comun,P_local_mm,C,2005-01-01,-25.994337899490922,False
comun,P_local_mm,C,2005-02-01,-59.479412209262925,False
comun,P_local_mm,C,2005-03-01,-3.062741570250921,False
comun,P_local_mm,C,2005-04-01,-33.43202181068092,False
comun,P_local_mm,C,2005-05-01,157.81711821840906,False
comun,P_local_mm,C,2005-06-01,382.0814765577991,False
comun,P_local_mm,C,2005-07-01,8.767002986609072,False
comun,P_local_mm,C,2005-08-01,354.94245837310905,False
comun,P_local_mm,C,2005-09-01,-13.287262941390921,False
comun,P_local_mm,C,2005-10-01,-40.87732768559093,False
comun,P_local_mm,C,2005-11-01,-36.189516609590925,False
comun,P_local_mm,C,2005-12-01,-54.686233101790926,False
comun,P_local_mm,C,2006-01-01,-44.332578750490924,False
comun,P_local_mm,C,2006-02-01,-43.37688002891172,False
comun,P_local_mm,C,2006-03-01,-60.510230423590926,False
comun,P_local_mm,C,2006-04-01,-34.74963847449092,False
comun,P_local_mm,C,2006-05-01,-10.892304184980922,False
comun,P_local_mm,C,2006-06-01,105.49233305697459,False
comun,P_local_mm,C,2006-07-01,407.606332386449,False
comun,P_local_mm,C,2006-08-01,71.40227575853808,False
comun,P_local_mm,C,2006-09-01,3.384400892659073,False
comun,P_local_mm,C,2006-10-01,56.66011503070908,False
comun,P_local_mm,C,2006-11-01,-55.19433434331092,False
comun,P_local_mm,C,2006-12-01,-54.76680190881992,False
comun,P_local_mm,C,2007-01-01,-60.318165561690925,False
comun,P_local_mm,C,2007-02-01,-30.896407389810925,False
comun,P_local_mm,C,2007-03-01,-42.55171201359092,False
comun,P_local_mm,C,2007-04-01,-20.023446451660917,False
comun,P_local_mm,C,2007-05-01,-22.89114886584092,False
comun,P_local_mm,C,2007-06-01,136.15072029562808,False
comun,P_local_mm,C,2007-07-01,136.25228487900907,False
comun,P_local_mm,C,2007-08-01,-22.277085729190922,False
comun,P_local_mm,C,2007-09-01,-60.88369058459092,False
comun,P_local_mm,C,2007-10-01,-53.647628978680096,False
comun,P_local_mm,C,2007-11-01,-49.864982273590925,False
comun,P_local_mm,C,2007-12-01,-42.838202762190924,False
comun,P_local_mm,C,2008-01-01,-56.04767857429093,False
comun,P_local_mm,C,2008-02-01,-43.424670497080925,False
comun,P_local_mm,C,2008-03-01,-46.86639787073392,False
comun,P_local_mm,C,2008-04-01,-19.783765232190923,False
comun,P_local_mm,C,2008-05-01,359.6861967151301,False
comun,P_local_mm,C,2008-06-01,102.14360690340908,False
comun,P_local_mm,C,2008-07-01,7.362437718909078,False
comun,P_local_mm,C,2008-08-01,186.5307379034091,False
comun,P_local_mm,C,2008-09-01,-47.29211801359092,False
comun,P_local_mm,C,2008-10-01,-48.820270920950925,False
comun,P_local_mm,C,2008-11-01,-61.03746849647522,False
comun,P_local_mm,C,2008-12-01,-57.94731865322292,False
comun,P_local_mm,C,2009-01-01,-47.89414701256362,False
comun,P_local_mm,C,2009-02-01,-43.711702530170925,False
comun,P_local_mm,C,2009-03-01,-54.08377507991892,False
comun,P_local_mm,C,2009-04-01,-61.03087572738092,False
comun,P_local_mm,C,2009-05-01,6.28828496640908,False
comun,P_local_mm,C,2009-06-01,113.8682503338423,False
comun,P_local_mm,C,2009-07-01,-28.11934329949092,False
comun,P_local_mm,C,2009-08-01,130.30827031640908,False
comun,P_local_mm,C,2009-09-01,150.81440562090907,False
comun,P_local_mm,C,2009-10-01,-30.19049757939092,False
comun,P_local_mm,C,2009-11-01,-35.43032106726092,False
comun,P_local_mm,C,2009-12-01,-60.21299727714492,False
comun,P_local_mm,C,2010-01-01,-57.662971084150925,False
comun,P_local_mm,C,2010-02-01,-59.78760682743092,False
comun,P_local_mm,C,2010-03-01,-61.09181577359092,False
comun,P_local_mm,C,2010-04-01,-56.07437906112092,False
comun,P_local_mm,C,2010-05-01,-7.725749151033924,False
comun,P_local_mm,C,2010-06-01,89.12194667680907,False
comun,P_local_mm,C,2010-07-01,-12.153108602590926,False
comun,P_local_mm,C,2010-08-01,-39.57456410909092,False
comun,P_local_mm,C,2010-09-01,-55.901685587060925,False
comun,P_local_mm,C,2010-10-01,-38.23459390519092,False
comun,P_local_mm,C,2010-11-01,-11.995280886590926,False
comun,P_local_mm,C,2010-12-01,-35.244449611340926,False
comun,P_local_mm,C,2011-01-01,-43.79669676783092,False
comun,P_local_mm,C,2011-02-01,-39.051827996339924,False
comun,P_local_mm,C,2011-03-01,-48.813600371267924,False
comun,P_local_mm,C,2011-04-01,-25.219632320490923,False
comun,P_local_mm,C,2011-05-01,-52.89009567940792,False
comun,P_local_mm,C,2011-06-01,41.43566570824048,False
comun,P_local_mm,C,2011-07-01,4.936488247829075,False
comun,P_local_mm,C,2011-08-01,85.39824186480908,False
comun,P_local_mm,C,2011-09-01,-41.14188396769092,False
comun,P_local_mm,C,2011-10-01,-46.388218526010924,False
comun,P_local_mm,C,2011-11-01,-45.900475074576924,False
comun,P_local_mm,C,2011-12-01,-59.598660181210924,False
comun,P_local_mm,C,2012-01-01,-36.15882496294012,False
comun,P_local_mm,C,2012-02-01,-56.14826491290882,False
comun,P_local_mm,C,2012-03-01,-59.14972242699092,False
comun,P_local_mm,C,2012-04-01,-28.738135569311922,False
comun,P_local_mm,C,2012-05-01,77.46928950140907,False
comun,P_local_mm,C,2012-06-01,163.98190350762007,False
comun,P_local_mm,C,2012-07-01,-32.877032980090924,False
comun,P_local_mm,C,2012-08-01,-12.836242335990924,False
comun,P_local_mm,C,2012-09-01,-56.64173171546092,False
comun,P_local_mm,C,2012-10-01,4.228558220529081,False
comun,P_local_mm,C,2012-11-01,-49.02477663259092,False
comun,P_local_mm,C,2012-12-01,14.182128817052075,False
comun,P_local_mm,C,2013-01-01,-46.71565673614393,False
comun,P_local_mm,C,2013-02-01,-39.59578786145092,False
comun,P_local_mm,C,2013-03-01,-60.47741234359092,False
comun,P_local_mm,C,2013-04-01,-51.433199575830926,False
comun,P_local_mm,C,2013-05-01,107.41031897929909,False
comun,P_local_mm,C,2013-06-01,19.640072996307083,False
comun,P_local_mm,C,2013-07-01,-32.06150806396092,False
comun,P_local_mm,C,2013-08-01,38.80730574080907,False
comun,P_local_mm,C,2013-09-01,17.66500907890908,False
comun,P_local_mm,C,2013-10-01,-49.22697634359092,False
comun,P_local_mm,C,2013-11-01,-51.762207701686926,False
comun,P_local_mm,C,2013-12-01,-55.83910203158092,False
comun,P_local_mm,C,2014-01-01,-40.95830602783092,False
comun,P_local_mm,C,2014-02-01,-22.96734558074452,False
comun,P_local_mm,C,2014-03-01,-55.16199202529092,False
comun,P_local_mm,C,2014-04-01,-35.45026574008692,False
comun,P_local_mm,C,2014-05-01,39.29399662617908,False
comun,P_local_mm,C,2014-06-01,53.86734502940908,False
comun,P_local_mm,C,2014-07-01,33.29227867340907,False
comun,P_local_mm,C,2014-08-01,-9.565420066590924,False
comun,P_local_mm,C,2014-09-01,53.439448237909076,False
comun,P_local_mm,C,2014-10-01,-44.69635669359092,False
comun,P_local_mm,C,2014-11-01,-40.52085068789093,False
comun,P_local_mm,C,2014-12-01,-45.510937183655926,False
comun,P_local_mm,C,2015-01-01,-60.00931060857092,False
comun,P_local_mm,C,2015-02-01,-53.27083159175092,False
comun,P_local_mm,C,2015-03-01,-50.75279268672092,False
comun,P_local_mm,C,2015-04-01,-60.02799831623092,False
comun,P_local_mm,C,2015-05-01,-54.42346068909092,False
comun,P_local_mm,C,2015-06-01,-51.516990990372925,False
comun,P_local_mm,C,2015-07-01,134.5581090314091,False
comun,P_local_mm,C,2015-08-01,179.39392917530907,False
comun,P_local_mm,C,2015-09-01,45.29299043650907,False
comun,P_local_mm,C,2015-10-01,65.95763347440908,False
comun,P_local_mm,C,2015-11-01,-37.77685242059092,False
comun,P_local_mm,C,2015-12-01,-58.98074969965092,False
comun,P_local_mm,C,2016-01-01,-48.55394132874092,False
comun,P_local_mm,C,2016-02-01,-60.653042411590924,False
comun,P_local_mm,C,2016-03-01,-60.909127443590926,False
comun,P_local_mm,C,2016-04-01,311.15037490607506,False
comun,P_local_mm,C,2016-05-01,47.607596407488074,False
comun,P_local_mm,C,2016-06-01,42.39157512563378,False
comun,P_local_mm,C,2016-07-01,105.55478258480906,False
comun,P_local_mm,C,2016-08-01,-9.362283328390923,False
comun,P_local_mm,C,2016-09-01,-58.153951517315924,False
comun,P_local_mm,C,2016-10-01,3.620550369886786,False
comun,P_local_mm,C,2016-11-01,-52.60924527229092,False
comun,P_local_mm,C,2016-12-01,-30.473516961980923,False
comun,P_local_mm,C,2017-01-01,-59.327311894573924,False
comun,P_local_mm,C,2017-02-01,-29.146943019349422,False
comun,P_local_mm,C,2017-03-01,-54.037104398133025,False
comun,P_local_mm,C,2017-04-01,2.0578879310190743,False
comun,P_local_mm,C,2017-05-01,41.54800999586547,False
comun,P_local_mm,C,2017-06-01,40.04043985361308,False
comun,P_local_mm,C,2017-07-01,-0.9214823560909267,False
comun,P_local_mm,C,2017-08-01,23.773243525709077,False
comun,P_local_mm,C,2017-09-01,-4.533250059390923,False
comun,P_local_mm,C,2017-10-01,-3.9779443335909264,False
comun,P_local_mm,C,2017-11-01,-42.10749421889092,False
comun,P_local_mm,C,2017-12-01,-57.664714962962925,False
comun,P_local_mm,C,2018-01-01,-43.13005084124092,False
comun,P_local_mm,C,2018-02-01,-55.31198385189092,False
comun,P_local_mm,C,2018-03-01,-59.045292645590926,False
comun,P_local_mm,C,2018-04-01,-32.414381529490925,False
comun,P_local_mm,C,2018-05-01,-13.25796970899092,False
comun,P_local_mm,C,2018-06-01,7.2169147858000855,False
comun,P_local_mm,C,2018-07-01,35.005672773569074,False
comun,P_local_mm,C,2018-08-01,-25.27526908559092,False
comun,P_local_mm,C,2018-09-01,80.43187641080905,False
comun,P_local_mm,C,2018-10-01,20.31260453553908,False
comun,P_local_mm,C,2018-11-01,-40.53065184929092,False
comun,P_local_mm,C,2018-12-01,-35.61890230578092,False
comun,P_local_mm,C,2019-01-01,-55.42479365029092,False
comun,P_local_mm,C,2019-02-01,-53.82752525578093,False
comun,P_local_mm,C,2019-03-01,-59.26879862659092,False
comun,P_local_mm,C,2019-04-01,-57.40798074790922,False
comun,P_local_mm,C,2019-05-01,5.2519095625990815,False
comun,P_local_mm,C,2019-06-01,31.720081831409075,False
comun,P_local_mm,C,2019-07-01,-40.671535228590926,False
comun,P_local_mm,C,2019-08-01,-47.78949488979092,False
comun,P_local_mm,C,2019-09-01,-38.25104084509093,False
comun,P_local_mm,C,2019-10-01,-45.76289249659092,False
comun,P_local_mm,C,2019-11-01,-57.738345279590924,False
comun,P_local_mm,C,2019-12-01,-55.46882397029092,False
comun,P_local_mm,C,2020-01-01,-45.51181563827992,False
comun,P_local_mm,C,2020-02-01,-60.99614100799092,False
comun,P_local_mm,C,2020-03-01,-61.09181577359092,False
comun,P_local_mm,A,2001-04-01,-6.463615884151022,False
comun,P_local_mm,A,2001-05-01,81.98616502309623,False
comun,P_local_mm,A,2001-06-01,-126.11848493504466,False
comun,P_local_mm,A,2001-07-01,336.9287229009926,False
comun,P_local_mm,A,2001-08-01,67.12579277558068,False
comun,P_local_mm,A,2001-09-01,-58.44911561522463,False
comun,P_local_mm,A,2001-10-01,-23.558395480895303,False
comun,P_local_mm,A,2001-11-01,-8.60607019850256,False
comun,P_local_mm,A,2001-12-01,-6.4705486311875,False
comun,P_local_mm,A,2002-01-01,1.551135231817028,False
comun,P_local_mm,A,2002-02-01,-10.028100764834344,False
comun,P_local_mm,A,2002-03-01,3.078549837051632,False
comun,P_local_mm,A,2002-04-01,-23.916717832475324,False
comun,P_local_mm,A,2002-05-01,173.02838984784626,False
comun,P_local_mm,A,2002-06-01,102.67047101437537,False
comun,P_local_mm,A,2002-07-01,23.797358249292646,False
comun,P_local_mm,A,2002-08-01,149.82649649158068,False
comun,P_local_mm,A,2002-09-01,20.081858496785376,False
comun,P_local_mm,A,2002-10-01,8.597190839604696,False
comun,P_local_mm,A,2002-11-01,-10.551938836172559,False
comun,P_local_mm,A,2002-12-01,8.416530743820902,False
comun,P_local_mm,A,2003-01-01,26.793487336529022,False
comun,P_local_mm,A,2003-02-01,-8.456449121579544,False
comun,P_local_mm,A,2003-03-01,-4.0646019068483685,False
comun,P_local_mm,A,2003-04-01,-42.03578958852203,False
comun,P_local_mm,A,2003-05-01,4.423843242521247,False
comun,P_local_mm,A,2003-06-01,-0.3427644339246678,False
comun,P_local_mm,A,2003-07-01,-39.67237000809736,False
comun,P_local_mm,A,2003-08-01,-108.86619176371933,False
comun,P_local_mm,A,2003-09-01,23.597767129275372,False
comun,P_local_mm,A,2003-10-01,-26.2932318070953,False
comun,P_local_mm,A,2003-11-01,45.32590780289743,False
comun,P_local_mm,A,2003-12-01,-0.15038824538869933,False
comun,P_local_mm,A,2004-01-01,-6.318645913881372,False
comun,P_local_mm,A,2004-02-01,7.021053650590456,False
comun,P_local_mm,A,2004-03-01,23.57840771715163,False
comun,P_local_mm,A,2004-04-01,32.01542969141798,False
comun,P_local_mm,A,2004-05-01,-95.62542380269376,False
comun,P_local_mm,A,2004-06-01,-86.22079411105466,False
comun,P_local_mm,A,2004-07-01,-44.25341613946736,False
comun,P_local_mm,A,2004-08-01,-63.634590242609335,False
comun,P_local_mm,A,2004-09-01,44.29223395997538,False
comun,P_local_mm,A,2004-10-01,14.951578017904698,False
comun,P_local_mm,A,2004-11-01,57.67611554719744,False
comun,P_local_mm,A,2004-12-01,0.008971568507501138,False
comun,P_local_mm,A,2005-01-01,23.537603774379026,False
comun,P_local_mm,A,2005-02-01,-8.824563327251544,False
comun,P_local_mm,A,2005-03-01,49.12840429039163,False
comun,P_local_mm,A,2005-04-01,-14.893950615612024,False
comun,P_local_mm,A,2005-05-01,103.88298152429623,False
comun,P_local_mm,A,2005-06-01,276.9402074718453,False
comun,P_local_mm,A,2005-07-01,-52.01693178330737,False
comun,P_local_mm,A,2005-08-01,299.6065667072807,False
comun,P_local_mm,A,2005-09-01,-19.32831093302462,False
comun,P_local_mm,A,2005-10-01,-17.686847646095302,False
comun,P_local_mm,A,2005-11-01,1.8291344244974395,False
comun,P_local_mm,A,2005-12-01,-5.575091579522499,False
comun,P_local_mm,A,2006-01-01,5.1993629233790255,False
comun,P_local_mm,A,2006-02-01,7.277968853099658,False
comun,P_local_mm,A,2006-03-01,-8.319084562948369,False
comun,P_local_mm,A,2006-04-01,-16.211567279422024,False
comun,P_local_mm,A,2006-05-01,-64.82644087909377,False
comun,P_local_mm,A,2006-06-01,0.35106397102085274,False
comun,P_local_mm,A,2006-07-01,346.8223976165326,False
comun,P_local_mm,A,2006-08-01,16.066384092709672,False
comun,P_local_mm,A,2006-09-01,-2.656647098974627,False
comun,P_local_mm,A,2006-10-01,79.8505950702047,False
comun,P_local_mm,A,2006-11-01,-17.17568330922256,False
comun,P_local_mm,A,2006-12-01,-5.655660386551499,False
comun,P_local_mm,A,2007-01-01,-10.786223887820974,False
comun,P_local_mm,A,2007-02-01,19.758441492200454,False
comun,P_local_mm,A,2007-03-01,9.639433847051633,False
comun,P_local_mm,A,2007-04-01,-1.4853752565920184,False
comun,P_local_mm,A,2007-05-01,-76.82528555995376,False
comun,P_local_mm,A,2007-06-01,31.009451209674342,False
comun,P_local_mm,A,2007-07-01,75.46835010909263,False
comun,P_local_mm,A,2007-08-01,-77.61297739501934,False
comun,P_local_mm,A,2007-09-01,-66.92473857622463,False
comun,P_local_mm,A,2007-10-01,-30.457148939184474,False
comun,P_local_mm,A,2007-11-01,-11.84633123950256,False
comun,P_local_mm,A,2007-12-01,6.2729387600774995,False
comun,P_local_mm,A,2008-01-01,-6.515736900420974,False
comun,P_local_mm,A,2008-02-01,7.230178384930454,False
comun,P_local_mm,A,2008-03-01,5.324747989908632,False
comun,P_local_mm,A,2008-04-01,-1.245694037122025,False
comun,P_local_mm,A,2008-05-01,305.75206002101726,False
comun,P_local_mm,A,2008-06-01,-2.997662182544655,False
comun,P_local_mm,A,2008-07-01,-53.421497051007364,False
comun,P_local_mm,A,2008-08-01,131.1948462375807,False
comun,P_local_mm,A,2008-09-01,-53.333166005224626,False
comun,P_local_mm,A,2008-10-01,-25.629790881455303,False
comun,P_local_mm,A,2008-11-01,-23.01881746238686,False
comun,P_local_mm,A,2008-12-01,-8.8361771309545,False
comun,P_local_mm,A,2009-01-01,1.6377946613063263,False
comun,P_local_mm,A,2009-02-01,6.943146351840454,False
comun,P_local_mm,A,2009-03-01,-1.8926292192763683,False
comun,P_local_mm,A,2009-04-01,-42.49280453231203,False
comun,P_local_mm,A,2009-05-01,-47.64585172770376,False
comun,P_local_mm,A,2009-06-01,8.726981247888563,False
comun,P_local_mm,A,2009-07-01,-88.90327806940736,False
comun,P_local_mm,A,2009-08-01,74.97237865058067,False
comun,P_local_mm,A,2009-09-01,144.77335762927538,False
comun,P_local_mm,A,2009-10-01,-7.0000175398953,False
comun,P_local_mm,A,2009-11-01,2.588329966827441,False
comun,P_local_mm,A,2009-12-01,-11.1018557548765,False
comun,P_local_mm,A,2010-01-01,-8.131029410280973,False
comun,P_local_mm,A,2010-02-01,-9.132757945419545,False
comun,P_local_mm,A,2010-03-01,-8.900669912948368,False
comun,P_local_mm,A,2010-04-01,-37.53630786605203,False
comun,P_local_mm,A,2010-05-01,-61.65988584514676,False
comun,P_local_mm,A,2010-06-01,-16.01932240914466,False
comun,P_local_mm,A,2010-07-01,-72.93704337250738,False
comun,P_local_mm,A,2010-08-01,-94.91045577491933,False
comun,P_local_mm,A,2010-09-01,-61.94273357869463,False
comun,P_local_mm,A,2010-10-01,-15.044113865695302,False
comun,P_local_mm,A,2010-11-01,26.023370147497438,False
comun,P_local_mm,A,2010-12-01,13.866691910927502,False
comun,P_local_mm,A,2011-01-01,5.735244906039027,False
comun,P_local_mm,A,2011-02-01,11.603020885671455,False
comun,P_local_mm,A,2011-03-01,3.377545489374631,False
comun,P_local_mm,A,2011-04-01,-6.681561125422025,False
comun,P_local_mm,A,2011-05-01,-106.82423237352076,False
comun,P_local_mm,A,2011-06-01,-63.70560337771326,False
comun,P_local_mm,A,2011-07-01,-55.84744652208737,False
comun,P_local_mm,A,2011-08-01,30.06235019898067,False
comun,P_local_mm,A,2011-09-01,-47.18293195932463,False
comun,P_local_mm,A,2011-10-01,-23.197738486515302,False
comun,P_local_mm,A,2011-11-01,-7.881824040488558,False
comun,P_local_mm,A,2011-12-01,-10.487518658942498,False
comun,P_local_mm,A,2012-01-01,13.373116710929827,False
comun,P_local_mm,A,2012-02-01,-5.4934160308974445,False
comun,P_local_mm,A,2012-03-01,-6.958576566348368,False
comun,P_local_mm,A,2012-04-01,-10.200064374243023,False
comun,P_local_mm,A,2012-05-01,23.53515280729623,False
comun,P_local_mm,A,2012-06-01,58.84063442166634,False
comun,P_local_mm,A,2012-07-01,-93.66096775000737,False
comun,P_local_mm,A,2012-08-01,-68.17213400181934,False
comun,P_local_mm,A,2012-09-01,-62.682779707094625,False
comun,P_local_mm,A,2012-10-01,27.419038260024703,False
comun,P_local_mm,A,2012-11-01,-11.006125598502559,False
comun,P_local_mm,A,2012-12-01,63.29327033932049,False
comun,P_local_mm,A,2013-01-01,2.816284937726026,False
comun,P_local_mm,A,2013-02-01,11.059061020560456,False
comun,P_local_mm,A,2013-03-01,-8.286266482948369,False
comun,P_local_mm,A,2013-04-01,-32.89512838076203,False
comun,P_local_mm,A,2013-05-01,53.476182285186255,False
comun,P_local_mm,A,2013-06-01,-85.50119608964665,False
comun,P_local_mm,A,2013-07-01,-92.84544283387736,False
comun,P_local_mm,A,2013-08-01,-16.52858592501934,False
comun,P_local_mm,A,2013-09-01,11.62396108727538,False
comun,P_local_mm,A,2013-10-01,-26.0364963040953,False
comun,P_local_mm,A,2013-11-01,-13.74355666759856,False
comun,P_local_mm,A,2013-12-01,-6.727960509312499,False
comun,P_local_mm,A,2014-01-01,8.573635646039028,False
comun,P_local_mm,A,2014-02-01,27.687503301266858,False
comun,P_local_mm,A,2014-03-01,-2.9708461646483686,False
comun,P_local_mm,A,2014-04-01,-16.912194545018025,False
comun,P_local_mm,A,2014-05-01,-14.640140067933753,False
comun,P_local_mm,A,2014-06-01,-51.27392405654466,False
comun,P_local_mm,A,2014-07-01,-27.491656096507366,False
comun,P_local_mm,A,2014-08-01,-64.90131173241933,False
comun,P_local_mm,A,2014-09-01,47.39840024627537,False
comun,P_local_mm,A,2014-10-01,-21.5058766540953,False
comun,P_local_mm,A,2014-11-01,-2.5021996538025597,False
comun,P_local_mm,A,2014-12-01,3.6002043386125013,False
comun,P_local_mm,A,2015-01-01,-10.477368934700973,False
comun,P_local_mm,A,2015-02-01,-2.6159827097395443,False
comun,P_local_mm,A,2015-03-01,1.43835317392163,False
comun,P_local_mm,A,2015-04-01,-41.489927121162026,False
comun,P_local_mm,A,2015-05-01,-108.35759738320375,False
comun,P_local_mm,A,2015-06-01,-156.65826007632666,False
comun,P_local_mm,A,2015-07-01,73.77417426149265,False
comun,P_local_mm,A,2015-08-01,124.05803750948066,False
comun,P_local_mm,A,2015-09-01,39.25194244487537,False
comun,P_local_mm,A,2015-10-01,89.1481135139047,False
comun,P_local_mm,A,2015-11-01,0.24179861349744391,False
comun,P_local_mm,A,2015-12-01,-9.8696081773825,False
comun,P_local_mm,A,2016-01-01,0.9780003451290271,False
comun,P_local_mm,A,2016-02-01,-9.998193529579545,False
comun,P_local_mm,A,2016-03-01,-8.717981582948369,False
comun,P_local_mm,A,2016-04-01,329.688446101144,False
comun,P_local_mm,A,2016-05-01,-6.326540286624759,False
comun,P_local_mm,A,2016-06-01,-62.74969396031996,False
comun,P_local_mm,A,2016-07-01,44.77084781489262,False
comun,P_local_mm,A,2016-08-01,-64.69817499421934,False
comun,P_local_mm,A,2016-09-01,-64.19499950894962,False
comun,P_local_mm,A,2016-10-01,26.811030409382408,False
comun,P_local_mm,A,2016-11-01,-14.59059423820256,False
comun,P_local_mm,A,2016-12-01,18.637624560287502,False
comun,P_local_mm,A,2017-01-01,-9.795370220703973,False
comun,P_local_mm,A,2017-02-01,21.507905862661957,False
comun,P_local_mm,A,2017-03-01,-1.8459585374904688,False
comun,P_local_mm,A,2017-04-01,20.595959126087973,False
comun,P_local_mm,A,2017-05-01,-12.386126698247363,False
comun,P_local_mm,A,2017-06-01,-65.10082923234066,False
comun,P_local_mm,A,2017-07-01,-61.70541712600737,False
comun,P_local_mm,A,2017-08-01,-31.562648140119332,False
comun,P_local_mm,A,2017-09-01,-10.574298051024623,False
comun,P_local_mm,A,2017-10-01,19.212535705904696,False
comun,P_local_mm,A,2017-11-01,-4.08884318480256,False
comun,P_local_mm,A,2017-12-01,-8.5535734406945,False
comun,P_local_mm,A,2018-01-01,6.401890832629027,False
comun,P_local_mm,A,2018-02-01,-4.657134969879545,False
comun,P_local_mm,A,2018-03-01,-6.854146784948368,False
comun,P_local_mm,A,2018-04-01,-13.876310334422026,False
comun,P_local_mm,A,2018-05-01,-67.19210640310375,False
comun,P_local_mm,A,2018-06-01,-97.92435430015365,False
comun,P_local_mm,A,2018-07-01,-25.778261996347364,False
comun,P_local_mm,A,2018-08-01,-80.61116075141933,False
comun,P_local_mm,A,2018-09-01,74.39082841917535,False
comun,P_local_mm,A,2018-10-01,43.5030845750347,False
comun,P_local_mm,A,2018-11-01,-2.5120008152025584,False
comun,P_local_mm,A,2018-12-01,13.4922392164875,False
comun,P_local_mm,A,2019-01-01,-5.892851976420974,False
comun,P_local_mm,A,2019-02-01,-3.1726763737695443,False
comun,P_local_mm,A,2019-03-01,-7.077652765948368,False
comun,P_local_mm,A,2019-04-01,-38.869909552840326,False
comun,P_local_mm,A,2019-05-01,-48.682227131513756,False
comun,P_local_mm,A,2019-06-01,-73.42118725454466,False
comun,P_local_mm,A,2019-07-01,-101.45546999850737,False
comun,P_local_mm,A,2019-08-01,-103.12538655561934,False
comun,P_local_mm,A,2019-09-01,-44.29208883672463,False
comun,P_local_mm,A,2019-10-01,-22.5724124570953,False
comun,P_local_mm,A,2019-11-01,-19.71969424550256,False
comun,P_local_mm,A,2019-12-01,-6.357682448022498,False
comun,P_local_mm,A,2020-01-01,4.020126035590028,False
comun,P_local_mm,A,2020-02-01,-10.341292125979544,False
comun,P_local_mm,A,2020-03-01,-8.900669912948368,False
comun,P_local_mm,AD,2001-04-01,-28.64988595454884,False
comun,P_local_mm,AD,2001-05-01,59.995368697812054,False
comun,P_local_mm,AD,2001-06-01,-147.9138075152152,False
comun,P_local_mm,AD,2001-07-01,315.32887406593574,False
comun,P_local_mm,AD,2001-08-01,45.721417685637405,False
comun,P_local_mm,AD,2001-09-01,-79.65801696005425,False
comun,P_local_mm,AD,2001-10-01,-44.571823080611296,False
comun,P_local_mm,AD,2001-11-01,-29.424024053104915,False
comun,P_local_mm,AD,2001-12-01,-27.093028740676225,False
comun,P_local_mm,AD,2002-01-01,-18.875871132558057,False
comun,P_local_mm,AD,2002-02-01,-30.259633384095793,False
comun,P_local_mm,AD,2002-03-01,-16.95750903709618,False
comun,P_local_mm,AD,2002-04-01,-43.757302961509495,False
comun,P_local_mm,AD,2002-05-01,153.3832784639257,False
comun,P_local_mm,AD,2002-06-01,83.22083337556846,False
comun,P_local_mm,AD,2002-07-01,4.543194355599383,False
comun,P_local_mm,AD,2002-08-01,130.76780634300107,False
comun,P_local_mm,AD,2002-09-01,1.2186420933193851,False
comun,P_local_mm,AD,2002-10-01,-10.070551818747656,False
comun,P_local_mm,AD,2002-11-01,-29.024207749411275,False
comun,P_local_mm,AD,2002-12-01,-9.860264424304175,False
comun,P_local_mm,AD,2003-01-01,8.71216591351758,False
comun,P_local_mm,AD,2003-02-01,-26.342296799477346,False
comun,P_local_mm,AD,2003-03-01,-21.754975839632536,False
comun,P_local_mm,AD,2003-04-01,-59.53068977619256,False
comun,P_local_mm,AD,2003-05-01,-12.875583200035646,False
comun,P_local_mm,AD,2003-06-01,-17.446717131367922,False
comun,P_local_mm,AD,2003-07-01,-56.58084896042698,False
comun,P_local_mm,AD,2003-08-01,-125.57919697093531,False
comun,P_local_mm,AD,2003-09-01,7.080235667173024,False
comun,P_local_mm,AD,2003-10-01,-42.615289524084005,False
comun,P_local_mm,AD,2003-11-01,29.19932383102236,False
comun,P_local_mm,AD,2003-12-01,-16.081498472150134,False
comun,P_local_mm,AD,2004-01-01,-22.05428239552917,False
comun,P_local_mm,AD,2004-02-01,-8.519109085943704,False
comun,P_local_mm,AD,2004-03-01,8.233718725731107,False
comun,P_local_mm,AD,2004-04-01,16.86621444511109,False
comun,P_local_mm,AD,2004-05-01,-110.57916530388701,False
comun,P_local_mm,AD,2004-06-01,-100.97906186713428,False
comun,P_local_mm,AD,2004-07-01,-58.816210150433335,False
comun,P_local_mm,AD,2004-08-01,-78.00191050846168,False
comun,P_local_mm,AD,2004-09-01,30.120387439236673,False
comun,P_local_mm,AD,2004-10-01,0.9752052422796318,False
comun,P_local_mm,AD,2004-11-01,43.89521651668601,False
comun,P_local_mm,AD,2004-12-01,-13.57645371689029,False
comun,P_local_mm,AD,2005-01-01,10.14765223409487,False
comun,P_local_mm,AD,2005-02-01,-22.01904112242206,False
comun,P_local_mm,AD,2005-03-01,36.129400240334746,False
comun,P_local_mm,AD,2005-04-01,-27.697480920555268,False
comun,P_local_mm,AD,2005-05-01,91.27492496446662,False
comun,P_local_mm,AD,2005-06-01,264.52762465712937,False
comun,P_local_mm,AD,2005-07-01,-64.2340408529097,False
comun,P_local_mm,AD,2005-08-01,287.58493138279204,False
comun,P_local_mm,AD,2005-09-01,-31.15447251239968,False
comun,P_local_mm,AD,2005-10-01,-29.317535480356725,False
comun,P_local_mm,AD,2005-11-01,-9.606079664650345,False
comun,P_local_mm,AD,2005-12-01,-16.814831923556646,False
comun,P_local_mm,AD,2006-01-01,-5.8449036755414845,False
comun,P_local_mm,AD,2006-02-01,-3.5708240007072156,False
comun,P_local_mm,AD,2006-03-01,-18.972403671641608,False
comun,P_local_mm,AD,2006-04-01,-26.66941264300162,False
comun,P_local_mm,AD,2006-05-01,-75.08881249755973,False
comun,P_local_mm,AD,2006-06-01,-9.715833902331473,False
comun,P_local_mm,AD,2006-07-01,336.9509734882939,False
comun,P_local_mm,AD,2006-08-01,6.39043370958462,False
comun,P_local_mm,AD,2006-09-01,-12.137123736986043,False
comun,P_local_mm,AD,2006-10-01,70.56559217730693,False
comun,P_local_mm,AD,2006-11-01,-26.2652124570067,False
comun,P_local_mm,AD,2006-12-01,-14.549715789222004,False
comun,P_local_mm,AD,2007-01-01,-19.48480554537784,False
comun,P_local_mm,AD,2007-02-01,11.255333579757224,False
comun,P_local_mm,AD,2007-03-01,1.3317996797220388,False
comun,P_local_mm,AD,2007-04-01,-9.597535678807974,False
comun,P_local_mm,AD,2007-05-01,-84.74197223705607,False
comun,P_local_mm,AD,2007-06-01,23.288238277685657,False
comun,P_local_mm,AD,2007-07-01,67.94261092221758,False
comun,P_local_mm,AD,2007-08-01,-84.94324283678075,False
comun,P_local_mm,AD,2007-09-01,-74.0595302728724,False
comun,P_local_mm,AD,2007-10-01,-37.39646689071861,False
comun,P_local_mm,AD,2007-11-01,-18.59017544592306,False
comun,P_local_mm,AD,2007-12-01,-0.2754317012293601,False
comun,P_local_mm,AD,2008-01-01,-12.868633616614197,False
comun,P_local_mm,AD,2008-02-01,1.0727554138508673,False
comun,P_local_mm,AD,2008-03-01,-0.6372012360573169,False
comun,P_local_mm,AD,2008-04-01,-7.012169517974339,False
comun,P_local_mm,AD,2008-05-01,300.1810582852786,False
comun,P_local_mm,AD,2008-06-01,-8.373190173169693,False
comun,P_local_mm,AD,2008-07-01,-58.601551296518764,False
comun,P_local_mm,AD,2008-08-01,126.21026573718292,False
comun,P_local_mm,AD,2008-09-01,-58.12227276050875,False
comun,P_local_mm,AD,2008-10-01,-30.223423891625796,False
comun,P_local_mm,AD,2008-11-01,-27.416976727443714,False
comun,P_local_mm,AD,2008-12-01,-13.038862650897716,False
comun,P_local_mm,AD,2009-01-01,-2.369417113523255,False
comun,P_local_mm,AD,2009-02-01,3.1314083221245106,False
comun,P_local_mm,AD,2009-03-01,-5.5088935038786735,False
comun,P_local_mm,AD,2009-04-01,-45.9135950718007,False
comun,P_local_mm,AD,2009-05-01,-50.87116852207879,False
comun,P_local_mm,AD,2009-06-01,5.697138198627169,False
comun,P_local_mm,AD,2009-07-01,-91.73764737355512,False
comun,P_local_mm,AD,2009-08-01,72.33348309154654,False
comun,P_local_mm,AD,2009-09-01,142.3299358153549,False
comun,P_local_mm,AD,2009-10-01,-9.247965608702145,False
comun,P_local_mm,AD,2009-11-01,0.5358556431342301,False
comun,P_local_mm,AD,2009-12-01,-12.958856333456072,False
comun,P_local_mm,AD,2010-01-01,-9.792556243746908,False
comun,P_local_mm,AD,2010-02-01,-10.598811033771845,False
comun,P_local_mm,AD,2010-03-01,-10.17124925618703,False
comun,P_local_mm,AD,2010-04-01,-38.61141346417705,False
comun,P_local_mm,AD,2010-05-01,-62.53951769815815,False
comun,P_local_mm,AD,2010-06-01,-16.70348051704241,False
comun,P_local_mm,AD,2010-07-01,-73.42572773529149,False
comun,P_local_mm,AD,2010-08-01,-95.20366639258981,False
comun,P_local_mm,AD,2010-09-01,-62.040470451251466,False
comun,P_local_mm,AD,2010-10-01,-14.946376993138504,False
comun,P_local_mm,AD,2010-11-01,26.31658076516787,False
comun,P_local_mm,AD,2010-12-01,14.355376273711572,False
comun,P_local_mm,AD,2011-01-01,6.419403013936735,False
comun,P_local_mm,AD,2011-02-01,12.482652738682798,False
comun,P_local_mm,AD,2011-03-01,4.452651087499612,False
comun,P_local_mm,AD,2011-04-01,-5.410981782183406,False
comun,P_local_mm,AD,2011-05-01,-105.3581792851685,False
comun,P_local_mm,AD,2011-06-01,-62.04407654424737,False
comun,P_local_mm,AD,2011-07-01,-53.99044594350784,False
comun,P_local_mm,AD,2011-08-01,32.114824522673835,False
comun,P_local_mm,AD,2011-09-01,-44.93498389051783,False
comun,P_local_mm,AD,2011-10-01,-20.75431667259486,False
comun,P_local_mm,AD,2011-11-01,-5.2429284814544825,False
comun,P_local_mm,AD,2011-12-01,-7.653149354794785,False
comun,P_local_mm,AD,2012-01-01,16.40295976019118,False
comun,P_local_mm,AD,2012-02-01,-2.268099236522458,False
comun,P_local_mm,AD,2012-03-01,-3.5377860268597434,False
comun,P_local_mm,AD,2012-04-01,-6.583800089640761,False
comun,P_local_mm,AD,2012-05-01,27.34689083701213,False
comun,P_local_mm,AD,2012-06-01,62.84784619649587,False
comun,P_local_mm,AD,2012-07-01,-89.4582822300642,False
comun,P_local_mm,AD,2012-08-01,-63.77397473676254,False
comun,P_local_mm,AD,2012-09-01,-58.089146696924175,False
comun,P_local_mm,AD,2012-10-01,32.20814501530879,False
comun,P_local_mm,AD,2012-11-01,-6.0215450981048395,False
comun,P_local_mm,AD,2012-12-01,68.47332458483186,False
comun,P_local_mm,AD,2013-01-01,8.191812928351021,False
comun,P_local_mm,AD,2013-02-01,16.630062756299086,False
comun,P_local_mm,AD,2013-03-01,-2.5197910020961007,False
comun,P_local_mm,AD,2013-04-01,-26.933179154796125,False
comun,P_local_mm,AD,2013-05-01,59.633605256265795,False
comun,P_local_mm,AD,2013-06-01,-79.14829937345348,False
comun,P_local_mm,AD,2013-07-01,-86.29707237257054,False
comun,P_local_mm,AD,2013-08-01,-9.784741718598887,False
comun,P_local_mm,AD,2013-09-01,18.56327903880947,False
comun,P_local_mm,AD,2013-10-01,-18.901704607447574,False
comun,P_local_mm,AD,2013-11-01,-6.413291225837197,False
comun,P_local_mm,AD,2013-12-01,0.7977786775625013,False
comun,P_local_mm,AD,2014-01-01,16.29484857802767,False
comun,P_local_mm,AD,2014-02-01,35.604189978369135,False
comun,P_local_mm,AD,2014-03-01,5.141314257567543,False
comun,P_local_mm,AD,2014-04-01,-8.604560377688475,False
comun,P_local_mm,AD,2014-05-01,-6.137032155490569,False
comun,P_local_mm,AD,2014-06-01,-42.575342398987836,False
comun,P_local_mm,AD,2014-07-01,-18.597600693836906,False
comun,P_local_mm,AD,2014-08-01,-55.81178258463523,False
comun,P_local_mm,AD,2014-09-01,56.68340313917311,False
comun,P_local_mm,AD,2014-10-01,-12.025400016083928,False
comun,P_local_mm,AD,2014-11-01,7.17375072932245,False
comun,P_local_mm,AD,2014-12-01,13.471628466851145,False
comun,P_local_mm,AD,2015-01-01,-0.4104710613486908,False
comun,P_local_mm,AD,2015-02-01,7.646388908726376,False
comun,P_local_mm,AD,2015-03-01,11.896198537501188,False
comun,P_local_mm,AD,2015-04-01,-30.836608012468837,False
comun,P_local_mm,AD,2015-05-01,-97.50880452939693,False
comun,P_local_mm,AD,2015-06-01,-145.61399347740618,False
comun,P_local_mm,AD,2015-07-01,85.01391460552675,False
comun,P_local_mm,AD,2015-08-01,135.4932515986284,False
comun,P_local_mm,AD,2015-09-01,50.88263027913675,False
comun,P_local_mm,AD,2015-10-01,100.97427509327972,False
comun,P_local_mm,AD,2015-11-01,12.263433937986093,False
comun,P_local_mm,AD,2015-12-01,2.347500892219788,False
comun,P_local_mm,AD,2016-01-01,13.390583159844953,False
comun,P_local_mm,AD,2016-02-01,2.6098630302500183,False
comun,P_local_mm,AD,2016-03-01,4.085548721994833,False
comun,P_local_mm,AD,2016-04-01,342.68745015120084,False
comun,P_local_mm,AD,2016-05-01,6.867937508545712,False
comun,P_local_mm,AD,2016-06-01,-49.35974242003585,False
comun,P_local_mm,AD,2016-07-01,58.356273100290366,False
comun,P_local_mm,AD,2016-08-01,-50.91727596370796,False
comun,P_local_mm,AD,2016-09-01,-50.2186267333246,False
comun,P_local_mm,AD,2016-10-01,40.982876930121066,False
comun,P_local_mm,AD,2016-11-01,-0.2232739723502668,False
comun,P_local_mm,AD,2016-12-01,33.20041857125344,False
comun,P_local_mm,AD,2017-01-01,4.962897535375596,False
comun,P_local_mm,AD,2017-02-01,36.461647363855164,False
comun,P_local_mm,AD,2017-03-01,13.303256708816376,False
comun,P_local_mm,AD,2017-04-01,35.940648117508445,False
comun,P_local_mm,AD,2017-05-01,3.154036038286751,False
comun,P_local_mm,AD,2017-06-01,-49.365192750692906,False
comun,P_local_mm,AD,2017-07-01,-45.77430689924598,False
comun,P_local_mm,AD,2017-08-01,-15.436064168244304,False
comun,P_local_mm,AD,2017-09-01,5.747759665964043,False
comun,P_local_mm,AD,2017-10-01,35.730067168007,False
comun,P_local_mm,AD,2017-11-01,12.624162022413376,False
comun,P_local_mm,AD,2017-12-01,8.354905511635074,False
comun,P_local_mm,AD,2018-01-01,23.50584353007224,False
comun,P_local_mm,AD,2018-02-01,12.642291472677305,False
comun,P_local_mm,AD,2018-03-01,10.64075340272212,False
comun,P_local_mm,AD,2018-04-01,3.8140635983621003,False
comun,P_local_mm,AD,2018-05-01,-49.30625872520599,False
comun,P_local_mm,AD,2018-06-01,-79.84303287714226,False
comun,P_local_mm,AD,2018-07-01,-7.5014668282223305,False
comun,P_local_mm,AD,2018-08-01,-62.13889183818066,False
comun,P_local_mm,AD,2018-09-01,93.05857107752766,False
comun,P_local_mm,AD,2018-10-01,62.36630097850065,False
comun,P_local_mm,AD,2018-11-01,16.54668933337702,False
comun,P_local_mm,AD,2018-12-01,32.746403110180715,False
comun,P_local_mm,AD,2019-01-01,13.556785662385881,False
comun,P_local_mm,AD,2019-02-01,16.47243501015095,False
comun,P_local_mm,AD,2019-03-01,12.762932363085763,False
comun,P_local_mm,AD,2019-04-01,-18.833850678692556,False
comun,P_local_mm,AD,2019-05-01,-28.450694512252355,False
comun,P_local_mm,AD,2019-06-01,-52.99418089016962,False
comun,P_local_mm,AD,2019-07-01,-80.83298988901869,False
comun,P_local_mm,AD,2019-08-01,-82.30743270101704,False
comun,P_local_mm,AD,2019-09-01,-23.278661237008677,False
comun,P_local_mm,AD,2019-10-01,-1.3635111122657086,False
comun,P_local_mm,AD,2019-11-01,1.6846808444406633,False
comun,P_local_mm,AD,2019-12-01,15.242166387034363,False
comun,P_local_mm,AD,2020-01-01,25.815448615760527,False
comun,P_local_mm,AD,2020-02-01,11.649504199304593,False
comun,P_local_mm,AD,2020-03-01,13.285600157449407,False
comun,P_IMERG_mm,C,2001-04-01,-8.53787213333672,False
comun,P_IMERG_mm,C,2001-05-01,31.98669622787881,False
comun,P_IMERG_mm,C,2001-06-01,24.60782646086109,False
comun,P_IMERG_mm,C,2001-07-01,240.92343308347807,False
comun,P_IMERG_mm,C,2001-08-01,75.95428403478367,False
comun,P_IMERG_mm,C,2001-09-01,1.7546032492999473,False
comun,P_IMERG_mm,C,2001-10-01,-9.615618529716087,False
comun,P_IMERG_mm,C,2001-11-01,-43.23064972038269,False
comun,P_IMERG_mm,C,2001-12-01,-19.25309161115576,False
comun,P_IMERG_mm,C,2002-01-01,-30.572706048466657,False
comun,P_IMERG_mm,C,2002-02-01,-41.07467301638804,False
comun,P_IMERG_mm,C,2002-03-01,-40.05753655303589,False
comun,P_IMERG_mm,C,2002-04-01,25.422960227678402,False
comun,P_IMERG_mm,C,2002-05-01,163.25764283820246,False
comun,P_IMERG_mm,C,2002-06-01,261.29928426736336,False
comun,P_IMERG_mm,C,2002-07-01,56.27726918876833,False
comun,P_IMERG_mm,C,2002-08-01,147.66590432347078,False
comun,P_IMERG_mm,C,2002-09-01,20.791919081357747,False
comun,P_IMERG_mm,C,2002-10-01,-9.300787614657175,False
comun,P_IMERG_mm,C,2002-11-01,-31.741527025234348,False
comun,P_IMERG_mm,C,2002-12-01,-8.792086482072548,False
comun,P_IMERG_mm,C,2003-01-01,-31.703392607719064,False
comun,P_IMERG_mm,C,2003-02-01,-49.119283520795214,False
comun,P_IMERG_mm,C,2003-03-01,-46.01204013970553,False
comun,P_IMERG_mm,C,2003-04-01,-34.556592450442935,False
comun,P_IMERG_mm,C,2003-05-01,23.077012971471632,False
comun,P_IMERG_mm,C,2003-06-01,100.96143518412235,False
comun,P_IMERG_mm,C,2003-07-01,44.568589274967394,False
comun,P_IMERG_mm,C,2003-08-01,-7.759760475584244,False
comun,P_IMERG_mm,C,2003-09-01,-27.480477737820866,False
comun,P_IMERG_mm,C,2003-10-01,-42.70387148827592,False
comun,P_IMERG_mm,C,2003-11-01,-30.293768351134005,False
comun,P_IMERG_mm,C,2003-12-01,-43.04271276210706,False
comun,P_IMERG_mm,C,2004-01-01,-43.44295287295651,False
comun,P_IMERG_mm,C,2004-02-01,-39.84272080023911,False
comun,P_IMERG_mm,C,2004-03-01,-36.27723847572385,False
comun,P_IMERG_mm,C,2004-04-01,-3.2334920040090864,False
comun,P_IMERG_mm,C,2004-05-01,15.924243739414365,False
comun,P_IMERG_mm,C,2004-06-01,23.93519914083386,False
comun,P_IMERG_mm,C,2004-07-01,56.06949758296821,False
comun,P_IMERG_mm,C,2004-08-01,18.731361994361237,False
comun,P_IMERG_mm,C,2004-09-01,-8.751980179549605,False
comun,P_IMERG_mm,C,2004-10-01,-15.392833136800867,False
comun,P_IMERG_mm,C,2004-11-01,-6.822751975693556,False
comun,P_IMERG_mm,C,2004-12-01,-33.13159295098497,False
comun,P_IMERG_mm,C,2005-01-01,-39.30059069524008,False
comun,P_IMERG_mm,C,2005-02-01,-37.69052105427252,False
comun,P_IMERG_mm,C,2005-03-01,-24.477314345338094,False
comun,P_IMERG_mm,C,2005-04-01,-33.93228320906617,False
comun,P_IMERG_mm,C,2005-05-01,76.97450562209075,False
comun,P_IMERG_mm,C,2005-06-01,169.2020898688088,False
comun,P_IMERG_mm,C,2005-07-01,55.47173116260713,False
comun,P_IMERG_mm,C,2005-08-01,165.29366821951675,False
comun,P_IMERG_mm,C,2005-09-01,-17.971890183026034,False
comun,P_IMERG_mm,C,2005-10-01,-23.079426151298705,False
comun,P_IMERG_mm,C,2005-11-01,-40.97147653024244,False
comun,P_IMERG_mm,C,2005-12-01,-33.42900078554494,False
comun,P_IMERG_mm,C,2006-01-01,-30.91135251952438,False
comun,P_IMERG_mm,C,2006-02-01,-44.07293571247146,False
comun,P_IMERG_mm,C,2006-03-01,-49.79239540324753,False
comun,P_IMERG_mm,C,2006-04-01,-40.36762536491517,False
comun,P_IMERG_mm,C,2006-05-01,-1.2926765877748494,False
comun,P_IMERG_mm,C,2006-06-01,81.46300799225206,False
comun,P_IMERG_mm,C,2006-07-01,203.01259221564288,False
comun,P_IMERG_mm,C,2006-08-01,73.54652359513237,False
comun,P_IMERG_mm,C,2006-09-01,-25.4848017255504,False
comun,P_IMERG_mm,C,2006-10-01,-5.6431205808468405,False
comun,P_IMERG_mm,C,2006-11-01,-14.879176264761277,False
comun,P_IMERG_mm,C,2006-12-01,-26.653578228789403,False
comun,P_IMERG_mm,C,2007-01-01,-24.303201966432184,False
comun,P_IMERG_mm,C,2007-02-01,-39.30586634647183,False
comun,P_IMERG_mm,C,2007-03-01,-10.789294572175905,False
comun,P_IMERG_mm,C,2007-04-01,-37.39011460636094,False
comun,P_IMERG_mm,C,2007-05-01,7.835669829398057,False
comun,P_IMERG_mm,C,2007-06-01,120.15783318612706,False
comun,P_IMERG_mm,C,2007-07-01,113.26097253249351,False
comun,P_IMERG_mm,C,2007-08-01,60.26624799918726,False
comun,P_IMERG_mm,C,2007-09-01,-29.195254030711208,False
comun,P_IMERG_mm,C,2007-10-01,-35.92743586192571,False
comun,P_IMERG_mm,C,2007-11-01,-48.31270710981052,False
comun,P_IMERG_mm,C,2007-12-01,-41.5434270800613,False
comun,P_IMERG_mm,C,2008-01-01,-39.224466481960576,False
comun,P_IMERG_mm,C,2008-02-01,-38.743722141618704,False
comun,P_IMERG_mm,C,2008-03-01,-31.871683041509574,False
comun,P_IMERG_mm,C,2008-04-01,-32.72412687781921,False
comun,P_IMERG_mm,C,2008-05-01,130.50051668691384,False
comun,P_IMERG_mm,C,2008-06-01,111.59466688254658,False
comun,P_IMERG_mm,C,2008-07-01,79.05500391979392,False
comun,P_IMERG_mm,C,2008-08-01,85.13816185528431,False
comun,P_IMERG_mm,C,2008-09-01,-8.641969635353888,False
comun,P_IMERG_mm,C,2008-10-01,-44.509598891902655,False
comun,P_IMERG_mm,C,2008-11-01,-38.700883649608315,False
comun,P_IMERG_mm,C,2008-12-01,-31.54888815602684,False
comun,P_IMERG_mm,C,2009-01-01,-39.141979358166736,False
comun,P_IMERG_mm,C,2009-02-01,-48.17633628525256,False
comun,P_IMERG_mm,C,2009-03-01,-48.85237372202993,False
comun,P_IMERG_mm,C,2009-04-01,-45.59986577803468,False
comun,P_IMERG_mm,C,2009-05-01,-4.171346029629781,False
comun,P_IMERG_mm,C,2009-06-01,63.15926220456657,False
comun,P_IMERG_mm,C,2009-07-01,51.92830217765997,False
comun,P_IMERG_mm,C,2009-08-01,102.73612614096582,False
comun,P_IMERG_mm,C,2009-09-01,23.270029744650856,False
comun,P_IMERG_mm,C,2009-10-01,-35.15453572063124,False
comun,P_IMERG_mm,C,2009-11-01,-17.600653773542746,False
comun,P_IMERG_mm,C,2009-12-01,-22.06037621186222,False
comun,P_IMERG_mm,C,2010-01-01,-46.11499650808113,False
comun,P_IMERG_mm,C,2010-02-01,-50.51017468628733,False
comun,P_IMERG_mm,C,2010-03-01,-46.881183826223825,False
comun,P_IMERG_mm,C,2010-04-01,-43.83009246008142,False
comun,P_IMERG_mm,C,2010-05-01,20.47664099686844,False
comun,P_IMERG_mm,C,2010-06-01,70.50743783805432,False
comun,P_IMERG_mm,C,2010-07-01,48.08684755325599,False
comun,P_IMERG_mm,C,2010-08-01,13.189788742110508,False
comun,P_IMERG_mm,C,2010-09-01,-27.27048404380769,False
comun,P_IMERG_mm,C,2010-10-01,-42.26715862943205,False
comun,P_IMERG_mm,C,2010-11-01,-30.4350121736508,False
comun,P_IMERG_mm,C,2010-12-01,-29.562389123279164,False
comun,P_IMERG_mm,C,2011-01-01,-43.368057245800806,False
comun,P_IMERG_mm,C,2011-02-01,-25.824212168749654,False
comun,P_IMERG_mm,C,2011-03-01,-45.32393349895993,False
comun,P_IMERG_mm,C,2011-04-01,-31.597317535847633,False
comun,P_IMERG_mm,C,2011-05-01,-34.353288197539804,False
comun,P_IMERG_mm,C,2011-06-01,33.616887337260735,False
comun,P_IMERG_mm,C,2011-07-01,39.92254611746846,False
comun,P_IMERG_mm,C,2011-08-01,62.292403793209374,False
comun,P_IMERG_mm,C,2011-09-01,-40.70314169107267,False
comun,P_IMERG_mm,C,2011-10-01,-42.16386023009125,False
comun,P_IMERG_mm,C,2011-11-01,-29.667883098291803,False
comun,P_IMERG_mm,C,2011-12-01,-42.862792711134325,False
comun,P_IMERG_mm,C,2012-01-01,-36.24269202549946,False
comun,P_IMERG_mm,C,2012-02-01,-48.04584396362877,False
comun,P_IMERG_mm,C,2012-03-01,-52.51584100025685,False
comun,P_IMERG_mm,C,2012-04-01,-27.90746939235903,False
comun,P_IMERG_mm,C,2012-05-01,37.594114911845196,False
comun,P_IMERG_mm,C,2012-06-01,142.72181280401048,False
comun,P_IMERG_mm,C,2012-07-01,33.694532559138935,False
comun,P_IMERG_mm,C,2012-08-01,20.331841247838682,False
comun,P_IMERG_mm,C,2012-09-01,-14.280083653745933,False
comun,P_IMERG_mm,C,2012-10-01,-10.617092198142046,False
comun,P_IMERG_mm,C,2012-11-01,-45.38906077305711,False
comun,P_IMERG_mm,C,2012-12-01,5.099746888924699,False
comun,P_IMERG_mm,C,2013-01-01,-37.43061048104667,False
comun,P_IMERG_mm,C,2013-02-01,-46.70102120984151,False
comun,P_IMERG_mm,C,2013-03-01,-44.385762347607056,False
comun,P_IMERG_mm,C,2013-04-01,-44.40937470208729,False
comun,P_IMERG_mm,C,2013-05-01,60.70206788795805,False
comun,P_IMERG_mm,C,2013-06-01,5.35588739060902,False
comun,P_IMERG_mm,C,2013-07-01,22.536986077921824,False
comun,P_IMERG_mm,C,2013-08-01,48.768528897558426,False
comun,P_IMERG_mm,C,2013-09-01,-20.8314837658722,False
comun,P_IMERG_mm,C,2013-10-01,-43.307359726911045,False
comun,P_IMERG_mm,C,2013-11-01,-34.72642608815177,False
comun,P_IMERG_mm,C,2013-12-01,-35.622701533395315,False
comun,P_IMERG_mm,C,2014-01-01,-48.47899045041917,False
comun,P_IMERG_mm,C,2014-02-01,-8.748475963528158,False
comun,P_IMERG_mm,C,2014-03-01,-49.45119577374522,False
comun,P_IMERG_mm,C,2014-04-01,-32.61363808588682,False
comun,P_IMERG_mm,C,2014-05-01,3.0290526105739133,False
comun,P_IMERG_mm,C,2014-06-01,90.82577535867013,False
comun,P_IMERG_mm,C,2014-07-01,29.64882783986984,False
comun,P_IMERG_mm,C,2014-08-01,52.733136317022286,False
comun,P_IMERG_mm,C,2014-09-01,18.389313996163978,False
comun,P_IMERG_mm,C,2014-10-01,-23.312893646812398,False
comun,P_IMERG_mm,C,2014-11-01,-40.26704271801777,False
comun,P_IMERG_mm,C,2014-12-01,-43.51450251998142,False
comun,P_IMERG_mm,C,2015-01-01,-50.29484822123185,False
comun,P_IMERG_mm,C,2015-02-01,-31.460936738929107,False
comun,P_IMERG_mm,C,2015-03-01,-27.70465254013609,False
comun,P_IMERG_mm,C,2015-04-01,-47.52018656192016,False
comun,P_IMERG_mm,C,2015-05-01,-31.011410038278207,False
comun,P_IMERG_mm,C,2015-06-01,-19.754006912340607,False
comun,P_IMERG_mm,C,2015-07-01,81.35892870273356,False
comun,P_IMERG_mm,C,2015-08-01,198.35708171015062,False
comun,P_IMERG_mm,C,2015-09-01,24.157472654751174,False
comun,P_IMERG_mm,C,2015-10-01,58.57548938940907,False
comun,P_IMERG_mm,C,2015-11-01,-27.59496665450872,False
comun,P_IMERG_mm,C,2015-12-01,-39.54713851867845,False
comun,P_IMERG_mm,C,2016-01-01,-8.795489667927917,False
comun,P_IMERG_mm,C,2016-02-01,-41.479544747801704,False
comun,P_IMERG_mm,C,2016-03-01,-40.58680222471291,False
comun,P_IMERG_mm,C,2016-04-01,141.2414743293478,False
comun,P_IMERG_mm,C,2016-05-01,44.516048818350654,False
comun,P_IMERG_mm,C,2016-06-01,7.954892990011388,False
comun,P_IMERG_mm,C,2016-07-01,70.88239677683713,False
comun,P_IMERG_mm,C,2016-08-01,-23.696540817976157,False
comun,P_IMERG_mm,C,2016-09-01,-43.994754355323074,False
comun,P_IMERG_mm,C,2016-10-01,-10.309379039585068,False
comun,P_IMERG_mm,C,2016-11-01,-31.01960390065745,False
comun,P_IMERG_mm,C,2016-12-01,-26.839196935415288,False
comun,P_IMERG_mm,C,2017-01-01,-50.5046035898354,False
comun,P_IMERG_mm,C,2017-02-01,-22.33220191283572,False
comun,P_IMERG_mm,C,2017-03-01,-39.43371551335816,False
comun,P_IMERG_mm,C,2017-04-01,15.01385353835093,False
comun,P_IMERG_mm,C,2017-05-01,56.14129338913055,False
comun,P_IMERG_mm,C,2017-06-01,72.71534032312478,False
comun,P_IMERG_mm,C,2017-07-01,34.21019575760107,False
comun,P_IMERG_mm,C,2017-08-01,37.71945696136275,False
comun,P_IMERG_mm,C,2017-09-01,-18.33168862015203,False
comun,P_IMERG_mm,C,2017-10-01,-7.314806433074523,False
comun,P_IMERG_mm,C,2017-11-01,-37.621481361347456,False
comun,P_IMERG_mm,C,2017-12-01,-44.119586457137096,False
comun,P_IMERG_mm,C,2018-01-01,-41.99728901323178,False
comun,P_IMERG_mm,C,2018-02-01,-42.9054429561619,False
comun,P_IMERG_mm,C,2018-03-01,-50.76130881022054,False
comun,P_IMERG_mm,C,2018-04-01,-40.6897808804027,False
comun,P_IMERG_mm,C,2018-05-01,13.320137055529415,False
comun,P_IMERG_mm,C,2018-06-01,41.886857284254276,False
comun,P_IMERG_mm,C,2018-07-01,58.307613644027796,False
comun,P_IMERG_mm,C,2018-08-01,-24.98118272783689,False
comun,P_IMERG_mm,C,2018-09-01,7.272780415253649,False
comun,P_IMERG_mm,C,2018-10-01,-18.498869398983395,False
comun,P_IMERG_mm,C,2018-11-01,-37.49358700275151,False
comun,P_IMERG_mm,C,2018-12-01,-43.5116668534241,False
comun,P_IMERG_mm,C,2019-01-01,-45.52227426685522,False
comun,P_IMERG_mm,C,2019-02-01,-45.24048419150793,False
comun,P_IMERG_mm,C,2019-03-01,-44.36496667003237,False
comun,P_IMERG_mm,C,2019-04-01,-42.950508272596295,False
comun,P_IMERG_mm,C,2019-05-01,-11.073277653794207,False
comun,P_IMERG_mm,C,2019-06-01,46.09426669163693,False
comun,P_IMERG_mm,C,2019-07-01,16.681043603460452,False
comun,P_IMERG_mm,C,2019-08-01,-8.072625567567435,False
comun,P_IMERG_mm,C,2019-09-01,-23.660142447656554,False
comun,P_IMERG_mm,C,2019-10-01,-38.17765839272607,False
comun,P_IMERG_mm,C,2019-11-01,-44.26977820654147,False
comun,P_IMERG_mm,C,2019-12-01,-53.90816316463243,False
comun,P_IMERG_mm,C,2020-01-01,-46.25466058485293,False
comun,P_IMERG_mm,C,2020-02-01,-46.75835281549165,False
comun,P_IMERG_mm,C,2020-03-01,-53.92749108502311,False
comun,P_IMERG_mm,A,2001-04-01,11.314455206168915,False
comun,P_IMERG_mm,A,2001-05-01,0.8066184464161099,False
comun,P_IMERG_mm,A,2001-06-01,-58.29328663571367,False
comun,P_IMERG_mm,A,2001-07-01,173.28703061657487,False
comun,P_IMERG_mm,A,2001-08-01,22.411134291394973,False
comun,P_IMERG_mm,A,2001-09-01,9.927857676218743,False
comun,P_IMERG_mm,A,2001-10-01,12.457922339907604,False
comun,P_IMERG_mm,A,2001-11-01,-10.2784482577113,False
comun,P_IMERG_mm,A,2001-12-01,13.53503562722183,False
comun,P_IMERG_mm,A,2002-01-01,8.740335080563131,False
comun,P_IMERG_mm,A,2002-02-01,-1.2310461577083662,False
comun,P_IMERG_mm,A,2002-03-01,0.20708721048681888,False
comun,P_IMERG_mm,A,2002-04-01,45.27528756718404,False
comun,P_IMERG_mm,A,2002-05-01,132.07756505673976,False
comun,P_IMERG_mm,A,2002-06-01,178.3981711707886,False
comun,P_IMERG_mm,A,2002-07-01,-11.359133278134877,False
comun,P_IMERG_mm,A,2002-08-01,94.1227545800821,False
comun,P_IMERG_mm,A,2002-09-01,28.965173508276543,False
comun,P_IMERG_mm,A,2002-10-01,12.772753254966517,False
comun,P_IMERG_mm,A,2002-11-01,1.2106744374370424,False
comun,P_IMERG_mm,A,2002-12-01,23.996040756305042,False
comun,P_IMERG_mm,A,2003-01-01,7.609648521310724,False
comun,P_IMERG_mm,A,2003-02-01,-9.275656662115543,False
comun,P_IMERG_mm,A,2003-03-01,-5.747416376182828,False
comun,P_IMERG_mm,A,2003-04-01,-14.7042651109373,False
comun,P_IMERG_mm,A,2003-05-01,-8.103064809991068,False
comun,P_IMERG_mm,A,2003-06-01,18.06032208754759,False
comun,P_IMERG_mm,A,2003-07-01,-23.067813191935812,False
comun,P_IMERG_mm,A,2003-08-01,-61.30291021897294,False
comun,P_IMERG_mm,A,2003-09-01,-19.30722331090207,False
comun,P_IMERG_mm,A,2003-10-01,-20.63033061865223,False
comun,P_IMERG_mm,A,2003-11-01,2.6584331115373843,False
comun,P_IMERG_mm,A,2003-12-01,-10.254585523729466,False
comun,P_IMERG_mm,A,2004-01-01,-4.129911743926719,False
comun,P_IMERG_mm,A,2004-02-01,0.0009060584405669037,False
comun,P_IMERG_mm,A,2004-03-01,3.987385287798851,False
comun,P_IMERG_mm,A,2004-04-01,16.61883533549655,False
comun,P_IMERG_mm,A,2004-05-01,-15.255834042048335,False
comun,P_IMERG_mm,A,2004-06-01,-58.9659139557409,False
comun,P_IMERG_mm,A,2004-07-01,-11.566904883934995,False
comun,P_IMERG_mm,A,2004-08-01,-34.81178774902746,False
comun,P_IMERG_mm,A,2004-09-01,-0.5787257526308094,False
comun,P_IMERG_mm,A,2004-10-01,6.680707732822825,False
comun,P_IMERG_mm,A,2004-11-01,26.129449486977833,False
comun,P_IMERG_mm,A,2004-12-01,-0.34346571260737924,False
comun,P_IMERG_mm,A,2005-01-01,0.012450433789706006,False
comun,P_IMERG_mm,A,2005-02-01,2.1531058044071507,False
comun,P_IMERG_mm,A,2005-03-01,15.78730941818461,False
comun,P_IMERG_mm,A,2005-04-01,-14.079955869560532,False
comun,P_IMERG_mm,A,2005-05-01,45.794427840628046,False
comun,P_IMERG_mm,A,2005-06-01,86.30097677223405,False
comun,P_IMERG_mm,A,2005-07-01,-12.164671304296078,False
comun,P_IMERG_mm,A,2005-08-01,111.75051847612806,False
comun,P_IMERG_mm,A,2005-09-01,-9.798635756107238,False
comun,P_IMERG_mm,A,2005-10-01,-1.005885281675013,False
comun,P_IMERG_mm,A,2005-11-01,-8.01927506757105,False
comun,P_IMERG_mm,A,2005-12-01,-0.6408735471673557,False
comun,P_IMERG_mm,A,2006-01-01,8.401688609505406,False
comun,P_IMERG_mm,A,2006-02-01,-4.2293088537917924,False
comun,P_IMERG_mm,A,2006-03-01,-9.527771639724829,False
comun,P_IMERG_mm,A,2006-04-01,-20.515298025409535,False
comun,P_IMERG_mm,A,2006-05-01,-32.47275436923755,False
comun,P_IMERG_mm,A,2006-06-01,-1.4381051043227016,False
comun,P_IMERG_mm,A,2006-07-01,135.37618974873968,False
comun,P_IMERG_mm,A,2006-08-01,20.003373851743675,False
comun,P_IMERG_mm,A,2006-09-01,-17.311547298631606,False
comun,P_IMERG_mm,A,2006-10-01,16.43042028877685,False
comun,P_IMERG_mm,A,2006-11-01,18.073025197910113,False
comun,P_IMERG_mm,A,2006-12-01,6.134549009588188,False
comun,P_IMERG_mm,A,2007-01-01,15.009839162597604,False
comun,P_IMERG_mm,A,2007-02-01,0.5377605122078395,False
comun,P_IMERG_mm,A,2007-03-01,29.4753291913468,False
comun,P_IMERG_mm,A,2007-04-01,-17.537787266855304,False
comun,P_IMERG_mm,A,2007-05-01,-23.344407952064643,False
comun,P_IMERG_mm,A,2007-06-01,37.2567200895523,False
comun,P_IMERG_mm,A,2007-07-01,45.624570065590305,False
comun,P_IMERG_mm,A,2007-08-01,6.723098255798561,False
comun,P_IMERG_mm,A,2007-09-01,-21.021999603792413,False
comun,P_IMERG_mm,A,2007-10-01,-13.853894992302017,False
comun,P_IMERG_mm,A,2007-11-01,-15.360505647139124,False
comun,P_IMERG_mm,A,2007-12-01,-8.755299841683708,False
comun,P_IMERG_mm,A,2008-01-01,0.08857464706921214,False
comun,P_IMERG_mm,A,2008-02-01,1.099904717060973,False
comun,P_IMERG_mm,A,2008-03-01,8.39294072201313,False
comun,P_IMERG_mm,A,2008-04-01,-12.871799538313574,False
comun,P_IMERG_mm,A,2008-05-01,99.32043890545113,False
comun,P_IMERG_mm,A,2008-06-01,28.693553785971815,False
comun,P_IMERG_mm,A,2008-07-01,11.418601452890712,False
comun,P_IMERG_mm,A,2008-08-01,31.595012111895613,False
comun,P_IMERG_mm,A,2008-09-01,-0.4687152084350925,False
comun,P_IMERG_mm,A,2008-10-01,-22.436058022278964,False
comun,P_IMERG_mm,A,2008-11-01,-5.748682186936929,False
comun,P_IMERG_mm,A,2008-12-01,1.23923908235075,False
comun,P_IMERG_mm,A,2009-01-01,0.1710617708630553,False
comun,P_IMERG_mm,A,2009-02-01,-8.332709426572883,False
comun,P_IMERG_mm,A,2009-03-01,-8.587749958507224,False
comun,P_IMERG_mm,A,2009-04-01,-25.747538438529045,False
comun,P_IMERG_mm,A,2009-05-01,-35.35142381109248,False
comun,P_IMERG_mm,A,2009-06-01,-19.741850892008188,False
comun,P_IMERG_mm,A,2009-07-01,-15.708100289243234,False
comun,P_IMERG_mm,A,2009-08-01,49.19297639757713,False
comun,P_IMERG_mm,A,2009-09-01,31.44328417156965,False
comun,P_IMERG_mm,A,2009-10-01,-13.080994851007546,False
comun,P_IMERG_mm,A,2009-11-01,15.351547689128644,False
comun,P_IMERG_mm,A,2009-12-01,10.72775102651537,False
comun,P_IMERG_mm,A,2010-01-01,-6.801955379051341,False
comun,P_IMERG_mm,A,2010-02-01,-10.666547827607657,False
comun,P_IMERG_mm,A,2010-03-01,-6.6165600627011205,False
comun,P_IMERG_mm,A,2010-04-01,-23.977765120575782,False
comun,P_IMERG_mm,A,2010-05-01,-10.70343678459426,False
comun,P_IMERG_mm,A,2010-06-01,-12.393675258520446,False
comun,P_IMERG_mm,A,2010-07-01,-19.549554913647214,False
comun,P_IMERG_mm,A,2010-08-01,-40.35336100127819,False
comun,P_IMERG_mm,A,2010-09-01,-19.097229616888896,False
comun,P_IMERG_mm,A,2010-10-01,-20.19361775980836,False
comun,P_IMERG_mm,A,2010-11-01,2.517189289020589,False
comun,P_IMERG_mm,A,2010-12-01,3.2257381150984266,False
comun,P_IMERG_mm,A,2011-01-01,-4.055016116771016,False
comun,P_IMERG_mm,A,2011-02-01,14.01941468993002,False
comun,P_IMERG_mm,A,2011-03-01,-5.059309735437225,False
comun,P_IMERG_mm,A,2011-04-01,-11.744990196341998,False
comun,P_IMERG_mm,A,2011-05-01,-65.53336597900251,False
comun,P_IMERG_mm,A,2011-06-01,-49.284225759314026,False
comun,P_IMERG_mm,A,2011-07-01,-27.71385634943475,False
comun,P_IMERG_mm,A,2011-08-01,8.749254049820678,False
comun,P_IMERG_mm,A,2011-09-01,-32.52988726415387,False
comun,P_IMERG_mm,A,2011-10-01,-20.09031936046756,False
comun,P_IMERG_mm,A,2011-11-01,3.284318364379587,False
comun,P_IMERG_mm,A,2011-12-01,-10.074665472756736,False
comun,P_IMERG_mm,A,2012-01-01,3.0703491035303294,False
comun,P_IMERG_mm,A,2012-02-01,-8.2022171049491,False
comun,P_IMERG_mm,A,2012-03-01,-12.251217236734146,False
comun,P_IMERG_mm,A,2012-04-01,-8.055142052853395,False
comun,P_IMERG_mm,A,2012-05-01,6.414037130382496,False
comun,P_IMERG_mm,A,2012-06-01,59.820699707435736,False
comun,P_IMERG_mm,A,2012-07-01,-33.94186990776427,False
comun,P_IMERG_mm,A,2012-08-01,-33.211308495550014,False
comun,P_IMERG_mm,A,2012-09-01,-6.106829226827138,False
comun,P_IMERG_mm,A,2012-10-01,11.456448671481645,False
comun,P_IMERG_mm,A,2012-11-01,-12.436859310385724,False
comun,P_IMERG_mm,A,2012-12-01,37.88787412730229,False
comun,P_IMERG_mm,A,2013-01-01,1.8824306479831174,False
comun,P_IMERG_mm,A,2013-02-01,-6.857394351161835,False
comun,P_IMERG_mm,A,2013-03-01,-4.121138584084351,False
comun,P_IMERG_mm,A,2013-04-01,-24.557047362581656,False
comun,P_IMERG_mm,A,2013-05-01,29.521990106495352,False
comun,P_IMERG_mm,A,2013-06-01,-77.54522570596573,False
comun,P_IMERG_mm,A,2013-07-01,-45.09941638898138,False
comun,P_IMERG_mm,A,2013-08-01,-4.77462084583027,False
comun,P_IMERG_mm,A,2013-09-01,-12.658229338953404,False
comun,P_IMERG_mm,A,2013-10-01,-21.233818857287353,False
comun,P_IMERG_mm,A,2013-11-01,-1.774224625480375,False
comun,P_IMERG_mm,A,2013-12-01,-2.8345742950177275,False
comun,P_IMERG_mm,A,2014-01-01,-9.16594932138938,False
comun,P_IMERG_mm,A,2014-02-01,31.095150895151516,False
comun,P_IMERG_mm,A,2014-03-01,-9.186572010222516,False
comun,P_IMERG_mm,A,2014-04-01,-12.761310746381184,False
comun,P_IMERG_mm,A,2014-05-01,-28.151025170888786,False
comun,P_IMERG_mm,A,2014-06-01,7.924662262095367,False
comun,P_IMERG_mm,A,2014-07-01,-37.98757462703337,False
comun,P_IMERG_mm,A,2014-08-01,-0.81001342636641,False
comun,P_IMERG_mm,A,2014-09-01,26.562568423082773,False
comun,P_IMERG_mm,A,2014-10-01,-1.2393527771887063,False
comun,P_IMERG_mm,A,2014-11-01,-7.31484125534638,False
comun,P_IMERG_mm,A,2014-12-01,-10.726375281603831,False
comun,P_IMERG_mm,A,2015-01-01,-10.981807092202065,False
comun,P_IMERG_mm,A,2015-02-01,8.382690119750567,False
comun,P_IMERG_mm,A,2015-03-01,12.559971223386611,False
comun,P_IMERG_mm,A,2015-04-01,-27.667859222414528,False
comun,P_IMERG_mm,A,2015-05-01,-62.19148781974091,False
comun,P_IMERG_mm,A,2015-06-01,-102.65512000891538,False
comun,P_IMERG_mm,A,2015-07-01,13.722526235830358,False
comun,P_IMERG_mm,A,2015-08-01,144.81393196676197,False
comun,P_IMERG_mm,A,2015-09-01,32.33072708166997,False
comun,P_IMERG_mm,A,2015-10-01,80.64903025903276,False
comun,P_IMERG_mm,A,2015-11-01,5.357234808162669,False
comun,P_IMERG_mm,A,2015-12-01,-6.759011280300861,False
comun,P_IMERG_mm,A,2016-01-01,30.51755146110187,False
comun,P_IMERG_mm,A,2016-02-01,-1.63591788912203,False
comun,P_IMERG_mm,A,2016-03-01,-0.32217846119020854,False
comun,P_IMERG_mm,A,2016-04-01,161.09380166885347,False
comun,P_IMERG_mm,A,2016-05-01,13.335971036887955,False
comun,P_IMERG_mm,A,2016-06-01,-74.94622010656337,False
comun,P_IMERG_mm,A,2016-07-01,3.24599430993392,False
comun,P_IMERG_mm,A,2016-08-01,-77.23969056136485,False
comun,P_IMERG_mm,A,2016-09-01,-35.82149992840428,False
comun,P_IMERG_mm,A,2016-10-01,11.764161830038624,False
comun,P_IMERG_mm,A,2016-11-01,1.932597562013939,False
comun,P_IMERG_mm,A,2016-12-01,5.948930302962303,False
comun,P_IMERG_mm,A,2017-01-01,-11.191562460805612,False
comun,P_IMERG_mm,A,2017-02-01,17.511424945843952,False
comun,P_IMERG_mm,A,2017-03-01,0.8309082501645444,False
comun,P_IMERG_mm,A,2017-04-01,34.866180877856564,False
comun,P_IMERG_mm,A,2017-05-01,24.961215607667853,False
comun,P_IMERG_mm,A,2017-06-01,-10.185772773449983,False
comun,P_IMERG_mm,A,2017-07-01,-33.426206709302136,False
comun,P_IMERG_mm,A,2017-08-01,-15.823692782025944,False
comun,P_IMERG_mm,A,2017-09-01,-10.158434193233234,False
comun,P_IMERG_mm,A,2017-10-01,14.758734436549169,False
comun,P_IMERG_mm,A,2017-11-01,-4.669279898676066,False
comun,P_IMERG_mm,A,2017-12-01,-11.331459218759507,False
comun,P_IMERG_mm,A,2018-01-01,-2.6842478842019872,False
comun,P_IMERG_mm,A,2018-02-01,-3.0618160974822253,False
comun,P_IMERG_mm,A,2018-03-01,-10.496685046697834,False
comun,P_IMERG_mm,A,2018-04-01,-20.837453540897066,False
comun,P_IMERG_mm,A,2018-05-01,-17.859940725933285,False
comun,P_IMERG_mm,A,2018-06-01,-41.014255812320485,False
comun,P_IMERG_mm,A,2018-07-01,-9.32878882287541,False
comun,P_IMERG_mm,A,2018-08-01,-78.52433247122559,False
comun,P_IMERG_mm,A,2018-09-01,15.446034842172445,False
comun,P_IMERG_mm,A,2018-10-01,3.574671470640297,False
comun,P_IMERG_mm,A,2018-11-01,-4.5413855400801175,False
comun,P_IMERG_mm,A,2018-12-01,-10.723539615046514,False
comun,P_IMERG_mm,A,2019-01-01,-6.209233137825429,False
comun,P_IMERG_mm,A,2019-02-01,-5.3968573328282545,False
comun,P_IMERG_mm,A,2019-03-01,-4.10034290650967,False
comun,P_IMERG_mm,A,2019-04-01,-23.098180933090664,False
comun,P_IMERG_mm,A,2019-05-01,-42.25335543525691,False
comun,P_IMERG_mm,A,2019-06-01,-36.80684640493783,False
comun,P_IMERG_mm,A,2019-07-01,-50.955358863442754,False
comun,P_IMERG_mm,A,2019-08-01,-61.61577531095613,False
comun,P_IMERG_mm,A,2019-09-01,-15.486888020737759,False
comun,P_IMERG_mm,A,2019-10-01,-16.10411752310238,False
comun,P_IMERG_mm,A,2019-11-01,-11.317576743870077,False
comun,P_IMERG_mm,A,2019-12-01,-21.120035926254833,False
comun,P_IMERG_mm,A,2020-01-01,-6.941619455823137,False
comun,P_IMERG_mm,A,2020-02-01,-6.9147259568119726,False
comun,P_IMERG_mm,A,2020-03-01,-13.662867321500404,False
comun,P_IMERG_mm,AD,2001-04-01,-3.566313171247483,False
comun,P_IMERG_mm,AD,2001-05-01,-13.943041839569307,False
comun,P_IMERG_mm,AD,2001-06-01,-72.91183883026811,False
comun,P_IMERG_mm,AD,2001-07-01,158.7995865134514,False
comun,P_IMERG_mm,AD,2001-08-01,8.0547982797025,False
comun,P_IMERG_mm,AD,2001-09-01,-4.2973702440427495,False
comun,P_IMERG_mm,AD,2001-10-01,-1.6361974889229067,False
comun,P_IMERG_mm,AD,2001-11-01,-24.24145999511083,False
comun,P_IMERG_mm,AD,2001-12-01,-0.2968680187467161,False
comun,P_IMERG_mm,AD,2002-01-01,-4.960460473974434,False
comun,P_IMERG_mm,AD,2002-02-01,-14.80073362081495,False
comun,P_IMERG_mm,AD,2002-03-01,-13.231492161188784,False
comun,P_IMERG_mm,AD,2002-04-01,31.967816286939417,False
comun,P_IMERG_mm,AD,2002-05-01,118.90120186792612,False
comun,P_IMERG_mm,AD,2002-06-01,165.35291607340594,False
comun,P_IMERG_mm,AD,2002-07-01,-24.273280284086553,False
comun,P_IMERG_mm,AD,2002-08-01,81.3397156655614,False
comun,P_IMERG_mm,AD,2002-09-01,16.31324268518683,False
comun,P_IMERG_mm,AD,2002-10-01,0.2519305233077844,False
comun,P_IMERG_mm,AD,2002-11-01,-11.17904020279071,False
comun,P_IMERG_mm,AD,2002-12-01,11.737434207508272,False
comun,P_IMERG_mm,AD,2003-01-01,-4.517849936055065,False
comun,P_IMERG_mm,AD,2003-02-01,-21.272047028050352,False
comun,P_IMERG_mm,AD,2003-03-01,-17.612698650686653,False
comun,P_IMERG_mm,AD,2003-04-01,-26.438439294010145,False
comun,P_IMERG_mm,AD,2003-05-01,-19.706130901632932,False
comun,P_IMERG_mm,AD,2003-06-01,6.588364087336707,False
comun,P_IMERG_mm,AD,2003-07-01,-34.408663100715714,False
comun,P_IMERG_mm,AD,2003-08-01,-72.51265203632187,False
comun,P_IMERG_mm,AD,2003-09-01,-30.38585703682001,False
comun,P_IMERG_mm,AD,2003-10-01,-31.57785625313919,False
comun,P_IMERG_mm,AD,2003-11-01,-8.157984431518592,False
comun,P_IMERG_mm,AD,2003-12-01,-20.939894975354463,False
comun,P_IMERG_mm,AD,2004-01-01,-14.684113104120733,False
comun,P_IMERG_mm,AD,2004-02-01,-10.422187210322466,False
comun,P_IMERG_mm,AD,2004-03-01,-6.3045998895332005,False
comun,P_IMERG_mm,AD,2004-04-01,6.45795824959548,False
comun,P_IMERG_mm,AD,2004-05-01,-25.285603036518424,False
comun,P_IMERG_mm,AD,2004-06-01,-68.86457485878,False
comun,P_IMERG_mm,AD,2004-07-01,-21.334457695543122,False
comun,P_IMERG_mm,AD,2004-08-01,-44.448232469204605,False
comun,P_IMERG_mm,AD,2004-09-01,-10.084062381376972,False
comun,P_IMERG_mm,AD,2004-10-01,-2.693520804492355,False
comun,P_IMERG_mm,AD,2004-11-01,16.886329041093635,False
comun,P_IMERG_mm,AD,2004-12-01,-9.455478067060596,False
comun,P_IMERG_mm,AD,2005-01-01,-8.96845382923253,False
comun,P_IMERG_mm,AD,2005-02-01,-6.696690367184104,False
comun,P_IMERG_mm,AD,2005-03-01,7.068621338024336,False
comun,P_IMERG_mm,AD,2005-04-01,-22.667535858289824,False
comun,P_IMERG_mm,AD,2005-05-01,37.33795594332973,False
comun,P_IMERG_mm,AD,2005-06-01,77.97561296636673,False
comun,P_IMERG_mm,AD,2005-07-01,-20.358927018732427,False
comun,P_IMERG_mm,AD,2005-08-01,103.6873708531227,False
comun,P_IMERG_mm,AD,2005-09-01,-17.730675287681624,False
comun,P_IMERG_mm,AD,2005-10-01,-8.806816721818418,False
comun,P_IMERG_mm,AD,2005-11-01,-15.689098416283471,False
comun,P_IMERG_mm,AD,2005-12-01,-8.179588804448796,False
comun,P_IMERG_mm,AD,2006-01-01,0.9940814436549461,False
comun,P_IMERG_mm,AD,2006-02-01,-11.505807928211272,False
comun,P_IMERG_mm,AD,2006-03-01,-16.673162622713328,False
comun,P_IMERG_mm,AD,2006-04-01,-27.529580916967053,False
comun,P_IMERG_mm,AD,2006-05-01,-39.35592916936408,False
comun,P_IMERG_mm,AD,2006-06-01,-8.190171813018255,False
comun,P_IMERG_mm,AD,2006-07-01,128.7552311314751,False
comun,P_IMERG_mm,AD,2006-08-01,13.513523325910084,False
comun,P_IMERG_mm,AD,2006-09-01,-23.670289733034217,False
comun,P_IMERG_mm,AD,2006-10-01,10.202785945805223,False
comun,P_IMERG_mm,AD,2006-11-01,11.976498946369466,False
comun,P_IMERG_mm,AD,2006-12-01,0.1691308494785222,False
comun,P_IMERG_mm,AD,2007-01-01,9.17552909391892,False
comun,P_IMERG_mm,AD,2007-02-01,-5.165441465039864,False
comun,P_IMERG_mm,AD,2007-03-01,23.903235305530078,False
comun,P_IMERG_mm,AD,2007-04-01,-22.978773061241043,False
comun,P_IMERG_mm,AD,2007-05-01,-28.6542856550194,False
comun,P_IMERG_mm,AD,2007-06-01,32.07795047802853,False
comun,P_IMERG_mm,AD,2007-07-01,40.57690854549751,False
comun,P_IMERG_mm,AD,2007-08-01,1.8065448271367472,False
comun,P_IMERG_mm,AD,2007-09-01,-25.807444941023245,False
comun,P_IMERG_mm,AD,2007-10-01,-18.50823223810187,False
comun,P_IMERG_mm,AD,2007-11-01,-19.883734801507995,False
comun,P_IMERG_mm,AD,2007-12-01,-13.147420904621598,False
comun,P_IMERG_mm,AD,2008-01-01,-4.172438324437696,False
comun,P_IMERG_mm,AD,2008-02-01,-3.030000163014954,False
comun,P_IMERG_mm,AD,2008-03-01,4.394143933368184,False
comun,P_IMERG_mm,AD,2008-04-01,-16.73948823552754,False
comun,P_IMERG_mm,AD,2008-05-01,95.58385829966815,False
comun,P_IMERG_mm,AD,2008-06-01,25.088081271619814,False
comun,P_IMERG_mm,AD,2008-07-01,7.944237029969694,False
comun,P_IMERG_mm,AD,2008-08-01,28.251755780405574,False
comun,P_IMERG_mm,AD,2008-09-01,-3.680863448494149,False
comun,P_IMERG_mm,AD,2008-10-01,-25.51709817090704,False
comun,P_IMERG_mm,AD,2008-11-01,-8.698614244134022,False
comun,P_IMERG_mm,AD,2008-12-01,-1.5795848834153625,False
comun,P_IMERG_mm,AD,2009-01-01,-2.516654103472076,False
comun,P_IMERG_mm,AD,2009-02-01,-10.889317209477033,False
comun,P_IMERG_mm,AD,2009-03-01,-11.013249649980393,False
comun,P_IMERG_mm,AD,2009-04-01,-28.04193003857123,False
comun,P_IMERG_mm,AD,2009-05-01,-37.51470731970369,False
comun,P_IMERG_mm,AD,2009-06-01,-21.77402630918841,False
comun,P_IMERG_mm,AD,2009-07-01,-17.609167614992476,False
comun,P_IMERG_mm,AD,2009-08-01,47.42301716325886,False
comun,P_IMERG_mm,AD,2009-09-01,29.80443302868237,False
comun,P_IMERG_mm,AD,2009-10-01,-14.588737902463844,False
comun,P_IMERG_mm,AD,2009-11-01,13.974912729103327,False
comun,P_IMERG_mm,AD,2009-12-01,9.482224157921035,False
comun,P_IMERG_mm,AD,2010-01-01,-7.916374156214696,False
comun,P_IMERG_mm,AD,2010-02-01,-11.64985851334003,False
comun,P_IMERG_mm,AD,2010-03-01,-7.468762657002513,False
comun,P_IMERG_mm,AD,2010-04-01,-24.698859623446193,False
comun,P_IMERG_mm,AD,2010-05-01,-11.293423196033688,False
comun,P_IMERG_mm,AD,2010-06-01,-12.852553578528893,False
comun,P_IMERG_mm,AD,2010-07-01,-19.877325142224677,False
comun,P_IMERG_mm,AD,2010-08-01,-40.55002313842467,False
comun,P_IMERG_mm,AD,2010-09-01,-19.162783662604397,False
comun,P_IMERG_mm,AD,2010-10-01,-20.12806371409288,False
comun,P_IMERG_mm,AD,2010-11-01,2.7138514261670483,False
comun,P_IMERG_mm,AD,2010-12-01,3.553508343675867,False
comun,P_IMERG_mm,AD,2011-01-01,-3.5961377967625943,False
comun,P_IMERG_mm,AD,2011-02-01,14.609401101369423,False
comun,P_IMERG_mm,AD,2011-03-01,-4.33821523256684,False
comun,P_IMERG_mm,AD,2011-04-01,-10.892787602040633,False
comun,P_IMERG_mm,AD,2011-05-01,-64.55005529327016,False
comun,P_IMERG_mm,AD,2011-06-01,-48.169806982150696,False
comun,P_IMERG_mm,AD,2011-07-01,-26.46832948084044,False
comun,P_IMERG_mm,AD,2011-08-01,10.12588900984597,False
comun,P_IMERG_mm,AD,2011-09-01,-31.022144212697597,False
comun,P_IMERG_mm,AD,2011-10-01,-18.451468217580306,False
comun,P_IMERG_mm,AD,2011-11-01,5.054277598697823,False
comun,P_IMERG_mm,AD,2011-12-01,-8.17359814700752,False
comun,P_IMERG_mm,AD,2012-01-01,5.102524520710528,False
comun,P_IMERG_mm,AD,2012-02-01,-6.03893359633792,False
comun,P_IMERG_mm,AD,2012-03-01,-9.956825636691985,False
comun,P_IMERG_mm,AD,2012-04-01,-5.629642361380252,False
comun,P_IMERG_mm,AD,2012-05-01,8.97064491328662,False
comun,P_IMERG_mm,AD,2012-06-01,62.50841558177084,False
comun,P_IMERG_mm,AD,2012-07-01,-31.123045941998186,False
comun,P_IMERG_mm,AD,2012-08-01,-30.261376438352947,False
comun,P_IMERG_mm,AD,2012-09-01,-3.0257890781990895,False
comun,P_IMERG_mm,AD,2012-10-01,14.668596911540675,False
comun,P_IMERG_mm,AD,2012-11-01,-9.093602978895714,False
comun,P_IMERG_mm,AD,2012-12-01,41.36223855022328,False
comun,P_IMERG_mm,AD,2013-01-01,5.487903162335094,False
comun,P_IMERG_mm,AD,2013-02-01,-3.120813745378877,False
comun,P_IMERG_mm,AD,2013-03-01,-0.2534498868704116,False
comun,P_IMERG_mm,AD,2013-04-01,-20.558250573936736,False
comun,P_IMERG_mm,AD,2013-05-01,33.65189498657125,False
comun,P_IMERG_mm,AD,2013-06-01,-73.28421273445885,False
comun,P_IMERG_mm,AD,2013-07-01,-40.70729532604352,False
comun,P_IMERG_mm,AD,2013-08-01,-0.2513916914614249,False
comun,P_IMERG_mm,AD,2013-09-01,-8.003892093153578,False
comun,P_IMERG_mm,AD,2013-10-01,-16.448373520056546,False
comun,P_IMERG_mm,AD,2013-11-01,3.142328803181414,False
comun,P_IMERG_mm,AD,2013-12-01,2.213087225075043,False
comun,P_IMERG_mm,AD,2014-01-01,-3.9871797098656288,False
comun,P_IMERG_mm,AD,2014-02-01,36.40502859810625,False
comun,P_IMERG_mm,AD,2014-03-01,-3.745586215836802,False
comun,P_IMERG_mm,AD,2014-04-01,-7.189216860564489,False
comun,P_IMERG_mm,AD,2014-05-01,-22.44782319364111,False
comun,P_IMERG_mm,AD,2014-06-01,13.758972330774025,False
comun,P_IMERG_mm,AD,2014-07-01,-32.02215646692373,False
comun,P_IMERG_mm,AD,2014-08-01,5.28651282517421,False
comun,P_IMERG_mm,AD,2014-09-01,32.79020276605438,False
comun,P_IMERG_mm,AD,2014-10-01,5.119389657213876,False
comun,P_IMERG_mm,AD,2014-11-01,-0.824990729512816,False
comun,P_IMERG_mm,AD,2014-12-01,-4.105416664339286,False
comun,P_IMERG_mm,AD,2015-01-01,-4.229740383506538,False
comun,P_IMERG_mm,AD,2015-02-01,15.265864919877075,False
comun,P_IMERG_mm,AD,2015-03-01,19.574254114944104,False
comun,P_IMERG_mm,AD,2015-04-01,-20.522468239426054,False
comun,P_IMERG_mm,AD,2015-05-01,-54.91498874532145,False
comun,P_IMERG_mm,AD,2015-06-01,-95.24751284306494,False
comun,P_IMERG_mm,AD,2015-07-01,21.261241493111775,False
comun,P_IMERG_mm,AD,2015-08-01,152.48375531547435,False
comun,P_IMERG_mm,AD,2015-09-01,40.13165852181335,False
comun,P_IMERG_mm,AD,2015-10-01,88.58106979060712,False
comun,P_IMERG_mm,AD,2015-11-01,13.420382431168012,False
comun,P_IMERG_mm,AD,2015-12-01,1.4352444341354627,False
comun,P_IMERG_mm,AD,2016-01-01,38.84291526696917,False
comun,P_IMERG_mm,AD,2016-02-01,6.820554008176256,False
comun,P_IMERG_mm,AD,2016-03-01,8.265401527539058,False
comun,P_IMERG_mm,AD,2016-04-01,169.8124897490137,False
comun,P_IMERG_mm,AD,2016-05-01,22.185767208479184,False
comun,P_IMERG_mm,AD,2016-06-01,-65.96531584354116,False
comun,P_IMERG_mm,AD,2016-07-01,12.358006664387112,False
comun,P_IMERG_mm,AD,2016-08-01,-67.99657011548068,False
comun,P_IMERG_mm,AD,2016-09-01,-26.447271391089124,False
comun,P_IMERG_mm,AD,2016-10-01,21.26949845878476,False
comun,P_IMERG_mm,AD,2016-11-01,11.569042282191056,False
comun,P_IMERG_mm,AD,2016-12-01,15.716483114570401,False
comun,P_IMERG_mm,AD,2017-01-01,-1.2929015577665322,False
comun,P_IMERG_mm,AD,2017-02-01,27.541193940314013,False
comun,P_IMERG_mm,AD,2017-03-01,10.991785336065586,False
comun,P_IMERG_mm,AD,2017-04-01,45.15816605518859,False
comun,P_IMERG_mm,AD,2017-05-01,35.384308876430865,False
comun,P_IMERG_mm,AD,2017-06-01,0.368428586744006,False
comun,P_IMERG_mm,AD,2017-07-01,-22.740897257677165,False
comun,P_IMERG_mm,AD,2017-08-01,-5.007275238969992,False
comun,P_IMERG_mm,AD,2017-09-01,0.7890914412536993,False
comun,P_IMERG_mm,AD,2017-10-01,25.837368162467083,False
comun,P_IMERG_mm,AD,2017-11-01,6.540461918672829,False
comun,P_IMERG_mm,AD,2017-12-01,0.009390690020369519,False
comun,P_IMERG_mm,AD,2018-01-01,8.78771011600887,False
comun,P_IMERG_mm,AD,2018-02-01,8.541249994159614,False
comun,P_IMERG_mm,AD,2018-03-01,1.237489136374986,False
comun,P_IMERG_mm,AD,2018-04-01,-8.972171266393264,False
comun,P_IMERG_mm,AD,2018-05-01,-5.863550359998502,False
comun,P_IMERG_mm,AD,2018-06-01,-28.88675735495472,False
comun,P_IMERG_mm,AD,2018-07-01,2.9298177259213354,False
comun,P_IMERG_mm,AD,2018-08-01,-66.13461783099787,False
comun,P_IMERG_mm,AD,2018-09-01,27.966857573831152,False
comun,P_IMERG_mm,AD,2018-10-01,16.226602293729986,False
comun,P_IMERG_mm,AD,2018-11-01,8.241653374440553,False
comun,P_IMERG_mm,AD,2018-12-01,2.1906073909051376,False
comun,P_IMERG_mm,AD,2019-01-01,6.836021959557204,False
comun,P_IMERG_mm,AD,2019-02-01,7.779505855985359,False
comun,P_IMERG_mm,AD,2019-03-01,9.207128373734925,False
comun,P_IMERG_mm,AD,2019-04-01,-9.659601561415087,False
comun,P_IMERG_mm,AD,2019-05-01,-28.68366797215035,False
comun,P_IMERG_mm,AD,2019-06-01,-23.106050850400287,False
comun,P_IMERG_mm,AD,2019-07-01,-37.12345521747423,False
comun,P_IMERG_mm,AD,2019-08-01,-47.652763573556626,False
comun,P_IMERG_mm,AD,2019-09-01,-1.3927681919072725,False
comun,P_IMERG_mm,AD,2019-10-01,-1.878889602840914,False
comun,P_IMERG_mm,AD,2019-11-01,3.038759267822371,False
comun,P_IMERG_mm,AD,2019-12-01,-6.632591823131403,False
comun,P_IMERG_mm,AD,2020-01-01,7.676932738731274,False
comun,P_IMERG_mm,AD,2020-02-01,7.83493432917342,False
comun,P_IMERG_mm,AD,2020-03-01,1.21790105591597,False
comun,Caudal_m3s,C,2001-04-01,-9.707305538281503,False
comun,Caudal_m3s,C,2001-05-01,-25.583111989894405,False
comun,Caudal_m3s,C,2001-06-01,-37.48397220494817,False
comun,Caudal_m3s,C,2001-07-01,-18.36053134473312,False
comun,Caudal_m3s,C,2001-08-01,-9.579886183442795,False
comun,Caudal_m3s,C,2001-09-01,-15.477305538281499,False
comun,Caudal_m3s,C,2001-10-01,35.084629945589484,False
comun,Caudal_m3s,C,2001-11-01,81.4426944617185,False
comun,Caudal_m3s,C,2001-12-01,232.07495252623465,False
comun,Caudal_m3s,C,2002-01-01,116.42979123591206,False
comun,Caudal_m3s,C,2002-02-01,50.25698017600422,False
comun,Caudal_m3s,C,2002-03-01,6.807210590750756,False
comun,Caudal_m3s,C,2002-04-01,-25.527305538281496,False
comun,Caudal_m3s,C,2002-05-01,-36.14351243483322,False
comun,Caudal_m3s,C,2002-06-01,-17.36063887161484,False
comun,Caudal_m3s,C,2002-07-01,-33.14117650602344,False
comun,Caudal_m3s,C,2002-08-01,4.678178332686215,False
comun,Caudal_m3s,C,2002-09-01,9.535797909994372,False
comun,Caudal_m3s,C,2002-10-01,46.33301704236365,False
comun,Caudal_m3s,C,2002-11-01,144.2760277950518,False
comun,Caudal_m3s,C,2002-12-01,249.68785575204106,False
comun,Caudal_m3s,C,2003-01-01,272.68785575204106,False
comun,Caudal_m3s,C,2003-02-01,161.00698017600422,False
comun,Caudal_m3s,C,2003-03-01,82.97817833268621,False
comun,Caudal_m3s,C,2003-04-01,7.687522047925384,False
comun,Caudal_m3s,C,2003-05-01,-26.225047473765386,False
comun,Caudal_m3s,C,2003-06-01,-25.497305538281495,False
comun,Caudal_m3s,C,2003-07-01,-27.666982957636336,False
comun,Caudal_m3s,C,2003-08-01,-40.344402312475054,False
comun,Caudal_m3s,C,2003-09-01,-29.39063887161484,False
comun,Caudal_m3s,C,2003-10-01,7.25559768752494,False
comun,Caudal_m3s,C,2003-11-01,51.84269446171851,False
comun,Caudal_m3s,C,2003-12-01,51.68785575204109,False
comun,Caudal_m3s,C,2004-01-01,83.17172671978301,False
comun,Caudal_m3s,C,2004-02-01,30.83579790999437,False
comun,Caudal_m3s,C,2004-03-01,-6.241176506023464,False
comun,Caudal_m3s,C,2004-04-01,-27.437305538281507,False
comun,Caudal_m3s,C,2004-05-01,-45.8573055382815,False
comun,Caudal_m3s,C,2004-06-01,-46.417305538281504,False
comun,Caudal_m3s,C,2004-07-01,-47.31537005441053,False
comun,Caudal_m3s,C,2004-08-01,-51.93795069957182,False
comun,Caudal_m3s,C,2004-09-01,-35.03397220494817,False
comun,Caudal_m3s,C,2004-10-01,-27.06698295763634,False
comun,Caudal_m3s,C,2004-11-01,5.046027795051813,False
comun,Caudal_m3s,C,2004-12-01,41.720113816557216,False
comun,Caudal_m3s,C,2005-01-01,37.89753317139591,False
comun,Caudal_m3s,C,2005-02-01,0.5069801760042196,False
comun,Caudal_m3s,C,2005-03-01,-22.718595860862152,False
comun,Caudal_m3s,C,2005-04-01,-44.2173055382815,False
comun,Caudal_m3s,C,2005-05-01,-48.150853925378286,False
comun,Caudal_m3s,C,2005-06-01,-3.733972204948188,False
comun,Caudal_m3s,C,2005-07-01,-12.041176506023433,False
comun,Caudal_m3s,C,2005-08-01,16.665275106879776,False
comun,Caudal_m3s,C,2005-09-01,17.542694461718497,False
comun,Caudal_m3s,C,2005-10-01,51.10721059075075,False
comun,Caudal_m3s,C,2005-11-01,155.80936112838518,False
comun,Caudal_m3s,C,2005-12-01,294.7201138165572,False
comun,Caudal_m3s,C,2006-01-01,358.6233396230088,False
comun,Caudal_m3s,C,2006-02-01,207.18555160457572,False
comun,Caudal_m3s,C,2006-03-01,67.3975331713959,False
comun,Caudal_m3s,C,2006-04-01,10.34602779505181,False
comun,Caudal_m3s,C,2006-05-01,-25.18633779634601,False
comun,Caudal_m3s,C,2006-06-01,-34.233972204948174,False
comun,Caudal_m3s,C,2006-07-01,14.474952526234617,False
comun,Caudal_m3s,C,2006-08-01,-19.15085392537827,False
comun,Caudal_m3s,C,2006-09-01,-13.7573055382815,False
comun,Caudal_m3s,C,2006-10-01,40.43301704236367,False
comun,Caudal_m3s,C,2006-11-01,121.0426944617185,False
comun,Caudal_m3s,C,2006-12-01,153.55882349397658,False
comun,Caudal_m3s,C,2007-01-01,81.97172671978296,False
comun,Caudal_m3s,C,2007-02-01,39.416768535792556,False
comun,Caudal_m3s,C,2007-03-01,8.862049300428183,False
comun,Caudal_m3s,C,2007-04-01,-28.807305538281497,False
comun,Caudal_m3s,C,2007-05-01,-39.22182166731376,False
comun,Caudal_m3s,C,2007-06-01,-41.03397220494817,False
comun,Caudal_m3s,C,2007-07-01,-40.692789409249244,False
comun,Caudal_m3s,C,2007-08-01,-44.9314990866686,False
comun,Caudal_m3s,C,2007-09-01,-37.71286109383706,False
comun,Caudal_m3s,C,2007-10-01,-3.0623055382815068,False
comun,Caudal_m3s,C,2007-11-01,22.952694461718494,False
comun,Caudal_m3s,C,2007-12-01,27.801315151373657,False
comun,Caudal_m3s,C,2008-01-01,26.203984784299138,False
comun,Caudal_m3s,C,2008-02-01,-0.9745469175918657,False
comun,Caudal_m3s,C,2008-03-01,-28.65407973182988,False
comun,Caudal_m3s,C,2008-04-01,-41.26397220494817,False
comun,Caudal_m3s,C,2008-05-01,-4.592789409249221,False
comun,Caudal_m3s,C,2008-06-01,-6.437305538281507,False
comun,Caudal_m3s,C,2008-07-01,-37.09278940924925,False
comun,Caudal_m3s,C,2008-08-01,-18.91214424795892,False
comun,Caudal_m3s,C,2008-09-01,-18.163972204948166,False
comun,Caudal_m3s,C,2008-10-01,17.520113816557213,False
comun,Caudal_m3s,C,2008-11-01,151.50936112838517,False
comun,Caudal_m3s,C,2008-12-01,186.01043639720234,False
comun,Caudal_m3s,C,2009-01-01,98.84914607462173,False
comun,Caudal_m3s,C,2009-02-01,46.11412303314708,False
comun,Caudal_m3s,C,2009-03-01,8.952371881073333,False
comun,Caudal_m3s,C,2009-04-01,-19.053972204948167,False
comun,Caudal_m3s,C,2009-05-01,-38.41859586086214,False
comun,Caudal_m3s,C,2009-06-01,-41.9573055382815,False
comun,Caudal_m3s,C,2009-07-01,-44.53063887161484,False
comun,Caudal_m3s,C,2009-08-01,-35.14440231247505,False
comun,Caudal_m3s,C,2009-09-01,-14.193972204948167,False
comun,Caudal_m3s,C,2009-10-01,-15.154079731829881,False
comun,Caudal_m3s,C,2009-11-01,22.919361128385177,False
comun,Caudal_m3s,C,2009-12-01,101.94592026817008,False
comun,Caudal_m3s,C,2010-01-01,97.65559768752499,False
comun,Caudal_m3s,C,2010-02-01,50.25698017600422,False
comun,Caudal_m3s,C,2010-03-01,19.07495252623461,False
comun,Caudal_m3s,C,2010-04-01,-17.38730553828151,False
comun,Caudal_m3s,C,2010-05-01,-36.25085392537827,False
comun,Caudal_m3s,C,2010-06-01,-39.1273055382815,False
comun,Caudal_m3s,C,2010-07-01,-48.24440231247505,False
comun,Caudal_m3s,C,2010-08-01,-47.57020876408795,False
comun,Caudal_m3s,C,2010-09-01,-43.76063887161483,False
comun,Caudal_m3s,C,2010-10-01,-22.928273280216985,False
comun,Caudal_m3s,C,2010-11-01,1.0626944617184932,False
comun,Caudal_m3s,C,2010-12-01,0.503984784299135,False
comun,Caudal_m3s,C,2011-01-01,-6.057305538281497,False
comun,Caudal_m3s,C,2011-02-01,-15.110876966852942,False
comun,Caudal_m3s,C,2011-03-01,-33.005692635055695,False
comun,Caudal_m3s,C,2011-04-01,-47.557305538281504,False
comun,Caudal_m3s,C,2011-05-01,-56.51859586086214,False
comun,Caudal_m3s,C,2011-06-01,-64.9873055382815,False
comun,Caudal_m3s,C,2011-07-01,-65.52504747376537,False
comun,Caudal_m3s,C,2011-08-01,-66.01214424795893,False
comun,Caudal_m3s,C,2011-09-01,-53.557305538281504,False
comun,Caudal_m3s,C,2011-10-01,-33.06053134473312,False
comun,Caudal_m3s,C,2011-11-01,-11.867305538281514,False
comun,Caudal_m3s,C,2011-12-01,-1.7218216673137618,False
comun,Caudal_m3s,C,2012-01-01,-17.228273280216996,False
comun,Caudal_m3s,C,2012-02-01,-18.146960710695296,False
comun,Caudal_m3s,C,2012-03-01,-25.344402312475054,False
comun,Caudal_m3s,C,2012-04-01,-43.7773055382815,False
comun,Caudal_m3s,C,2012-05-01,-45.321821667313756,False
comun,Caudal_m3s,C,2012-06-01,-53.040638871614846,False
comun,Caudal_m3s,C,2012-07-01,-56.22182166731376,False
comun,Caudal_m3s,C,2012-08-01,-64.01859586086215,False
comun,Caudal_m3s,C,2012-09-01,-50.947305538281505,False
comun,Caudal_m3s,C,2012-10-01,-45.41537005441054,False
comun,Caudal_m3s,C,2012-11-01,30.87936112838517,False
comun,Caudal_m3s,C,2012-12-01,35.8943073649443,False
comun,Caudal_m3s,C,2013-01-01,46.13946865526688,False
comun,Caudal_m3s,C,2013-02-01,2.0748373188613556,False
comun,Caudal_m3s,C,2013-03-01,-29.312144247958926,False
comun,Caudal_m3s,C,2013-04-01,-46.930638871614846,False
comun,Caudal_m3s,C,2013-05-01,-54.33795069957182,False
comun,Caudal_m3s,C,2013-06-01,-48.46397220494817,False
comun,Caudal_m3s,C,2013-07-01,-52.11859586086215,False
comun,Caudal_m3s,C,2013-08-01,-48.72504747376537,False
comun,Caudal_m3s,C,2013-09-01,-42.0073055382815,False
comun,Caudal_m3s,C,2013-10-01,-19.379886183442792,False
comun,Caudal_m3s,C,2013-11-01,12.856027795051816,False
comun,Caudal_m3s,C,2013-12-01,38.36527510687978,False
comun,Caudal_m3s,C,2014-01-01,25.771726719783004,False
comun,Caudal_m3s,C,2014-02-01,-9.578734109710084,False
comun,Caudal_m3s,C,2014-03-01,-27.44762811892666,False
comun,Caudal_m3s,C,2014-04-01,-39.56801982399578,False
comun,Caudal_m3s,C,2014-05-01,-48.9056926350557,False
comun,Caudal_m3s,C,2014-06-01,-50.057305538281504,False
comun,Caudal_m3s,C,2014-07-01,-54.237950699571826,False
comun,Caudal_m3s,C,2014-08-01,-53.296015215700855,False
comun,Caudal_m3s,C,2014-09-01,-52.19063887161484,False
comun,Caudal_m3s,C,2014-10-01,-9.012144247958915,False
comun,Caudal_m3s,C,2014-11-01,13.186027795051857,False
comun,Caudal_m3s,C,2014-12-01,-2.7895636027976423,False
comun,Caudal_m3s,C,2015-01-01,-3.9702087640879427,False
comun,Caudal_m3s,C,2015-02-01,-21.68587696685293,False
comun,Caudal_m3s,C,2015-03-01,-36.548214629190596,False
comun,Caudal_m3s,C,2015-04-01,-52.65056815857844,True
comun,Caudal_m3s,C,2015-05-01,-61.315486376699056,True
comun,Caudal_m3s,C,2015-06-01,-54.74917712455583,True
comun,Caudal_m3s,C,2015-07-01,-52.068250478166874,True
comun,Caudal_m3s,C,2015-08-01,-45.03210726366132,True
comun,Caudal_m3s,C,2015-09-01,-32.63364469301604,True
comun,Caudal_m3s,C,2015-10-01,-1.349547392423915,True
comun,Caudal_m3s,C,2015-11-01,54.04117506607594,True
comun,Caudal_m3s,C,2015-12-01,104.72690498803425,False
comun,Caudal_m3s,C,2016-01-01,70.2685009133314,False
comun,Caudal_m3s,C,2016-02-01,30.559935841028846,False
comun,Caudal_m3s,C,2016-03-01,0.7620493004281741,False
comun,Caudal_m3s,C,2016-04-01,15.172694461718493,False
comun,Caudal_m3s,C,2016-05-01,-23.65730553828149,False
comun,Caudal_m3s,C,2016-06-01,-22.807305538281497,False
comun,Caudal_m3s,C,2016-07-01,-33.64117650602344,False
comun,Caudal_m3s,C,2016-08-01,-31.773434570539578,False
comun,Caudal_m3s,C,2016-09-01,-22.53397220494817,False
comun,Caudal_m3s,C,2016-10-01,-10.59601521570086,False
comun,Caudal_m3s,C,2016-11-01,38.27602779505182,False
comun,Caudal_m3s,C,2016-12-01,71.72011381655722,False
comun,Caudal_m3s,C,2017-01-01,87.0426944617185,False
comun,Caudal_m3s,C,2017-02-01,49.89983731886136,False
comun,Caudal_m3s,C,2017-03-01,-12.086337796346015,False
comun,Caudal_m3s,C,2017-04-01,-28.5373055382815,False
comun,Caudal_m3s,C,2017-05-01,-38.029719331384946,False
comun,Caudal_m3s,C,2017-06-01,-39.090638871614836,False
comun,Caudal_m3s,C,2017-07-01,-43.49601521570086,False
comun,Caudal_m3s,C,2017-08-01,-47.67020876408795,False
comun,Caudal_m3s,C,2017-09-01,-41.043972204948176,False
comun,Caudal_m3s,C,2017-10-01,-16.618595860862143,False
comun,Caudal_m3s,C,2017-11-01,13.016027795051812,False
comun,Caudal_m3s,C,2017-12-01,40.01043639720237,False
comun,Caudal_m3s,C,2018-01-01,10.468500913331397,False
comun,Caudal_m3s,C,2018-02-01,5.660551604575659,False
comun,Caudal_m3s,C,2018-03-01,-38.54117650602343,False
comun,Caudal_m3s,C,2018-04-01,-46.39063887161483,False
comun,Caudal_m3s,C,2018-05-01,-63.741176506023436,False
comun,Caudal_m3s,C,2018-06-01,-62.700638871614835,False
comun,Caudal_m3s,C,2018-07-01,-64.61214424795892,False
comun,Caudal_m3s,C,2018-08-01,-61.637950699571824,False
comun,Caudal_m3s,C,2018-09-01,-51.883972204948165,False
comun,Caudal_m3s,C,2018-10-01,-44.447628118926666,False
comun,Caudal_m3s,C,2018-11-01,-10.713972204948163,False
comun,Caudal_m3s,C,2018-12-01,10.08140413913786,False
comun,Caudal_m3s,C,2019-01-01,7.3717267197830125,False
comun,Caudal_m3s,C,2019-02-01,-4.939448395424364,False
comun,Caudal_m3s,C,2019-03-01,-31.802466828604082,False
comun,Caudal_m3s,C,2019-04-01,-42.4273055382815,False
comun,Caudal_m3s,C,2019-05-01,-60.46653134473312,False
comun,Caudal_m3s,C,2019-06-01,-70.15883887161485,False
comun,Caudal_m3s,C,2019-07-01,-74.14607973182989,False
comun,Caudal_m3s,C,2019-08-01,-67.73795069957183,False
comun,Caudal_m3s,C,2019-09-01,-51.250005538281506,False
comun,Caudal_m3s,C,2019-10-01,-54.950692635055695,False
comun,Caudal_m3s,C,2019-11-01,-33.913372204948175,False
comun,Caudal_m3s,C,2019-12-01,-34.11185392537827,False
comun,Caudal_m3s,C,2020-01-01,-13.496789409249246,False
comun,Caudal_m3s,C,2020-02-01,-34.99134002104012,False
comun,Caudal_m3s,C,2020-03-01,-44.954789409249244,False
comun,Caudal_m3s,A,2001-04-01,19.459922328120633,False
comun,Caudal_m3s,A,2001-05-01,16.985503129245934,False
comun,Caudal_m3s,A,2001-06-01,3.254802696666529,False
comun,Caudal_m3s,A,2001-07-01,24.43378594511021,False
comun,Caudal_m3s,A,2001-08-01,30.91475692651256,False
comun,Caudal_m3s,A,2001-09-01,17.355344035646162,False
comun,Caudal_m3s,A,2001-10-01,41.36965125354261,False
comun,Caudal_m3s,A,2001-11-01,37.07346234578936,False
comun,Caudal_m3s,A,2001-12-01,141.75645952296478,False
comun,Caudal_m3s,A,2002-01-01,40.15429947086009,False
comun,Caudal_m3s,A,2002-02-01,18.01054258902193,False
comun,Caudal_m3s,A,2002-03-01,15.135615893147465,False
comun,Caudal_m3s,A,2002-04-01,3.639922328120639,False
comun,Caudal_m3s,A,2002-05-01,6.425102684307118,False
comun,Caudal_m3s,A,2002-06-01,23.378136029999858,False
comun,Caudal_m3s,A,2002-07-01,9.653140783819884,False
comun,Caudal_m3s,A,2002-08-01,45.17282144264157,False
comun,Caudal_m3s,A,2002-09-01,42.36844748392203,False
comun,Caudal_m3s,A,2002-10-01,52.61803835031677,False
comun,Caudal_m3s,A,2002-11-01,99.90679567912264,False
comun,Caudal_m3s,A,2002-12-01,159.36936274877118,False
comun,Caudal_m3s,A,2003-01-01,196.41236398698908,False
comun,Caudal_m3s,A,2003-02-01,128.76054258902192,False
comun,Caudal_m3s,A,2003-03-01,91.30658363508292,False
comun,Caudal_m3s,A,2003-04-01,36.85474991432752,False
comun,Caudal_m3s,A,2003-05-01,16.343567645374954,False
comun,Caudal_m3s,A,2003-06-01,15.2414693633332,False
comun,Caudal_m3s,A,2003-07-01,15.12733433220699,False
comun,Caudal_m3s,A,2003-08-01,0.15024079748029928,False
comun,Caudal_m3s,A,2003-09-01,3.4420107023128197,False
comun,Caudal_m3s,A,2003-10-01,13.540618995478061,False
comun,Caudal_m3s,A,2003-11-01,7.473462345789363,False
comun,Caudal_m3s,A,2003-12-01,-38.630637251228784,False
comun,Caudal_m3s,A,2004-01-01,6.8962349547310335,False
comun,Caudal_m3s,A,2004-02-01,-1.410639676987921,False
comun,Caudal_m3s,A,2004-03-01,2.0872287963732448,False
comun,Caudal_m3s,A,2004-04-01,1.7299223281206282,False
comun,Caudal_m3s,A,2004-05-01,-3.288690419141163,False
comun,Caudal_m3s,A,2004-06-01,-5.6785306366668085,False
comun,Caudal_m3s,A,2004-07-01,-4.521052764567203,False
comun,Caudal_m3s,A,2004-08-01,-11.443307589616468,False
comun,Caudal_m3s,A,2004-09-01,-2.201322631020511,False
comun,Caudal_m3s,A,2004-10-01,-20.78196164968322,False
comun,Caudal_m3s,A,2004-11-01,-39.32320432087733,False
comun,Caudal_m3s,A,2004-12-01,-48.598379186712656,False
comun,Caudal_m3s,A,2005-01-01,-38.37795859365607,False
comun,Caudal_m3s,A,2005-02-01,-31.73945741097807,False
comun,Caudal_m3s,A,2005-03-01,-14.390190558465443,False
comun,Caudal_m3s,A,2005-04-01,-15.050077671879366,False
comun,Caudal_m3s,A,2005-05-01,-5.582238806237948,False
comun,Caudal_m3s,A,2005-06-01,37.00480269666651,False
comun,Caudal_m3s,A,2005-07-01,30.753140783819894,False
comun,Caudal_m3s,A,2005-08-01,57.15991821683513,False
comun,Caudal_m3s,A,2005-09-01,50.37534403564616,False
comun,Caudal_m3s,A,2005-10-01,57.392231898703876,False
comun,Caudal_m3s,A,2005-11-01,111.44012901245603,False
comun,Caudal_m3s,A,2005-12-01,204.40162081328734,False
comun,Caudal_m3s,A,2006-01-01,282.3478478579568,False
comun,Caudal_m3s,A,2006-02-01,174.93911401759343,False
comun,Caudal_m3s,A,2006-03-01,75.72593847379261,False
comun,Caudal_m3s,A,2006-04-01,39.51325566145395,False
comun,Caudal_m3s,A,2006-05-01,17.38227732279433,False
comun,Caudal_m3s,A,2006-06-01,6.5048026966665216,False
comun,Caudal_m3s,A,2006-07-01,57.269269816077944,False
comun,Caudal_m3s,A,2006-08-01,21.343789184577084,False
comun,Caudal_m3s,A,2006-09-01,19.07534403564616,False
comun,Caudal_m3s,A,2006-10-01,46.718038350316796,False
comun,Caudal_m3s,A,2006-11-01,76.67346234578935,False
comun,Caudal_m3s,A,2006-12-01,63.240330490706704,False
comun,Caudal_m3s,A,2007-01-01,5.696234954730988,False
comun,Caudal_m3s,A,2007-02-01,7.170330948810266,False
comun,Caudal_m3s,A,2007-03-01,17.190454602824893,False
comun,Caudal_m3s,A,2007-04-01,0.35992232812063785,False
comun,Caudal_m3s,A,2007-05-01,3.3467934518265765,False
comun,Caudal_m3s,A,2007-06-01,-0.29519730333347516,False
comun,Caudal_m3s,A,2007-07-01,2.1015278805940825,False
comun,Caudal_m3s,A,2007-08-01,-4.4368559767132485,False
comun,Caudal_m3s,A,2007-09-01,-4.880211519909404,False
comun,Caudal_m3s,A,2007-10-01,3.222715769671615,False
comun,Caudal_m3s,A,2007-11-01,-21.41653765421065,False
comun,Caudal_m3s,A,2007-12-01,-62.517177851896214,False
comun,Caudal_m3s,A,2008-01-01,-50.07150698075284,False
comun,Caudal_m3s,A,2008-02-01,-33.220984504574155,False
comun,Caudal_m3s,A,2008-03-01,-20.32567442943317,False
comun,Caudal_m3s,A,2008-04-01,-12.096744338546033,False
comun,Caudal_m3s,A,2008-05-01,37.97582570989112,False
comun,Caudal_m3s,A,2008-06-01,34.30146936333319,False
comun,Caudal_m3s,A,2008-07-01,5.701527880594076,False
comun,Caudal_m3s,A,2008-08-01,21.582498861996434,False
comun,Caudal_m3s,A,2008-09-01,14.668677368979493,False
comun,Caudal_m3s,A,2008-10-01,23.805135124510336,False
comun,Caudal_m3s,A,2008-11-01,107.14012901245601,False
comun,Caudal_m3s,A,2008-12-01,95.69194339393246,False
comun,Caudal_m3s,A,2009-01-01,22.573654309569754,False
comun,Caudal_m3s,A,2009-02-01,13.86768544616479,False
comun,Caudal_m3s,A,2009-03-01,17.280777183470043,False
comun,Caudal_m3s,A,2009-04-01,10.113255661453968,False
comun,Caudal_m3s,A,2009-05-01,4.150019258278197,False
comun,Caudal_m3s,A,2009-06-01,-1.2185306366668072,False
comun,Caudal_m3s,A,2009-07-01,-1.7363215817715143,False
comun,Caudal_m3s,A,2009-08-01,5.350240797480302,False
comun,Caudal_m3s,A,2009-09-01,18.638677368979494,False
comun,Caudal_m3s,A,2009-10-01,-8.86905842387676,False
comun,Caudal_m3s,A,2009-11-01,-21.449870987543967,False
comun,Caudal_m3s,A,2009-12-01,11.627427264900211,False
comun,Caudal_m3s,A,2010-01-01,21.380105922473014,False
comun,Caudal_m3s,A,2010-02-01,18.01054258902193,False
comun,Caudal_m3s,A,2010-03-01,27.40335782863132,False
comun,Caudal_m3s,A,2010-04-01,11.779922328120625,False
comun,Caudal_m3s,A,2010-05-01,6.317761193762065,False
comun,Caudal_m3s,A,2010-06-01,1.6114693633331982,False
comun,Caudal_m3s,A,2010-07-01,-5.450085022631727,False
comun,Caudal_m3s,A,2010-08-01,-7.075565654132598,False
comun,Caudal_m3s,A,2010-09-01,-10.927989297687171,False
comun,Caudal_m3s,A,2010-10-01,-16.64325197226386,False
comun,Caudal_m3s,A,2010-11-01,-43.30653765421065,False
comun,Caudal_m3s,A,2010-12-01,-89.81450821897074,False
comun,Caudal_m3s,A,2011-01-01,-82.33279730333348,False
comun,Caudal_m3s,A,2011-02-01,-47.35731455383523,False
comun,Caudal_m3s,A,2011-03-01,-24.677287332658985,False
comun,Caudal_m3s,A,2011-04-01,-18.390077671879368,False
comun,Caudal_m3s,A,2011-05-01,-13.949980741721804,False
comun,Caudal_m3s,A,2011-06-01,-24.248530636666807,False
comun,Caudal_m3s,A,2011-07-01,-22.73073018392204,False
comun,Caudal_m3s,A,2011-08-01,-25.517501138003567,False
comun,Caudal_m3s,A,2011-09-01,-20.724655964353843,False
comun,Caudal_m3s,A,2011-10-01,-26.77551003678,False
comun,Caudal_m3s,A,2011-11-01,-56.23653765421066,False
comun,Caudal_m3s,A,2011-12-01,-92.04031467058364,False
comun,Caudal_m3s,A,2012-01-01,-93.50376504526898,False
comun,Caudal_m3s,A,2012-02-01,-50.393398297677585,False
comun,Caudal_m3s,A,2012-03-01,-17.015997010078344,False
comun,Caudal_m3s,A,2012-04-01,-14.610077671879369,False
comun,Caudal_m3s,A,2012-05-01,-2.753206548173418,False
comun,Caudal_m3s,A,2012-06-01,-12.30186397000015,False
comun,Caudal_m3s,A,2012-07-01,-13.427504377470436,False
comun,Caudal_m3s,A,2012-08-01,-23.523952750906794,False
comun,Caudal_m3s,A,2012-09-01,-18.114655964353844,False
comun,Caudal_m3s,A,2012-10-01,-39.130348746457415,False
comun,Caudal_m3s,A,2012-11-01,-13.489870987543975,False
comun,Caudal_m3s,A,2012-12-01,-54.424185638325575,False
comun,Caudal_m3s,A,2013-01-01,-30.136023109785093,False
comun,Caudal_m3s,A,2013-02-01,-30.171600268120933,False
comun,Caudal_m3s,A,2013-03-01,-20.983738945562216,False
comun,Caudal_m3s,A,2013-04-01,-17.76341100521271,False
comun,Caudal_m3s,A,2013-05-01,-11.769335580431482,False
comun,Caudal_m3s,A,2013-06-01,-7.725197303333475,False
comun,Caudal_m3s,A,2013-07-01,-9.324278571018825,False
comun,Caudal_m3s,A,2013-08-01,-8.230404363810019,False
comun,Caudal_m3s,A,2013-09-01,-9.17465596435384,False
comun,Caudal_m3s,A,2013-10-01,-13.094864875489671,False
comun,Caudal_m3s,A,2013-11-01,-31.51320432087733,False
comun,Caudal_m3s,A,2013-12-01,-51.95321789639009,False
comun,Caudal_m3s,A,2014-01-01,-50.50376504526897,False
comun,Caudal_m3s,A,2014-02-01,-41.82517169669237,False
comun,Caudal_m3s,A,2014-03-01,-19.11922281652995,False
comun,Caudal_m3s,A,2014-04-01,-10.400791957593649,False
comun,Caudal_m3s,A,2014-05-01,-6.337077515915363,False
comun,Caudal_m3s,A,2014-06-01,-9.318530636666809,False
comun,Caudal_m3s,A,2014-07-01,-11.4436334097285,False
comun,Caudal_m3s,A,2014-08-01,-12.801372105745502,False
comun,Caudal_m3s,A,2014-09-01,-19.357989297687176,False
comun,Caudal_m3s,A,2014-10-01,-2.7271229400057933,False
comun,Caudal_m3s,A,2014-11-01,-31.183204320877287,False
comun,Caudal_m3s,A,2014-12-01,-93.10805660606752,False
comun,Caudal_m3s,A,2015-01-01,-80.24570052913992,False
comun,Caudal_m3s,A,2015-02-01,-53.93231455383522,False
comun,Caudal_m3s,A,2015-03-01,-28.219809326793886,False
comun,Caudal_m3s,A,2015-04-01,-23.4833402921763,True
comun,Caudal_m3s,A,2015-05-01,-18.746871257558716,True
comun,Caudal_m3s,A,2015-06-01,-14.010402222941133,True
comun,Caudal_m3s,A,2015-07-01,-9.273933188323548,True
comun,Caudal_m3s,A,2015-08-01,-4.5374641537059635,True
comun,Caudal_m3s,A,2015-09-01,0.19900488091162183,True
comun,Caudal_m3s,A,2015-10-01,4.935473915529206,True
comun,Caudal_m3s,A,2015-11-01,9.671942950146791,True
comun,Caudal_m3s,A,2015-12-01,14.408411984764376,False
comun,Caudal_m3s,A,2016-01-01,-6.006990851720582,False
comun,Caudal_m3s,A,2016-02-01,-1.6865017459534442,False
comun,Caudal_m3s,A,2016-03-01,9.090454602824883,False
comun,Caudal_m3s,A,2016-04-01,44.33992232812063,False
comun,Caudal_m3s,A,2016-05-01,18.91130958085885,False
comun,Caudal_m3s,A,2016-06-01,17.9314693633332,False
comun,Caudal_m3s,A,2016-07-01,9.153140783819884,False
comun,Caudal_m3s,A,2016-08-01,8.721208539415775,False
comun,Caudal_m3s,A,2016-09-01,10.298677368979488,False
comun,Caudal_m3s,A,2016-10-01,-4.310993907747738,False
comun,Caudal_m3s,A,2016-11-01,-6.093204320877328,False
comun,Caudal_m3s,A,2016-12-01,-18.598379186712656,False
comun,Caudal_m3s,A,2017-01-01,10.767202696666521,False
comun,Caudal_m3s,A,2017-02-01,17.65339973187907,False
comun,Caudal_m3s,A,2017-03-01,-3.757932493949306,False
comun,Caudal_m3s,A,2017-04-01,0.6299223281206339,False
comun,Caudal_m3s,A,2017-05-01,4.538895787755392,False
comun,Caudal_m3s,A,2017-06-01,1.64813602999986,False
comun,Caudal_m3s,A,2017-07-01,-0.7016979258575318,False
comun,Caudal_m3s,A,2017-08-01,-7.175565654132599,False
comun,Caudal_m3s,A,2017-09-01,-8.211322631020517,False
comun,Caudal_m3s,A,2017-10-01,-10.333574552909022,False
comun,Caudal_m3s,A,2017-11-01,-31.35320432087733,False
comun,Caudal_m3s,A,2017-12-01,-50.3080566060675,False
comun,Caudal_m3s,A,2018-01-01,-65.80699085172058,False
comun,Caudal_m3s,A,2018-02-01,-26.58588598240663,False
comun,Caudal_m3s,A,2018-03-01,-30.212771203626723,False
comun,Caudal_m3s,A,2018-04-01,-17.223411005212697,False
comun,Caudal_m3s,A,2018-05-01,-21.172561386883096,False
comun,Caudal_m3s,A,2018-06-01,-21.961863970000138,False
comun,Caudal_m3s,A,2018-07-01,-21.817826958115596,False
comun,Caudal_m3s,A,2018-08-01,-21.14330758961647,False
comun,Caudal_m3s,A,2018-09-01,-19.051322631020504,False
comun,Caudal_m3s,A,2018-10-01,-38.16260681097354,False
comun,Caudal_m3s,A,2018-11-01,-55.08320432087731,False
comun,Caudal_m3s,A,2018-12-01,-80.23708886413202,False
comun,Caudal_m3s,A,2019-01-01,-68.90376504526897,False
comun,Caudal_m3s,A,2019-02-01,-37.18588598240665,False
comun,Caudal_m3s,A,2019-03-01,-23.47406152620737,False
comun,Caudal_m3s,A,2019-04-01,-13.260077671879367,False
comun,Caudal_m3s,A,2019-05-01,-17.89791622559278,False
comun,Caudal_m3s,A,2019-06-01,-29.420063970000143,False
comun,Caudal_m3s,A,2019-07-01,-31.35176244198656,False
comun,Caudal_m3s,A,2019-08-01,-27.243307589616467,False
comun,Caudal_m3s,A,2019-09-01,-18.417355964353845,False
comun,Caudal_m3s,A,2019-10-01,-48.66567132710257,False
comun,Caudal_m3s,A,2019-11-01,-78.28260432087733,False
comun,Caudal_m3s,A,2019-12-01,-124.43034692864815,False
comun,Caudal_m3s,A,2020-01-01,-89.77228117430123,False
comun,Caudal_m3s,A,2020-02-01,-67.23777760802241,False
comun,Caudal_m3s,A,2020-03-01,-36.626384106852534,False
comun,Caudal_m3s,AD,2001-04-01,-21.886394894743958,False
comun,Caudal_m3s,AD,2001-05-01,-23.996529360377558,False
comun,Caudal_m3s,AD,2001-06-01,-37.36294505971587,False
comun,Caudal_m3s,AD,2001-07-01,-15.819677078031091,False
comun,Caudal_m3s,AD,2001-08-01,-8.974421363387641,False
comun,Caudal_m3s,AD,2001-09-01,-22.169549521012947,False
comun,Caudal_m3s,AD,2001-10-01,2.2090424301245974,False
comun,Caudal_m3s,AD,2001-11-01,-1.7228617443875507,False
comun,Caudal_m3s,AD,2001-12-01,103.32442016602897,False
comun,Caudal_m3s,AD,2002-01-01,2.0865448471653707,False
comun,Caudal_m3s,AD,2002-02-01,-19.692927301431688,False
comun,Caudal_m3s,AD,2002-03-01,-22.203569264065052,False
comun,Caudal_m3s,AD,2002-04-01,-33.334978095850786,False
comun,Caudal_m3s,AD,2002-05-01,-30.185513006423207,False
comun,Caudal_m3s,AD,2002-06-01,-12.86819492748937,False
comun,Caudal_m3s,AD,2002-07-01,-26.22890544042825,False
comun,Caudal_m3s,AD,2002-08-01,9.655059951634534,False
comun,Caudal_m3s,AD,2002-09-01,7.214970726156096,False
comun,Caudal_m3s,AD,2002-10-01,17.828846325791936,False
comun,Caudal_m3s,AD,2002-11-01,65.4818883878389,False
comun,Caudal_m3s,AD,2002-12-01,125.30874019072854,False
comun,Caudal_m3s,AD,2003-01-01,162.71602616218752,False
comun,Caudal_m3s,AD,2003-02-01,95.42848949746147,False
comun,Caudal_m3s,AD,2003-03-01,58.33881527676356,False
comun,Caudal_m3s,AD,2003-04-01,4.251266289249266,False
comun,Caudal_m3s,AD,2003-05-01,-15.895631246462209,False
comun,Caudal_m3s,AD,2003-06-01,-16.63344479526286,False
comun,Caudal_m3s,AD,2003-07-01,-16.38329509314797,False
comun,Caudal_m3s,AD,2003-08-01,-30.996103894633567,False
comun,Caudal_m3s,AD,2003-09-01,-27.34004925655995,False
comun,Caudal_m3s,AD,2003-10-01,-16.87715623015361,False
comun,Caudal_m3s,AD,2003-11-01,-22.580028146601215,False
comun,Caudal_m3s,AD,2003-12-01,-68.31984301037826,False
comun,Caudal_m3s,AD,2004-01-01,-22.428686071177346,False
comun,Caudal_m3s,AD,2004-02-01,-30.3712759696552,False
comun,Caudal_m3s,AD,2004-03-01,-26.509122763052943,False
comun,Caudal_m3s,AD,2004-04-01,-26.50214449806446,False
comun,Caudal_m3s,AD,2004-05-01,-31.156472512085152,False
comun,Caudal_m3s,AD,2004-06-01,-33.182027996369705,False
comun,Caudal_m3s,AD,2004-07-01,-31.660265391029,False
comun,Caudal_m3s,AD,2004-08-01,-38.218235482837166,False
comun,Caudal_m3s,AD,2004-09-01,-28.611965791000113,False
comun,Caudal_m3s,AD,2004-10-01,-46.828320076421726,False
comun,Caudal_m3s,AD,2004-11-01,-65.00527801437474,False
comun,Caudal_m3s,AD,2004-12-01,-73.91616814696897,False
comun,Caudal_m3s,AD,2005-01-01,-63.33146282067128,False
comun,Caudal_m3s,AD,2005-02-01,-56.328676904752186,False
comun,Caudal_m3s,AD,2005-03-01,-38.615125318998466,False
comun,Caudal_m3s,AD,2005-04-01,-38.91072769917129,False
comun,Caudal_m3s,AD,2005-05-01,-29.07860410028877,False
comun,Caudal_m3s,AD,2005-06-01,13.872722135856783,False
comun,Caudal_m3s,AD,2005-07-01,7.985344956251264,False
comun,Caudal_m3s,AD,2005-08-01,34.756407122507596,False
comun,Caudal_m3s,AD,2005-09-01,28.336117674559723,False
comun,Caudal_m3s,AD,2005-10-01,35.71729027085854,False
comun,Caudal_m3s,AD,2005-11-01,90.12947211785178,False
comun,Caudal_m3s,AD,2005-12-01,183.4552486519242,False
comun,Caudal_m3s,AD,2006-01-01,261.76576042983476,False
comun,Caudal_m3s,AD,2006-02-01,154.72131132271247,False
comun,Caudal_m3s,AD,2006-03-01,55.87242051215276,False
comun,Caudal_m3s,AD,2006-04-01,20.02402243305519,False
comun,Caudal_m3s,AD,2006-05-01,-1.7426711723633268,False
comun,Caudal_m3s,AD,2006-06-01,-12.25586106525004,False
comun,Caudal_m3s,AD,2006-07-01,38.87289078740248,False
comun,Caudal_m3s,AD,2006-08-01,3.311694889142718,False
comun,Caudal_m3s,AD,2006-09-01,1.4075344734528912,False
comun,Caudal_m3s,AD,2006-10-01,29.414513521364626,False
comun,Caudal_m3s,AD,2006-11-01,59.734222250078275,False
comun,Caudal_m3s,AD,2006-12-01,46.66537512823673,False
comun,Caudal_m3s,AD,2007-01-01,-10.514435674497891,False
comun,Caudal_m3s,AD,2007-02-01,-8.676054947177517,False
comun,Caudal_m3s,AD,2007-03-01,1.7083534400782092,False
comun,Caudal_m3s,AD,2007-04-01,-14.75789410138495,False
comun,Caudal_m3s,AD,2007-05-01,-11.406738244437912,False
comun,Caudal_m3s,AD,2007-06-01,-14.684444266356868,False
comun,Caudal_m3s,AD,2007-07-01,-11.923434349188215,False
comun,Caudal_m3s,AD,2007-08-01,-18.097533473254444,False
comun,Caudal_m3s,AD,2007-09-01,-18.176604283209507,False
comun,Caudal_m3s,AD,2007-10-01,-9.709392260387391,False
comun,Caudal_m3s,AD,2007-11-01,-33.984360951028556,False
comun,Caudal_m3s,AD,2007-12-01,-74.72071641547302,False
comun,Caudal_m3s,AD,2008-01-01,-61.91076081108855,False
comun,Caudal_m3s,AD,2008-02-01,-44.69595360166877,False
comun,Caudal_m3s,AD,2008-03-01,-31.43635879328669,False
comun,Caudal_m3s,AD,2008-04-01,-22.843143969158454,False
comun,Caudal_m3s,AD,2008-05-01,27.593710812519795,False
comun,Caudal_m3s,AD,2008-06-01,24.283639199202966,False
comun,Caudal_m3s,AD,2008-07-01,-3.952017550295052,False
comun,Caudal_m3s,AD,2008-08-01,12.293238164348402,False
comun,Caudal_m3s,AD,2008-09-01,5.74370140457256,False
comun,Caudal_m3s,AD,2008-10-01,15.244443893344503,False
comun,Caudal_m3s,AD,2008-11-01,98.94372251453127,False
comun,Caudal_m3s,AD,2008-12-01,87.85982162924881,False
comun,Caudal_m3s,AD,2009-01-01,15.105817278127212,False
comun,Caudal_m3s,AD,2009-02-01,6.76413314796334,False
comun,Caudal_m3s,AD,2009-03-01,10.541509618509693,False
comun,Caudal_m3s,AD,2009-04-01,3.7382728297347168,False
comun,Caudal_m3s,AD,2009-05-01,-1.8606788401999612,False
comun,Caudal_m3s,AD,2009-06-01,-6.864944001903867,False
comun,Caudal_m3s,AD,2009-07-01,-7.0184502137674745,False
comun,Caudal_m3s,AD,2009-08-01,0.4323968987254414,False
comun,Caudal_m3s,AD,2009-09-01,14.085118203465726,False
comun,Caudal_m3s,AD,2009-10-01,-13.058332856149429,False
comun,Caudal_m3s,AD,2009-11-01,-25.274860686575536,False
comun,Caudal_m3s,AD,2009-12-01,8.166722299109734,False
comun,Caudal_m3s,AD,2010-01-01,18.283685689923637,False
comun,Caudal_m3s,AD,2010-02-01,15.278407089713653,False
comun,Caudal_m3s,AD,2010-03-01,25.035507062564136,False
comun,Caudal_m3s,AD,2010-04-01,9.776356295294539,False
comun,Caudal_m3s,AD,2010-05-01,4.678479894177078,False
comun,Caudal_m3s,AD,2010-06-01,0.336472796989304,False
comun,Caudal_m3s,AD,2010-07-01,-6.360796855734522,False
comun,Caudal_m3s,AD,2010-08-01,-7.621992753994293,False
comun,Caudal_m3s,AD,2010-09-01,-11.110131664307767,False
comun,Caudal_m3s,AD,2010-10-01,-16.461109605643365,False
comun,Caudal_m3s,AD,2010-11-01,-42.760110554349055,False
comun,Caudal_m3s,AD,2010-12-01,-88.90379638586805,False
comun,Caudal_m3s,AD,2011-01-01,-81.05780073698969,False
comun,Caudal_m3s,AD,2011-02-01,-45.718033254250344,False
comun,Caudal_m3s,AD,2011-03-01,-22.673721299832998,False
comun,Caudal_m3s,AD,2011-04-01,-16.02222690581229,False
comun,Caudal_m3s,AD,2011-05-01,-11.217845242413626,False
comun,Caudal_m3s,AD,2011-06-01,-21.15211040411753,False
comun,Caudal_m3s,AD,2011-07-01,-19.270025218131664,False
comun,Caudal_m3s,AD,2011-08-01,-21.692511438972097,False
comun,Caudal_m3s,AD,2011-09-01,-16.535381532081274,False
comun,Caudal_m3s,AD,2011-10-01,-22.22195087126633,False
comun,Caudal_m3s,AD,2011-11-01,-51.3186937554559,False
comun,Caudal_m3s,AD,2011-12-01,-86.75818603858778,False
comun,Caudal_m3s,AD,2012-01-01,-87.85735168003202,False
comun,Caudal_m3s,AD,2012-02-01,-44.38270019919953,False
comun,Caudal_m3s,AD,2012-03-01,-10.641014178359192,False
comun,Caudal_m3s,AD,2012-04-01,-7.870810106919118,False
comun,Caudal_m3s,AD,2012-05-01,4.350345750027925,False
comun,Caudal_m3s,AD,2012-06-01,-4.834026938557708,False
comun,Caudal_m3s,AD,2012-07-01,-5.595382612786894,False
comun,Caudal_m3s,AD,2012-08-01,-15.327546252982152,False
comun,Caudal_m3s,AD,2012-09-01,-9.55396473318811,False
comun,Caudal_m3s,AD,2012-10-01,-30.20537278205058,False
comun,Caudal_m3s,AD,2012-11-01,-4.2006102898960425,False
comun,Caudal_m3s,AD,2012-12-01,-44.77064020743655,False
comun,Caudal_m3s,AD,2013-01-01,-20.118192945654968,False
comun,Caudal_m3s,AD,2013-02-01,-19.78948537074971,False
comun,Caudal_m3s,AD,2013-03-01,-10.2373393149499,False
comun,Caudal_m3s,AD,2013-04-01,-6.652726641359294,False
comun,Caudal_m3s,AD,2013-05-01,-0.294366483336967,False
comun,Caudal_m3s,AD,2013-06-01,4.114056527002139,False
comun,Caudal_m3s,AD,2013-07-01,2.8792599925578823,False
comun,Caudal_m3s,AD,2013-08-01,4.337418933007788,False
comun,Caudal_m3s,AD,2013-09-01,3.757452065705065,False
comun,Caudal_m3s,AD,2013-10-01,0.20152788781032704,False
comun,Caudal_m3s,AD,2013-11-01,-17.85252682433623,False
comun,Caudal_m3s,AD,2013-12-01,-37.928255666607896,False
comun,Caudal_m3s,AD,2014-01-01,-36.11451808224568,False
comun,Caudal_m3s,AD,2014-02-01,-27.071640000427983,False
comun,Caudal_m3s,AD,2014-03-01,-4.00140638702446,False
comun,Caudal_m3s,AD,2014-04-01,5.081309205152932,False
comun,Caudal_m3s,AD,2014-05-01,9.509308380072317,False
comun,Caudal_m3s,AD,2014-06-01,6.892139992561971,False
comun,Caudal_m3s,AD,2014-07-01,5.131321952741379,False
comun,Caudal_m3s,AD,2014-08-01,4.13786798996547,False
comun,Caudal_m3s,AD,2014-09-01,-2.0544644687351052,False
comun,Caudal_m3s,AD,2014-10-01,14.940686622187377,False
comun,Caudal_m3s,AD,2014-11-01,-13.151110025443025,False
comun,Caudal_m3s,AD,2014-12-01,-74.71167757739215,False
comun,Caudal_m3s,AD,2015-01-01,-61.48503676722346,False
comun,Caudal_m3s,AD,2015-02-01,-34.807366058677665,False
comun,Caudal_m3s,AD,2015-03-01,-8.730576098395233,False
comun,Caudal_m3s,AD,2015-04-01,-3.6298223305365482,True
comun,Caudal_m3s,AD,2015-05-01,1.470931437322136,True
comun,Caudal_m3s,AD,2015-06-01,6.5716852051808115,True
comun,Caudal_m3s,AD,2015-07-01,11.672438973039496,True
comun,Caudal_m3s,AD,2015-08-01,16.773192740898182,True
comun,Caudal_m3s,AD,2015-09-01,21.87394650875686,True
comun,Caudal_m3s,AD,2015-10-01,26.974700276615543,True
comun,Caudal_m3s,AD,2015-11-01,32.07545404447423,True
comun,Caudal_m3s,AD,2015-12-01,37.176207812332905,False
comun,Caudal_m3s,AD,2016-01-01,17.125089709089053,False
comun,Caudal_m3s,AD,2016-02-01,21.809863548097283,False
comun,Caudal_m3s,AD,2016-03-01,32.9511046301167,False
comun,Caudal_m3s,AD,2016-04-01,68.56485708865355,False
comun,Caudal_m3s,AD,2016-05-01,43.500529074632865,False
comun,Caudal_m3s,AD,2016-06-01,42.88497359034831,False
comun,Caudal_m3s,AD,2016-07-01,34.4709297440761,False
comun,Caudal_m3s,AD,2016-08-01,34.403282232913085,False
comun,Caudal_m3s,AD,2016-09-01,36.34503579571789,False
comun,Caudal_m3s,AD,2016-10-01,22.09964925223177,False
comun,Caudal_m3s,AD,2016-11-01,20.681723572343273,False
comun,Caudal_m3s,AD,2016-12-01,8.540833439749036,False
comun,Caudal_m3s,AD,2017-01-01,38.27070005636932,False
comun,Caudal_m3s,AD,2017-02-01,45.52118182482296,False
comun,Caudal_m3s,AD,2017-03-01,24.47413433223568,False
comun,Caudal_m3s,AD,2017-04-01,29.226273887546725,False
comun,Caudal_m3s,AD,2017-05-01,33.499532080422576,False
comun,Caudal_m3s,AD,2017-06-01,30.973057055908136,False
comun,Caudal_m3s,AD,2017-07-01,28.98750783329185,False
comun,Caudal_m3s,AD,2017-08-01,22.877924838257876,False
comun,Caudal_m3s,AD,2017-09-01,22.20645259461105,False
comun,Caudal_m3s,AD,2017-10-01,20.448485405963652,False
comun,Caudal_m3s,AD,2017-11-01,-0.20685962876356712,False
comun,Caudal_m3s,AD,2017-12-01,-18.79742718071263,False
comun,Caudal_m3s,AD,2018-01-01,-33.93207669312462,False
comun,Caudal_m3s,AD,2018-02-01,5.653312909430426,False
comun,Caudal_m3s,AD,2018-03-01,2.3907124214514397,False
comun,Caudal_m3s,AD,2018-04-01,15.744357353106558,False
comun,Caudal_m3s,AD,2018-05-01,12.15949170467725,False
comun,Caudal_m3s,AD,2018-06-01,11.734473854801315,False
comun,Caudal_m3s,AD,2018-07-01,12.24279559992695,False
comun,Caudal_m3s,AD,2018-08-01,13.281599701667169,False
comun,Caudal_m3s,AD,2018-09-01,15.73786939350424,False
comun,Caudal_m3s,AD,2018-10-01,-3.0091300532077057,False
comun,Caudal_m3s,AD,2018-11-01,-19.565442829870378,False
comun,Caudal_m3s,AD,2018-12-01,-44.35504263988398,False
comun,Caudal_m3s,AD,2019-01-01,-32.65743408777984,False
comun,Caudal_m3s,AD,2019-02-01,-0.5752702916764321,False
comun,Caudal_m3s,AD,2019-03-01,13.500838897763956,False
comun,Caudal_m3s,AD,2019-04-01,24.079107485333054,False
comun,Caudal_m3s,AD,2019-05-01,19.80555366486073,False
comun,Caudal_m3s,AD,2019-06-01,8.647690653694475,False
comun,Caudal_m3s,AD,2019-07-01,7.0802769149491525,False
comun,Caudal_m3s,AD,2019-08-01,11.553016500560336,False
comun,Caudal_m3s,AD,2019-09-01,20.743252859064064,False
comun,Caudal_m3s,AD,2019-10-01,-9.14077777044357,False
comun,Caudal_m3s,AD,2019-11-01,-38.39342603097722,False
comun,Caudal_m3s,AD,2019-12-01,-84.17688390550694,False
comun,Caudal_m3s,AD,2020-01-01,-49.154533417918934,False
comun,Caudal_m3s,AD,2020-02-01,-26.255745118399012,False
comun,Caudal_m3s,AD,2020-03-01,4.719933116011958,False
comun,Temp_C,C,2001-04-01,0.725248118784756,False
comun,Temp_C,C,2001-05-01,-6.817450865716743,False
comun,Temp_C,C,2001-06-01,-8.051696733716872,False
comun,Temp_C,C,2001-07-01,-7.4208635757355434,False
comun,Temp_C,C,2001-08-01,-6.315176893112031,False
comun,Temp_C,C,2001-09-01,-6.2258685177566155,False
comun,Temp_C,C,2001-10-01,-0.7134424101611134,False
comun,Temp_C,C,2001-11-01,0.23105923442990078,False
comun,Temp_C,C,2001-12-01,7.649414838536253,False
comun,Temp_C,C,2002-01-01,7.784095962125044,False
comun,Temp_C,C,2002-02-01,9.065624716155023,False
comun,Temp_C,C,2002-03-01,7.117283836728242,False
comun,Temp_C,C,2002-04-01,-0.07933066121972021,False
comun,Temp_C,C,2002-05-01,-4.483935009568021,False
comun,Temp_C,C,2002-06-01,-7.232379466157389,False
comun,Temp_C,C,2002-07-01,-8.548010522553843,False
comun,Temp_C,C,2002-08-01,-6.58384049653312,False
comun,Temp_C,C,2002-09-01,-5.4110613633118225,False
comun,Temp_C,C,2002-10-01,-1.7891883253978367,False
comun,Temp_C,C,2002-11-01,0.14091452665128057,False
comun,Temp_C,C,2002-12-01,3.9304258038832893,False
comun,Temp_C,C,2003-01-01,7.893699559848991,False
comun,Temp_C,C,2003-02-01,8.729011404767059,False
comun,Temp_C,C,2003-03-01,8.517443995307653,False
comun,Temp_C,C,2003-04-01,3.8921313658248176,False
comun,Temp_C,C,2003-05-01,-0.6185157824452776,False
comun,Temp_C,C,2003-06-01,-4.551907261694672,False
comun,Temp_C,C,2003-07-01,-8.048221379091322,False
comun,Temp_C,C,2003-08-01,-5.626936140046204,False
comun,Temp_C,C,2003-09-01,-4.242472037778149,False
comun,Temp_C,C,2003-10-01,-0.20824090428748465,False
comun,Temp_C,C,2003-11-01,1.5274789787331509,False
comun,Temp_C,C,2003-12-01,4.531938240103623,False
comun,Temp_C,C,2004-01-01,9.8164440029288,False
comun,Temp_C,C,2004-02-01,8.96813049406911,False
comun,Temp_C,C,2004-03-01,7.809842004265086,False
comun,Temp_C,C,2004-04-01,-0.5391261560865732,False
comun,Temp_C,C,2004-05-01,-5.303612551247446,False
comun,Temp_C,C,2004-06-01,-6.642430306253565,False
comun,Temp_C,C,2004-07-01,-6.878929955704272,False
comun,Temp_C,C,2004-08-01,-7.82981849102753,False
comun,Temp_C,C,2004-09-01,-3.7406237600950965,False
comun,Temp_C,C,2004-10-01,-3.2334920860841896,False
comun,Temp_C,C,2004-11-01,-0.44388423927124765,False
comun,Temp_C,C,2004-12-01,4.453918966975501,False
comun,Temp_C,C,2005-01-01,8.270893988246039,False
comun,Temp_C,C,2005-02-01,9.375875193329714,False
comun,Temp_C,C,2005-03-01,5.134715777841003,False
comun,Temp_C,C,2005-04-01,0.440335498126282,False
comun,Temp_C,C,2005-05-01,-6.757249188103166,False
comun,Temp_C,C,2005-06-01,-5.014963556964737,False
comun,Temp_C,C,2005-07-01,-7.582659714416756,False
comun,Temp_C,C,2005-08-01,-4.888382786935373,False
comun,Temp_C,C,2005-09-01,-8.011891304683607,False
comun,Temp_C,C,2005-10-01,-3.0314970259155336,False
comun,Temp_C,C,2005-11-01,1.1860853250709706,False
comun,Temp_C,C,2005-12-01,5.888468514591417,False
comun,Temp_C,C,2006-01-01,9.569102501523,False
comun,Temp_C,C,2006-02-01,9.401789889964116,False
comun,Temp_C,C,2006-03-01,6.615985201540306,False
comun,Temp_C,C,2006-04-01,3.6129645112923265,False
comun,Temp_C,C,2006-05-01,0.25321961071473115,False
comun,Temp_C,C,2006-06-01,-5.741835355582672,False
comun,Temp_C,C,2006-07-01,-5.589875775550062,False
comun,Temp_C,C,2006-08-01,-6.400903129558393,False
comun,Temp_C,C,2006-09-01,-4.987325242072294,False
comun,Temp_C,C,2006-10-01,-2.5084560513025655,False
comun,Temp_C,C,2006-11-01,1.150493069985097,False
comun,Temp_C,C,2006-12-01,5.551021880267862,False
comun,Temp_C,C,2007-01-01,8.880026853617332,False
comun,Temp_C,C,2007-02-01,6.108034030653877,False
comun,Temp_C,C,2007-03-01,6.214289343514118,False
comun,Temp_C,C,2007-04-01,0.35172950424556265,False
comun,Temp_C,C,2007-05-01,-6.8727938367730905,False
comun,Temp_C,C,2007-06-01,-9.501963893752407,False
comun,Temp_C,C,2007-07-01,-9.347222874988338,False
comun,Temp_C,C,2007-08-01,-10.574499499694175,False
comun,Temp_C,C,2007-09-01,-4.949351954429907,False
comun,Temp_C,C,2007-10-01,-2.2003317367387387,False
comun,Temp_C,C,2007-11-01,1.5871649747720735,False
comun,Temp_C,C,2007-12-01,5.637390688611341,False
comun,Temp_C,C,2008-01-01,9.711960903344286,False
comun,Temp_C,C,2008-02-01,7.99343255937766,False
comun,Temp_C,C,2008-03-01,6.342490111930723,False
comun,Temp_C,C,2008-04-01,2.1507418371548477,False
comun,Temp_C,C,2008-05-01,-5.374975583493941,False
comun,Temp_C,C,2008-06-01,-8.35305075288658,False
comun,Temp_C,C,2008-07-01,-7.052051303784018,False
comun,Temp_C,C,2008-08-01,-8.964640493820516,False
comun,Temp_C,C,2008-09-01,-5.789140062170978,False
comun,Temp_C,C,2008-10-01,-2.9605293646297266,False
comun,Temp_C,C,2008-11-01,2.893487569276325,False
comun,Temp_C,C,2008-12-01,7.141347037356817,False
comun,Temp_C,C,2009-01-01,9.011389786293202,False
comun,Temp_C,C,2009-02-01,8.337574019127496,False
comun,Temp_C,C,2009-03-01,8.38688343992204,False
comun,Temp_C,C,2009-04-01,7.544155286453198,False
comun,Temp_C,C,2009-05-01,-0.7528100327923457,False
comun,Temp_C,C,2009-06-01,-7.137210304251702,False
comun,Temp_C,C,2009-07-01,-9.422235645634135,False
comun,Temp_C,C,2009-08-01,-6.33950027912828,False
comun,Temp_C,C,2009-09-01,-7.514819354447289,False
comun,Temp_C,C,2009-10-01,-2.616837204985294,False
comun,Temp_C,C,2009-11-01,-0.3871575896326849,False
comun,Temp_C,C,2009-12-01,4.67239755542358,False
comun,Temp_C,C,2010-01-01,9.416952934066567,False
comun,Temp_C,C,2010-02-01,9.104522793724763,False
comun,Temp_C,C,2010-03-01,9.099625905600542,False
comun,Temp_C,C,2010-04-01,3.188316510429737,False
comun,Temp_C,C,2010-05-01,-4.092076017008586,False
comun,Temp_C,C,2010-06-01,-8.578481388507887,False
comun,Temp_C,C,2010-07-01,-11.369215194435574,False
comun,Temp_C,C,2010-08-01,-7.138157558589163,False
comun,Temp_C,C,2010-09-01,-6.342072727695771,False
comun,Temp_C,C,2010-10-01,-2.0895455464876624,False
comun,Temp_C,C,2010-11-01,0.06756234298968278,False
comun,Temp_C,C,2010-12-01,2.8272479696852963,False
comun,Temp_C,C,2011-01-01,7.268371105971377,False
comun,Temp_C,C,2011-02-01,8.379287697914501,False
comun,Temp_C,C,2011-03-01,5.905918621666964,False
comun,Temp_C,C,2011-04-01,0.9165336367891623,False
comun,Temp_C,C,2011-05-01,-1.6240033836863776,False
comun,Temp_C,C,2011-06-01,-8.702123905590147,False
comun,Temp_C,C,2011-07-01,-11.080653271696,False
comun,Temp_C,C,2011-08-01,-8.972267234201686,False
comun,Temp_C,C,2011-09-01,-4.4133438756335215,False
comun,Temp_C,C,2011-10-01,-1.9619063702862067,False
comun,Temp_C,C,2011-11-01,1.6495097452131031,False
comun,Temp_C,C,2011-12-01,6.798535405936954,False
comun,Temp_C,C,2012-01-01,9.230484343075611,False
comun,Temp_C,C,2012-02-01,9.058781996123239,False
comun,Temp_C,C,2012-03-01,9.532862794505611,False
comun,Temp_C,C,2012-04-01,2.1039405164190805,False
comun,Temp_C,C,2012-05-01,-2.168469426018013,False
comun,Temp_C,C,2012-06-01,-6.2079546701981405,False
comun,Temp_C,C,2012-07-01,-6.980040908766163,False
comun,Temp_C,C,2012-08-01,-7.1601551816112226,False
comun,Temp_C,C,2012-09-01,-3.177097194413128,False
comun,Temp_C,C,2012-10-01,-4.074559888795981,False
comun,Temp_C,C,2012-11-01,1.108951321128367,False
comun,Temp_C,C,2012-12-01,2.1639214448157498,False
comun,Temp_C,C,2013-01-01,8.213221448532304,False
comun,Temp_C,C,2013-02-01,8.320079200090513,False
comun,Temp_C,C,2013-03-01,6.073101333043959,False
comun,Temp_C,C,2013-04-01,3.355004925471129,False
comun,Temp_C,C,2013-05-01,-5.054944283820752,False
comun,Temp_C,C,2013-06-01,-7.021329291100463,False
comun,Temp_C,C,2013-07-01,-6.552665583032016,False
comun,Temp_C,C,2013-08-01,-6.604335746226346,False
comun,Temp_C,C,2013-09-01,-6.366523290931062,False
comun,Temp_C,C,2013-10-01,-2.250083344783426,False
comun,Temp_C,C,2013-11-01,0.9302129317505401,False
comun,Temp_C,C,2013-12-01,6.651124296713598,False
comun,Temp_C,C,2014-01-01,9.8537106424538,False
comun,Temp_C,C,2014-02-01,7.2277063129129795,False
comun,Temp_C,C,2014-03-01,5.279761127877529,False
comun,Temp_C,C,2014-04-01,2.1607112477319186,False
comun,Temp_C,C,2014-05-01,-5.793644482260212,False
comun,Temp_C,C,2014-06-01,-8.219983986989908,False
comun,Temp_C,C,2014-07-01,-7.937725327110676,False
comun,Temp_C,C,2014-08-01,-5.978392921114156,False
comun,Temp_C,C,2014-09-01,-5.966366384628137,False
comun,Temp_C,C,2014-10-01,-0.17324000444749887,False
comun,Temp_C,C,2014-11-01,0.7245244987112838,False
comun,Temp_C,C,2014-12-01,3.110957847661049,False
comun,Temp_C,C,2015-01-01,9.80592754896015,False
comun,Temp_C,C,2015-02-01,9.270964428346028,False
comun,Temp_C,C,2015-03-01,9.094906226565692,False
comun,Temp_C,C,2015-04-01,5.388691282882925,False
comun,Temp_C,C,2015-05-01,-1.1425812008906664,False
comun,Temp_C,C,2015-06-01,-4.043651854297756,False
comun,Temp_C,C,2015-07-01,-7.421636795286751,False
comun,Temp_C,C,2015-08-01,-5.985443654989459,False
comun,Temp_C,C,2015-09-01,-5.654443479651142,False
comun,Temp_C,C,2015-10-01,-4.745854804899856,False
comun,Temp_C,C,2015-11-01,-1.1906686164391462,False
comun,Temp_C,C,2015-12-01,2.626440797754193,False
comun,Temp_C,C,2016-01-01,5.638593275244383,False
comun,Temp_C,C,2016-02-01,9.587047777845052,False
comun,Temp_C,C,2016-03-01,8.581172743432782,False
comun,Temp_C,C,2016-04-01,-0.5135512859643458,False
comun,Temp_C,C,2016-05-01,-5.7533125324805985,False
comun,Temp_C,C,2016-06-01,-8.014148245305071,False
comun,Temp_C,C,2016-07-01,-7.743040652317794,False
comun,Temp_C,C,2016-08-01,-5.140571967431064,False
comun,Temp_C,C,2016-09-01,-2.2147020789143914,False
comun,Temp_C,C,2016-10-01,-2.0577951256272433,False
comun,Temp_C,C,2016-11-01,1.1708635469528954,False
comun,Temp_C,C,2016-12-01,3.1365257500232895,False
comun,Temp_C,C,2017-01-01,9.25693056714284,False
comun,Temp_C,C,2017-02-01,8.139701235668108,False
comun,Temp_C,C,2017-03-01,6.327911810926715,False
comun,Temp_C,C,2017-04-01,-0.051289062746937786,False
comun,Temp_C,C,2017-05-01,-6.801274730119011,False
comun,Temp_C,C,2017-06-01,-7.437196574514409,False
comun,Temp_C,C,2017-07-01,-6.826164060647776,False
comun,Temp_C,C,2017-08-01,-7.541649626367692,False
comun,Temp_C,C,2017-09-01,-4.09394702433223,False
comun,Temp_C,C,2017-10-01,-3.7808811387973185,False
comun,Temp_C,C,2017-11-01,0.23543157795979508,False
comun,Temp_C,C,2017-12-01,4.857187677087389,False
comun,Temp_C,C,2018-01-01,7.8733253315895775,False
comun,Temp_C,C,2018-02-01,9.956748056428705,False
comun,Temp_C,C,2018-03-01,7.280160629022938,False
comun,Temp_C,C,2018-04-01,4.526566924210962,False
comun,Temp_C,C,2018-05-01,-1.3272772941449975,False
comun,Temp_C,C,2018-06-01,-8.288580376730343,False
comun,Temp_C,C,2018-07-01,-8.24627663168126,False
comun,Temp_C,C,2018-08-01,-5.756309061052028,False
comun,Temp_C,C,2018-09-01,-2.98788867430732,False
comun,Temp_C,C,2018-10-01,-3.4450000476924094,False
comun,Temp_C,C,2018-11-01,0.6483335672342687,False
comun,Temp_C,C,2018-12-01,3.286343063822934,False
comun,Temp_C,C,2019-01-01,8.860706621779693,False
comun,Temp_C,C,2019-02-01,10.340615358511068,False
comun,Temp_C,C,2019-03-01,7.612009193967375,False
comun,Temp_C,C,2019-04-01,5.405699973531349,False
comun,Temp_C,C,2019-05-01,-1.4468276523814356,False
comun,Temp_C,C,2019-06-01,-7.572252823068587,False
comun,Temp_C,C,2019-07-01,-6.60221990742206,False
comun,Temp_C,C,2019-08-01,-5.3104740101687105,False
comun,Temp_C,C,2019-09-01,-5.148876606955404,False
comun,Temp_C,C,2019-10-01,-1.8361579876753271,False
comun,Temp_C,C,2019-11-01,3.3355426445646197,False
comun,Temp_C,C,2019-12-01,8.060505709875436,False
comun,Temp_C,C,2020-01-01,11.311247442920726,False
comun,Temp_C,C,2020-02-01,10.643933184852765,False
comun,Temp_C,C,2020-03-01,10.198891404742946,False
comun,Temp_C,A,2001-04-01,-1.6279612779326034,False
comun,Temp_C,A,2001-05-01,-3.03844930372008,False
comun,Temp_C,A,2001-06-01,-0.7989958364073501,False
comun,Temp_C,A,2001-07-01,0.49321503334030864,False
comun,Temp_C,A,2001-08-01,0.4558651546237213,False
comun,Temp_C,A,2001-09-01,-1.0382130586169305,False
comun,Temp_C,A,2001-10-01,1.6561790069167943,False
comun,Temp_C,A,2001-11-01,-0.5545796798207346,False
comun,Temp_C,A,2001-12-01,2.718356617632973,False
comun,Temp_C,A,2002-01-01,-1.0173514810589397,False
comun,Temp_C,A,2002-02-01,0.06905985650413288,False
comun,Temp_C,A,2002-03-01,-0.28889732090099046,False
comun,Temp_C,A,2002-04-01,-2.43254005793708,False
comun,Temp_C,A,2002-05-01,-0.7049334475713581,False
comun,Temp_C,A,2002-06-01,0.020321431152133747,False
comun,Temp_C,A,2002-07-01,-0.6339319134779923,False
comun,Temp_C,A,2002-08-01,0.1872015512026321,False
comun,Temp_C,A,2002-09-01,-0.22340590417213751,False
comun,Temp_C,A,2002-10-01,0.580433091680071,False
comun,Temp_C,A,2002-11-01,-0.6447243875993549,False
comun,Temp_C,A,2002-12-01,-1.0006324170199903,False
comun,Temp_C,A,2003-01-01,-0.9077478833349931,False
comun,Temp_C,A,2003-02-01,-0.26755345488383125,False
comun,Temp_C,A,2003-03-01,1.1112628376784202,False
comun,Temp_C,A,2003-04-01,1.5389219691074583,False
comun,Temp_C,A,2003-05-01,3.1604857795513848,False
comun,Temp_C,A,2003-06-01,2.7007936356148505,False
comun,Temp_C,A,2003-07-01,-0.13414277001547054,False
comun,Temp_C,A,2003-08-01,1.1441059076895483,False
comun,Temp_C,A,2003-09-01,0.9451834213615361,False
comun,Temp_C,A,2003-10-01,2.161380512790423,False
comun,Temp_C,A,2003-11-01,0.7418400644825154,False
comun,Temp_C,A,2003-12-01,-0.3991199807996571,False
comun,Temp_C,A,2004-01-01,1.0149965597448143,False
comun,Temp_C,A,2004-02-01,-0.028434365581780533,False
comun,Temp_C,A,2004-03-01,0.4036608466358535,False
comun,Temp_C,A,2004-04-01,-2.892335552803933,False
comun,Temp_C,A,2004-05-01,-1.5246109892507833,False
comun,Temp_C,A,2004-06-01,0.6102705910559579,False
comun,Temp_C,A,2004-07-01,1.0351486533715806,False
comun,Temp_C,A,2004-08-01,-1.0587764432917781,False
comun,Temp_C,A,2004-09-01,1.4470316990445886,False
comun,Temp_C,A,2004-10-01,-0.8638706690062817,False
comun,Temp_C,A,2004-11-01,-1.229523153521883,False
comun,Temp_C,A,2004-12-01,-0.4771392539277784,False
comun,Temp_C,A,2005-01-01,-0.5305534549379461,False
comun,Temp_C,A,2005-02-01,0.37931033367882366,False
comun,Temp_C,A,2005-03-01,-2.2714653797882294,False
comun,Temp_C,A,2005-04-01,-1.9128738985910776,False
comun,Temp_C,A,2005-05-01,-2.978247626106503,False
comun,Temp_C,A,2005-06-01,2.2377373403447853,False
comun,Temp_C,A,2005-07-01,0.3314188946590965,False
comun,Temp_C,A,2005-08-01,1.8826592608003792,False
comun,Temp_C,A,2005-09-01,-2.8242358455439227,False
comun,Temp_C,A,2005-10-01,-0.6618756088376258,False
comun,Temp_C,A,2005-11-01,0.4004464108203352,False
comun,Temp_C,A,2005-12-01,0.9574102936881373,False
comun,Temp_C,A,2006-01-01,0.767655058339015,False
comun,Temp_C,A,2006-02-01,0.4052250303132256,False
comun,Temp_C,A,2006-03-01,-0.7901959560889268,False
comun,Temp_C,A,2006-04-01,1.2597551145749672,False
comun,Temp_C,A,2006-05-01,4.0322211727113935,False
comun,Temp_C,A,2006-06-01,1.510865541726851,False
comun,Temp_C,A,2006-07-01,2.3242028335257903,False
comun,Temp_C,A,2006-08-01,0.37013891817735906,False
comun,Temp_C,A,2006-09-01,0.20033021706739101,False
comun,Temp_C,A,2006-10-01,-0.13883463422465764,False
comun,Temp_C,A,2006-11-01,0.3648541557344616,False
comun,Temp_C,A,2006-12-01,0.619963659364582,False
comun,Temp_C,A,2007-01-01,0.07857941043334743,False
comun,Temp_C,A,2007-02-01,-2.8885308289970126,False
comun,Temp_C,A,2007-03-01,-1.1918918141151138,False
comun,Temp_C,A,2007-04-01,-2.001479892471797,False
comun,Temp_C,A,2007-05-01,-3.093792274776428,False
comun,Temp_C,A,2007-06-01,-2.2492629964428854,False
comun,Temp_C,A,2007-07-01,-1.433144265912487,False
comun,Temp_C,A,2007-08-01,-3.8034574519584243,False
comun,Temp_C,A,2007-09-01,0.2383035047097783,False
comun,Temp_C,A,2007-10-01,0.1692896803391692,False
comun,Temp_C,A,2007-11-01,0.801526060521438,False
comun,Temp_C,A,2007-12-01,0.7063324677080615,False
comun,Temp_C,A,2008-01-01,0.910513460160301,False
comun,Temp_C,A,2008-02-01,-1.003132300273229,False
comun,Temp_C,A,2008-03-01,-1.0636910456985091,False
comun,Temp_C,A,2008-04-01,-0.2024675595625119,False
comun,Temp_C,A,2008-05-01,-1.5959740214972784,False
comun,Temp_C,A,2008-06-01,-1.1003498555770574,False
comun,Temp_C,A,2008-07-01,0.862027305291834,False
comun,Temp_C,A,2008-08-01,-2.1935984460847653,False
comun,Temp_C,A,2008-09-01,-0.6014846030312934,False
comun,Temp_C,A,2008-10-01,-0.5909079475518192,False
comun,Temp_C,A,2008-11-01,2.10784865502569,False
comun,Temp_C,A,2008-12-01,2.210288816453537,False
comun,Temp_C,A,2009-01-01,0.2099423431092175,False
comun,Temp_C,A,2009-02-01,-0.6589908405233941,False
comun,Temp_C,A,2009-03-01,0.9807022822928061,False
comun,Temp_C,A,2009-04-01,5.190945889735838,False
comun,Temp_C,A,2009-05-01,3.0261915292043167,False
comun,Temp_C,A,2009-06-01,0.11549059305782111,False
comun,Temp_C,A,2009-07-01,-1.508157036558284,False
comun,Temp_C,A,2009-08-01,0.43154176860747223,False
comun,Temp_C,A,2009-09-01,-2.3271638953076046,False
comun,Temp_C,A,2009-10-01,-0.24721578790738602,False
comun,Temp_C,A,2009-11-01,-1.1727965038833201,False
comun,Temp_C,A,2009-12-01,-0.2586606654796995,False
comun,Temp_C,A,2010-01-01,0.6155054908825816,False
comun,Temp_C,A,2010-02-01,0.10795793407387339,False
comun,Temp_C,A,2010-03-01,1.6934447479713086,False
comun,Temp_C,A,2010-04-01,0.8351071137123777,False
comun,Temp_C,A,2010-05-01,-0.3130744550119234,False
comun,Temp_C,A,2010-06-01,-1.3257804911983653,False
comun,Temp_C,A,2010-07-01,-3.455136585359723,False
comun,Temp_C,A,2010-08-01,-0.36711551085341104,False
comun,Temp_C,A,2010-09-01,-1.154417268556086,False
comun,Temp_C,A,2010-10-01,0.28007587059024547,False
comun,Temp_C,A,2010-11-01,-0.7180765712609527,False
comun,Temp_C,A,2010-12-01,-2.1038102512179835,False
comun,Temp_C,A,2011-01-01,-1.5330763372126073,False
comun,Temp_C,A,2011-02-01,-0.6172771617363891,False
comun,Temp_C,A,2011-03-01,-1.5002625359622683,False
comun,Temp_C,A,2011-04-01,-1.4366757599281972,False
comun,Temp_C,A,2011-05-01,2.1549981783102847,False
comun,Temp_C,A,2011-06-01,-1.4494230082806252,False
comun,Temp_C,A,2011-07-01,-3.1665746626201496,False
comun,Temp_C,A,2011-08-01,-2.201225186465935,False
comun,Temp_C,A,2011-09-01,0.7743115835061635,False
comun,Temp_C,A,2011-10-01,0.40771504679170095,False
comun,Temp_C,A,2011-11-01,0.8638708309624676,False
comun,Temp_C,A,2011-12-01,1.867477185033674,False
comun,Temp_C,A,2012-01-01,0.42903689989162624,False
comun,Temp_C,A,2012-02-01,0.062217136472348666,False
comun,Temp_C,A,2012-03-01,2.126681636876378,False
comun,Temp_C,A,2012-04-01,-0.24926888029827882,False
comun,Temp_C,A,2012-05-01,1.61053213597865,False
comun,Temp_C,A,2012-06-01,1.0447462271113823,False
comun,Temp_C,A,2012-07-01,0.9340377003096895,False
comun,Temp_C,A,2012-08-01,-0.3891131338754706,False
comun,Temp_C,A,2012-09-01,2.0105582647265567,False
comun,Temp_C,A,2012-10-01,-1.7049384717180727,False
comun,Temp_C,A,2012-11-01,0.3233124068777316,False
comun,Temp_C,A,2012-12-01,-2.76713677608753,False
comun,Temp_C,A,2013-01-01,-0.5882259946516813,False
comun,Temp_C,A,2013-02-01,-0.6764856595603773,False
comun,Temp_C,A,2013-03-01,-1.3330798245852733,False
comun,Temp_C,A,2013-04-01,1.0017955287537699,False
comun,Temp_C,A,2013-05-01,-1.2759427218240889,False
comun,Temp_C,A,2013-06-01,0.23137160620905933,False
comun,Temp_C,A,2013-07-01,1.3614130260438364,False
comun,Temp_C,A,2013-08-01,0.16670630150940563,False
comun,Temp_C,A,2013-09-01,-1.1788678317913772,False
comun,Temp_C,A,2013-10-01,0.11953807229448205,False
comun,Temp_C,A,2013-11-01,0.14457401749990462,False
comun,Temp_C,A,2013-12-01,1.7200660758103183,False
comun,Temp_C,A,2014-01-01,1.052263199269815,False
comun,Temp_C,A,2014-02-01,-1.7688585467379097,False
comun,Temp_C,A,2014-03-01,-2.1264200297517037,False
comun,Temp_C,A,2014-04-01,-0.19249814898544076,False
comun,Temp_C,A,2014-05-01,-2.014642920263549,False
comun,Temp_C,A,2014-06-01,-0.9672830896803858,False
comun,Temp_C,A,2014-07-01,-0.023646718034823714,False
comun,Temp_C,A,2014-08-01,0.7926491266215959,False
comun,Temp_C,A,2014-09-01,-0.7787109254884522,False
comun,Temp_C,A,2014-10-01,2.1963814126304086,False
comun,Temp_C,A,2014-11-01,-0.06111441553935165,False
comun,Temp_C,A,2014-12-01,-1.8201003732422307,False
comun,Temp_C,A,2015-01-01,1.0044801057761659,False
comun,Temp_C,A,2015-02-01,0.2743995686951381,False
comun,Temp_C,A,2015-03-01,1.6887250689364592,False
comun,Temp_C,A,2015-04-01,3.0354818861655652,False
comun,Temp_C,A,2015-05-01,2.636420361105996,False
comun,Temp_C,A,2015-06-01,3.209049043011767,False
comun,Temp_C,A,2015-07-01,0.4924418137891015,False
comun,Temp_C,A,2015-08-01,0.7855983927462927,False
comun,Temp_C,A,2015-09-01,-0.46678802051145657,False
comun,Temp_C,A,2015-10-01,-2.376233387821948,False
comun,Temp_C,A,2015-11-01,-1.9763075306897815,False
comun,Temp_C,A,2015-12-01,-2.304617423149087,False
comun,Temp_C,A,2016-01-01,-3.162854167939601,False
comun,Temp_C,A,2016-02-01,0.5904829181941623,False
comun,Temp_C,A,2016-03-01,1.1749915858035493,False
comun,Temp_C,A,2016-04-01,-2.8667606826817056,False
comun,Temp_C,A,2016-05-01,-1.9743109704839357,False
comun,Temp_C,A,2016-06-01,-0.7614473479955491,False
comun,Temp_C,A,2016-07-01,0.17103795675805794,False
comun,Temp_C,A,2016-08-01,1.6304700803046883,False
comun,Temp_C,A,2016-09-01,2.9729533802252934,False
comun,Temp_C,A,2016-10-01,0.3118262914506646,False
comun,Temp_C,A,2016-11-01,0.38522463270226,False
comun,Temp_C,A,2016-12-01,-1.7945324708799901,False
comun,Temp_C,A,2017-01-01,0.455483123958855,False
comun,Temp_C,A,2017-02-01,-0.8568636239827824,False
comun,Temp_C,A,2017-03-01,-1.0782693467025168,False
comun,Temp_C,A,2017-04-01,-2.4044984594642975,False
comun,Temp_C,A,2017-05-01,-3.0222731681223483,False
comun,Temp_C,A,2017-06-01,-0.18449567720488586,False
comun,Temp_C,A,2017-07-01,1.0879145484280761,False
comun,Temp_C,A,2017-08-01,-0.7706075786319405,False
comun,Temp_C,A,2017-09-01,1.0937084348074555,False
comun,Temp_C,A,2017-10-01,-1.4112597217194105,False
comun,Temp_C,A,2017-11-01,-0.5502073362908404,False
comun,Temp_C,A,2017-12-01,-0.07387054381589025,False
comun,Temp_C,A,2018-01-01,-0.9281221115944066,False
comun,Temp_C,A,2018-02-01,0.9601831967778144,False
comun,Temp_C,A,2018-03-01,-0.12602052860629415,False
comun,Temp_C,A,2018-04-01,2.1733575274936023,False
comun,Temp_C,A,2018-05-01,2.451724267851665,False
comun,Temp_C,A,2018-06-01,-1.0358794794208206,False
comun,Temp_C,A,2018-07-01,-0.3321980226054089,False
comun,Temp_C,A,2018-08-01,1.0147329866837238,False
comun,Temp_C,A,2018-09-01,2.1997667848323648,False
comun,Temp_C,A,2018-10-01,-1.075378630614502,False
comun,Temp_C,A,2018-11-01,-0.13730534701636676,False
comun,Temp_C,A,2018-12-01,-1.6447151570803455,False
comun,Temp_C,A,2019-01-01,0.05925917859570812,False
comun,Temp_C,A,2019-02-01,1.3440504988601776,False
comun,Temp_C,A,2019-03-01,0.20582803633814278,False
comun,Temp_C,A,2019-04-01,3.0524905768139896,False
comun,Temp_C,A,2019-05-01,2.3321739096152267,False
comun,Temp_C,A,2019-06-01,-0.3195519257590645,False
comun,Temp_C,A,2019-07-01,1.3118587016537921,False
comun,Temp_C,A,2019-08-01,1.4605680375670416,False
comun,Temp_C,A,2019-09-01,0.03877885218428129,False
comun,Temp_C,A,2019-10-01,0.5334634294025805,False
comun,Temp_C,A,2019-11-01,2.5499037303139844,False
comun,Temp_C,A,2019-12-01,3.129447488972156,False
comun,Temp_C,A,2020-01-01,2.5097999997367406,False
comun,Temp_C,A,2020-02-01,1.6473683252018747,False
comun,Temp_C,A,2020-03-01,2.792710247113713,False
comun,Temp_C,AD,2001-04-01,-1.3487697952502629,False
comun,Temp_C,AD,2001-05-01,-2.7617176578895664,False
comun,Temp_C,AD,2001-06-01,-0.5247240274286633,False
comun,Temp_C,AD,2001-07-01,0.7650270054671686,False
comun,Temp_C,AD,2001-08-01,0.7252172898987546,False
comun,Temp_C,AD,2001-09-01,-0.771320760193724,False
comun,Temp_C,AD,2001-10-01,1.920611468488174,False
comun,Temp_C,AD,2001-11-01,-0.29260705510118173,False
comun,Temp_C,AD,2001-12-01,2.9778694055006993,False
comun,Temp_C,AD,2002-01-01,-0.7602985300430404,False
comun,Temp_C,AD,2002-02-01,0.3236529706682054,False
comun,Temp_C,AD,2002-03-01,-0.03676404358874469,False
comun,Temp_C,AD,2002-04-01,-2.182866617476661,False
comun,Temp_C,AD,2002-05-01,-0.45771984396276594,False
comun,Temp_C,AD,2002-06-01,0.2650751979088991,False
comun,Temp_C,AD,2002-07-01,-0.3916379835730537,False
comun,Temp_C,AD,2002-08-01,0.4270356442557439,False
comun,Temp_C,AD,2002-09-01,0.013968352029147507,False
comun,Temp_C,AD,2002-10-01,0.8153475110295292,False
comun,Temp_C,AD,2002-11-01,-0.41226980510172345,False
comun,Temp_C,AD,2002-12-01,-0.7706376713741856,False
comun,Temp_C,AD,2003-01-01,-0.6802129745410153,False
comun,Temp_C,AD,2003-02-01,-0.04247838294168016,False
comun,Temp_C,AD,2003-03-01,1.3338780727687445,False
comun,Temp_C,AD,2003-04-01,1.7590773673459559,False
comun,Temp_C,AD,2003-05-01,3.3781813409380557,False
comun,Temp_C,AD,2003-06-01,2.9160293601496945,False
comun,Temp_C,AD,2003-07-01,0.0786331176675466,False
comun,Temp_C,AD,2003-08-01,1.3544219585207387,False
comun,Temp_C,AD,2003-09-01,1.1530396353408996,False
comun,Temp_C,AD,2003-10-01,2.3667768899179595,False
comun,Temp_C,AD,2003-11-01,0.9447766047582253,False
comun,Temp_C,AD,2003-12-01,-0.19864327737577386,False
comun,Temp_C,AD,2004-01-01,1.2130134263168708,False
comun,Temp_C,AD,2004-02-01,0.16712266413844912,False
comun,Temp_C,AD,2004-03-01,0.5967580395042564,False
comun,Temp_C,AD,2004-04-01,-2.701698196787357,False
comun,Temp_C,AD,2004-05-01,-1.336433470086034,False
comun,Temp_C,AD,2004-06-01,0.7959882733688805,False
comun,Temp_C,AD,2004-07-01,1.2184064988326764,False
comun,Temp_C,AD,2004-08-01,-0.8779784346825092,False
comun,Temp_C,AD,2004-09-01,1.6253698708020308,False
comun,Temp_C,AD,2004-10-01,-0.6879923341006664,False
comun,Temp_C,AD,2004-11-01,-1.0561046554680944,False
comun,Temp_C,AD,2004-12-01,-0.3061805927258166,False
comun,Temp_C,AD,2005-01-01,-0.3620546305878112,False
comun,Temp_C,AD,2005-02-01,0.5453493211771319,False
comun,Temp_C,AD,2005-03-01,-2.107886229141748,False
comun,Temp_C,AD,2005-04-01,-1.7517545847964229,False
comun,Temp_C,AD,2005-05-01,-2.819588149163675,False
comun,Temp_C,AD,2005-06-01,2.3939369804357864,False
comun,Temp_C,AD,2005-07-01,0.4851586978982708,False
comun,Temp_C,AD,2005-08-01,2.0339392271877266,False
comun,Temp_C,AD,2005-09-01,-2.675415716008402,False
comun,Temp_C,AD,2005-10-01,-0.5155153161539319,False
comun,Temp_C,AD,2005-11-01,0.5443468666522023,False
comun,Temp_C,AD,2005-12-01,1.0988509126681776,False
comun,Temp_C,AD,2006-01-01,0.9066358404672286,False
comun,Temp_C,AD,2006-02-01,0.5417459755896123,False
comun,Temp_C,AD,2006-03-01,-0.6561348476643668,False
comun,Temp_C,AD,2006-04-01,1.3913563861477005,False
comun,Temp_C,AD,2006-05-01,4.1613626074323,False
comun,Temp_C,AD,2006-06-01,1.6375471395959307,False
comun,Temp_C,AD,2006-07-01,2.448424594543043,False
comun,Temp_C,AD,2006-08-01,0.4919008423427851,False
comun,Temp_C,AD,2006-09-01,0.3196323043809903,False
comun,Temp_C,AD,2006-10-01,-0.021992383762885148,False
comun,Temp_C,AD,2006-11-01,0.4792365693444073,False
comun,Temp_C,AD,2006-12-01,0.7318862361227009,False
comun,Temp_C,AD,2007-01-01,0.18804215033963956,False
comun,Temp_C,AD,2007-02-01,-2.781527925942547,False
comun,Temp_C,AD,2007-03-01,-1.0873487479124753,False
comun,Temp_C,AD,2007-04-01,-1.8993966631209853,False
comun,Temp_C,AD,2007-05-01,-2.994168882277443,False
comun,Temp_C,AD,2007-06-01,-2.1520994407957272,False
comun,Temp_C,AD,2007-07-01,-1.3384405471171554,False
comun,Temp_C,AD,2007-08-01,-3.7112135700149196,False
comun,Temp_C,AD,2007-09-01,0.32808754980145616,False
comun,Temp_C,AD,2007-10-01,0.25661388857902023,False
comun,Temp_C,AD,2007-11-01,0.8863904319094623,False
comun,Temp_C,AD,2007-12-01,0.7887370022442589,False
comun,Temp_C,AD,2008-01-01,0.9904581578446716,False
comun,Temp_C,AD,2008-02-01,-0.9256474394406852,False
comun,Temp_C,AD,2008-03-01,-0.988666021717792,False
comun,Temp_C,AD,2008-04-01,-0.12990237243362157,False
comun,Temp_C,AD,2008-05-01,-1.525868671220215,False
comun,Temp_C,AD,2008-06-01,-1.0327043421518207,False
comun,Temp_C,AD,2008-07-01,0.9272129818652439,False
comun,Temp_C,AD,2008-08-01,-2.130872606363182,False
comun,Temp_C,AD,2008-09-01,-0.541218600161537,False
comun,Temp_C,AD,2008-10-01,-0.5331017815338897,False
comun,Temp_C,AD,2008-11-01,2.163194984191793,False
comun,Temp_C,AD,2008-12-01,2.263175308767813,False
comun,Temp_C,AD,2009-01-01,0.26036899857166673,False
comun,Temp_C,AD,2009-02-01,-0.6110240219127716,False
comun,Temp_C,AD,2009-03-01,1.0262092640516018,False
comun,Temp_C,AD,2009-04-01,5.233993034642807,False
comun,Temp_C,AD,2009-05-01,3.066778837259459,False
comun,Temp_C,AD,2009-06-01,0.15361806426113642,False
comun,Temp_C,AD,2009-07-01,-1.4724894022067954,False
comun,Temp_C,AD,2009-08-01,0.46474956610713397,False
comun,Temp_C,AD,2009-09-01,-2.2964159346597697,False
comun,Temp_C,AD,2009-10-01,-0.21892766411137787,False
comun,Temp_C,AD,2009-11-01,-1.1469682169391389,False
comun,Temp_C,AD,2009-12-01,-0.2352922153873449,False
comun,Temp_C,AD,2010-01-01,0.6364141041231093,False
comun,Temp_C,AD,2010-02-01,0.1264067104625744,False
comun,Temp_C,AD,2010-03-01,1.7094336875081828,False
comun,Temp_C,AD,2010-04-01,0.848636216397425,False
comun,Temp_C,AD,2010-05-01,-0.3020051891787027,False
comun,Temp_C,AD,2010-06-01,-1.3171710622169714,False
comun,Temp_C,AD,2010-07-01,-3.448986993230156,False
comun,Temp_C,AD,2010-08-01,-0.36342575557567075,False
comun,Temp_C,AD,2010-09-01,-1.1531873501301726,False
comun,Temp_C,AD,2010-10-01,0.27884595216433217,False
comun,Temp_C,AD,2010-11-01,-0.7217663265386928,False
comun,Temp_C,AD,2010-12-01,-2.1099598433475504,False
comun,Temp_C,AD,2011-01-01,-1.5416857661940009,False
comun,Temp_C,AD,2011-02-01,-0.6283464275696096,False
comun,Temp_C,AD,2011-03-01,-1.5137916386473156,False
comun,Temp_C,AD,2011-04-01,-1.4526646994650712,False
comun,Temp_C,AD,2011-05-01,2.136549401921584,False
comun,Temp_C,AD,2011-06-01,-1.4703316215211528,False
comun,Temp_C,AD,2011-07-01,-3.1899431127125037,False
comun,Temp_C,AD,2011-08-01,-2.227053473410116,False
comun,Temp_C,AD,2011-09-01,0.7460234597101556,False
comun,Temp_C,AD,2011-10-01,0.37696708614386626,False
comun,Temp_C,AD,2011-11-01,0.8306630334628061,False
comun,Temp_C,AD,2011-12-01,1.8318095506821856,False
comun,Temp_C,AD,2012-01-01,0.3909094286883112,False
comun,Temp_C,AD,2012-02-01,0.021629828417206787,False
comun,Temp_C,AD,2012-03-01,2.083634491969409,False
comun,Temp_C,AD,2012-04-01,-0.29477586205707423,False
comun,Temp_C,AD,2012-05-01,1.5625653173680276,False
comun,Temp_C,AD,2012-06-01,0.9943195716489333,False
comun,Temp_C,AD,2012-07-01,0.8811512079954137,False
comun,Temp_C,AD,2012-08-01,-0.4444594630415732,False
comun,Temp_C,AD,2012-09-01,1.9527520987086273,False
comun,Temp_C,AD,2012-10-01,-1.7652044745878288,False
comun,Temp_C,AD,2012-11-01,0.26058656715614864,False
comun,Temp_C,AD,2012-12-01,-2.83232245266094,False
comun,Temp_C,AD,2013-01-01,-0.6558715080769179,False
comun,Temp_C,AD,2013-02-01,-0.7465910098374406,False
comun,Temp_C,AD,2013-03-01,-1.4056450117141635,False
comun,Temp_C,AD,2013-04-01,0.926770504773053,False
comun,Temp_C,AD,2013-05-01,-1.3534275826566324,False
comun,Temp_C,AD,2013-06-01,0.15142690852468887,False
comun,Temp_C,AD,2013-07-01,1.2790084915076392,False
comun,Temp_C,AD,2013-08-01,0.08184193012138163,False
comun,Temp_C,AD,2013-09-01,-1.266192040031228,False
comun,Temp_C,AD,2013-10-01,0.029754027202804456,False
comun,Temp_C,AD,2013-11-01,0.05233013555640026,False
comun,Temp_C,AD,2013-12-01,1.625362357014987,False
comun,Temp_C,AD,2014-01-01,0.9550996436226571,False
comun,Temp_C,AD,2014-02-01,-1.8684819392368943,False
comun,Temp_C,AD,2014-03-01,-2.2285032591025153,False
comun,Temp_C,AD,2014-04-01,-0.2970412151880791,False
comun,Temp_C,AD,2014-05-01,-2.121645823318014,False
comun,Temp_C,AD,2014-06-01,-1.0767458295866776,False
comun,Temp_C,AD,2014-07-01,-0.13556929479294239,False
comun,Temp_C,AD,2014-08-01,0.6782667130116504,False
comun,Temp_C,AD,2014-09-01,-0.8955531759502244,False
comun,Temp_C,AD,2014-10-01,2.0770793253168094,False
comun,Temp_C,AD,2014-11-01,-0.18287633970477746,False
comun,Temp_C,AD,2014-12-01,-1.9443221342594834,False
comun,Temp_C,AD,2015-01-01,0.8777985079070865,False
comun,Temp_C,AD,2015-02-01,0.14525813397423193,False
comun,Temp_C,AD,2015-03-01,1.5571237973637264,False
comun,Temp_C,AD,2015-04-01,2.9014207777410057,False
comun,Temp_C,AD,2015-05-01,2.4998994158296095,False
comun,Temp_C,AD,2015-06-01,3.0700682608835534,False
comun,Temp_C,AD,2015-07-01,0.3510011948090614,False
comun,Temp_C,AD,2015-08-01,0.6416979369144258,False
comun,Temp_C,AD,2015-09-01,-0.6131483131951503,False
comun,Temp_C,AD,2015-10-01,-2.5250535173574686,False
comun,Temp_C,AD,2015-11-01,-2.127587497077129,False
comun,Temp_C,AD,2015-12-01,-2.458357226388261,False
comun,Temp_C,AD,2016-01-01,-3.319053808030602,False
comun,Temp_C,AD,2016-02-01,0.4318234412513347,False
comun,Temp_C,AD,2016-03-01,1.013872272008895,False
comun,Temp_C,AD,2016-04-01,-3.0303398333281866,False
comun,Temp_C,AD,2016-05-01,-2.140349957982244,False
comun,Temp_C,AD,2016-06-01,-0.9299461723456839,False
comun,Temp_C,AD,2016-07-01,7.92955560963704e-05,False
comun,Temp_C,AD,2016-08-01,1.4570515822509,False
comun,Temp_C,AD,2016-09-01,2.797075045319678,False
comun,Temp_C,AD,2016-10-01,0.13348811969322266,False
comun,Temp_C,AD,2016-11-01,0.20442662409299128,False
comun,Temp_C,AD,2016-12-01,-1.9777903163410855,False
comun,Temp_C,AD,2017-01-01,0.2697654416459327,False
comun,Temp_C,AD,2017-02-01,-1.0450411431475315,False
comun,Temp_C,AD,2017-03-01,-1.2689067027190926,False
comun,Temp_C,AD,2017-04-01,-2.5975956523327,False
comun,Temp_C,AD,2017-05-01,-3.2178301978425776,False
comun,Temp_C,AD,2017-06-01,-0.38251254377694205,False
comun,Temp_C,AD,2017-07-01,0.8874378450041931,False
comun,Temp_C,AD,2017-08-01,-0.9735441189076504,False
comun,Temp_C,AD,2017-09-01,0.8883120576799189,False
comun,Temp_C,AD,2017-10-01,-1.6191159356987739,False
comun,Temp_C,AD,2017-11-01,-0.7605233871220305,False
comun,Temp_C,AD,2017-12-01,-0.2866464314989072,False
comun,Temp_C,AD,2018-01-01,-1.1433578361292502,False
comun,Temp_C,AD,2018-02-01,0.7424876353911438,False
comun,Temp_C,AD,2018-03-01,-0.3461759268447914,False
comun,Temp_C,AD,2018-04-01,1.9507422924032782,False
comun,Temp_C,AD,2018-05-01,2.226649195909514,False
comun,Temp_C,AD,2018-06-01,-1.2634143882147981,False
comun,Temp_C,AD,2018-07-01,-0.5621927682512133,False
comun,Temp_C,AD,2018-08-01,0.7822784041860926,False
comun,Temp_C,AD,2018-09-01,1.9648523654829066,False
comun,Temp_C,AD,2018-10-01,-1.3127528868157867,False
comun,Temp_C,AD,2018-11-01,-0.3771394400694783,False
comun,Temp_C,AD,2018-12-01,-1.8870090869852838,False
comun,Temp_C,AD,2019-01-01,-0.18549458816105707,False
comun,Temp_C,AD,2019-02-01,1.0968368952515857,False
comun,Temp_C,AD,2019-03-01,-0.043845404122275944,False
comun,Temp_C,AD,2019-04-01,2.8003572995017443,False
comun,Temp_C,AD,2019-05-01,2.0775807954511545,False
comun,Temp_C,AD,2019-06-01,-0.5766048767749636,False
comun,Temp_C,AD,2019-07-01,1.0523459137860662,False
comun,Temp_C,AD,2019-08-01,1.198595412847489,False
comun,Temp_C,AD,2019-09-01,-0.22565360938709816,False
comun,Temp_C,AD,2019-10-01,0.26657113097937424,False
comun,Temp_C,AD,2019-11-01,2.2805515950389514,False
comun,Temp_C,AD,2019-12-01,2.857635516845296,False
comun,Temp_C,AD,2020-01-01,2.235528190758054,False
comun,Temp_C,AD,2020-02-01,1.3706366793713614,False
comun,Temp_C,AD,2020-03-01,2.513518764431373,False
