task,predictor,target,model,model_variant,split,date,year,calendar_month,season,observed,predicted,residual_pred_minus_obs,outer_fold,outer_test_start,outer_test_end,training_end,inner_tuning_start,selected_lag_months
estimar_precipitacion_local,P_IMERG_mm,P_local_mm,IMERG sin corrección,IMERG sin corrección,outer_temporal_test,2010-01-01,2010,1,Verano,3.428845,10.640073,7.211228,bloque_1,2010-01,2012-12,2009-12,2007-01,
estimar_precipitacion_local,P_IMERG_mm,P_local_mm,IMERG sin corrección,IMERG sin corrección,outer_temporal_test,2010-02-01,2010,2,Verano,1.304209,6.244895,4.940686,bloque_1,2010-01,2012-12,2009-12,2007-01,
estimar_precipitacion_local,P_IMERG_mm,P_local_mm,IMERG sin corrección,IMERG sin corrección,outer_temporal_test,2010-03-01,2010,3,Otono,0.000000,9.873885,9.873885,bloque_1,2010-01,2012-12,2009-12,2007-01,
estimar_precipitacion_local,P_IMERG_mm,P_local_mm,IMERG sin corrección,IMERG sin corrección,outer_temporal_test,2010-04-01,2010,4,Otono,5.017437,12.924977,7.907540,bloque_1,2010-01,2012-12,2009-12,2007-01,
estimar_precipitacion_local,P_IMERG_mm,P_local_mm,IMERG sin corrección,IMERG sin corrección,outer_temporal_test,2010-05-01,2010,5,Otono,53.366067,77.231710,23.865643,bloque_1,2010-01,2012-12,2009-12,2007-01,
estimar_precipitacion_local,P_IMERG_mm,P_local_mm,IMERG sin corrección,IMERG sin corrección,outer_temporal_test,2010-06-01,2010,6,Invierno,150.213762,127.262507,-22.951255,bloque_1,2010-01,2012-12,2009-12,2007-01,
estimar_precipitacion_local,P_IMERG_mm,P_local_mm,IMERG sin corrección,IMERG sin corrección,outer_temporal_test,2010-07-01,2010,7,Invierno,48.938707,104.841917,55.903210,bloque_1,2010-01,2012-12,2009-12,2007-01,
estimar_precipitacion_local,P_IMERG_mm,P_local_mm,IMERG sin corrección,IMERG sin corrección,outer_temporal_test,2010-08-01,2010,8,Invierno,21.517252,69.944858,48.427606,bloque_1,2010-01,2012-12,2009-12,2007-01,
estimar_precipitacion_local,P_IMERG_mm,P_local_mm,IMERG sin corrección,IMERG sin corrección,outer_temporal_test,2010-09-01,2010,9,Primavera,5.190130,29.484585,24.294455,bloque_1,2010-01,2012-12,2009-12,2007-01,
estimar_precipitacion_local,P_IMERG_mm,P_local_mm,IMERG sin corrección,IMERG sin corrección,outer_temporal_test,2010-10-01,2010,10,Primavera,22.857222,14.487911,-8.369311,bloque_1,2010-01,2012-12,2009-12,2007-01,
estimar_precipitacion_local,P_IMERG_mm,P_local_mm,IMERG sin corrección,IMERG sin corrección,outer_temporal_test,2010-11-01,2010,11,Primavera,49.096535,26.320057,-22.776478,bloque_1,2010-01,2012-12,2009-12,2007-01,
estimar_precipitacion_local,P_IMERG_mm,P_local_mm,IMERG sin corrección,IMERG sin corrección,outer_temporal_test,2010-12-01,2010,12,Verano,25.847366,27.192680,1.345314,bloque_1,2010-01,2012-12,2009-12,2007-01,
estimar_precipitacion_local,P_IMERG_mm,P_local_mm,IMERG sin corrección,IMERG sin corrección,outer_temporal_test,2011-01-01,2011,1,Verano,17.295119,13.387012,-3.908107,bloque_1,2010-01,2012-12,2009-12,2007-01,
estimar_precipitacion_local,P_IMERG_mm,P_local_mm,IMERG sin corrección,IMERG sin corrección,outer_temporal_test,2011-02-01,2011,2,Verano,22.039988,30.930857,8.890869,bloque_1,2010-01,2012-12,2009-12,2007-01,
estimar_precipitacion_local,P_IMERG_mm,P_local_mm,IMERG sin corrección,IMERG sin corrección,outer_temporal_test,2011-03-01,2011,3,Otono,12.278215,11.431136,-0.847079,bloque_1,2010-01,2012-12,2009-12,2007-01,
estimar_precipitacion_local,P_IMERG_mm,P_local_mm,IMERG sin corrección,IMERG sin corrección,outer_temporal_test,2011-04-01,2011,4,Otono,35.872183,25.157752,-10.714431,bloque_1,2010-01,2012-12,2009-12,2007-01,
estimar_precipitacion_local,P_IMERG_mm,P_local_mm,IMERG sin corrección,IMERG sin corrección,outer_temporal_test,2011-05-01,2011,5,Otono,8.201720,22.401781,14.200061,bloque_1,2010-01,2012-12,2009-12,2007-01,
estimar_precipitacion_local,P_IMERG_mm,P_local_mm,IMERG sin corrección,IMERG sin corrección,outer_temporal_test,2011-06-01,2011,6,Invierno,102.527481,90.371957,-12.155524,bloque_1,2010-01,2012-12,2009-12,2007-01,
estimar_precipitacion_local,P_IMERG_mm,P_local_mm,IMERG sin corrección,IMERG sin corrección,outer_temporal_test,2011-07-01,2011,7,Invierno,66.028304,96.677615,30.649311,bloque_1,2010-01,2012-12,2009-12,2007-01,
estimar_precipitacion_local,P_IMERG_mm,P_local_mm,IMERG sin corrección,IMERG sin corrección,outer_temporal_test,2011-08-01,2011,8,Invierno,146.490058,119.047473,-27.442585,bloque_1,2010-01,2012-12,2009-12,2007-01,
estimar_precipitacion_local,P_IMERG_mm,P_local_mm,IMERG sin corrección,IMERG sin corrección,outer_temporal_test,2011-09-01,2011,9,Primavera,19.949932,16.051928,-3.898004,bloque_1,2010-01,2012-12,2009-12,2007-01,
estimar_precipitacion_local,P_IMERG_mm,P_local_mm,IMERG sin corrección,IMERG sin corrección,outer_temporal_test,2011-10-01,2011,10,Primavera,14.703597,14.591209,-0.112388,bloque_1,2010-01,2012-12,2009-12,2007-01,
estimar_precipitacion_local,P_IMERG_mm,P_local_mm,IMERG sin corrección,IMERG sin corrección,outer_temporal_test,2011-11-01,2011,11,Primavera,15.191341,27.087186,11.895845,bloque_1,2010-01,2012-12,2009-12,2007-01,
estimar_precipitacion_local,P_IMERG_mm,P_local_mm,IMERG sin corrección,IMERG sin corrección,outer_temporal_test,2011-12-01,2011,12,Verano,1.493156,13.892277,12.399121,bloque_1,2010-01,2012-12,2009-12,2007-01,
estimar_precipitacion_local,P_IMERG_mm,P_local_mm,IMERG sin corrección,IMERG sin corrección,outer_temporal_test,2012-01-01,2012,1,Verano,24.932991,20.512377,-4.420614,bloque_1,2010-01,2012-12,2009-12,2007-01,
estimar_precipitacion_local,P_IMERG_mm,P_local_mm,IMERG sin corrección,IMERG sin corrección,outer_temporal_test,2012-02-01,2012,2,Verano,4.943551,8.709225,3.765674,bloque_1,2010-01,2012-12,2009-12,2007-01,
estimar_precipitacion_local,P_IMERG_mm,P_local_mm,IMERG sin corrección,IMERG sin corrección,outer_temporal_test,2012-03-01,2012,3,Otono,1.942093,4.239228,2.297135,bloque_1,2010-01,2012-12,2009-12,2007-01,
estimar_precipitacion_local,P_IMERG_mm,P_local_mm,IMERG sin corrección,IMERG sin corrección,outer_temporal_test,2012-04-01,2012,4,Otono,32.353680,28.847600,-3.506080,bloque_1,2010-01,2012-12,2009-12,2007-01,
estimar_precipitacion_local,P_IMERG_mm,P_local_mm,IMERG sin corrección,IMERG sin corrección,outer_temporal_test,2012-05-01,2012,5,Otono,138.561105,94.349184,-44.211921,bloque_1,2010-01,2012-12,2009-12,2007-01,
estimar_precipitacion_local,P_IMERG_mm,P_local_mm,IMERG sin corrección,IMERG sin corrección,outer_temporal_test,2012-06-01,2012,6,Invierno,225.073719,199.476882,-25.596837,bloque_1,2010-01,2012-12,2009-12,2007-01,
estimar_precipitacion_local,P_IMERG_mm,P_local_mm,IMERG sin corrección,IMERG sin corrección,outer_temporal_test,2012-07-01,2012,7,Invierno,28.214783,90.449602,62.234819,bloque_1,2010-01,2012-12,2009-12,2007-01,
estimar_precipitacion_local,P_IMERG_mm,P_local_mm,IMERG sin corrección,IMERG sin corrección,outer_temporal_test,2012-08-01,2012,8,Invierno,48.255573,77.086910,28.831337,bloque_1,2010-01,2012-12,2009-12,2007-01,
estimar_precipitacion_local,P_IMERG_mm,P_local_mm,IMERG sin corrección,IMERG sin corrección,outer_temporal_test,2012-09-01,2012,9,Primavera,4.450084,42.474986,38.024902,bloque_1,2010-01,2012-12,2009-12,2007-01,
estimar_precipitacion_local,P_IMERG_mm,P_local_mm,IMERG sin corrección,IMERG sin corrección,outer_temporal_test,2012-10-01,2012,10,Primavera,65.320374,46.137977,-19.182397,bloque_1,2010-01,2012-12,2009-12,2007-01,
estimar_precipitacion_local,P_IMERG_mm,P_local_mm,IMERG sin corrección,IMERG sin corrección,outer_temporal_test,2012-11-01,2012,11,Primavera,12.067039,11.366008,-0.701031,bloque_1,2010-01,2012-12,2009-12,2007-01,
estimar_precipitacion_local,P_IMERG_mm,P_local_mm,IMERG sin corrección,IMERG sin corrección,outer_temporal_test,2012-12-01,2012,12,Verano,75.273945,61.854816,-13.419129,bloque_1,2010-01,2012-12,2009-12,2007-01,
estimar_precipitacion_local,P_IMERG_mm,P_local_mm,Corrección seleccionada en ajuste,Lineal corregido,outer_temporal_test,2010-01-01,2010,1,Verano,3.428845,0.000000,-3.428845,bloque_1,2010-01,2012-12,2009-12,2007-01,
estimar_precipitacion_local,P_IMERG_mm,P_local_mm,Corrección seleccionada en ajuste,Lineal corregido,outer_temporal_test,2010-02-01,2010,2,Verano,1.304209,0.000000,-1.304209,bloque_1,2010-01,2012-12,2009-12,2007-01,
estimar_precipitacion_local,P_IMERG_mm,P_local_mm,Corrección seleccionada en ajuste,Lineal corregido,outer_temporal_test,2010-03-01,2010,3,Otono,0.000000,0.000000,0.000000,bloque_1,2010-01,2012-12,2009-12,2007-01,
estimar_precipitacion_local,P_IMERG_mm,P_local_mm,Corrección seleccionada en ajuste,Lineal corregido,outer_temporal_test,2010-04-01,2010,4,Otono,5.017437,0.000000,-5.017437,bloque_1,2010-01,2012-12,2009-12,2007-01,
estimar_precipitacion_local,P_IMERG_mm,P_local_mm,Corrección seleccionada en ajuste,Lineal corregido,outer_temporal_test,2010-05-01,2010,5,Otono,53.366067,95.129579,41.763512,bloque_1,2010-01,2012-12,2009-12,2007-01,
estimar_precipitacion_local,P_IMERG_mm,P_local_mm,Corrección seleccionada en ajuste,Lineal corregido,outer_temporal_test,2010-06-01,2010,6,Invierno,150.213762,171.179494,20.965732,bloque_1,2010-01,2012-12,2009-12,2007-01,
estimar_precipitacion_local,P_IMERG_mm,P_local_mm,Corrección seleccionada en ajuste,Lineal corregido,outer_temporal_test,2010-07-01,2010,7,Invierno,48.938707,137.098806,88.160099,bloque_1,2010-01,2012-12,2009-12,2007-01,
estimar_precipitacion_local,P_IMERG_mm,P_local_mm,Corrección seleccionada en ajuste,Lineal corregido,outer_temporal_test,2010-08-01,2010,8,Invierno,21.517252,84.053112,62.535860,bloque_1,2010-01,2012-12,2009-12,2007-01,
estimar_precipitacion_local,P_IMERG_mm,P_local_mm,Corrección seleccionada en ajuste,Lineal corregido,outer_temporal_test,2010-09-01,2010,9,Primavera,5.190130,22.550988,17.360858,bloque_1,2010-01,2012-12,2009-12,2007-01,
estimar_precipitacion_local,P_IMERG_mm,P_local_mm,Corrección seleccionada en ajuste,Lineal corregido,outer_temporal_test,2010-10-01,2010,10,Primavera,22.857222,0.000000,-22.857222,bloque_1,2010-01,2012-12,2009-12,2007-01,
estimar_precipitacion_local,P_IMERG_mm,P_local_mm,Corrección seleccionada en ajuste,Lineal corregido,outer_temporal_test,2010-11-01,2010,11,Primavera,49.096535,17.740709,-31.355826,bloque_1,2010-01,2012-12,2009-12,2007-01,
estimar_precipitacion_local,P_IMERG_mm,P_local_mm,Corrección seleccionada en ajuste,Lineal corregido,outer_temporal_test,2010-12-01,2010,12,Verano,25.847366,19.067150,-6.780216,bloque_1,2010-01,2012-12,2009-12,2007-01,
estimar_precipitacion_local,P_IMERG_mm,P_local_mm,Corrección seleccionada en ajuste,Lineal corregido,outer_temporal_test,2011-01-01,2011,1,Verano,17.295119,0.000000,-17.295119,bloque_1,2010-01,2012-12,2009-12,2007-01,
estimar_precipitacion_local,P_IMERG_mm,P_local_mm,Corrección seleccionada en ajuste,Lineal corregido,outer_temporal_test,2011-02-01,2011,2,Verano,22.039988,24.749411,2.709423,bloque_1,2010-01,2012-12,2009-12,2007-01,
estimar_precipitacion_local,P_IMERG_mm,P_local_mm,Corrección seleccionada en ajuste,Lineal corregido,outer_temporal_test,2011-03-01,2011,3,Otono,12.278215,0.000000,-12.278215,bloque_1,2010-01,2012-12,2009-12,2007-01,
estimar_precipitacion_local,P_IMERG_mm,P_local_mm,Corrección seleccionada en ajuste,Lineal corregido,outer_temporal_test,2011-04-01,2011,4,Otono,35.872183,15.973933,-19.898250,bloque_1,2010-01,2012-12,2009-12,2007-01,
estimar_precipitacion_local,P_IMERG_mm,P_local_mm,Corrección seleccionada en ajuste,Lineal corregido,outer_temporal_test,2011-05-01,2011,5,Otono,8.201720,11.784686,3.582966,bloque_1,2010-01,2012-12,2009-12,2007-01,
estimar_precipitacion_local,P_IMERG_mm,P_local_mm,Corrección seleccionada en ajuste,Lineal corregido,outer_temporal_test,2011-06-01,2011,6,Invierno,102.527481,115.103570,12.576089,bloque_1,2010-01,2012-12,2009-12,2007-01,
estimar_precipitacion_local,P_IMERG_mm,P_local_mm,Corrección seleccionada en ajuste,Lineal corregido,outer_temporal_test,2011-07-01,2011,7,Invierno,66.028304,124.688561,58.660257,bloque_1,2010-01,2012-12,2009-12,2007-01,
estimar_precipitacion_local,P_IMERG_mm,P_local_mm,Corrección seleccionada en ajuste,Lineal corregido,outer_temporal_test,2011-08-01,2011,8,Invierno,146.490058,158.692133,12.202075,bloque_1,2010-01,2012-12,2009-12,2007-01,
estimar_precipitacion_local,P_IMERG_mm,P_local_mm,Corrección seleccionada en ajuste,Lineal corregido,outer_temporal_test,2011-09-01,2011,9,Primavera,19.949932,2.132516,-17.817416,bloque_1,2010-01,2012-12,2009-12,2007-01,
estimar_precipitacion_local,P_IMERG_mm,P_local_mm,Corrección seleccionada en ajuste,Lineal corregido,outer_temporal_test,2011-10-01,2011,10,Primavera,14.703597,0.000000,-14.703597,bloque_1,2010-01,2012-12,2009-12,2007-01,
estimar_precipitacion_local,P_IMERG_mm,P_local_mm,Corrección seleccionada en ajuste,Lineal corregido,outer_temporal_test,2011-11-01,2011,11,Primavera,15.191341,18.906793,3.715452,bloque_1,2010-01,2012-12,2009-12,2007-01,
estimar_precipitacion_local,P_IMERG_mm,P_local_mm,Corrección seleccionada en ajuste,Lineal corregido,outer_temporal_test,2011-12-01,2011,12,Verano,1.493156,0.000000,-1.493156,bloque_1,2010-01,2012-12,2009-12,2007-01,
estimar_precipitacion_local,P_IMERG_mm,P_local_mm,Corrección seleccionada en ajuste,Lineal corregido,outer_temporal_test,2012-01-01,2012,1,Verano,24.932991,8.912675,-16.020316,bloque_1,2010-01,2012-12,2009-12,2007-01,
estimar_precipitacion_local,P_IMERG_mm,P_local_mm,Corrección seleccionada en ajuste,Lineal corregido,outer_temporal_test,2012-02-01,2012,2,Verano,4.943551,0.000000,-4.943551,bloque_1,2010-01,2012-12,2009-12,2007-01,
estimar_precipitacion_local,P_IMERG_mm,P_local_mm,Corrección seleccionada en ajuste,Lineal corregido,outer_temporal_test,2012-03-01,2012,3,Otono,1.942093,0.000000,-1.942093,bloque_1,2010-01,2012-12,2009-12,2007-01,
estimar_precipitacion_local,P_IMERG_mm,P_local_mm,Corrección seleccionada en ajuste,Lineal corregido,outer_temporal_test,2012-04-01,2012,4,Otono,32.353680,21.582731,-10.770949,bloque_1,2010-01,2012-12,2009-12,2007-01,
estimar_precipitacion_local,P_IMERG_mm,P_local_mm,Corrección seleccionada en ajuste,Lineal corregido,outer_temporal_test,2012-05-01,2012,5,Otono,138.561105,121.149202,-17.411903,bloque_1,2010-01,2012-12,2009-12,2007-01,
estimar_precipitacion_local,P_IMERG_mm,P_local_mm,Corrección seleccionada en ajuste,Lineal corregido,outer_temporal_test,2012-06-01,2012,6,Invierno,225.073719,280.949823,55.876104,bloque_1,2010-01,2012-12,2009-12,2007-01,
estimar_precipitacion_local,P_IMERG_mm,P_local_mm,Corrección seleccionada en ajuste,Lineal corregido,outer_temporal_test,2012-07-01,2012,7,Invierno,28.214783,115.221595,87.006812,bloque_1,2010-01,2012-12,2009-12,2007-01,
estimar_precipitacion_local,P_IMERG_mm,P_local_mm,Corrección seleccionada en ajuste,Lineal corregido,outer_temporal_test,2012-08-01,2012,8,Invierno,48.255573,94.909474,46.653901,bloque_1,2010-01,2012-12,2009-12,2007-01,
estimar_precipitacion_local,P_IMERG_mm,P_local_mm,Corrección seleccionada en ajuste,Lineal corregido,outer_temporal_test,2012-09-01,2012,9,Primavera,4.450084,42.297203,37.847119,bloque_1,2010-01,2012-12,2009-12,2007-01,
estimar_precipitacion_local,P_IMERG_mm,P_local_mm,Corrección seleccionada en ajuste,Lineal corregido,outer_temporal_test,2012-10-01,2012,10,Primavera,65.320374,47.865177,-17.455197,bloque_1,2010-01,2012-12,2009-12,2007-01,
estimar_precipitacion_local,P_IMERG_mm,P_local_mm,Corrección seleccionada en ajuste,Lineal corregido,outer_temporal_test,2012-11-01,2012,11,Primavera,12.067039,0.000000,-12.067039,bloque_1,2010-01,2012-12,2009-12,2007-01,
estimar_precipitacion_local,P_IMERG_mm,P_local_mm,Corrección seleccionada en ajuste,Lineal corregido,outer_temporal_test,2012-12-01,2012,12,Verano,75.273945,71.755747,-3.518198,bloque_1,2010-01,2012-12,2009-12,2007-01,
estimar_caudal,P_local_mm (mm/mes),Caudal_m3s,Climatología mensual Q,Climatología mensual Q,outer_temporal_test,2010-01-01,2010,1,Verano,196.612903,233.363452,36.750549,bloque_1,2010-01,2012-12,2009-12,2007-01,
estimar_caudal,P_local_mm (mm/mes),Caudal_m3s,Climatología mensual Q,Climatología mensual Q,outer_temporal_test,2010-02-01,2010,2,Verano,149.214286,170.771602,21.557316,bloque_1,2010-01,2012-12,2009-12,2007-01,
estimar_caudal,P_local_mm (mm/mes),Caudal_m3s,Climatología mensual Q,Climatología mensual Q,outer_temporal_test,2010-03-01,2010,3,Otono,118.032258,115.309887,-2.722371,bloque_1,2010-01,2012-12,2009-12,2007-01,
estimar_caudal,P_local_mm (mm/mes),Caudal_m3s,Climatología mensual Q,Climatología mensual Q,outer_temporal_test,2010-04-01,2010,4,Otono,81.570000,80.872360,-0.697640,bloque_1,2010-01,2012-12,2009-12,2007-01,
estimar_caudal,P_local_mm (mm/mes),Caudal_m3s,Climatología mensual Q,Climatología mensual Q,outer_temporal_test,2010-05-01,2010,5,Otono,62.706452,68.639862,5.933410,bloque_1,2010-01,2012-12,2009-12,2007-01,
estimar_caudal,P_local_mm (mm/mes),Caudal_m3s,Climatología mensual Q,Climatología mensual Q,outer_temporal_test,2010-06-01,2010,6,Invierno,59.830000,68.293872,8.463872,bloque_1,2010-01,2012-12,2009-12,2007-01,
estimar_caudal,P_local_mm (mm/mes),Caudal_m3s,Climatología mensual Q,Climatología mensual Q,outer_temporal_test,2010-07-01,2010,7,Invierno,50.712903,71.753869,21.040966,bloque_1,2010-01,2012-12,2009-12,2007-01,
estimar_caudal,P_local_mm (mm/mes),Caudal_m3s,Climatología mensual Q,Climatología mensual Q,outer_temporal_test,2010-08-01,2010,8,Invierno,51.387097,70.843315,19.456218,bloque_1,2010-01,2012-12,2009-12,2007-01,
estimar_caudal,P_local_mm (mm/mes),Caudal_m3s,Climatología mensual Q,Climatología mensual Q,outer_temporal_test,2010-09-01,2010,9,Primavera,55.196667,80.102501,24.905834,bloque_1,2010-01,2012-12,2009-12,2007-01,
estimar_caudal,P_local_mm (mm/mes),Caudal_m3s,Climatología mensual Q,Climatología mensual Q,outer_temporal_test,2010-10-01,2010,10,Primavera,76.029032,111.911560,35.882528,bloque_1,2010-01,2012-12,2009-12,2007-01,
estimar_caudal,P_local_mm (mm/mes),Caudal_m3s,Climatología mensual Q,Climatología mensual Q,outer_temporal_test,2010-11-01,2010,11,Primavera,100.020000,173.528095,73.508095,bloque_1,2010-01,2012-12,2009-12,2007-01,
estimar_caudal,P_local_mm (mm/mes),Caudal_m3s,Climatología mensual Q,Climatología mensual Q,outer_temporal_test,2010-12-01,2010,12,Verano,99.461290,240.180405,140.719115,bloque_1,2010-01,2012-12,2009-12,2007-01,
estimar_caudal,P_local_mm (mm/mes),Caudal_m3s,Climatología mensual Q,Climatología mensual Q,outer_temporal_test,2011-01-01,2011,1,Verano,92.900000,233.363452,140.463452,bloque_1,2010-01,2012-12,2009-12,2007-01,
estimar_caudal,P_local_mm (mm/mes),Caudal_m3s,Climatología mensual Q,Climatología mensual Q,outer_temporal_test,2011-02-01,2011,2,Verano,83.846429,170.771602,86.925173,bloque_1,2010-01,2012-12,2009-12,2007-01,
estimar_caudal,P_local_mm (mm/mes),Caudal_m3s,Climatología mensual Q,Climatología mensual Q,outer_temporal_test,2011-03-01,2011,3,Otono,65.951613,115.309887,49.358274,bloque_1,2010-01,2012-12,2009-12,2007-01,
estimar_caudal,P_local_mm (mm/mes),Caudal_m3s,Climatología mensual Q,Climatología mensual Q,outer_temporal_test,2011-04-01,2011,4,Otono,51.400000,80.872360,29.472360,bloque_1,2010-01,2012-12,2009-12,2007-01,
estimar_caudal,P_local_mm (mm/mes),Caudal_m3s,Climatología mensual Q,Climatología mensual Q,outer_temporal_test,2011-05-01,2011,5,Otono,42.438710,68.639862,26.201152,bloque_1,2010-01,2012-12,2009-12,2007-01,
estimar_caudal,P_local_mm (mm/mes),Caudal_m3s,Climatología mensual Q,Climatología mensual Q,outer_temporal_test,2011-06-01,2011,6,Invierno,33.970000,68.293872,34.323872,bloque_1,2010-01,2012-12,2009-12,2007-01,
estimar_caudal,P_local_mm (mm/mes),Caudal_m3s,Climatología mensual Q,Climatología mensual Q,outer_temporal_test,2011-07-01,2011,7,Invierno,33.432258,71.753869,38.321611,bloque_1,2010-01,2012-12,2009-12,2007-01,
estimar_caudal,P_local_mm (mm/mes),Caudal_m3s,Climatología mensual Q,Climatología mensual Q,outer_temporal_test,2011-08-01,2011,8,Invierno,32.945161,70.843315,37.898154,bloque_1,2010-01,2012-12,2009-12,2007-01,
estimar_caudal,P_local_mm (mm/mes),Caudal_m3s,Climatología mensual Q,Climatología mensual Q,outer_temporal_test,2011-09-01,2011,9,Primavera,45.400000,80.102501,34.702501,bloque_1,2010-01,2012-12,2009-12,2007-01,
estimar_caudal,P_local_mm (mm/mes),Caudal_m3s,Climatología mensual Q,Climatología mensual Q,outer_temporal_test,2011-10-01,2011,10,Primavera,65.896774,111.911560,46.014786,bloque_1,2010-01,2012-12,2009-12,2007-01,
estimar_caudal,P_local_mm (mm/mes),Caudal_m3s,Climatología mensual Q,Climatología mensual Q,outer_temporal_test,2011-11-01,2011,11,Primavera,87.090000,173.528095,86.438095,bloque_1,2010-01,2012-12,2009-12,2007-01,
estimar_caudal,P_local_mm (mm/mes),Caudal_m3s,Climatología mensual Q,Climatología mensual Q,outer_temporal_test,2011-12-01,2011,12,Verano,97.235484,240.180405,142.944921,bloque_1,2010-01,2012-12,2009-12,2007-01,
estimar_caudal,P_local_mm (mm/mes),Caudal_m3s,Climatología mensual Q,Climatología mensual Q,outer_temporal_test,2012-01-01,2012,1,Verano,81.729032,233.363452,151.634420,bloque_1,2010-01,2012-12,2009-12,2007-01,
estimar_caudal,P_local_mm (mm/mes),Caudal_m3s,Climatología mensual Q,Climatología mensual Q,outer_temporal_test,2012-02-01,2012,2,Verano,80.810345,170.771602,89.961257,bloque_1,2010-01,2012-12,2009-12,2007-01,
estimar_caudal,P_local_mm (mm/mes),Caudal_m3s,Climatología mensual Q,Climatología mensual Q,outer_temporal_test,2012-03-01,2012,3,Otono,73.612903,115.309887,41.696984,bloque_1,2010-01,2012-12,2009-12,2007-01,
estimar_caudal,P_local_mm (mm/mes),Caudal_m3s,Climatología mensual Q,Climatología mensual Q,outer_temporal_test,2012-04-01,2012,4,Otono,55.180000,80.872360,25.692360,bloque_1,2010-01,2012-12,2009-12,2007-01,
estimar_caudal,P_local_mm (mm/mes),Caudal_m3s,Climatología mensual Q,Climatología mensual Q,outer_temporal_test,2012-05-01,2012,5,Otono,53.635484,68.639862,15.004378,bloque_1,2010-01,2012-12,2009-12,2007-01,
estimar_caudal,P_local_mm (mm/mes),Caudal_m3s,Climatología mensual Q,Climatología mensual Q,outer_temporal_test,2012-06-01,2012,6,Invierno,45.916667,68.293872,22.377205,bloque_1,2010-01,2012-12,2009-12,2007-01,
estimar_caudal,P_local_mm (mm/mes),Caudal_m3s,Climatología mensual Q,Climatología mensual Q,outer_temporal_test,2012-07-01,2012,7,Invierno,42.735484,71.753869,29.018385,bloque_1,2010-01,2012-12,2009-12,2007-01,
estimar_caudal,P_local_mm (mm/mes),Caudal_m3s,Climatología mensual Q,Climatología mensual Q,outer_temporal_test,2012-08-01,2012,8,Invierno,34.938710,70.843315,35.904605,bloque_1,2010-01,2012-12,2009-12,2007-01,
estimar_caudal,P_local_mm (mm/mes),Caudal_m3s,Climatología mensual Q,Climatología mensual Q,outer_temporal_test,2012-09-01,2012,9,Primavera,48.010000,80.102501,32.092501,bloque_1,2010-01,2012-12,2009-12,2007-01,
estimar_caudal,P_local_mm (mm/mes),Caudal_m3s,Climatología mensual Q,Climatología mensual Q,outer_temporal_test,2012-10-01,2012,10,Primavera,53.541935,111.911560,58.369625,bloque_1,2010-01,2012-12,2009-12,2007-01,
estimar_caudal,P_local_mm (mm/mes),Caudal_m3s,Climatología mensual Q,Climatología mensual Q,outer_temporal_test,2012-11-01,2012,11,Primavera,129.836667,173.528095,43.691428,bloque_1,2010-01,2012-12,2009-12,2007-01,
estimar_caudal,P_local_mm (mm/mes),Caudal_m3s,Climatología mensual Q,Climatología mensual Q,outer_temporal_test,2012-12-01,2012,12,Verano,134.851613,240.180405,105.328792,bloque_1,2010-01,2012-12,2009-12,2007-01,
estimar_caudal,P_local_mm (mm/mes),Caudal_m3s,Regresión lineal Q~P(t),Regresión lineal Q~P(t),outer_temporal_test,2010-01-01,2010,1,Verano,196.612903,137.740524,-58.872379,bloque_1,2010-01,2012-12,2009-12,2007-01,0.000000
estimar_caudal,P_local_mm (mm/mes),Caudal_m3s,Regresión lineal Q~P(t),Regresión lineal Q~P(t),outer_temporal_test,2010-02-01,2010,2,Verano,149.214286,138.165466,-11.048820,bloque_1,2010-01,2012-12,2009-12,2007-01,0.000000
estimar_caudal,P_local_mm (mm/mes),Caudal_m3s,Regresión lineal Q~P(t),Regresión lineal Q~P(t),outer_temporal_test,2010-03-01,2010,3,Otono,118.032258,138.426318,20.394060,bloque_1,2010-01,2012-12,2009-12,2007-01,0.000000
estimar_caudal,P_local_mm (mm/mes),Caudal_m3s,Regresión lineal Q~P(t),Regresión lineal Q~P(t),outer_temporal_test,2010-04-01,2010,4,Otono,81.570000,137.422794,55.852794,bloque_1,2010-01,2012-12,2009-12,2007-01,0.000000
estimar_caudal,P_local_mm (mm/mes),Caudal_m3s,Regresión lineal Q~P(t),Regresión lineal Q~P(t),outer_temporal_test,2010-05-01,2010,5,Otono,62.706452,127.752715,65.046263,bloque_1,2010-01,2012-12,2009-12,2007-01,0.000000
estimar_caudal,P_local_mm (mm/mes),Caudal_m3s,Regresión lineal Q~P(t),Regresión lineal Q~P(t),outer_temporal_test,2010-06-01,2010,6,Invierno,59.830000,108.382470,48.552470,bloque_1,2010-01,2012-12,2009-12,2007-01,0.000000
estimar_caudal,P_local_mm (mm/mes),Caudal_m3s,Regresión lineal Q~P(t),Regresión lineal Q~P(t),outer_temporal_test,2010-07-01,2010,7,Invierno,50.712903,128.638219,77.925316,bloque_1,2010-01,2012-12,2009-12,2007-01,0.000000
estimar_caudal,P_local_mm (mm/mes),Caudal_m3s,Regresión lineal Q~P(t),Regresión lineal Q~P(t),outer_temporal_test,2010-08-01,2010,8,Invierno,51.387097,134.122710,82.735613,bloque_1,2010-01,2012-12,2009-12,2007-01,0.000000
estimar_caudal,P_local_mm (mm/mes),Caudal_m3s,Regresión lineal Q~P(t),Regresión lineal Q~P(t),outer_temporal_test,2010-09-01,2010,9,Primavera,55.196667,137.388254,82.191587,bloque_1,2010-01,2012-12,2009-12,2007-01,0.000000
estimar_caudal,P_local_mm (mm/mes),Caudal_m3s,Regresión lineal Q~P(t),Regresión lineal Q~P(t),outer_temporal_test,2010-10-01,2010,10,Primavera,76.029032,133.854707,57.825675,bloque_1,2010-01,2012-12,2009-12,2007-01,0.000000
estimar_caudal,P_local_mm (mm/mes),Caudal_m3s,Regresión lineal Q~P(t),Regresión lineal Q~P(t),outer_temporal_test,2010-11-01,2010,11,Primavera,100.020000,128.606653,28.586653,bloque_1,2010-01,2012-12,2009-12,2007-01,0.000000
estimar_caudal,P_local_mm (mm/mes),Caudal_m3s,Regresión lineal Q~P(t),Regresión lineal Q~P(t),outer_temporal_test,2010-12-01,2010,12,Verano,99.461290,133.256656,33.795366,bloque_1,2010-01,2012-12,2009-12,2007-01,0.000000
estimar_caudal,P_local_mm (mm/mes),Caudal_m3s,Regresión lineal Q~P(t),Regresión lineal Q~P(t),outer_temporal_test,2011-01-01,2011,1,Verano,92.900000,134.967168,42.067168,bloque_1,2010-01,2012-12,2009-12,2007-01,0.000000
estimar_caudal,P_local_mm (mm/mes),Caudal_m3s,Regresión lineal Q~P(t),Regresión lineal Q~P(t),outer_temporal_test,2011-02-01,2011,2,Verano,83.846429,134.018159,50.171730,bloque_1,2010-01,2012-12,2009-12,2007-01,0.000000
estimar_caudal,P_local_mm (mm/mes),Caudal_m3s,Regresión lineal Q~P(t),Regresión lineal Q~P(t),outer_temporal_test,2011-03-01,2011,3,Otono,65.951613,135.970585,70.018972,bloque_1,2010-01,2012-12,2009-12,2007-01,0.000000
estimar_caudal,P_local_mm (mm/mes),Caudal_m3s,Regresión lineal Q~P(t),Regresión lineal Q~P(t),outer_temporal_test,2011-04-01,2011,4,Otono,51.400000,131.251619,79.851619,bloque_1,2010-01,2012-12,2009-12,2007-01,0.000000
estimar_caudal,P_local_mm (mm/mes),Caudal_m3s,Regresión lineal Q~P(t),Regresión lineal Q~P(t),outer_temporal_test,2011-05-01,2011,5,Otono,42.438710,136.785914,94.347204,bloque_1,2010-01,2012-12,2009-12,2007-01,0.000000
estimar_caudal,P_local_mm (mm/mes),Caudal_m3s,Regresión lineal Q~P(t),Regresión lineal Q~P(t),outer_temporal_test,2011-06-01,2011,6,Invierno,33.970000,117.920074,83.950074,bloque_1,2010-01,2012-12,2009-12,2007-01,0.000000
estimar_caudal,P_local_mm (mm/mes),Caudal_m3s,Regresión lineal Q~P(t),Regresión lineal Q~P(t),outer_temporal_test,2011-07-01,2011,7,Invierno,33.432258,125.220175,91.787917,bloque_1,2010-01,2012-12,2009-12,2007-01,0.000000
estimar_caudal,P_local_mm (mm/mes),Caudal_m3s,Regresión lineal Q~P(t),Regresión lineal Q~P(t),outer_temporal_test,2011-08-01,2011,8,Invierno,32.945161,109.127238,76.182077,bloque_1,2010-01,2012-12,2009-12,2007-01,0.000000
estimar_caudal,P_local_mm (mm/mes),Caudal_m3s,Regresión lineal Q~P(t),Regresión lineal Q~P(t),outer_temporal_test,2011-09-01,2011,9,Primavera,45.400000,134.436186,89.036186,bloque_1,2010-01,2012-12,2009-12,2007-01,0.000000
estimar_caudal,P_local_mm (mm/mes),Caudal_m3s,Regresión lineal Q~P(t),Regresión lineal Q~P(t),outer_temporal_test,2011-10-01,2011,10,Primavera,65.896774,135.485491,69.588717,bloque_1,2010-01,2012-12,2009-12,2007-01,0.000000
estimar_caudal,P_local_mm (mm/mes),Caudal_m3s,Regresión lineal Q~P(t),Regresión lineal Q~P(t),outer_temporal_test,2011-11-01,2011,11,Primavera,87.090000,135.387939,48.297939,bloque_1,2010-01,2012-12,2009-12,2007-01,0.000000
estimar_caudal,P_local_mm (mm/mes),Caudal_m3s,Regresión lineal Q~P(t),Regresión lineal Q~P(t),outer_temporal_test,2011-12-01,2011,12,Verano,97.235484,138.127676,40.892192,bloque_1,2010-01,2012-12,2009-12,2007-01,0.000000
estimar_caudal,P_local_mm (mm/mes),Caudal_m3s,Regresión lineal Q~P(t),Regresión lineal Q~P(t),outer_temporal_test,2012-01-01,2012,1,Verano,81.729032,133.439538,51.710506,bloque_1,2010-01,2012-12,2009-12,2007-01,0.000000
estimar_caudal,P_local_mm (mm/mes),Caudal_m3s,Regresión lineal Q~P(t),Regresión lineal Q~P(t),outer_temporal_test,2012-02-01,2012,2,Verano,80.810345,137.437571,56.627226,bloque_1,2010-01,2012-12,2009-12,2007-01,0.000000
estimar_caudal,P_local_mm (mm/mes),Caudal_m3s,Regresión lineal Q~P(t),Regresión lineal Q~P(t),outer_temporal_test,2012-03-01,2012,3,Otono,73.612903,138.037885,64.424982,bloque_1,2010-01,2012-12,2009-12,2007-01,0.000000
estimar_caudal,P_local_mm (mm/mes),Caudal_m3s,Regresión lineal Q~P(t),Regresión lineal Q~P(t),outer_temporal_test,2012-04-01,2012,4,Otono,55.180000,131.955346,76.775346,bloque_1,2010-01,2012-12,2009-12,2007-01,0.000000
estimar_caudal,P_local_mm (mm/mes),Caudal_m3s,Regresión lineal Q~P(t),Regresión lineal Q~P(t),outer_temporal_test,2012-05-01,2012,5,Otono,53.635484,110.713086,57.077602,bloque_1,2010-01,2012-12,2009-12,2007-01,0.000000
estimar_caudal,P_local_mm (mm/mes),Caudal_m3s,Regresión lineal Q~P(t),Regresión lineal Q~P(t),outer_temporal_test,2012-06-01,2012,6,Invierno,45.916667,93.409932,47.493265,bloque_1,2010-01,2012-12,2009-12,2007-01,0.000000
estimar_caudal,P_local_mm (mm/mes),Caudal_m3s,Regresión lineal Q~P(t),Regresión lineal Q~P(t),outer_temporal_test,2012-07-01,2012,7,Invierno,42.735484,132.783155,90.047671,bloque_1,2010-01,2012-12,2009-12,2007-01,0.000000
estimar_caudal,P_local_mm (mm/mes),Caudal_m3s,Regresión lineal Q~P(t),Regresión lineal Q~P(t),outer_temporal_test,2012-08-01,2012,8,Invierno,34.938710,128.774851,93.836141,bloque_1,2010-01,2012-12,2009-12,2007-01,0.000000
estimar_caudal,P_local_mm (mm/mes),Caudal_m3s,Regresión lineal Q~P(t),Regresión lineal Q~P(t),outer_temporal_test,2012-09-01,2012,9,Primavera,48.010000,137.536268,89.526268,bloque_1,2010-01,2012-12,2009-12,2007-01,0.000000
estimar_caudal,P_local_mm (mm/mes),Caudal_m3s,Regresión lineal Q~P(t),Regresión lineal Q~P(t),outer_temporal_test,2012-10-01,2012,10,Primavera,53.541935,125.361766,71.819831,bloque_1,2010-01,2012-12,2009-12,2007-01,0.000000
estimar_caudal,P_local_mm (mm/mes),Caudal_m3s,Regresión lineal Q~P(t),Regresión lineal Q~P(t),outer_temporal_test,2012-11-01,2012,11,Primavera,129.836667,136.012822,6.176155,bloque_1,2010-01,2012-12,2009-12,2007-01,0.000000
estimar_caudal,P_local_mm (mm/mes),Caudal_m3s,Regresión lineal Q~P(t),Regresión lineal Q~P(t),outer_temporal_test,2012-12-01,2012,12,Verano,134.851613,123.370980,-11.480633,bloque_1,2010-01,2012-12,2009-12,2007-01,0.000000
estimar_caudal,P_local_mm (mm/mes),Caudal_m3s,Regresión de anomalías con rezago,Regresión de anomalías con rezago,outer_temporal_test,2010-01-01,2010,1,Verano,196.612903,193.017953,-3.594950,bloque_1,2010-01,2012-12,2009-12,2007-01,6.000000
estimar_caudal,P_local_mm (mm/mes),Caudal_m3s,Regresión de anomalías con rezago,Regresión de anomalías con rezago,outer_temporal_test,2010-02-01,2010,2,Verano,149.214286,187.656773,38.442487,bloque_1,2010-01,2012-12,2009-12,2007-01,6.000000
estimar_caudal,P_local_mm (mm/mes),Caudal_m3s,Regresión de anomalías con rezago,Regresión de anomalías con rezago,outer_temporal_test,2010-03-01,2010,3,Otono,118.032258,149.923005,31.890747,bloque_1,2010-01,2012-12,2009-12,2007-01,6.000000
estimar_caudal,P_local_mm (mm/mes),Caudal_m3s,Regresión de anomalías con rezago,Regresión de anomalías con rezago,outer_temporal_test,2010-04-01,2010,4,Otono,81.570000,79.192351,-2.377649,bloque_1,2010-01,2012-12,2009-12,2007-01,6.000000
estimar_caudal,P_local_mm (mm/mes),Caudal_m3s,Regresión de anomalías con rezago,Regresión de anomalías con rezago,outer_temporal_test,2010-05-01,2010,5,Otono,62.706452,70.363875,7.657423,bloque_1,2010-01,2012-12,2009-12,2007-01,6.000000
estimar_caudal,P_local_mm (mm/mes),Caudal_m3s,Regresión de anomalías con rezago,Regresión de anomalías con rezago,outer_temporal_test,2010-06-01,2010,6,Invierno,59.830000,64.680112,4.850112,bloque_1,2010-01,2012-12,2009-12,2007-01,6.000000
estimar_caudal,P_local_mm (mm/mes),Caudal_m3s,Regresión de anomalías con rezago,Regresión de anomalías con rezago,outer_temporal_test,2010-07-01,2010,7,Invierno,50.712903,69.495675,18.782772,bloque_1,2010-01,2012-12,2009-12,2007-01,6.000000
estimar_caudal,P_local_mm (mm/mes),Caudal_m3s,Regresión de anomalías con rezago,Regresión de anomalías con rezago,outer_temporal_test,2010-08-01,2010,8,Invierno,51.387097,67.889274,16.502177,bloque_1,2010-01,2012-12,2009-12,2007-01,6.000000
estimar_caudal,P_local_mm (mm/mes),Caudal_m3s,Regresión de anomalías con rezago,Regresión de anomalías con rezago,outer_temporal_test,2010-09-01,2010,9,Primavera,55.196667,76.093180,20.896513,bloque_1,2010-01,2012-12,2009-12,2007-01,6.000000
estimar_caudal,P_local_mm (mm/mes),Caudal_m3s,Regresión de anomalías con rezago,Regresión de anomalías con rezago,outer_temporal_test,2010-10-01,2010,10,Primavera,76.029032,97.341974,21.312942,bloque_1,2010-01,2012-12,2009-12,2007-01,6.000000
estimar_caudal,P_local_mm (mm/mes),Caudal_m3s,Regresión de anomalías con rezago,Regresión de anomalías con rezago,outer_temporal_test,2010-11-01,2010,11,Primavera,100.020000,145.067487,45.047487,bloque_1,2010-01,2012-12,2009-12,2007-01,6.000000
estimar_caudal,P_local_mm (mm/mes),Caudal_m3s,Regresión de anomalías con rezago,Regresión de anomalías con rezago,outer_temporal_test,2010-12-01,2010,12,Verano,99.461290,225.943368,126.482078,bloque_1,2010-01,2012-12,2009-12,2007-01,6.000000
estimar_caudal,P_local_mm (mm/mes),Caudal_m3s,Regresión de anomalías con rezago,Regresión de anomalías con rezago,outer_temporal_test,2011-01-01,2011,1,Verano,92.900000,197.737734,104.837734,bloque_1,2010-01,2012-12,2009-12,2007-01,6.000000
estimar_caudal,P_local_mm (mm/mes),Caudal_m3s,Regresión de anomalías con rezago,Regresión de anomalías con rezago,outer_temporal_test,2011-02-01,2011,2,Verano,83.846429,137.437683,53.591254,bloque_1,2010-01,2012-12,2009-12,2007-01,6.000000
estimar_caudal,P_local_mm (mm/mes),Caudal_m3s,Regresión de anomalías con rezago,Regresión de anomalías con rezago,outer_temporal_test,2011-03-01,2011,3,Otono,65.951613,88.815630,22.864017,bloque_1,2010-01,2012-12,2009-12,2007-01,6.000000
estimar_caudal,P_local_mm (mm/mes),Caudal_m3s,Regresión de anomalías con rezago,Regresión de anomalías con rezago,outer_temporal_test,2011-04-01,2011,4,Otono,51.400000,76.814435,25.414435,bloque_1,2010-01,2012-12,2009-12,2007-01,6.000000
estimar_caudal,P_local_mm (mm/mes),Caudal_m3s,Regresión de anomalías con rezago,Regresión de anomalías con rezago,outer_temporal_test,2011-05-01,2011,5,Otono,42.438710,77.291511,34.852801,bloque_1,2010-01,2012-12,2009-12,2007-01,6.000000
estimar_caudal,P_local_mm (mm/mes),Caudal_m3s,Regresión de anomalías con rezago,Regresión de anomalías con rezago,outer_temporal_test,2011-06-01,2011,6,Invierno,33.970000,72.061068,38.091068,bloque_1,2010-01,2012-12,2009-12,2007-01,6.000000
estimar_caudal,P_local_mm (mm/mes),Caudal_m3s,Regresión de anomalías con rezago,Regresión de anomalías con rezago,outer_temporal_test,2011-07-01,2011,7,Invierno,33.432258,73.594687,40.162429,bloque_1,2010-01,2012-12,2009-12,2007-01,6.000000
estimar_caudal,P_local_mm (mm/mes),Caudal_m3s,Regresión de anomalías con rezago,Regresión de anomalías con rezago,outer_temporal_test,2011-08-01,2011,8,Invierno,32.945161,74.018981,41.073820,bloque_1,2010-01,2012-12,2009-12,2007-01,6.000000
estimar_caudal,P_local_mm (mm/mes),Caudal_m3s,Regresión de anomalías con rezago,Regresión de anomalías con rezago,outer_temporal_test,2011-09-01,2011,9,Primavera,45.400000,79.722745,34.322745,bloque_1,2010-01,2012-12,2009-12,2007-01,6.000000
estimar_caudal,P_local_mm (mm/mes),Caudal_m3s,Regresión de anomalías con rezago,Regresión de anomalías con rezago,outer_temporal_test,2011-10-01,2011,10,Primavera,65.896774,106.462950,40.566176,bloque_1,2010-01,2012-12,2009-12,2007-01,6.000000
estimar_caudal,P_local_mm (mm/mes),Caudal_m3s,Regresión de anomalías con rezago,Regresión de anomalías con rezago,outer_temporal_test,2011-11-01,2011,11,Primavera,87.090000,131.716448,44.626448,bloque_1,2010-01,2012-12,2009-12,2007-01,6.000000
estimar_caudal,P_local_mm (mm/mes),Caudal_m3s,Regresión de anomalías con rezago,Regresión de anomalías con rezago,outer_temporal_test,2011-12-01,2011,12,Verano,97.235484,211.846820,114.611336,bloque_1,2010-01,2012-12,2009-12,2007-01,6.000000
estimar_caudal,P_local_mm (mm/mes),Caudal_m3s,Regresión de anomalías con rezago,Regresión de anomalías con rezago,outer_temporal_test,2012-01-01,2012,1,Verano,81.729032,202.789592,121.060560,bloque_1,2010-01,2012-12,2009-12,2007-01,6.000000
estimar_caudal,P_local_mm (mm/mes),Caudal_m3s,Regresión de anomalías con rezago,Regresión de anomalías con rezago,outer_temporal_test,2012-02-01,2012,2,Verano,80.810345,174.380913,93.570568,bloque_1,2010-01,2012-12,2009-12,2007-01,6.000000
estimar_caudal,P_local_mm (mm/mes),Caudal_m3s,Regresión de anomalías con rezago,Regresión de anomalías con rezago,outer_temporal_test,2012-03-01,2012,3,Otono,73.612903,93.178777,19.565874,bloque_1,2010-01,2012-12,2009-12,2007-01,6.000000
estimar_caudal,P_local_mm (mm/mes),Caudal_m3s,Regresión de anomalías con rezago,Regresión de anomalías con rezago,outer_temporal_test,2012-04-01,2012,4,Otono,55.180000,74.404141,19.224141,bloque_1,2010-01,2012-12,2009-12,2007-01,6.000000
estimar_caudal,P_local_mm (mm/mes),Caudal_m3s,Regresión de anomalías con rezago,Regresión de anomalías con rezago,outer_temporal_test,2012-05-01,2012,5,Otono,53.635484,67.268792,13.633308,bloque_1,2010-01,2012-12,2009-12,2007-01,6.000000
estimar_caudal,P_local_mm (mm/mes),Caudal_m3s,Regresión de anomalías con rezago,Regresión de anomalías con rezago,outer_temporal_test,2012-06-01,2012,6,Invierno,45.916667,64.861717,18.945050,bloque_1,2010-01,2012-12,2009-12,2007-01,6.000000
estimar_caudal,P_local_mm (mm/mes),Caudal_m3s,Regresión de anomalías con rezago,Regresión de anomalías con rezago,outer_temporal_test,2012-07-01,2012,7,Invierno,42.735484,75.852519,33.117035,bloque_1,2010-01,2012-12,2009-12,2007-01,6.000000
estimar_caudal,P_local_mm (mm/mes),Caudal_m3s,Regresión de anomalías con rezago,Regresión de anomalías con rezago,outer_temporal_test,2012-08-01,2012,8,Invierno,34.938710,68.965100,34.026390,bloque_1,2010-01,2012-12,2009-12,2007-01,6.000000
estimar_caudal,P_local_mm (mm/mes),Caudal_m3s,Regresión de anomalías con rezago,Regresión de anomalías con rezago,outer_temporal_test,2012-09-01,2012,9,Primavera,48.010000,76.667283,28.657283,bloque_1,2010-01,2012-12,2009-12,2007-01,6.000000
estimar_caudal,P_local_mm (mm/mes),Caudal_m3s,Regresión de anomalías con rezago,Regresión de anomalías con rezago,outer_temporal_test,2012-10-01,2012,10,Primavera,53.541935,105.422845,51.880910,bloque_1,2010-01,2012-12,2009-12,2007-01,6.000000
estimar_caudal,P_local_mm (mm/mes),Caudal_m3s,Regresión de anomalías con rezago,Regresión de anomalías con rezago,outer_temporal_test,2012-11-01,2012,11,Primavera,129.836667,170.252005,40.415338,bloque_1,2010-01,2012-12,2009-12,2007-01,6.000000
estimar_caudal,P_local_mm (mm/mes),Caudal_m3s,Regresión de anomalías con rezago,Regresión de anomalías con rezago,outer_temporal_test,2012-12-01,2012,12,Verano,134.851613,248.072731,113.221118,bloque_1,2010-01,2012-12,2009-12,2007-01,6.000000
estimar_caudal,P_IMERG_mm (mm/mes),Caudal_m3s,Climatología mensual Q,Climatología mensual Q,outer_temporal_test,2010-01-01,2010,1,Verano,196.612903,233.363452,36.750549,bloque_1,2010-01,2012-12,2009-12,2007-01,
estimar_caudal,P_IMERG_mm (mm/mes),Caudal_m3s,Climatología mensual Q,Climatología mensual Q,outer_temporal_test,2010-02-01,2010,2,Verano,149.214286,170.771602,21.557316,bloque_1,2010-01,2012-12,2009-12,2007-01,
estimar_caudal,P_IMERG_mm (mm/mes),Caudal_m3s,Climatología mensual Q,Climatología mensual Q,outer_temporal_test,2010-03-01,2010,3,Otono,118.032258,115.309887,-2.722371,bloque_1,2010-01,2012-12,2009-12,2007-01,
estimar_caudal,P_IMERG_mm (mm/mes),Caudal_m3s,Climatología mensual Q,Climatología mensual Q,outer_temporal_test,2010-04-01,2010,4,Otono,81.570000,80.872360,-0.697640,bloque_1,2010-01,2012-12,2009-12,2007-01,
estimar_caudal,P_IMERG_mm (mm/mes),Caudal_m3s,Climatología mensual Q,Climatología mensual Q,outer_temporal_test,2010-05-01,2010,5,Otono,62.706452,68.639862,5.933410,bloque_1,2010-01,2012-12,2009-12,2007-01,
estimar_caudal,P_IMERG_mm (mm/mes),Caudal_m3s,Climatología mensual Q,Climatología mensual Q,outer_temporal_test,2010-06-01,2010,6,Invierno,59.830000,68.293872,8.463872,bloque_1,2010-01,2012-12,2009-12,2007-01,
estimar_caudal,P_IMERG_mm (mm/mes),Caudal_m3s,Climatología mensual Q,Climatología mensual Q,outer_temporal_test,2010-07-01,2010,7,Invierno,50.712903,71.753869,21.040966,bloque_1,2010-01,2012-12,2009-12,2007-01,
estimar_caudal,P_IMERG_mm (mm/mes),Caudal_m3s,Climatología mensual Q,Climatología mensual Q,outer_temporal_test,2010-08-01,2010,8,Invierno,51.387097,70.843315,19.456218,bloque_1,2010-01,2012-12,2009-12,2007-01,
estimar_caudal,P_IMERG_mm (mm/mes),Caudal_m3s,Climatología mensual Q,Climatología mensual Q,outer_temporal_test,2010-09-01,2010,9,Primavera,55.196667,80.102501,24.905834,bloque_1,2010-01,2012-12,2009-12,2007-01,
estimar_caudal,P_IMERG_mm (mm/mes),Caudal_m3s,Climatología mensual Q,Climatología mensual Q,outer_temporal_test,2010-10-01,2010,10,Primavera,76.029032,111.911560,35.882528,bloque_1,2010-01,2012-12,2009-12,2007-01,
estimar_caudal,P_IMERG_mm (mm/mes),Caudal_m3s,Climatología mensual Q,Climatología mensual Q,outer_temporal_test,2010-11-01,2010,11,Primavera,100.020000,173.528095,73.508095,bloque_1,2010-01,2012-12,2009-12,2007-01,
estimar_caudal,P_IMERG_mm (mm/mes),Caudal_m3s,Climatología mensual Q,Climatología mensual Q,outer_temporal_test,2010-12-01,2010,12,Verano,99.461290,240.180405,140.719115,bloque_1,2010-01,2012-12,2009-12,2007-01,
estimar_caudal,P_IMERG_mm (mm/mes),Caudal_m3s,Climatología mensual Q,Climatología mensual Q,outer_temporal_test,2011-01-01,2011,1,Verano,92.900000,233.363452,140.463452,bloque_1,2010-01,2012-12,2009-12,2007-01,
estimar_caudal,P_IMERG_mm (mm/mes),Caudal_m3s,Climatología mensual Q,Climatología mensual Q,outer_temporal_test,2011-02-01,2011,2,Verano,83.846429,170.771602,86.925173,bloque_1,2010-01,2012-12,2009-12,2007-01,
estimar_caudal,P_IMERG_mm (mm/mes),Caudal_m3s,Climatología mensual Q,Climatología mensual Q,outer_temporal_test,2011-03-01,2011,3,Otono,65.951613,115.309887,49.358274,bloque_1,2010-01,2012-12,2009-12,2007-01,
estimar_caudal,P_IMERG_mm (mm/mes),Caudal_m3s,Climatología mensual Q,Climatología mensual Q,outer_temporal_test,2011-04-01,2011,4,Otono,51.400000,80.872360,29.472360,bloque_1,2010-01,2012-12,2009-12,2007-01,
estimar_caudal,P_IMERG_mm (mm/mes),Caudal_m3s,Climatología mensual Q,Climatología mensual Q,outer_temporal_test,2011-05-01,2011,5,Otono,42.438710,68.639862,26.201152,bloque_1,2010-01,2012-12,2009-12,2007-01,
estimar_caudal,P_IMERG_mm (mm/mes),Caudal_m3s,Climatología mensual Q,Climatología mensual Q,outer_temporal_test,2011-06-01,2011,6,Invierno,33.970000,68.293872,34.323872,bloque_1,2010-01,2012-12,2009-12,2007-01,
estimar_caudal,P_IMERG_mm (mm/mes),Caudal_m3s,Climatología mensual Q,Climatología mensual Q,outer_temporal_test,2011-07-01,2011,7,Invierno,33.432258,71.753869,38.321611,bloque_1,2010-01,2012-12,2009-12,2007-01,
estimar_caudal,P_IMERG_mm (mm/mes),Caudal_m3s,Climatología mensual Q,Climatología mensual Q,outer_temporal_test,2011-08-01,2011,8,Invierno,32.945161,70.843315,37.898154,bloque_1,2010-01,2012-12,2009-12,2007-01,
estimar_caudal,P_IMERG_mm (mm/mes),Caudal_m3s,Climatología mensual Q,Climatología mensual Q,outer_temporal_test,2011-09-01,2011,9,Primavera,45.400000,80.102501,34.702501,bloque_1,2010-01,2012-12,2009-12,2007-01,
estimar_caudal,P_IMERG_mm (mm/mes),Caudal_m3s,Climatología mensual Q,Climatología mensual Q,outer_temporal_test,2011-10-01,2011,10,Primavera,65.896774,111.911560,46.014786,bloque_1,2010-01,2012-12,2009-12,2007-01,
estimar_caudal,P_IMERG_mm (mm/mes),Caudal_m3s,Climatología mensual Q,Climatología mensual Q,outer_temporal_test,2011-11-01,2011,11,Primavera,87.090000,173.528095,86.438095,bloque_1,2010-01,2012-12,2009-12,2007-01,
estimar_caudal,P_IMERG_mm (mm/mes),Caudal_m3s,Climatología mensual Q,Climatología mensual Q,outer_temporal_test,2011-12-01,2011,12,Verano,97.235484,240.180405,142.944921,bloque_1,2010-01,2012-12,2009-12,2007-01,
estimar_caudal,P_IMERG_mm (mm/mes),Caudal_m3s,Climatología mensual Q,Climatología mensual Q,outer_temporal_test,2012-01-01,2012,1,Verano,81.729032,233.363452,151.634420,bloque_1,2010-01,2012-12,2009-12,2007-01,
estimar_caudal,P_IMERG_mm (mm/mes),Caudal_m3s,Climatología mensual Q,Climatología mensual Q,outer_temporal_test,2012-02-01,2012,2,Verano,80.810345,170.771602,89.961257,bloque_1,2010-01,2012-12,2009-12,2007-01,
estimar_caudal,P_IMERG_mm (mm/mes),Caudal_m3s,Climatología mensual Q,Climatología mensual Q,outer_temporal_test,2012-03-01,2012,3,Otono,73.612903,115.309887,41.696984,bloque_1,2010-01,2012-12,2009-12,2007-01,
estimar_caudal,P_IMERG_mm (mm/mes),Caudal_m3s,Climatología mensual Q,Climatología mensual Q,outer_temporal_test,2012-04-01,2012,4,Otono,55.180000,80.872360,25.692360,bloque_1,2010-01,2012-12,2009-12,2007-01,
estimar_caudal,P_IMERG_mm (mm/mes),Caudal_m3s,Climatología mensual Q,Climatología mensual Q,outer_temporal_test,2012-05-01,2012,5,Otono,53.635484,68.639862,15.004378,bloque_1,2010-01,2012-12,2009-12,2007-01,
estimar_caudal,P_IMERG_mm (mm/mes),Caudal_m3s,Climatología mensual Q,Climatología mensual Q,outer_temporal_test,2012-06-01,2012,6,Invierno,45.916667,68.293872,22.377205,bloque_1,2010-01,2012-12,2009-12,2007-01,
estimar_caudal,P_IMERG_mm (mm/mes),Caudal_m3s,Climatología mensual Q,Climatología mensual Q,outer_temporal_test,2012-07-01,2012,7,Invierno,42.735484,71.753869,29.018385,bloque_1,2010-01,2012-12,2009-12,2007-01,
estimar_caudal,P_IMERG_mm (mm/mes),Caudal_m3s,Climatología mensual Q,Climatología mensual Q,outer_temporal_test,2012-08-01,2012,8,Invierno,34.938710,70.843315,35.904605,bloque_1,2010-01,2012-12,2009-12,2007-01,
estimar_caudal,P_IMERG_mm (mm/mes),Caudal_m3s,Climatología mensual Q,Climatología mensual Q,outer_temporal_test,2012-09-01,2012,9,Primavera,48.010000,80.102501,32.092501,bloque_1,2010-01,2012-12,2009-12,2007-01,
estimar_caudal,P_IMERG_mm (mm/mes),Caudal_m3s,Climatología mensual Q,Climatología mensual Q,outer_temporal_test,2012-10-01,2012,10,Primavera,53.541935,111.911560,58.369625,bloque_1,2010-01,2012-12,2009-12,2007-01,
estimar_caudal,P_IMERG_mm (mm/mes),Caudal_m3s,Climatología mensual Q,Climatología mensual Q,outer_temporal_test,2012-11-01,2012,11,Primavera,129.836667,173.528095,43.691428,bloque_1,2010-01,2012-12,2009-12,2007-01,
estimar_caudal,P_IMERG_mm (mm/mes),Caudal_m3s,Climatología mensual Q,Climatología mensual Q,outer_temporal_test,2012-12-01,2012,12,Verano,134.851613,240.180405,105.328792,bloque_1,2010-01,2012-12,2009-12,2007-01,
estimar_caudal,P_IMERG_mm (mm/mes),Caudal_m3s,Regresión lineal Q~P(t),Regresión lineal Q~P(t),outer_temporal_test,2010-01-01,2010,1,Verano,196.612903,154.463290,-42.149613,bloque_1,2010-01,2012-12,2009-12,2007-01,0.000000
estimar_caudal,P_IMERG_mm (mm/mes),Caudal_m3s,Regresión lineal Q~P(t),Regresión lineal Q~P(t),outer_temporal_test,2010-02-01,2010,2,Verano,149.214286,156.492126,7.277840,bloque_1,2010-01,2012-12,2009-12,2007-01,0.000000
estimar_caudal,P_IMERG_mm (mm/mes),Caudal_m3s,Regresión lineal Q~P(t),Regresión lineal Q~P(t),outer_temporal_test,2010-03-01,2010,3,Otono,118.032258,154.816966,36.784708,bloque_1,2010-01,2012-12,2009-12,2007-01,0.000000
estimar_caudal,P_IMERG_mm (mm/mes),Caudal_m3s,Regresión lineal Q~P(t),Regresión lineal Q~P(t),outer_temporal_test,2010-04-01,2010,4,Otono,81.570000,153.408566,71.838566,bloque_1,2010-01,2012-12,2009-12,2007-01,0.000000
estimar_caudal,P_IMERG_mm (mm/mes),Caudal_m3s,Regresión lineal Q~P(t),Regresión lineal Q~P(t),outer_temporal_test,2010-05-01,2010,5,Otono,62.706452,123.724254,61.017802,bloque_1,2010-01,2012-12,2009-12,2007-01,0.000000
estimar_caudal,P_IMERG_mm (mm/mes),Caudal_m3s,Regresión lineal Q~P(t),Regresión lineal Q~P(t),outer_temporal_test,2010-06-01,2010,6,Invierno,59.830000,100.629786,40.799786,bloque_1,2010-01,2012-12,2009-12,2007-01,0.000000
estimar_caudal,P_IMERG_mm (mm/mes),Caudal_m3s,Regresión lineal Q~P(t),Regresión lineal Q~P(t),outer_temporal_test,2010-07-01,2010,7,Invierno,50.712903,110.979243,60.266340,bloque_1,2010-01,2012-12,2009-12,2007-01,0.000000
estimar_caudal,P_IMERG_mm (mm/mes),Caudal_m3s,Regresión lineal Q~P(t),Regresión lineal Q~P(t),outer_temporal_test,2010-08-01,2010,8,Invierno,51.387097,127.087902,75.700805,bloque_1,2010-01,2012-12,2009-12,2007-01,0.000000
estimar_caudal,P_IMERG_mm (mm/mes),Caudal_m3s,Regresión lineal Q~P(t),Regresión lineal Q~P(t),outer_temporal_test,2010-09-01,2010,9,Primavera,55.196667,145.764568,90.567901,bloque_1,2010-01,2012-12,2009-12,2007-01,0.000000
estimar_caudal,P_IMERG_mm (mm/mes),Caudal_m3s,Regresión lineal Q~P(t),Regresión lineal Q~P(t),outer_temporal_test,2010-10-01,2010,10,Primavera,76.029032,152.687108,76.658076,bloque_1,2010-01,2012-12,2009-12,2007-01,0.000000
estimar_caudal,P_IMERG_mm (mm/mes),Caudal_m3s,Regresión lineal Q~P(t),Regresión lineal Q~P(t),outer_temporal_test,2010-11-01,2010,11,Primavera,100.020000,147.225330,47.205330,bloque_1,2010-01,2012-12,2009-12,2007-01,0.000000
estimar_caudal,P_IMERG_mm (mm/mes),Caudal_m3s,Regresión lineal Q~P(t),Regresión lineal Q~P(t),outer_temporal_test,2010-12-01,2010,12,Verano,99.461290,146.822523,47.361233,bloque_1,2010-01,2012-12,2009-12,2007-01,0.000000
estimar_caudal,P_IMERG_mm (mm/mes),Caudal_m3s,Regresión lineal Q~P(t),Regresión lineal Q~P(t),outer_temporal_test,2011-01-01,2011,1,Verano,92.900000,153.195289,60.295289,bloque_1,2010-01,2012-12,2009-12,2007-01,0.000000
estimar_caudal,P_IMERG_mm (mm/mes),Caudal_m3s,Regresión lineal Q~P(t),Regresión lineal Q~P(t),outer_temporal_test,2011-02-01,2011,2,Verano,83.846429,145.096961,61.250532,bloque_1,2010-01,2012-12,2009-12,2007-01,0.000000
estimar_caudal,P_IMERG_mm (mm/mes),Caudal_m3s,Regresión lineal Q~P(t),Regresión lineal Q~P(t),outer_temporal_test,2011-03-01,2011,3,Otono,65.951613,154.098131,88.146518,bloque_1,2010-01,2012-12,2009-12,2007-01,0.000000
estimar_caudal,P_IMERG_mm (mm/mes),Caudal_m3s,Regresión lineal Q~P(t),Regresión lineal Q~P(t),outer_temporal_test,2011-04-01,2011,4,Otono,51.400000,147.761856,96.361856,bloque_1,2010-01,2012-12,2009-12,2007-01,0.000000
estimar_caudal,P_IMERG_mm (mm/mes),Caudal_m3s,Regresión lineal Q~P(t),Regresión lineal Q~P(t),outer_temporal_test,2011-05-01,2011,5,Otono,42.438710,149.034026,106.595316,bloque_1,2010-01,2012-12,2009-12,2007-01,0.000000
estimar_caudal,P_IMERG_mm (mm/mes),Caudal_m3s,Regresión lineal Q~P(t),Regresión lineal Q~P(t),outer_temporal_test,2011-06-01,2011,6,Invierno,33.970000,117.658650,83.688650,bloque_1,2010-01,2012-12,2009-12,2007-01,0.000000
estimar_caudal,P_IMERG_mm (mm/mes),Caudal_m3s,Regresión lineal Q~P(t),Regresión lineal Q~P(t),outer_temporal_test,2011-07-01,2011,7,Invierno,33.432258,114.747926,81.315668,bloque_1,2010-01,2012-12,2009-12,2007-01,0.000000
estimar_caudal,P_IMERG_mm (mm/mes),Caudal_m3s,Regresión lineal Q~P(t),Regresión lineal Q~P(t),outer_temporal_test,2011-08-01,2011,8,Invierno,32.945161,104.421887,71.476726,bloque_1,2010-01,2012-12,2009-12,2007-01,0.000000
estimar_caudal,P_IMERG_mm (mm/mes),Caudal_m3s,Regresión lineal Q~P(t),Regresión lineal Q~P(t),outer_temporal_test,2011-09-01,2011,9,Primavera,45.400000,151.965150,106.565150,bloque_1,2010-01,2012-12,2009-12,2007-01,0.000000
estimar_caudal,P_IMERG_mm (mm/mes),Caudal_m3s,Regresión lineal Q~P(t),Regresión lineal Q~P(t),outer_temporal_test,2011-10-01,2011,10,Primavera,65.896774,152.639425,86.742651,bloque_1,2010-01,2012-12,2009-12,2007-01,0.000000
estimar_caudal,P_IMERG_mm (mm/mes),Caudal_m3s,Regresión lineal Q~P(t),Regresión lineal Q~P(t),outer_temporal_test,2011-11-01,2011,11,Primavera,87.090000,146.871219,59.781219,bloque_1,2010-01,2012-12,2009-12,2007-01,0.000000
estimar_caudal,P_IMERG_mm (mm/mes),Caudal_m3s,Regresión lineal Q~P(t),Regresión lineal Q~P(t),outer_temporal_test,2011-12-01,2011,12,Verano,97.235484,152.962056,55.726572,bloque_1,2010-01,2012-12,2009-12,2007-01,0.000000
estimar_caudal,P_IMERG_mm (mm/mes),Caudal_m3s,Regresión lineal Q~P(t),Regresión lineal Q~P(t),outer_temporal_test,2012-01-01,2012,1,Verano,81.729032,149.906184,68.177152,bloque_1,2010-01,2012-12,2009-12,2007-01,0.000000
estimar_caudal,P_IMERG_mm (mm/mes),Caudal_m3s,Regresión lineal Q~P(t),Regresión lineal Q~P(t),outer_temporal_test,2012-02-01,2012,2,Verano,80.810345,155.354579,74.544234,bloque_1,2010-01,2012-12,2009-12,2007-01,0.000000
estimar_caudal,P_IMERG_mm (mm/mes),Caudal_m3s,Regresión lineal Q~P(t),Regresión lineal Q~P(t),outer_temporal_test,2012-03-01,2012,3,Otono,73.612903,157.417952,83.805049,bloque_1,2010-01,2012-12,2009-12,2007-01,0.000000
estimar_caudal,P_IMERG_mm (mm/mes),Caudal_m3s,Regresión lineal Q~P(t),Regresión lineal Q~P(t),outer_temporal_test,2012-04-01,2012,4,Otono,55.180000,146.058603,90.878603,bloque_1,2010-01,2012-12,2009-12,2007-01,0.000000
estimar_caudal,P_IMERG_mm (mm/mes),Caudal_m3s,Regresión lineal Q~P(t),Regresión lineal Q~P(t),outer_temporal_test,2012-05-01,2012,5,Otono,53.635484,115.822742,62.187258,bloque_1,2010-01,2012-12,2009-12,2007-01,0.000000
estimar_caudal,P_IMERG_mm (mm/mes),Caudal_m3s,Regresión lineal Q~P(t),Regresión lineal Q~P(t),outer_temporal_test,2012-06-01,2012,6,Invierno,45.916667,67.295266,21.378599,bloque_1,2010-01,2012-12,2009-12,2007-01,0.000000
estimar_caudal,P_IMERG_mm (mm/mes),Caudal_m3s,Regresión lineal Q~P(t),Regresión lineal Q~P(t),outer_temporal_test,2012-07-01,2012,7,Invierno,42.735484,117.622808,74.887324,bloque_1,2010-01,2012-12,2009-12,2007-01,0.000000
estimar_caudal,P_IMERG_mm (mm/mes),Caudal_m3s,Regresión lineal Q~P(t),Regresión lineal Q~P(t),outer_temporal_test,2012-08-01,2012,8,Invierno,34.938710,123.791094,88.852384,bloque_1,2010-01,2012-12,2009-12,2007-01,0.000000
estimar_caudal,P_IMERG_mm (mm/mes),Caudal_m3s,Regresión lineal Q~P(t),Regresión lineal Q~P(t),outer_temporal_test,2012-09-01,2012,9,Primavera,48.010000,139.768133,91.758133,bloque_1,2010-01,2012-12,2009-12,2007-01,0.000000
estimar_caudal,P_IMERG_mm (mm/mes),Caudal_m3s,Regresión lineal Q~P(t),Regresión lineal Q~P(t),outer_temporal_test,2012-10-01,2012,10,Primavera,53.541935,138.077278,84.535343,bloque_1,2010-01,2012-12,2009-12,2007-01,0.000000
estimar_caudal,P_IMERG_mm (mm/mes),Caudal_m3s,Regresión lineal Q~P(t),Regresión lineal Q~P(t),outer_temporal_test,2012-11-01,2012,11,Primavera,129.836667,154.128194,24.291527,bloque_1,2010-01,2012-12,2009-12,2007-01,0.000000
estimar_caudal,P_IMERG_mm (mm/mes),Caudal_m3s,Regresión lineal Q~P(t),Regresión lineal Q~P(t),outer_temporal_test,2012-12-01,2012,12,Verano,134.851613,130.822306,-4.029307,bloque_1,2010-01,2012-12,2009-12,2007-01,0.000000
estimar_caudal,P_IMERG_mm (mm/mes),Caudal_m3s,Regresión de anomalías con rezago,Regresión de anomalías con rezago,outer_temporal_test,2010-01-01,2010,1,Verano,196.612903,210.829376,14.216473,bloque_1,2010-01,2012-12,2009-12,2007-01,7.000000
estimar_caudal,P_IMERG_mm (mm/mes),Caudal_m3s,Regresión de anomalías con rezago,Regresión de anomalías con rezago,outer_temporal_test,2010-02-01,2010,2,Verano,149.214286,154.717917,5.503631,bloque_1,2010-01,2012-12,2009-12,2007-01,7.000000
estimar_caudal,P_IMERG_mm (mm/mes),Caudal_m3s,Regresión de anomalías con rezago,Regresión de anomalías con rezago,outer_temporal_test,2010-03-01,2010,3,Otono,118.032258,134.000990,15.968732,bloque_1,2010-01,2012-12,2009-12,2007-01,7.000000
estimar_caudal,P_IMERG_mm (mm/mes),Caudal_m3s,Regresión de anomalías con rezago,Regresión de anomalías con rezago,outer_temporal_test,2010-04-01,2010,4,Otono,81.570000,95.941622,14.371622,bloque_1,2010-01,2012-12,2009-12,2007-01,7.000000
estimar_caudal,P_IMERG_mm (mm/mes),Caudal_m3s,Regresión de anomalías con rezago,Regresión de anomalías con rezago,outer_temporal_test,2010-05-01,2010,5,Otono,62.706452,67.346226,4.639774,bloque_1,2010-01,2012-12,2009-12,2007-01,7.000000
estimar_caudal,P_IMERG_mm (mm/mes),Caudal_m3s,Regresión de anomalías con rezago,Regresión de anomalías con rezago,outer_temporal_test,2010-06-01,2010,6,Invierno,59.830000,77.074169,17.244169,bloque_1,2010-01,2012-12,2009-12,2007-01,7.000000
estimar_caudal,P_IMERG_mm (mm/mes),Caudal_m3s,Regresión de anomalías con rezago,Regresión de anomalías con rezago,outer_temporal_test,2010-07-01,2010,7,Invierno,50.712903,78.453901,27.740998,bloque_1,2010-01,2012-12,2009-12,2007-01,7.000000
estimar_caudal,P_IMERG_mm (mm/mes),Caudal_m3s,Regresión de anomalías con rezago,Regresión de anomalías con rezago,outer_temporal_test,2010-08-01,2010,8,Invierno,51.387097,69.221489,17.834392,bloque_1,2010-01,2012-12,2009-12,2007-01,7.000000
estimar_caudal,P_IMERG_mm (mm/mes),Caudal_m3s,Regresión de anomalías con rezago,Regresión de anomalías con rezago,outer_temporal_test,2010-09-01,2010,9,Primavera,55.196667,79.328161,24.131494,bloque_1,2010-01,2012-12,2009-12,2007-01,7.000000
estimar_caudal,P_IMERG_mm (mm/mes),Caudal_m3s,Regresión de anomalías con rezago,Regresión de anomalías con rezago,outer_temporal_test,2010-10-01,2010,10,Primavera,76.029032,108.801157,32.772125,bloque_1,2010-01,2012-12,2009-12,2007-01,7.000000
estimar_caudal,P_IMERG_mm (mm/mes),Caudal_m3s,Regresión de anomalías con rezago,Regresión de anomalías con rezago,outer_temporal_test,2010-11-01,2010,11,Primavera,100.020000,167.250889,67.230889,bloque_1,2010-01,2012-12,2009-12,2007-01,7.000000
estimar_caudal,P_IMERG_mm (mm/mes),Caudal_m3s,Regresión de anomalías con rezago,Regresión de anomalías con rezago,outer_temporal_test,2010-12-01,2010,12,Verano,99.461290,229.877680,130.416390,bloque_1,2010-01,2012-12,2009-12,2007-01,7.000000
estimar_caudal,P_IMERG_mm (mm/mes),Caudal_m3s,Regresión de anomalías con rezago,Regresión de anomalías con rezago,outer_temporal_test,2011-01-01,2011,1,Verano,92.900000,214.320781,121.420781,bloque_1,2010-01,2012-12,2009-12,2007-01,7.000000
estimar_caudal,P_IMERG_mm (mm/mes),Caudal_m3s,Regresión de anomalías con rezago,Regresión de anomalías con rezago,outer_temporal_test,2011-02-01,2011,2,Verano,83.846429,152.892692,69.046263,bloque_1,2010-01,2012-12,2009-12,2007-01,7.000000
estimar_caudal,P_IMERG_mm (mm/mes),Caudal_m3s,Regresión de anomalías con rezago,Regresión de anomalías con rezago,outer_temporal_test,2011-03-01,2011,3,Otono,65.951613,91.454035,25.502422,bloque_1,2010-01,2012-12,2009-12,2007-01,7.000000
estimar_caudal,P_IMERG_mm (mm/mes),Caudal_m3s,Regresión de anomalías con rezago,Regresión de anomalías con rezago,outer_temporal_test,2011-04-01,2011,4,Otono,51.400000,71.927854,20.527854,bloque_1,2010-01,2012-12,2009-12,2007-01,7.000000
estimar_caudal,P_IMERG_mm (mm/mes),Caudal_m3s,Regresión de anomalías con rezago,Regresión de anomalías con rezago,outer_temporal_test,2011-05-01,2011,5,Otono,42.438710,63.966742,21.528032,bloque_1,2010-01,2012-12,2009-12,2007-01,7.000000
estimar_caudal,P_IMERG_mm (mm/mes),Caudal_m3s,Regresión de anomalías con rezago,Regresión de anomalías con rezago,outer_temporal_test,2011-06-01,2011,6,Invierno,33.970000,70.976065,37.006065,bloque_1,2010-01,2012-12,2009-12,2007-01,7.000000
estimar_caudal,P_IMERG_mm (mm/mes),Caudal_m3s,Regresión de anomalías con rezago,Regresión de anomalías con rezago,outer_temporal_test,2011-07-01,2011,7,Invierno,33.432258,74.889402,41.457144,bloque_1,2010-01,2012-12,2009-12,2007-01,7.000000
estimar_caudal,P_IMERG_mm (mm/mes),Caudal_m3s,Regresión de anomalías con rezago,Regresión de anomalías con rezago,outer_temporal_test,2011-08-01,2011,8,Invierno,32.945161,70.526667,37.581506,bloque_1,2010-01,2012-12,2009-12,2007-01,7.000000
estimar_caudal,P_IMERG_mm (mm/mes),Caudal_m3s,Regresión de anomalías con rezago,Regresión de anomalías con rezago,outer_temporal_test,2011-09-01,2011,9,Primavera,45.400000,91.057423,45.657423,bloque_1,2010-01,2012-12,2009-12,2007-01,7.000000
estimar_caudal,P_IMERG_mm (mm/mes),Caudal_m3s,Regresión de anomalías con rezago,Regresión de anomalías con rezago,outer_temporal_test,2011-10-01,2011,10,Primavera,65.896774,109.541068,43.644294,bloque_1,2010-01,2012-12,2009-12,2007-01,7.000000
estimar_caudal,P_IMERG_mm (mm/mes),Caudal_m3s,Regresión de anomalías con rezago,Regresión de anomalías con rezago,outer_temporal_test,2011-11-01,2011,11,Primavera,87.090000,173.063157,85.973157,bloque_1,2010-01,2012-12,2009-12,2007-01,7.000000
estimar_caudal,P_IMERG_mm (mm/mes),Caudal_m3s,Regresión de anomalías con rezago,Regresión de anomalías con rezago,outer_temporal_test,2011-12-01,2011,12,Verano,97.235484,203.825843,106.590359,bloque_1,2010-01,2012-12,2009-12,2007-01,7.000000
estimar_caudal,P_IMERG_mm (mm/mes),Caudal_m3s,Regresión de anomalías con rezago,Regresión de anomalías con rezago,outer_temporal_test,2012-01-01,2012,1,Verano,81.729032,196.792643,115.063611,bloque_1,2010-01,2012-12,2009-12,2007-01,7.000000
estimar_caudal,P_IMERG_mm (mm/mes),Caudal_m3s,Regresión de anomalías con rezago,Regresión de anomalías con rezago,outer_temporal_test,2012-02-01,2012,2,Verano,80.810345,149.013514,68.203169,bloque_1,2010-01,2012-12,2009-12,2007-01,7.000000
estimar_caudal,P_IMERG_mm (mm/mes),Caudal_m3s,Regresión de anomalías con rezago,Regresión de anomalías con rezago,outer_temporal_test,2012-03-01,2012,3,Otono,73.612903,114.784601,41.171698,bloque_1,2010-01,2012-12,2009-12,2007-01,7.000000
estimar_caudal,P_IMERG_mm (mm/mes),Caudal_m3s,Regresión de anomalías con rezago,Regresión de anomalías con rezago,outer_temporal_test,2012-04-01,2012,4,Otono,55.180000,65.545475,10.365475,bloque_1,2010-01,2012-12,2009-12,2007-01,7.000000
estimar_caudal,P_IMERG_mm (mm/mes),Caudal_m3s,Regresión de anomalías con rezago,Regresión de anomalías con rezago,outer_temporal_test,2012-05-01,2012,5,Otono,53.635484,64.015823,10.380339,bloque_1,2010-01,2012-12,2009-12,2007-01,7.000000
estimar_caudal,P_IMERG_mm (mm/mes),Caudal_m3s,Regresión de anomalías con rezago,Regresión de anomalías con rezago,outer_temporal_test,2012-06-01,2012,6,Invierno,45.916667,71.340558,25.423891,bloque_1,2010-01,2012-12,2009-12,2007-01,7.000000
estimar_caudal,P_IMERG_mm (mm/mes),Caudal_m3s,Regresión de anomalías con rezago,Regresión de anomalías con rezago,outer_temporal_test,2012-07-01,2012,7,Invierno,42.735484,68.569862,25.834378,bloque_1,2010-01,2012-12,2009-12,2007-01,7.000000
estimar_caudal,P_IMERG_mm (mm/mes),Caudal_m3s,Regresión de anomalías con rezago,Regresión de anomalías con rezago,outer_temporal_test,2012-08-01,2012,8,Invierno,34.938710,73.912205,38.973495,bloque_1,2010-01,2012-12,2009-12,2007-01,7.000000
estimar_caudal,P_IMERG_mm (mm/mes),Caudal_m3s,Regresión de anomalías con rezago,Regresión de anomalías con rezago,outer_temporal_test,2012-09-01,2012,9,Primavera,48.010000,80.499060,32.489060,bloque_1,2010-01,2012-12,2009-12,2007-01,7.000000
estimar_caudal,P_IMERG_mm (mm/mes),Caudal_m3s,Regresión de anomalías con rezago,Regresión de anomalías con rezago,outer_temporal_test,2012-10-01,2012,10,Primavera,53.541935,106.123912,52.581977,bloque_1,2010-01,2012-12,2009-12,2007-01,7.000000
estimar_caudal,P_IMERG_mm (mm/mes),Caudal_m3s,Regresión de anomalías con rezago,Regresión de anomalías con rezago,outer_temporal_test,2012-11-01,2012,11,Primavera,129.836667,174.816348,44.979681,bloque_1,2010-01,2012-12,2009-12,2007-01,7.000000
estimar_caudal,P_IMERG_mm (mm/mes),Caudal_m3s,Regresión de anomalías con rezago,Regresión de anomalías con rezago,outer_temporal_test,2012-12-01,2012,12,Verano,134.851613,238.010859,103.159246,bloque_1,2010-01,2012-12,2009-12,2007-01,7.000000
estimar_precipitacion_local,P_IMERG_mm,P_local_mm,IMERG sin corrección,IMERG sin corrección,outer_temporal_test,2013-01-01,2013,1,Verano,14.376159,19.324459,4.948300,bloque_2,2013-01,2015-12,2012-12,2010-01,
estimar_precipitacion_local,P_IMERG_mm,P_local_mm,IMERG sin corrección,IMERG sin corrección,outer_temporal_test,2013-02-01,2013,2,Verano,21.496028,10.054048,-11.441980,bloque_2,2013-01,2015-12,2012-12,2010-01,
estimar_precipitacion_local,P_IMERG_mm,P_local_mm,IMERG sin corrección,IMERG sin corrección,outer_temporal_test,2013-03-01,2013,3,Otono,0.614403,12.369307,11.754904,bloque_2,2013-01,2015-12,2012-12,2010-01,
estimar_precipitacion_local,P_IMERG_mm,P_local_mm,IMERG sin corrección,IMERG sin corrección,outer_temporal_test,2013-04-01,2013,4,Otono,9.658616,12.345695,2.687079,bloque_2,2013-01,2015-12,2012-12,2010-01,
estimar_precipitacion_local,P_IMERG_mm,P_local_mm,IMERG sin corrección,IMERG sin corrección,outer_temporal_test,2013-05-01,2013,5,Otono,168.502135,117.457137,-51.044998,bloque_2,2013-01,2015-12,2012-12,2010-01,
estimar_precipitacion_local,P_IMERG_mm,P_local_mm,IMERG sin corrección,IMERG sin corrección,outer_temporal_test,2013-06-01,2013,6,Invierno,80.731889,62.110957,-18.620932,bloque_2,2013-01,2015-12,2012-12,2010-01,
estimar_precipitacion_local,P_IMERG_mm,P_local_mm,IMERG sin corrección,IMERG sin corrección,outer_temporal_test,2013-07-01,2013,7,Invierno,29.030308,79.292055,50.261747,bloque_2,2013-01,2015-12,2012-12,2010-01,
estimar_precipitacion_local,P_IMERG_mm,P_local_mm,IMERG sin corrección,IMERG sin corrección,outer_temporal_test,2013-08-01,2013,8,Invierno,99.899122,105.523598,5.624476,bloque_2,2013-01,2015-12,2012-12,2010-01,
estimar_precipitacion_local,P_IMERG_mm,P_local_mm,IMERG sin corrección,IMERG sin corrección,outer_temporal_test,2013-09-01,2013,9,Primavera,78.756825,35.923585,-42.833240,bloque_2,2013-01,2015-12,2012-12,2010-01,
estimar_precipitacion_local,P_IMERG_mm,P_local_mm,IMERG sin corrección,IMERG sin corrección,outer_temporal_test,2013-10-01,2013,10,Primavera,11.864839,13.447710,1.582871,bloque_2,2013-01,2015-12,2012-12,2010-01,
estimar_precipitacion_local,P_IMERG_mm,P_local_mm,IMERG sin corrección,IMERG sin corrección,outer_temporal_test,2013-11-01,2013,11,Primavera,9.329608,22.028643,12.699035,bloque_2,2013-01,2015-12,2012-12,2010-01,
estimar_precipitacion_local,P_IMERG_mm,P_local_mm,IMERG sin corrección,IMERG sin corrección,outer_temporal_test,2013-12-01,2013,12,Verano,5.252714,21.132368,15.879654,bloque_2,2013-01,2015-12,2012-12,2010-01,
estimar_precipitacion_local,P_IMERG_mm,P_local_mm,IMERG sin corrección,IMERG sin corrección,outer_temporal_test,2014-01-01,2014,1,Verano,20.133510,8.276079,-11.857431,bloque_2,2013-01,2015-12,2012-12,2010-01,
estimar_precipitacion_local,P_IMERG_mm,P_local_mm,IMERG sin corrección,IMERG sin corrección,outer_temporal_test,2014-02-01,2014,2,Verano,38.124470,48.006593,9.882123,bloque_2,2013-01,2015-12,2012-12,2010-01,
estimar_precipitacion_local,P_IMERG_mm,P_local_mm,IMERG sin corrección,IMERG sin corrección,outer_temporal_test,2014-03-01,2014,3,Otono,5.929824,7.303873,1.374049,bloque_2,2013-01,2015-12,2012-12,2010-01,
estimar_precipitacion_local,P_IMERG_mm,P_local_mm,IMERG sin corrección,IMERG sin corrección,outer_temporal_test,2014-04-01,2014,4,Otono,25.641550,24.141431,-1.500119,bloque_2,2013-01,2015-12,2012-12,2010-01,
estimar_precipitacion_local,P_IMERG_mm,P_local_mm,IMERG sin corrección,IMERG sin corrección,outer_temporal_test,2014-05-01,2014,5,Otono,100.385812,59.784122,-40.601690,bloque_2,2013-01,2015-12,2012-12,2010-01,
estimar_precipitacion_local,P_IMERG_mm,P_local_mm,IMERG sin corrección,IMERG sin corrección,outer_temporal_test,2014-06-01,2014,6,Invierno,114.959161,147.580845,32.621684,bloque_2,2013-01,2015-12,2012-12,2010-01,
estimar_precipitacion_local,P_IMERG_mm,P_local_mm,IMERG sin corrección,IMERG sin corrección,outer_temporal_test,2014-07-01,2014,7,Invierno,94.384094,86.403897,-7.980197,bloque_2,2013-01,2015-12,2012-12,2010-01,
estimar_precipitacion_local,P_IMERG_mm,P_local_mm,IMERG sin corrección,IMERG sin corrección,outer_temporal_test,2014-08-01,2014,8,Invierno,51.526396,109.488206,57.961810,bloque_2,2013-01,2015-12,2012-12,2010-01,
estimar_precipitacion_local,P_IMERG_mm,P_local_mm,IMERG sin corrección,IMERG sin corrección,outer_temporal_test,2014-09-01,2014,9,Primavera,114.531264,75.144383,-39.386881,bloque_2,2013-01,2015-12,2012-12,2010-01,
estimar_precipitacion_local,P_IMERG_mm,P_local_mm,IMERG sin corrección,IMERG sin corrección,outer_temporal_test,2014-10-01,2014,10,Primavera,16.395459,33.442176,17.046717,bloque_2,2013-01,2015-12,2012-12,2010-01,
estimar_precipitacion_local,P_IMERG_mm,P_local_mm,IMERG sin corrección,IMERG sin corrección,outer_temporal_test,2014-11-01,2014,11,Primavera,20.570965,16.488027,-4.082938,bloque_2,2013-01,2015-12,2012-12,2010-01,
estimar_precipitacion_local,P_IMERG_mm,P_local_mm,IMERG sin corrección,IMERG sin corrección,outer_temporal_test,2014-12-01,2014,12,Verano,15.580879,13.240567,-2.340312,bloque_2,2013-01,2015-12,2012-12,2010-01,
estimar_precipitacion_local,P_IMERG_mm,P_local_mm,IMERG sin corrección,IMERG sin corrección,outer_temporal_test,2015-01-01,2015,1,Verano,1.082505,6.460221,5.377716,bloque_2,2013-01,2015-12,2012-12,2010-01,
estimar_precipitacion_local,P_IMERG_mm,P_local_mm,IMERG sin corrección,IMERG sin corrección,outer_temporal_test,2015-02-01,2015,2,Verano,7.820984,25.294132,17.473148,bloque_2,2013-01,2015-12,2012-12,2010-01,
estimar_precipitacion_local,P_IMERG_mm,P_local_mm,IMERG sin corrección,IMERG sin corrección,outer_temporal_test,2015-03-01,2015,3,Otono,10.339023,29.050417,18.711394,bloque_2,2013-01,2015-12,2012-12,2010-01,
estimar_precipitacion_local,P_IMERG_mm,P_local_mm,IMERG sin corrección,IMERG sin corrección,outer_temporal_test,2015-04-01,2015,4,Otono,1.063817,9.234883,8.171066,bloque_2,2013-01,2015-12,2012-12,2010-01,
estimar_precipitacion_local,P_IMERG_mm,P_local_mm,IMERG sin corrección,IMERG sin corrección,outer_temporal_test,2015-05-01,2015,5,Otono,6.668355,25.743659,19.075304,bloque_2,2013-01,2015-12,2012-12,2010-01,
estimar_precipitacion_local,P_IMERG_mm,P_local_mm,IMERG sin corrección,IMERG sin corrección,outer_temporal_test,2015-06-01,2015,6,Invierno,9.574825,37.001062,27.426237,bloque_2,2013-01,2015-12,2012-12,2010-01,
estimar_precipitacion_local,P_IMERG_mm,P_local_mm,IMERG sin corrección,IMERG sin corrección,outer_temporal_test,2015-07-01,2015,7,Invierno,195.649925,138.113998,-57.535927,bloque_2,2013-01,2015-12,2012-12,2010-01,
estimar_precipitacion_local,P_IMERG_mm,P_local_mm,IMERG sin corrección,IMERG sin corrección,outer_temporal_test,2015-08-01,2015,8,Invierno,240.485745,255.112151,14.626406,bloque_2,2013-01,2015-12,2012-12,2010-01,
estimar_precipitacion_local,P_IMERG_mm,P_local_mm,IMERG sin corrección,IMERG sin corrección,outer_temporal_test,2015-09-01,2015,9,Primavera,106.384806,80.912542,-25.472264,bloque_2,2013-01,2015-12,2012-12,2010-01,
estimar_precipitacion_local,P_IMERG_mm,P_local_mm,IMERG sin corrección,IMERG sin corrección,outer_temporal_test,2015-10-01,2015,10,Primavera,127.049449,115.330559,-11.718890,bloque_2,2013-01,2015-12,2012-12,2010-01,
estimar_precipitacion_local,P_IMERG_mm,P_local_mm,IMERG sin corrección,IMERG sin corrección,outer_temporal_test,2015-11-01,2015,11,Primavera,23.314963,29.160103,5.845140,bloque_2,2013-01,2015-12,2012-12,2010-01,
estimar_precipitacion_local,P_IMERG_mm,P_local_mm,IMERG sin corrección,IMERG sin corrección,outer_temporal_test,2015-12-01,2015,12,Verano,2.111066,17.207931,15.096865,bloque_2,2013-01,2015-12,2012-12,2010-01,
estimar_precipitacion_local,P_IMERG_mm,P_local_mm,Corrección seleccionada en ajuste,Log-lineal corregido,outer_temporal_test,2013-01-01,2013,1,Verano,14.376159,14.500052,0.123893,bloque_2,2013-01,2015-12,2012-12,2010-01,
estimar_precipitacion_local,P_IMERG_mm,P_local_mm,Corrección seleccionada en ajuste,Log-lineal corregido,outer_temporal_test,2013-02-01,2013,2,Verano,21.496028,5.931400,-15.564628,bloque_2,2013-01,2015-12,2012-12,2010-01,
estimar_precipitacion_local,P_IMERG_mm,P_local_mm,Corrección seleccionada en ajuste,Log-lineal corregido,outer_temporal_test,2013-03-01,2013,3,Otono,0.614403,7.935182,7.320779,bloque_2,2013-01,2015-12,2012-12,2010-01,
estimar_precipitacion_local,P_IMERG_mm,P_local_mm,Corrección seleccionada en ajuste,Log-lineal corregido,outer_temporal_test,2013-04-01,2013,4,Otono,9.658616,7.914234,-1.744382,bloque_2,2013-01,2015-12,2012-12,2010-01,
estimar_precipitacion_local,P_IMERG_mm,P_local_mm,Corrección seleccionada en ajuste,Log-lineal corregido,outer_temporal_test,2013-05-01,2013,5,Otono,168.502135,148.426343,-20.075792,bloque_2,2013-01,2015-12,2012-12,2010-01,
estimar_precipitacion_local,P_IMERG_mm,P_local_mm,Corrección seleccionada en ajuste,Log-lineal corregido,outer_temporal_test,2013-06-01,2013,6,Invierno,80.731889,65.823233,-14.908656,bloque_2,2013-01,2015-12,2012-12,2010-01,
estimar_precipitacion_local,P_IMERG_mm,P_local_mm,Corrección seleccionada en ajuste,Log-lineal corregido,outer_temporal_test,2013-07-01,2013,7,Invierno,29.030308,89.929895,60.899587,bloque_2,2013-01,2015-12,2012-12,2010-01,
estimar_precipitacion_local,P_IMERG_mm,P_local_mm,Corrección seleccionada en ajuste,Log-lineal corregido,outer_temporal_test,2013-08-01,2013,8,Invierno,99.899122,129.484238,29.585116,bloque_2,2013-01,2015-12,2012-12,2010-01,
estimar_precipitacion_local,P_IMERG_mm,P_local_mm,Corrección seleccionada en ajuste,Log-lineal corregido,outer_temporal_test,2013-09-01,2013,9,Primavera,78.756825,32.582187,-46.174638,bloque_2,2013-01,2015-12,2012-12,2010-01,
estimar_precipitacion_local,P_IMERG_mm,P_local_mm,Corrección seleccionada en ajuste,Log-lineal corregido,outer_temporal_test,2013-10-01,2013,10,Primavera,11.864839,8.902499,-2.962340,bloque_2,2013-01,2015-12,2012-12,2010-01,
estimar_precipitacion_local,P_IMERG_mm,P_local_mm,Corrección seleccionada en ajuste,Log-lineal corregido,outer_temporal_test,2013-11-01,2013,11,Primavera,9.329608,17.237906,7.908298,bloque_2,2013-01,2015-12,2012-12,2010-01,
estimar_precipitacion_local,P_IMERG_mm,P_local_mm,Corrección seleccionada en ajuste,Log-lineal corregido,outer_temporal_test,2013-12-01,2013,12,Verano,5.252714,16.320185,11.067471,bloque_2,2013-01,2015-12,2012-12,2010-01,
estimar_precipitacion_local,P_IMERG_mm,P_local_mm,Corrección seleccionada en ajuste,Log-lineal corregido,outer_temporal_test,2014-01-01,2014,1,Verano,20.133510,4.467736,-15.665774,bloque_2,2013-01,2015-12,2012-12,2010-01,
estimar_precipitacion_local,P_IMERG_mm,P_local_mm,Corrección seleccionada en ajuste,Log-lineal corregido,outer_temporal_test,2014-02-01,2014,2,Verano,38.124470,47.320629,9.196159,bloque_2,2013-01,2015-12,2012-12,2010-01,
estimar_precipitacion_local,P_IMERG_mm,P_local_mm,Corrección seleccionada en ajuste,Log-lineal corregido,outer_temporal_test,2014-03-01,2014,3,Otono,5.929824,3.698419,-2.231405,bloque_2,2013-01,2015-12,2012-12,2010-01,
estimar_precipitacion_local,P_IMERG_mm,P_local_mm,Corrección seleccionada en ajuste,Log-lineal corregido,outer_temporal_test,2014-04-01,2014,4,Otono,25.641550,19.439577,-6.201973,bloque_2,2013-01,2015-12,2012-12,2010-01,
estimar_precipitacion_local,P_IMERG_mm,P_local_mm,Corrección seleccionada en ajuste,Log-lineal corregido,outer_temporal_test,2014-05-01,2014,5,Otono,100.385812,62.684795,-37.701017,bloque_2,2013-01,2015-12,2012-12,2010-01,
estimar_precipitacion_local,P_IMERG_mm,P_local_mm,Corrección seleccionada en ajuste,Log-lineal corregido,outer_temporal_test,2014-06-01,2014,6,Invierno,114.959161,198.515924,83.556763,bloque_2,2013-01,2015-12,2012-12,2010-01,
estimar_precipitacion_local,P_IMERG_mm,P_local_mm,Corrección seleccionada en ajuste,Log-lineal corregido,outer_temporal_test,2014-07-01,2014,7,Invierno,94.384094,100.348450,5.964356,bloque_2,2013-01,2015-12,2012-12,2010-01,
estimar_precipitacion_local,P_IMERG_mm,P_local_mm,Corrección seleccionada en ajuste,Log-lineal corregido,outer_temporal_test,2014-08-01,2014,8,Invierno,51.526396,135.716107,84.189711,bloque_2,2013-01,2015-12,2012-12,2010-01,
estimar_precipitacion_local,P_IMERG_mm,P_local_mm,Corrección seleccionada en ajuste,Log-lineal corregido,outer_temporal_test,2014-09-01,2014,9,Primavera,114.531264,83.967738,-30.563526,bloque_2,2013-01,2015-12,2012-12,2010-01,
estimar_precipitacion_local,P_IMERG_mm,P_local_mm,Corrección seleccionada en ajuste,Log-lineal corregido,outer_temporal_test,2014-10-01,2014,10,Primavera,16.395459,29.703335,13.307876,bloque_2,2013-01,2015-12,2012-12,2010-01,
estimar_precipitacion_local,P_IMERG_mm,P_local_mm,Corrección seleccionada en ajuste,Log-lineal corregido,outer_temporal_test,2014-11-01,2014,11,Primavera,20.570965,11.733709,-8.837256,bloque_2,2013-01,2015-12,2012-12,2010-01,
estimar_precipitacion_local,P_IMERG_mm,P_local_mm,Corrección seleccionada en ajuste,Log-lineal corregido,outer_temporal_test,2014-12-01,2014,12,Verano,15.580879,8.715114,-6.865765,bloque_2,2013-01,2015-12,2012-12,2010-01,
estimar_precipitacion_local,P_IMERG_mm,P_local_mm,Corrección seleccionada en ajuste,Log-lineal corregido,outer_temporal_test,2015-01-01,2015,1,Verano,1.082505,3.050405,1.967900,bloque_2,2013-01,2015-12,2012-12,2010-01,
estimar_precipitacion_local,P_IMERG_mm,P_local_mm,Corrección seleccionada en ajuste,Log-lineal corregido,outer_temporal_test,2015-02-01,2015,2,Verano,7.820984,20.662537,12.841553,bloque_2,2013-01,2015-12,2012-12,2010-01,
estimar_precipitacion_local,P_IMERG_mm,P_local_mm,Corrección seleccionada en ajuste,Log-lineal corregido,outer_temporal_test,2015-03-01,2015,3,Otono,10.339023,24.747678,14.408655,bloque_2,2013-01,2015-12,2012-12,2010-01,
estimar_precipitacion_local,P_IMERG_mm,P_local_mm,Corrección seleccionada en ajuste,Log-lineal corregido,outer_temporal_test,2015-04-01,2015,4,Otono,1.063817,5.248366,4.184549,bloque_2,2013-01,2015-12,2012-12,2010-01,
estimar_precipitacion_local,P_IMERG_mm,P_local_mm,Corrección seleccionada en ajuste,Log-lineal corregido,outer_temporal_test,2015-05-01,2015,5,Otono,6.668355,21.143481,14.475126,bloque_2,2013-01,2015-12,2012-12,2010-01,
estimar_precipitacion_local,P_IMERG_mm,P_local_mm,Corrección seleccionada en ajuste,Log-lineal corregido,outer_temporal_test,2015-06-01,2015,6,Invierno,9.574825,33.849006,24.274181,bloque_2,2013-01,2015-12,2012-12,2010-01,
estimar_precipitacion_local,P_IMERG_mm,P_local_mm,Corrección seleccionada en ajuste,Log-lineal corregido,outer_temporal_test,2015-07-01,2015,7,Invierno,195.649925,182.444734,-13.205191,bloque_2,2013-01,2015-12,2012-12,2010-01,
estimar_precipitacion_local,P_IMERG_mm,P_local_mm,Corrección seleccionada en ajuste,Log-lineal corregido,outer_temporal_test,2015-08-01,2015,8,Invierno,240.485745,398.421703,157.935958,bloque_2,2013-01,2015-12,2012-12,2010-01,
estimar_precipitacion_local,P_IMERG_mm,P_local_mm,Corrección seleccionada en ajuste,Log-lineal corregido,outer_temporal_test,2015-09-01,2015,9,Primavera,106.384806,92.282490,-14.102316,bloque_2,2013-01,2015-12,2012-12,2010-01,
estimar_precipitacion_local,P_IMERG_mm,P_local_mm,Corrección seleccionada en ajuste,Log-lineal corregido,outer_temporal_test,2015-10-01,2015,10,Primavera,127.049449,145.010961,17.961512,bloque_2,2013-01,2015-12,2012-12,2010-01,
estimar_precipitacion_local,P_IMERG_mm,P_local_mm,Corrección seleccionada en ajuste,Log-lineal corregido,outer_temporal_test,2015-11-01,2015,11,Primavera,23.314963,24.869166,1.554203,bloque_2,2013-01,2015-12,2012-12,2010-01,
estimar_precipitacion_local,P_IMERG_mm,P_local_mm,Corrección seleccionada en ajuste,Log-lineal corregido,outer_temporal_test,2015-12-01,2015,12,Verano,2.111066,12.424986,10.313920,bloque_2,2013-01,2015-12,2012-12,2010-01,
estimar_caudal,P_local_mm (mm/mes),Caudal_m3s,Climatología mensual Q,Climatología mensual Q,outer_temporal_test,2013-01-01,2013,1,Verano,145.096774,223.086939,77.990165,bloque_2,2013-01,2015-12,2012-12,2010-01,
estimar_caudal,P_local_mm (mm/mes),Caudal_m3s,Climatología mensual Q,Climatología mensual Q,outer_temporal_test,2013-02-01,2013,2,Verano,101.032143,164.570235,63.538092,bloque_2,2013-01,2015-12,2012-12,2010-01,
estimar_caudal,P_local_mm (mm/mes),Caudal_m3s,Climatología mensual Q,Climatología mensual Q,outer_temporal_test,2013-03-01,2013,3,Otono,69.645161,112.549484,42.904323,bloque_2,2013-01,2015-12,2012-12,2010-01,
estimar_caudal,P_local_mm (mm/mes),Caudal_m3s,Climatología mensual Q,Climatología mensual Q,outer_temporal_test,2013-04-01,2013,4,Otono,52.026667,79.170264,27.143597,bloque_2,2013-01,2015-12,2012-12,2010-01,
estimar_caudal,P_local_mm (mm/mes),Caudal_m3s,Climatología mensual Q,Climatología mensual Q,outer_temporal_test,2013-05-01,2013,5,Otono,44.619355,67.119251,22.499896,bloque_2,2013-01,2015-12,2012-12,2010-01,
estimar_caudal,P_local_mm (mm/mes),Caudal_m3s,Climatología mensual Q,Climatología mensual Q,outer_temporal_test,2013-06-01,2013,6,Invierno,50.493333,66.257467,15.764134,bloque_2,2013-01,2015-12,2012-12,2010-01,
estimar_caudal,P_local_mm (mm/mes),Caudal_m3s,Climatología mensual Q,Climatología mensual Q,outer_temporal_test,2013-07-01,2013,7,Invierno,46.838710,69.075658,22.236948,bloque_2,2013-01,2015-12,2012-12,2010-01,
estimar_caudal,P_local_mm (mm/mes),Caudal_m3s,Climatología mensual Q,Climatología mensual Q,outer_temporal_test,2013-08-01,2013,8,Invierno,50.232258,68.017285,17.785027,bloque_2,2013-01,2015-12,2012-12,2010-01,
estimar_caudal,P_local_mm (mm/mes),Caudal_m3s,Climatología mensual Q,Climatología mensual Q,outer_temporal_test,2013-09-01,2013,9,Primavera,56.950000,77.323687,20.373687,bloque_2,2013-01,2015-12,2012-12,2010-01,
estimar_caudal,P_local_mm (mm/mes),Caudal_m3s,Climatología mensual Q,Climatología mensual Q,outer_temporal_test,2013-10-01,2013,10,Primavera,79.577419,107.528219,27.950800,bloque_2,2013-01,2015-12,2012-12,2010-01,
estimar_caudal,P_local_mm (mm/mes),Caudal_m3s,Climatología mensual Q,Climatología mensual Q,outer_temporal_test,2013-11-01,2013,11,Primavera,111.813333,166.959140,55.145807,bloque_2,2013-01,2015-12,2012-12,2010-01,
estimar_caudal,P_local_mm (mm/mes),Caudal_m3s,Climatología mensual Q,Climatología mensual Q,outer_temporal_test,2013-12-01,2013,12,Verano,137.322581,228.024379,90.701798,bloque_2,2013-01,2015-12,2012-12,2010-01,
estimar_caudal,P_local_mm (mm/mes),Caudal_m3s,Climatología mensual Q,Climatología mensual Q,outer_temporal_test,2014-01-01,2014,1,Verano,124.729032,223.086939,98.357907,bloque_2,2013-01,2015-12,2012-12,2010-01,
estimar_caudal,P_local_mm (mm/mes),Caudal_m3s,Climatología mensual Q,Climatología mensual Q,outer_temporal_test,2014-02-01,2014,2,Verano,89.378571,164.570235,75.191664,bloque_2,2013-01,2015-12,2012-12,2010-01,
estimar_caudal,P_local_mm (mm/mes),Caudal_m3s,Climatología mensual Q,Climatología mensual Q,outer_temporal_test,2014-03-01,2014,3,Otono,71.509677,112.549484,41.039807,bloque_2,2013-01,2015-12,2012-12,2010-01,
estimar_caudal,P_local_mm (mm/mes),Caudal_m3s,Climatología mensual Q,Climatología mensual Q,outer_temporal_test,2014-04-01,2014,4,Otono,59.389286,79.170264,19.780978,bloque_2,2013-01,2015-12,2012-12,2010-01,
estimar_caudal,P_local_mm (mm/mes),Caudal_m3s,Climatología mensual Q,Climatología mensual Q,outer_temporal_test,2014-05-01,2014,5,Otono,50.051613,67.119251,17.067638,bloque_2,2013-01,2015-12,2012-12,2010-01,
estimar_caudal,P_local_mm (mm/mes),Caudal_m3s,Climatología mensual Q,Climatología mensual Q,outer_temporal_test,2014-06-01,2014,6,Invierno,48.900000,66.257467,17.357467,bloque_2,2013-01,2015-12,2012-12,2010-01,
estimar_caudal,P_local_mm (mm/mes),Caudal_m3s,Climatología mensual Q,Climatología mensual Q,outer_temporal_test,2014-07-01,2014,7,Invierno,44.719355,69.075658,24.356303,bloque_2,2013-01,2015-12,2012-12,2010-01,
estimar_caudal,P_local_mm (mm/mes),Caudal_m3s,Climatología mensual Q,Climatología mensual Q,outer_temporal_test,2014-08-01,2014,8,Invierno,45.661290,68.017285,22.355995,bloque_2,2013-01,2015-12,2012-12,2010-01,
estimar_caudal,P_local_mm (mm/mes),Caudal_m3s,Climatología mensual Q,Climatología mensual Q,outer_temporal_test,2014-09-01,2014,9,Primavera,46.766667,77.323687,30.557020,bloque_2,2013-01,2015-12,2012-12,2010-01,
estimar_caudal,P_local_mm (mm/mes),Caudal_m3s,Climatología mensual Q,Climatología mensual Q,outer_temporal_test,2014-10-01,2014,10,Primavera,89.945161,107.528219,17.583058,bloque_2,2013-01,2015-12,2012-12,2010-01,
estimar_caudal,P_local_mm (mm/mes),Caudal_m3s,Climatología mensual Q,Climatología mensual Q,outer_temporal_test,2014-11-01,2014,11,Primavera,112.143333,166.959140,54.815807,bloque_2,2013-01,2015-12,2012-12,2010-01,
estimar_caudal,P_local_mm (mm/mes),Caudal_m3s,Climatología mensual Q,Climatología mensual Q,outer_temporal_test,2014-12-01,2014,12,Verano,96.167742,228.024379,131.856637,bloque_2,2013-01,2015-12,2012-12,2010-01,
estimar_caudal,P_local_mm (mm/mes),Caudal_m3s,Climatología mensual Q,Climatología mensual Q,outer_temporal_test,2015-01-01,2015,1,Verano,94.987097,223.086939,128.099842,bloque_2,2013-01,2015-12,2012-12,2010-01,
estimar_caudal,P_local_mm (mm/mes),Caudal_m3s,Climatología mensual Q,Climatología mensual Q,outer_temporal_test,2015-02-01,2015,2,Verano,77.271429,164.570235,87.298806,bloque_2,2013-01,2015-12,2012-12,2010-01,
estimar_caudal,P_local_mm (mm/mes),Caudal_m3s,Regresión lineal Q~P(t),Regresión lineal Q~P(t),outer_temporal_test,2013-01-01,2013,1,Verano,145.096774,129.592699,-15.504075,bloque_2,2013-01,2015-12,2012-12,2010-01,0.000000
estimar_caudal,P_local_mm (mm/mes),Caudal_m3s,Regresión lineal Q~P(t),Regresión lineal Q~P(t),outer_temporal_test,2013-02-01,2013,2,Verano,101.032143,128.258634,27.226491,bloque_2,2013-01,2015-12,2012-12,2010-01,0.000000
estimar_caudal,P_local_mm (mm/mes),Caudal_m3s,Regresión lineal Q~P(t),Regresión lineal Q~P(t),outer_temporal_test,2013-03-01,2013,3,Otono,69.645161,132.171268,62.526107,bloque_2,2013-01,2015-12,2012-12,2010-01,0.000000
estimar_caudal,P_local_mm (mm/mes),Caudal_m3s,Regresión lineal Q~P(t),Regresión lineal Q~P(t),outer_temporal_test,2013-04-01,2013,4,Otono,52.026667,130.476635,78.449968,bloque_2,2013-01,2015-12,2012-12,2010-01,0.000000
estimar_caudal,P_local_mm (mm/mes),Caudal_m3s,Regresión lineal Q~P(t),Regresión lineal Q~P(t),outer_temporal_test,2013-05-01,2013,5,Otono,44.619355,100.713788,56.094433,bloque_2,2013-01,2015-12,2012-12,2010-01,0.000000
estimar_caudal,P_local_mm (mm/mes),Caudal_m3s,Regresión lineal Q~P(t),Regresión lineal Q~P(t),outer_temporal_test,2013-06-01,2013,6,Invierno,50.493333,117.159485,66.666152,bloque_2,2013-01,2015-12,2012-12,2010-01,0.000000
estimar_caudal,P_local_mm (mm/mes),Caudal_m3s,Regresión lineal Q~P(t),Regresión lineal Q~P(t),outer_temporal_test,2013-07-01,2013,7,Invierno,46.838710,126.846920,80.008210,bloque_2,2013-01,2015-12,2012-12,2010-01,0.000000
estimar_caudal,P_local_mm (mm/mes),Caudal_m3s,Regresión lineal Q~P(t),Regresión lineal Q~P(t),outer_temporal_test,2013-08-01,2013,8,Invierno,50.232258,113.568080,63.335822,bloque_2,2013-01,2015-12,2012-12,2010-01,0.000000
estimar_caudal,P_local_mm (mm/mes),Caudal_m3s,Regresión lineal Q~P(t),Regresión lineal Q~P(t),outer_temporal_test,2013-09-01,2013,9,Primavera,56.950000,117.529557,60.579557,bloque_2,2013-01,2015-12,2012-12,2010-01,0.000000
estimar_caudal,P_local_mm (mm/mes),Caudal_m3s,Regresión lineal Q~P(t),Regresión lineal Q~P(t),outer_temporal_test,2013-10-01,2013,10,Primavera,79.577419,130.063250,50.485831,bloque_2,2013-01,2015-12,2012-12,2010-01,0.000000
estimar_caudal,P_local_mm (mm/mes),Caudal_m3s,Regresión lineal Q~P(t),Regresión lineal Q~P(t),outer_temporal_test,2013-11-01,2013,11,Primavera,111.813333,130.538282,18.724949,bloque_2,2013-01,2015-12,2012-12,2010-01,0.000000
estimar_caudal,P_local_mm (mm/mes),Caudal_m3s,Regresión lineal Q~P(t),Regresión lineal Q~P(t),outer_temporal_test,2013-12-01,2013,12,Verano,137.322581,131.302178,-6.020403,bloque_2,2013-01,2015-12,2012-12,2010-01,0.000000
estimar_caudal,P_local_mm (mm/mes),Caudal_m3s,Regresión lineal Q~P(t),Regresión lineal Q~P(t),outer_temporal_test,2014-01-01,2014,1,Verano,124.729032,128.513932,3.784900,bloque_2,2013-01,2015-12,2012-12,2010-01,0.000000
estimar_caudal,P_local_mm (mm/mes),Caudal_m3s,Regresión lineal Q~P(t),Regresión lineal Q~P(t),outer_temporal_test,2014-02-01,2014,2,Verano,89.378571,125.142928,35.764357,bloque_2,2013-01,2015-12,2012-12,2010-01,0.000000
estimar_caudal,P_local_mm (mm/mes),Caudal_m3s,Regresión lineal Q~P(t),Regresión lineal Q~P(t),outer_temporal_test,2014-03-01,2014,3,Otono,71.509677,131.175307,59.665630,bloque_2,2013-01,2015-12,2012-12,2010-01,0.000000
estimar_caudal,P_local_mm (mm/mes),Caudal_m3s,Regresión lineal Q~P(t),Regresión lineal Q~P(t),outer_temporal_test,2014-04-01,2014,4,Otono,59.389286,127.481879,68.092593,bloque_2,2013-01,2015-12,2012-12,2010-01,0.000000
estimar_caudal,P_local_mm (mm/mes),Caudal_m3s,Regresión lineal Q~P(t),Regresión lineal Q~P(t),outer_temporal_test,2014-05-01,2014,5,Otono,50.051613,113.476888,63.425275,bloque_2,2013-01,2015-12,2012-12,2010-01,0.000000
estimar_caudal,P_local_mm (mm/mes),Caudal_m3s,Regresión lineal Q~P(t),Regresión lineal Q~P(t),outer_temporal_test,2014-06-01,2014,6,Invierno,48.900000,110.746249,61.846249,bloque_2,2013-01,2015-12,2012-12,2010-01,0.000000
estimar_caudal,P_local_mm (mm/mes),Caudal_m3s,Regresión lineal Q~P(t),Regresión lineal Q~P(t),outer_temporal_test,2014-07-01,2014,7,Invierno,44.719355,114.601443,69.882088,bloque_2,2013-01,2015-12,2012-12,2010-01,0.000000
estimar_caudal,P_local_mm (mm/mes),Caudal_m3s,Regresión lineal Q~P(t),Regresión lineal Q~P(t),outer_temporal_test,2014-08-01,2014,8,Invierno,45.661290,122.631780,76.970490,bloque_2,2013-01,2015-12,2012-12,2010-01,0.000000
estimar_caudal,P_local_mm (mm/mes),Caudal_m3s,Regresión lineal Q~P(t),Regresión lineal Q~P(t),outer_temporal_test,2014-09-01,2014,9,Primavera,46.766667,110.826425,64.059758,bloque_2,2013-01,2015-12,2012-12,2010-01,0.000000
estimar_caudal,P_local_mm (mm/mes),Caudal_m3s,Regresión lineal Q~P(t),Regresión lineal Q~P(t),outer_temporal_test,2014-10-01,2014,10,Primavera,89.945161,129.214339,39.269178,bloque_2,2013-01,2015-12,2012-12,2010-01,0.000000
estimar_caudal,P_local_mm (mm/mes),Caudal_m3s,Regresión lineal Q~P(t),Regresión lineal Q~P(t),outer_temporal_test,2014-11-01,2014,11,Primavera,112.143333,128.431965,16.288632,bloque_2,2013-01,2015-12,2012-12,2010-01,0.000000
estimar_caudal,P_local_mm (mm/mes),Caudal_m3s,Regresión lineal Q~P(t),Regresión lineal Q~P(t),outer_temporal_test,2014-12-01,2014,12,Verano,96.167742,129.366968,33.199226,bloque_2,2013-01,2015-12,2012-12,2010-01,0.000000
estimar_caudal,P_local_mm (mm/mes),Caudal_m3s,Regresión lineal Q~P(t),Regresión lineal Q~P(t),outer_temporal_test,2015-01-01,2015,1,Verano,94.987097,132.083559,37.096462,bloque_2,2013-01,2015-12,2012-12,2010-01,0.000000
estimar_caudal,P_local_mm (mm/mes),Caudal_m3s,Regresión lineal Q~P(t),Regresión lineal Q~P(t),outer_temporal_test,2015-02-01,2015,2,Verano,77.271429,130.820956,53.549527,bloque_2,2013-01,2015-12,2012-12,2010-01,0.000000
estimar_caudal,P_local_mm (mm/mes),Caudal_m3s,Regresión de anomalías con rezago,Regresión de anomalías con rezago,outer_temporal_test,2013-01-01,2013,1,Verano,145.096774,233.180590,88.083816,bloque_2,2013-01,2015-12,2012-12,2010-01,7.000000
estimar_caudal,P_local_mm (mm/mes),Caudal_m3s,Regresión de anomalías con rezago,Regresión de anomalías con rezago,outer_temporal_test,2013-02-01,2013,2,Verano,101.032143,120.271433,19.239290,bloque_2,2013-01,2015-12,2012-12,2010-01,7.000000
estimar_caudal,P_local_mm (mm/mes),Caudal_m3s,Regresión de anomalías con rezago,Regresión de anomalías con rezago,outer_temporal_test,2013-03-01,2013,3,Otono,69.645161,85.136219,15.491058,bloque_2,2013-01,2015-12,2012-12,2010-01,7.000000
estimar_caudal,P_local_mm (mm/mes),Caudal_m3s,Regresión de anomalías con rezago,Regresión de anomalías con rezago,outer_temporal_test,2013-04-01,2013,4,Otono,52.026667,50.986727,-1.039940,bloque_2,2013-01,2015-12,2012-12,2010-01,7.000000
estimar_caudal,P_local_mm (mm/mes),Caudal_m3s,Regresión de anomalías con rezago,Regresión de anomalías con rezago,outer_temporal_test,2013-05-01,2013,5,Otono,44.619355,76.769025,32.149670,bloque_2,2013-01,2015-12,2012-12,2010-01,7.000000
estimar_caudal,P_local_mm (mm/mes),Caudal_m3s,Regresión de anomalías con rezago,Regresión de anomalías con rezago,outer_temporal_test,2013-06-01,2013,6,Invierno,50.493333,63.288677,12.795344,bloque_2,2013-01,2015-12,2012-12,2010-01,7.000000
estimar_caudal,P_local_mm (mm/mes),Caudal_m3s,Regresión de anomalías con rezago,Regresión de anomalías con rezago,outer_temporal_test,2013-07-01,2013,7,Invierno,46.838710,89.340336,42.501626,bloque_2,2013-01,2015-12,2012-12,2010-01,7.000000
estimar_caudal,P_local_mm (mm/mes),Caudal_m3s,Regresión de anomalías con rezago,Regresión de anomalías con rezago,outer_temporal_test,2013-08-01,2013,8,Invierno,50.232258,68.847313,18.615055,bloque_2,2013-01,2015-12,2012-12,2010-01,7.000000
estimar_caudal,P_local_mm (mm/mes),Caudal_m3s,Regresión de anomalías con rezago,Regresión de anomalías con rezago,outer_temporal_test,2013-09-01,2013,9,Primavera,56.950000,80.675472,23.725472,bloque_2,2013-01,2015-12,2012-12,2010-01,7.000000
estimar_caudal,P_local_mm (mm/mes),Caudal_m3s,Regresión de anomalías con rezago,Regresión de anomalías con rezago,outer_temporal_test,2013-10-01,2013,10,Primavera,79.577419,103.246337,23.668918,bloque_2,2013-01,2015-12,2012-12,2010-01,7.000000
estimar_caudal,P_local_mm (mm/mes),Caudal_m3s,Regresión de anomalías con rezago,Regresión de anomalías con rezago,outer_temporal_test,2013-11-01,2013,11,Primavera,111.813333,152.579835,40.766502,bloque_2,2013-01,2015-12,2012-12,2010-01,7.000000
estimar_caudal,P_local_mm (mm/mes),Caudal_m3s,Regresión de anomalías con rezago,Regresión de anomalías con rezago,outer_temporal_test,2013-12-01,2013,12,Verano,137.322581,236.810900,99.488319,bloque_2,2013-01,2015-12,2012-12,2010-01,7.000000
estimar_caudal,P_local_mm (mm/mes),Caudal_m3s,Regresión de anomalías con rezago,Regresión de anomalías con rezago,outer_temporal_test,2014-01-01,2014,1,Verano,124.729032,184.241780,59.512748,bloque_2,2013-01,2015-12,2012-12,2010-01,7.000000
estimar_caudal,P_local_mm (mm/mes),Caudal_m3s,Regresión de anomalías con rezago,Regresión de anomalías con rezago,outer_temporal_test,2014-02-01,2014,2,Verano,89.378571,120.547935,31.169364,bloque_2,2013-01,2015-12,2012-12,2010-01,7.000000
estimar_caudal,P_local_mm (mm/mes),Caudal_m3s,Regresión de anomalías con rezago,Regresión de anomalías con rezago,outer_temporal_test,2014-03-01,2014,3,Otono,71.509677,102.645861,31.136184,bloque_2,2013-01,2015-12,2012-12,2010-01,7.000000
estimar_caudal,P_local_mm (mm/mes),Caudal_m3s,Regresión de anomalías con rezago,Regresión de anomalías con rezago,outer_temporal_test,2014-04-01,2014,4,Otono,59.389286,76.180280,16.790994,bloque_2,2013-01,2015-12,2012-12,2010-01,7.000000
estimar_caudal,P_local_mm (mm/mes),Caudal_m3s,Regresión de anomalías con rezago,Regresión de anomalías con rezago,outer_temporal_test,2014-05-01,2014,5,Otono,50.051613,58.645032,8.593419,bloque_2,2013-01,2015-12,2012-12,2010-01,7.000000
estimar_caudal,P_local_mm (mm/mes),Caudal_m3s,Regresión de anomalías con rezago,Regresión de anomalías con rezago,outer_temporal_test,2014-06-01,2014,6,Invierno,48.900000,62.360557,13.460557,bloque_2,2013-01,2015-12,2012-12,2010-01,7.000000
estimar_caudal,P_local_mm (mm/mes),Caudal_m3s,Regresión de anomalías con rezago,Regresión de anomalías con rezago,outer_temporal_test,2014-07-01,2014,7,Invierno,44.719355,65.599776,20.880421,bloque_2,2013-01,2015-12,2012-12,2010-01,7.000000
estimar_caudal,P_local_mm (mm/mes),Caudal_m3s,Regresión de anomalías con rezago,Regresión de anomalías con rezago,outer_temporal_test,2014-08-01,2014,8,Invierno,45.661290,70.799332,25.138042,bloque_2,2013-01,2015-12,2012-12,2010-01,7.000000
estimar_caudal,P_local_mm (mm/mes),Caudal_m3s,Regresión de anomalías con rezago,Regresión de anomalías con rezago,outer_temporal_test,2014-09-01,2014,9,Primavera,46.766667,86.313312,39.546645,bloque_2,2013-01,2015-12,2012-12,2010-01,7.000000
estimar_caudal,P_local_mm (mm/mes),Caudal_m3s,Regresión de anomalías con rezago,Regresión de anomalías con rezago,outer_temporal_test,2014-10-01,2014,10,Primavera,89.945161,105.048520,15.103359,bloque_2,2013-01,2015-12,2012-12,2010-01,7.000000
estimar_caudal,P_local_mm (mm/mes),Caudal_m3s,Regresión de anomalías con rezago,Regresión de anomalías con rezago,outer_temporal_test,2014-11-01,2014,11,Primavera,112.143333,157.998817,45.855484,bloque_2,2013-01,2015-12,2012-12,2010-01,7.000000
estimar_caudal,P_local_mm (mm/mes),Caudal_m3s,Regresión de anomalías con rezago,Regresión de anomalías con rezago,outer_temporal_test,2014-12-01,2014,12,Verano,96.167742,213.716196,117.548454,bloque_2,2013-01,2015-12,2012-12,2010-01,7.000000
estimar_caudal,P_local_mm (mm/mes),Caudal_m3s,Regresión de anomalías con rezago,Regresión de anomalías con rezago,outer_temporal_test,2015-01-01,2015,1,Verano,94.987097,195.846468,100.859371,bloque_2,2013-01,2015-12,2012-12,2010-01,7.000000
estimar_caudal,P_local_mm (mm/mes),Caudal_m3s,Regresión de anomalías con rezago,Regresión de anomalías con rezago,outer_temporal_test,2015-02-01,2015,2,Verano,77.271429,142.706007,65.434578,bloque_2,2013-01,2015-12,2012-12,2010-01,7.000000
estimar_caudal,P_IMERG_mm (mm/mes),Caudal_m3s,Climatología mensual Q,Climatología mensual Q,outer_temporal_test,2013-01-01,2013,1,Verano,145.096774,223.086939,77.990165,bloque_2,2013-01,2015-12,2012-12,2010-01,
estimar_caudal,P_IMERG_mm (mm/mes),Caudal_m3s,Climatología mensual Q,Climatología mensual Q,outer_temporal_test,2013-02-01,2013,2,Verano,101.032143,164.570235,63.538092,bloque_2,2013-01,2015-12,2012-12,2010-01,
estimar_caudal,P_IMERG_mm (mm/mes),Caudal_m3s,Climatología mensual Q,Climatología mensual Q,outer_temporal_test,2013-03-01,2013,3,Otono,69.645161,112.549484,42.904323,bloque_2,2013-01,2015-12,2012-12,2010-01,
estimar_caudal,P_IMERG_mm (mm/mes),Caudal_m3s,Climatología mensual Q,Climatología mensual Q,outer_temporal_test,2013-04-01,2013,4,Otono,52.026667,79.170264,27.143597,bloque_2,2013-01,2015-12,2012-12,2010-01,
estimar_caudal,P_IMERG_mm (mm/mes),Caudal_m3s,Climatología mensual Q,Climatología mensual Q,outer_temporal_test,2013-05-01,2013,5,Otono,44.619355,67.119251,22.499896,bloque_2,2013-01,2015-12,2012-12,2010-01,
estimar_caudal,P_IMERG_mm (mm/mes),Caudal_m3s,Climatología mensual Q,Climatología mensual Q,outer_temporal_test,2013-06-01,2013,6,Invierno,50.493333,66.257467,15.764134,bloque_2,2013-01,2015-12,2012-12,2010-01,
estimar_caudal,P_IMERG_mm (mm/mes),Caudal_m3s,Climatología mensual Q,Climatología mensual Q,outer_temporal_test,2013-07-01,2013,7,Invierno,46.838710,69.075658,22.236948,bloque_2,2013-01,2015-12,2012-12,2010-01,
estimar_caudal,P_IMERG_mm (mm/mes),Caudal_m3s,Climatología mensual Q,Climatología mensual Q,outer_temporal_test,2013-08-01,2013,8,Invierno,50.232258,68.017285,17.785027,bloque_2,2013-01,2015-12,2012-12,2010-01,
estimar_caudal,P_IMERG_mm (mm/mes),Caudal_m3s,Climatología mensual Q,Climatología mensual Q,outer_temporal_test,2013-09-01,2013,9,Primavera,56.950000,77.323687,20.373687,bloque_2,2013-01,2015-12,2012-12,2010-01,
estimar_caudal,P_IMERG_mm (mm/mes),Caudal_m3s,Climatología mensual Q,Climatología mensual Q,outer_temporal_test,2013-10-01,2013,10,Primavera,79.577419,107.528219,27.950800,bloque_2,2013-01,2015-12,2012-12,2010-01,
estimar_caudal,P_IMERG_mm (mm/mes),Caudal_m3s,Climatología mensual Q,Climatología mensual Q,outer_temporal_test,2013-11-01,2013,11,Primavera,111.813333,166.959140,55.145807,bloque_2,2013-01,2015-12,2012-12,2010-01,
estimar_caudal,P_IMERG_mm (mm/mes),Caudal_m3s,Climatología mensual Q,Climatología mensual Q,outer_temporal_test,2013-12-01,2013,12,Verano,137.322581,228.024379,90.701798,bloque_2,2013-01,2015-12,2012-12,2010-01,
estimar_caudal,P_IMERG_mm (mm/mes),Caudal_m3s,Climatología mensual Q,Climatología mensual Q,outer_temporal_test,2014-01-01,2014,1,Verano,124.729032,223.086939,98.357907,bloque_2,2013-01,2015-12,2012-12,2010-01,
estimar_caudal,P_IMERG_mm (mm/mes),Caudal_m3s,Climatología mensual Q,Climatología mensual Q,outer_temporal_test,2014-02-01,2014,2,Verano,89.378571,164.570235,75.191664,bloque_2,2013-01,2015-12,2012-12,2010-01,
estimar_caudal,P_IMERG_mm (mm/mes),Caudal_m3s,Climatología mensual Q,Climatología mensual Q,outer_temporal_test,2014-03-01,2014,3,Otono,71.509677,112.549484,41.039807,bloque_2,2013-01,2015-12,2012-12,2010-01,
estimar_caudal,P_IMERG_mm (mm/mes),Caudal_m3s,Climatología mensual Q,Climatología mensual Q,outer_temporal_test,2014-04-01,2014,4,Otono,59.389286,79.170264,19.780978,bloque_2,2013-01,2015-12,2012-12,2010-01,
estimar_caudal,P_IMERG_mm (mm/mes),Caudal_m3s,Climatología mensual Q,Climatología mensual Q,outer_temporal_test,2014-05-01,2014,5,Otono,50.051613,67.119251,17.067638,bloque_2,2013-01,2015-12,2012-12,2010-01,
estimar_caudal,P_IMERG_mm (mm/mes),Caudal_m3s,Climatología mensual Q,Climatología mensual Q,outer_temporal_test,2014-06-01,2014,6,Invierno,48.900000,66.257467,17.357467,bloque_2,2013-01,2015-12,2012-12,2010-01,
estimar_caudal,P_IMERG_mm (mm/mes),Caudal_m3s,Climatología mensual Q,Climatología mensual Q,outer_temporal_test,2014-07-01,2014,7,Invierno,44.719355,69.075658,24.356303,bloque_2,2013-01,2015-12,2012-12,2010-01,
estimar_caudal,P_IMERG_mm (mm/mes),Caudal_m3s,Climatología mensual Q,Climatología mensual Q,outer_temporal_test,2014-08-01,2014,8,Invierno,45.661290,68.017285,22.355995,bloque_2,2013-01,2015-12,2012-12,2010-01,
estimar_caudal,P_IMERG_mm (mm/mes),Caudal_m3s,Climatología mensual Q,Climatología mensual Q,outer_temporal_test,2014-09-01,2014,9,Primavera,46.766667,77.323687,30.557020,bloque_2,2013-01,2015-12,2012-12,2010-01,
estimar_caudal,P_IMERG_mm (mm/mes),Caudal_m3s,Climatología mensual Q,Climatología mensual Q,outer_temporal_test,2014-10-01,2014,10,Primavera,89.945161,107.528219,17.583058,bloque_2,2013-01,2015-12,2012-12,2010-01,
estimar_caudal,P_IMERG_mm (mm/mes),Caudal_m3s,Climatología mensual Q,Climatología mensual Q,outer_temporal_test,2014-11-01,2014,11,Primavera,112.143333,166.959140,54.815807,bloque_2,2013-01,2015-12,2012-12,2010-01,
estimar_caudal,P_IMERG_mm (mm/mes),Caudal_m3s,Climatología mensual Q,Climatología mensual Q,outer_temporal_test,2014-12-01,2014,12,Verano,96.167742,228.024379,131.856637,bloque_2,2013-01,2015-12,2012-12,2010-01,
estimar_caudal,P_IMERG_mm (mm/mes),Caudal_m3s,Climatología mensual Q,Climatología mensual Q,outer_temporal_test,2015-01-01,2015,1,Verano,94.987097,223.086939,128.099842,bloque_2,2013-01,2015-12,2012-12,2010-01,
estimar_caudal,P_IMERG_mm (mm/mes),Caudal_m3s,Climatología mensual Q,Climatología mensual Q,outer_temporal_test,2015-02-01,2015,2,Verano,77.271429,164.570235,87.298806,bloque_2,2013-01,2015-12,2012-12,2010-01,
estimar_caudal,P_IMERG_mm (mm/mes),Caudal_m3s,Regresión lineal Q~P(t),Regresión lineal Q~P(t),outer_temporal_test,2013-01-01,2013,1,Verano,145.096774,132.306451,-12.790323,bloque_2,2013-01,2015-12,2012-12,2010-01,0.000000
estimar_caudal,P_IMERG_mm (mm/mes),Caudal_m3s,Regresión lineal Q~P(t),Regresión lineal Q~P(t),outer_temporal_test,2013-02-01,2013,2,Verano,101.032143,135.972804,34.940661,bloque_2,2013-01,2015-12,2012-12,2010-01,0.000000
estimar_caudal,P_IMERG_mm (mm/mes),Caudal_m3s,Regresión lineal Q~P(t),Regresión lineal Q~P(t),outer_temporal_test,2013-03-01,2013,3,Otono,69.645161,135.057142,65.411981,bloque_2,2013-01,2015-12,2012-12,2010-01,0.000000
estimar_caudal,P_IMERG_mm (mm/mes),Caudal_m3s,Regresión lineal Q~P(t),Regresión lineal Q~P(t),outer_temporal_test,2013-04-01,2013,4,Otono,52.026667,135.066481,83.039814,bloque_2,2013-01,2015-12,2012-12,2010-01,0.000000
estimar_caudal,P_IMERG_mm (mm/mes),Caudal_m3s,Regresión lineal Q~P(t),Regresión lineal Q~P(t),outer_temporal_test,2013-05-01,2013,5,Otono,44.619355,93.495973,48.876618,bloque_2,2013-01,2015-12,2012-12,2010-01,0.000000
estimar_caudal,P_IMERG_mm (mm/mes),Caudal_m3s,Regresión lineal Q~P(t),Regresión lineal Q~P(t),outer_temporal_test,2013-06-01,2013,6,Invierno,50.493333,115.384825,64.891492,bloque_2,2013-01,2015-12,2012-12,2010-01,0.000000
estimar_caudal,P_IMERG_mm (mm/mes),Caudal_m3s,Regresión lineal Q~P(t),Regresión lineal Q~P(t),outer_temporal_test,2013-07-01,2013,7,Invierno,46.838710,108.589876,61.751166,bloque_2,2013-01,2015-12,2012-12,2010-01,0.000000
estimar_caudal,P_IMERG_mm (mm/mes),Caudal_m3s,Regresión lineal Q~P(t),Regresión lineal Q~P(t),outer_temporal_test,2013-08-01,2013,8,Invierno,50.232258,98.215567,47.983309,bloque_2,2013-01,2015-12,2012-12,2010-01,0.000000
estimar_caudal,P_IMERG_mm (mm/mes),Caudal_m3s,Regresión lineal Q~P(t),Regresión lineal Q~P(t),outer_temporal_test,2013-09-01,2013,9,Primavera,56.950000,125.741665,68.791665,bloque_2,2013-01,2015-12,2012-12,2010-01,0.000000
estimar_caudal,P_IMERG_mm (mm/mes),Caudal_m3s,Regresión lineal Q~P(t),Regresión lineal Q~P(t),outer_temporal_test,2013-10-01,2013,10,Primavera,79.577419,134.630645,55.053226,bloque_2,2013-01,2015-12,2012-12,2010-01,0.000000
estimar_caudal,P_IMERG_mm (mm/mes),Caudal_m3s,Regresión lineal Q~P(t),Regresión lineal Q~P(t),outer_temporal_test,2013-11-01,2013,11,Primavera,111.813333,131.236973,19.423640,bloque_2,2013-01,2015-12,2012-12,2010-01,0.000000
estimar_caudal,P_IMERG_mm (mm/mes),Caudal_m3s,Regresión lineal Q~P(t),Regresión lineal Q~P(t),outer_temporal_test,2013-12-01,2013,12,Verano,137.322581,131.591441,-5.731140,bloque_2,2013-01,2015-12,2012-12,2010-01,0.000000
estimar_caudal,P_IMERG_mm (mm/mes),Caudal_m3s,Regresión lineal Q~P(t),Regresión lineal Q~P(t),outer_temporal_test,2014-01-01,2014,1,Verano,124.729032,136.675973,11.946941,bloque_2,2013-01,2015-12,2012-12,2010-01,0.000000
estimar_caudal,P_IMERG_mm (mm/mes),Caudal_m3s,Regresión lineal Q~P(t),Regresión lineal Q~P(t),outer_temporal_test,2014-02-01,2014,2,Verano,89.378571,120.962958,31.584387,bloque_2,2013-01,2015-12,2012-12,2010-01,0.000000
estimar_caudal,P_IMERG_mm (mm/mes),Caudal_m3s,Regresión lineal Q~P(t),Regresión lineal Q~P(t),outer_temporal_test,2014-03-01,2014,3,Otono,71.509677,137.060470,65.550793,bloque_2,2013-01,2015-12,2012-12,2010-01,0.000000
estimar_caudal,P_IMERG_mm (mm/mes),Caudal_m3s,Regresión lineal Q~P(t),Regresión lineal Q~P(t),outer_temporal_test,2014-04-01,2014,4,Otono,59.389286,130.401387,71.012101,bloque_2,2013-01,2015-12,2012-12,2010-01,0.000000
estimar_caudal,P_IMERG_mm (mm/mes),Caudal_m3s,Regresión lineal Q~P(t),Regresión lineal Q~P(t),outer_temporal_test,2014-05-01,2014,5,Otono,50.051613,116.305065,66.253452,bloque_2,2013-01,2015-12,2012-12,2010-01,0.000000
estimar_caudal,P_IMERG_mm (mm/mes),Caudal_m3s,Regresión lineal Q~P(t),Regresión lineal Q~P(t),outer_temporal_test,2014-06-01,2014,6,Invierno,48.900000,81.582353,32.682353,bloque_2,2013-01,2015-12,2012-12,2010-01,0.000000
estimar_caudal,P_IMERG_mm (mm/mes),Caudal_m3s,Regresión lineal Q~P(t),Regresión lineal Q~P(t),outer_temporal_test,2014-07-01,2014,7,Invierno,44.719355,105.777214,61.057859,bloque_2,2013-01,2015-12,2012-12,2010-01,0.000000
estimar_caudal,P_IMERG_mm (mm/mes),Caudal_m3s,Regresión lineal Q~P(t),Regresión lineal Q~P(t),outer_temporal_test,2014-08-01,2014,8,Invierno,45.661290,96.647605,50.986315,bloque_2,2013-01,2015-12,2012-12,2010-01,0.000000
estimar_caudal,P_IMERG_mm (mm/mes),Caudal_m3s,Regresión lineal Q~P(t),Regresión lineal Q~P(t),outer_temporal_test,2014-09-01,2014,9,Primavera,46.766667,110.230238,63.463571,bloque_2,2013-01,2015-12,2012-12,2010-01,0.000000
estimar_caudal,P_IMERG_mm (mm/mes),Caudal_m3s,Regresión lineal Q~P(t),Regresión lineal Q~P(t),outer_temporal_test,2014-10-01,2014,10,Primavera,89.945161,126.723037,36.777876,bloque_2,2013-01,2015-12,2012-12,2010-01,0.000000
estimar_caudal,P_IMERG_mm (mm/mes),Caudal_m3s,Regresión lineal Q~P(t),Regresión lineal Q~P(t),outer_temporal_test,2014-11-01,2014,11,Primavera,112.143333,133.428231,21.284898,bloque_2,2013-01,2015-12,2012-12,2010-01,0.000000
estimar_caudal,P_IMERG_mm (mm/mes),Caudal_m3s,Regresión lineal Q~P(t),Regresión lineal Q~P(t),outer_temporal_test,2014-12-01,2014,12,Verano,96.167742,134.712568,38.544826,bloque_2,2013-01,2015-12,2012-12,2010-01,0.000000
estimar_caudal,P_IMERG_mm (mm/mes),Caudal_m3s,Regresión lineal Q~P(t),Regresión lineal Q~P(t),outer_temporal_test,2015-01-01,2015,1,Verano,94.987097,137.394126,42.407029,bloque_2,2013-01,2015-12,2012-12,2010-01,0.000000
estimar_caudal,P_IMERG_mm (mm/mes),Caudal_m3s,Regresión lineal Q~P(t),Regresión lineal Q~P(t),outer_temporal_test,2015-02-01,2015,2,Verano,77.271429,129.945505,52.674076,bloque_2,2013-01,2015-12,2012-12,2010-01,0.000000
estimar_caudal,P_IMERG_mm (mm/mes),Caudal_m3s,Regresión de anomalías con rezago,Regresión de anomalías con rezago,outer_temporal_test,2013-01-01,2013,1,Verano,145.096774,238.972622,93.875848,bloque_2,2013-01,2015-12,2012-12,2010-01,7.000000
estimar_caudal,P_IMERG_mm (mm/mes),Caudal_m3s,Regresión de anomalías con rezago,Regresión de anomalías con rezago,outer_temporal_test,2013-02-01,2013,2,Verano,101.032143,129.195807,28.163664,bloque_2,2013-01,2015-12,2012-12,2010-01,7.000000
estimar_caudal,P_IMERG_mm (mm/mes),Caudal_m3s,Regresión de anomalías con rezago,Regresión de anomalías con rezago,outer_temporal_test,2013-03-01,2013,3,Otono,69.645161,80.876540,11.231379,bloque_2,2013-01,2015-12,2012-12,2010-01,7.000000
estimar_caudal,P_IMERG_mm (mm/mes),Caudal_m3s,Regresión de anomalías con rezago,Regresión de anomalías con rezago,outer_temporal_test,2013-04-01,2013,4,Otono,52.026667,69.432863,17.406196,bloque_2,2013-01,2015-12,2012-12,2010-01,7.000000
estimar_caudal,P_IMERG_mm (mm/mes),Caudal_m3s,Regresión de anomalías con rezago,Regresión de anomalías con rezago,outer_temporal_test,2013-05-01,2013,5,Otono,44.619355,72.132273,27.512918,bloque_2,2013-01,2015-12,2012-12,2010-01,7.000000
estimar_caudal,P_IMERG_mm (mm/mes),Caudal_m3s,Regresión de anomalías con rezago,Regresión de anomalías con rezago,outer_temporal_test,2013-06-01,2013,6,Invierno,50.493333,51.370436,0.877103,bloque_2,2013-01,2015-12,2012-12,2010-01,7.000000
estimar_caudal,P_IMERG_mm (mm/mes),Caudal_m3s,Regresión de anomalías con rezago,Regresión de anomalías con rezago,outer_temporal_test,2013-07-01,2013,7,Invierno,46.838710,84.595671,37.756961,bloque_2,2013-01,2015-12,2012-12,2010-01,7.000000
estimar_caudal,P_IMERG_mm (mm/mes),Caudal_m3s,Regresión de anomalías con rezago,Regresión de anomalías con rezago,outer_temporal_test,2013-08-01,2013,8,Invierno,50.232258,62.537561,12.305303,bloque_2,2013-01,2015-12,2012-12,2010-01,7.000000
estimar_caudal,P_IMERG_mm (mm/mes),Caudal_m3s,Regresión de anomalías con rezago,Regresión de anomalías con rezago,outer_temporal_test,2013-09-01,2013,9,Primavera,56.950000,68.811658,11.861658,bloque_2,2013-01,2015-12,2012-12,2010-01,7.000000
estimar_caudal,P_IMERG_mm (mm/mes),Caudal_m3s,Regresión de anomalías con rezago,Regresión de anomalías con rezago,outer_temporal_test,2013-10-01,2013,10,Primavera,79.577419,97.484288,17.906869,bloque_2,2013-01,2015-12,2012-12,2010-01,7.000000
estimar_caudal,P_IMERG_mm (mm/mes),Caudal_m3s,Regresión de anomalías con rezago,Regresión de anomalías con rezago,outer_temporal_test,2013-11-01,2013,11,Primavera,111.813333,150.044242,38.230909,bloque_2,2013-01,2015-12,2012-12,2010-01,7.000000
estimar_caudal,P_IMERG_mm (mm/mes),Caudal_m3s,Regresión de anomalías con rezago,Regresión de anomalías con rezago,outer_temporal_test,2013-12-01,2013,12,Verano,137.322581,236.614589,99.292008,bloque_2,2013-01,2015-12,2012-12,2010-01,7.000000
estimar_caudal,P_IMERG_mm (mm/mes),Caudal_m3s,Regresión de anomalías con rezago,Regresión de anomalías con rezago,outer_temporal_test,2014-01-01,2014,1,Verano,124.729032,151.251566,26.522534,bloque_2,2013-01,2015-12,2012-12,2010-01,7.000000
estimar_caudal,P_IMERG_mm (mm/mes),Caudal_m3s,Regresión de anomalías con rezago,Regresión de anomalías con rezago,outer_temporal_test,2014-02-01,2014,2,Verano,89.378571,122.070665,32.692094,bloque_2,2013-01,2015-12,2012-12,2010-01,7.000000
estimar_caudal,P_IMERG_mm (mm/mes),Caudal_m3s,Regresión de anomalías con rezago,Regresión de anomalías con rezago,outer_temporal_test,2014-03-01,2014,3,Otono,71.509677,99.036039,27.526362,bloque_2,2013-01,2015-12,2012-12,2010-01,7.000000
estimar_caudal,P_IMERG_mm (mm/mes),Caudal_m3s,Regresión de anomalías con rezago,Regresión de anomalías con rezago,outer_temporal_test,2014-04-01,2014,4,Otono,59.389286,65.249178,5.859892,bloque_2,2013-01,2015-12,2012-12,2010-01,7.000000
estimar_caudal,P_IMERG_mm (mm/mes),Caudal_m3s,Regresión de anomalías con rezago,Regresión de anomalías con rezago,outer_temporal_test,2014-05-01,2014,5,Otono,50.051613,51.256464,1.204851,bloque_2,2013-01,2015-12,2012-12,2010-01,7.000000
estimar_caudal,P_IMERG_mm (mm/mes),Caudal_m3s,Regresión de anomalías con rezago,Regresión de anomalías con rezago,outer_temporal_test,2014-06-01,2014,6,Invierno,48.900000,58.179531,9.279531,bloque_2,2013-01,2015-12,2012-12,2010-01,7.000000
estimar_caudal,P_IMERG_mm (mm/mes),Caudal_m3s,Regresión de anomalías con rezago,Regresión de anomalías con rezago,outer_temporal_test,2014-07-01,2014,7,Invierno,44.719355,58.590560,13.871205,bloque_2,2013-01,2015-12,2012-12,2010-01,7.000000
estimar_caudal,P_IMERG_mm (mm/mes),Caudal_m3s,Regresión de anomalías con rezago,Regresión de anomalías con rezago,outer_temporal_test,2014-08-01,2014,8,Invierno,45.661290,55.482132,9.820842,bloque_2,2013-01,2015-12,2012-12,2010-01,7.000000
estimar_caudal,P_IMERG_mm (mm/mes),Caudal_m3s,Regresión de anomalías con rezago,Regresión de anomalías con rezago,outer_temporal_test,2014-09-01,2014,9,Primavera,46.766667,93.047925,46.281258,bloque_2,2013-01,2015-12,2012-12,2010-01,7.000000
estimar_caudal,P_IMERG_mm (mm/mes),Caudal_m3s,Regresión de anomalías con rezago,Regresión de anomalías con rezago,outer_temporal_test,2014-10-01,2014,10,Primavera,89.945161,94.249532,4.304371,bloque_2,2013-01,2015-12,2012-12,2010-01,7.000000
estimar_caudal,P_IMERG_mm (mm/mes),Caudal_m3s,Regresión de anomalías con rezago,Regresión de anomalías con rezago,outer_temporal_test,2014-11-01,2014,11,Primavera,112.143333,157.576928,45.433595,bloque_2,2013-01,2015-12,2012-12,2010-01,7.000000
estimar_caudal,P_IMERG_mm (mm/mes),Caudal_m3s,Regresión de anomalías con rezago,Regresión de anomalías con rezago,outer_temporal_test,2014-12-01,2014,12,Verano,96.167742,199.784948,103.617206,bloque_2,2013-01,2015-12,2012-12,2010-01,7.000000
estimar_caudal,P_IMERG_mm (mm/mes),Caudal_m3s,Regresión de anomalías con rezago,Regresión de anomalías con rezago,outer_temporal_test,2015-01-01,2015,1,Verano,94.987097,205.832124,110.845027,bloque_2,2013-01,2015-12,2012-12,2010-01,7.000000
estimar_caudal,P_IMERG_mm (mm/mes),Caudal_m3s,Regresión de anomalías con rezago,Regresión de anomalías con rezago,outer_temporal_test,2015-02-01,2015,2,Verano,77.271429,126.612245,49.340816,bloque_2,2013-01,2015-12,2012-12,2010-01,7.000000
estimar_precipitacion_local,P_IMERG_mm,P_local_mm,IMERG sin corrección,IMERG sin corrección,outer_temporal_test,2016-01-01,2016,1,Verano,12.537874,47.959580,35.421706,bloque_3,2016-01,2020-03,2015-12,2013-01,
estimar_precipitacion_local,P_IMERG_mm,P_local_mm,IMERG sin corrección,IMERG sin corrección,outer_temporal_test,2016-02-01,2016,2,Verano,0.438773,15.275524,14.836751,bloque_3,2016-01,2020-03,2015-12,2013-01,
estimar_precipitacion_local,P_IMERG_mm,P_local_mm,IMERG sin corrección,IMERG sin corrección,outer_temporal_test,2016-03-01,2016,3,Otono,0.182688,16.168267,15.985579,bloque_3,2016-01,2020-03,2015-12,2013-01,
estimar_precipitacion_local,P_IMERG_mm,P_local_mm,IMERG sin corrección,IMERG sin corrección,outer_temporal_test,2016-04-01,2016,4,Otono,372.242191,197.996544,-174.245647,bloque_3,2016-01,2020-03,2015-12,2013-01,
estimar_precipitacion_local,P_IMERG_mm,P_local_mm,IMERG sin corrección,IMERG sin corrección,outer_temporal_test,2016-05-01,2016,5,Otono,108.699412,101.271118,-7.428294,bloque_3,2016-01,2020-03,2015-12,2013-01,
estimar_precipitacion_local,P_IMERG_mm,P_local_mm,IMERG sin corrección,IMERG sin corrección,outer_temporal_test,2016-06-01,2016,6,Invierno,103.483391,64.709962,-38.773429,bloque_3,2016-01,2020-03,2015-12,2013-01,
estimar_precipitacion_local,P_IMERG_mm,P_local_mm,IMERG sin corrección,IMERG sin corrección,outer_temporal_test,2016-07-01,2016,7,Invierno,166.646598,127.637466,-39.009132,bloque_3,2016-01,2020-03,2015-12,2013-01,
estimar_precipitacion_local,P_IMERG_mm,P_local_mm,IMERG sin corrección,IMERG sin corrección,outer_temporal_test,2016-08-01,2016,8,Invierno,51.729532,33.058528,-18.671004,bloque_3,2016-01,2020-03,2015-12,2013-01,
estimar_precipitacion_local,P_IMERG_mm,P_local_mm,IMERG sin corrección,IMERG sin corrección,outer_temporal_test,2016-09-01,2016,9,Primavera,2.937864,12.760315,9.822451,bloque_3,2016-01,2020-03,2015-12,2013-01,
estimar_precipitacion_local,P_IMERG_mm,P_local_mm,IMERG sin corrección,IMERG sin corrección,outer_temporal_test,2016-10-01,2016,10,Primavera,64.712366,46.445690,-18.266676,bloque_3,2016-01,2020-03,2015-12,2013-01,
estimar_precipitacion_local,P_IMERG_mm,P_local_mm,IMERG sin corrección,IMERG sin corrección,outer_temporal_test,2016-11-01,2016,11,Primavera,8.482571,25.735465,17.252894,bloque_3,2016-01,2020-03,2015-12,2013-01,
estimar_precipitacion_local,P_IMERG_mm,P_local_mm,IMERG sin corrección,IMERG sin corrección,outer_temporal_test,2016-12-01,2016,12,Verano,30.618299,29.915872,-0.702427,bloque_3,2016-01,2020-03,2015-12,2013-01,
estimar_precipitacion_local,P_IMERG_mm,P_local_mm,IMERG sin corrección,IMERG sin corrección,outer_temporal_test,2017-01-01,2017,1,Verano,1.764504,6.250466,4.485962,bloque_3,2016-01,2020-03,2015-12,2013-01,
estimar_precipitacion_local,P_IMERG_mm,P_local_mm,IMERG sin corrección,IMERG sin corrección,outer_temporal_test,2017-02-01,2017,2,Verano,31.944873,34.422867,2.477994,bloque_3,2016-01,2020-03,2015-12,2013-01,
estimar_precipitacion_local,P_IMERG_mm,P_local_mm,IMERG sin corrección,IMERG sin corrección,outer_temporal_test,2017-03-01,2017,3,Otono,7.054711,17.321354,10.266643,bloque_3,2016-01,2020-03,2015-12,2013-01,
estimar_precipitacion_local,P_IMERG_mm,P_local_mm,IMERG sin corrección,IMERG sin corrección,outer_temporal_test,2017-04-01,2017,4,Otono,63.149704,71.768923,8.619219,bloque_3,2016-01,2020-03,2015-12,2013-01,
estimar_precipitacion_local,P_IMERG_mm,P_local_mm,IMERG sin corrección,IMERG sin corrección,outer_temporal_test,2017-05-01,2017,5,Otono,102.639826,112.896363,10.256537,bloque_3,2016-01,2020-03,2015-12,2013-01,
estimar_precipitacion_local,P_IMERG_mm,P_local_mm,IMERG sin corrección,IMERG sin corrección,outer_temporal_test,2017-06-01,2017,6,Invierno,101.132256,129.470410,28.338154,bloque_3,2016-01,2020-03,2015-12,2013-01,
estimar_precipitacion_local,P_IMERG_mm,P_local_mm,IMERG sin corrección,IMERG sin corrección,outer_temporal_test,2017-07-01,2017,7,Invierno,60.170333,90.965265,30.794932,bloque_3,2016-01,2020-03,2015-12,2013-01,
estimar_precipitacion_local,P_IMERG_mm,P_local_mm,IMERG sin corrección,IMERG sin corrección,outer_temporal_test,2017-08-01,2017,8,Invierno,84.865059,94.474526,9.609467,bloque_3,2016-01,2020-03,2015-12,2013-01,
estimar_precipitacion_local,P_IMERG_mm,P_local_mm,IMERG sin corrección,IMERG sin corrección,outer_temporal_test,2017-09-01,2017,9,Primavera,56.558566,38.423381,-18.135185,bloque_3,2016-01,2020-03,2015-12,2013-01,
estimar_precipitacion_local,P_IMERG_mm,P_local_mm,IMERG sin corrección,IMERG sin corrección,outer_temporal_test,2017-10-01,2017,10,Primavera,57.113871,49.440263,-7.673608,bloque_3,2016-01,2020-03,2015-12,2013-01,
estimar_precipitacion_local,P_IMERG_mm,P_local_mm,IMERG sin corrección,IMERG sin corrección,outer_temporal_test,2017-11-01,2017,11,Primavera,18.984322,19.133588,0.149266,bloque_3,2016-01,2020-03,2015-12,2013-01,
estimar_precipitacion_local,P_IMERG_mm,P_local_mm,IMERG sin corrección,IMERG sin corrección,outer_temporal_test,2017-12-01,2017,12,Verano,3.427101,12.635483,9.208382,bloque_3,2016-01,2020-03,2015-12,2013-01,
estimar_precipitacion_local,P_IMERG_mm,P_local_mm,IMERG sin corrección,IMERG sin corrección,outer_temporal_test,2018-01-01,2018,1,Verano,17.961765,14.757780,-3.203985,bloque_3,2016-01,2020-03,2015-12,2013-01,
estimar_precipitacion_local,P_IMERG_mm,P_local_mm,IMERG sin corrección,IMERG sin corrección,outer_temporal_test,2018-02-01,2018,2,Verano,5.779832,13.849626,8.069794,bloque_3,2016-01,2020-03,2015-12,2013-01,
estimar_precipitacion_local,P_IMERG_mm,P_local_mm,IMERG sin corrección,IMERG sin corrección,outer_temporal_test,2018-03-01,2018,3,Otono,2.046523,5.993760,3.947237,bloque_3,2016-01,2020-03,2015-12,2013-01,
estimar_precipitacion_local,P_IMERG_mm,P_local_mm,IMERG sin corrección,IMERG sin corrección,outer_temporal_test,2018-04-01,2018,4,Otono,28.677434,16.065288,-12.612146,bloque_3,2016-01,2020-03,2015-12,2013-01,
estimar_precipitacion_local,P_IMERG_mm,P_local_mm,IMERG sin corrección,IMERG sin corrección,outer_temporal_test,2018-05-01,2018,5,Otono,47.833846,70.075206,22.241360,bloque_3,2016-01,2020-03,2015-12,2013-01,
estimar_precipitacion_local,P_IMERG_mm,P_local_mm,IMERG sin corrección,IMERG sin corrección,outer_temporal_test,2018-06-01,2018,6,Invierno,68.308731,98.641927,30.333196,bloque_3,2016-01,2020-03,2015-12,2013-01,
estimar_precipitacion_local,P_IMERG_mm,P_local_mm,IMERG sin corrección,IMERG sin corrección,outer_temporal_test,2018-07-01,2018,7,Invierno,96.097489,115.062683,18.965194,bloque_3,2016-01,2020-03,2015-12,2013-01,
estimar_precipitacion_local,P_IMERG_mm,P_local_mm,IMERG sin corrección,IMERG sin corrección,outer_temporal_test,2018-08-01,2018,8,Invierno,35.816547,31.773887,-4.042660,bloque_3,2016-01,2020-03,2015-12,2013-01,
estimar_precipitacion_local,P_IMERG_mm,P_local_mm,IMERG sin corrección,IMERG sin corrección,outer_temporal_test,2018-09-01,2018,9,Primavera,141.523692,64.027850,-77.495842,bloque_3,2016-01,2020-03,2015-12,2013-01,
estimar_precipitacion_local,P_IMERG_mm,P_local_mm,IMERG sin corrección,IMERG sin corrección,outer_temporal_test,2018-10-01,2018,10,Primavera,81.404420,38.256200,-43.148220,bloque_3,2016-01,2020-03,2015-12,2013-01,
estimar_precipitacion_local,P_IMERG_mm,P_local_mm,IMERG sin corrección,IMERG sin corrección,outer_temporal_test,2018-11-01,2018,11,Primavera,20.561164,19.261482,-1.299682,bloque_3,2016-01,2020-03,2015-12,2013-01,
estimar_precipitacion_local,P_IMERG_mm,P_local_mm,IMERG sin corrección,IMERG sin corrección,outer_temporal_test,2018-12-01,2018,12,Verano,25.472913,13.243402,-12.229511,bloque_3,2016-01,2020-03,2015-12,2013-01,
estimar_precipitacion_local,P_IMERG_mm,P_local_mm,IMERG sin corrección,IMERG sin corrección,outer_temporal_test,2019-01-01,2019,1,Verano,5.667022,11.232795,5.565773,bloque_3,2016-01,2020-03,2015-12,2013-01,
estimar_precipitacion_local,P_IMERG_mm,P_local_mm,IMERG sin corrección,IMERG sin corrección,outer_temporal_test,2019-02-01,2019,2,Verano,7.264291,11.514585,4.250294,bloque_3,2016-01,2020-03,2015-12,2013-01,
estimar_precipitacion_local,P_IMERG_mm,P_local_mm,IMERG sin corrección,IMERG sin corrección,outer_temporal_test,2019-03-01,2019,3,Otono,1.823017,12.390103,10.567086,bloque_3,2016-01,2020-03,2015-12,2013-01,
estimar_precipitacion_local,P_IMERG_mm,P_local_mm,IMERG sin corrección,IMERG sin corrección,outer_temporal_test,2019-04-01,2019,4,Otono,3.683835,13.804561,10.120726,bloque_3,2016-01,2020-03,2015-12,2013-01,
estimar_precipitacion_local,P_IMERG_mm,P_local_mm,IMERG sin corrección,IMERG sin corrección,outer_temporal_test,2019-05-01,2019,5,Otono,66.343725,45.681792,-20.661933,bloque_3,2016-01,2020-03,2015-12,2013-01,
estimar_precipitacion_local,P_IMERG_mm,P_local_mm,IMERG sin corrección,IMERG sin corrección,outer_temporal_test,2019-06-01,2019,6,Invierno,92.811898,102.849336,10.037438,bloque_3,2016-01,2020-03,2015-12,2013-01,
estimar_precipitacion_local,P_IMERG_mm,P_local_mm,IMERG sin corrección,IMERG sin corrección,outer_temporal_test,2019-07-01,2019,7,Invierno,20.420281,73.436113,53.015832,bloque_3,2016-01,2020-03,2015-12,2013-01,
estimar_precipitacion_local,P_IMERG_mm,P_local_mm,IMERG sin corrección,IMERG sin corrección,outer_temporal_test,2019-08-01,2019,8,Invierno,13.302321,48.682444,35.380123,bloque_3,2016-01,2020-03,2015-12,2013-01,
estimar_precipitacion_local,P_IMERG_mm,P_local_mm,IMERG sin corrección,IMERG sin corrección,outer_temporal_test,2019-09-01,2019,9,Primavera,22.840775,33.094927,10.254152,bloque_3,2016-01,2020-03,2015-12,2013-01,
estimar_precipitacion_local,P_IMERG_mm,P_local_mm,IMERG sin corrección,IMERG sin corrección,outer_temporal_test,2019-10-01,2019,10,Primavera,15.328923,18.577411,3.248488,bloque_3,2016-01,2020-03,2015-12,2013-01,
estimar_precipitacion_local,P_IMERG_mm,P_local_mm,IMERG sin corrección,IMERG sin corrección,outer_temporal_test,2019-11-01,2019,11,Primavera,3.353470,12.485291,9.131821,bloque_3,2016-01,2020-03,2015-12,2013-01,
estimar_precipitacion_local,P_IMERG_mm,P_local_mm,IMERG sin corrección,IMERG sin corrección,outer_temporal_test,2019-12-01,2019,12,Verano,5.622992,2.846906,-2.776086,bloque_3,2016-01,2020-03,2015-12,2013-01,
estimar_precipitacion_local,P_IMERG_mm,P_local_mm,IMERG sin corrección,IMERG sin corrección,outer_temporal_test,2020-01-01,2020,1,Verano,15.580000,10.500409,-5.079591,bloque_3,2016-01,2020-03,2015-12,2013-01,
estimar_precipitacion_local,P_IMERG_mm,P_local_mm,IMERG sin corrección,IMERG sin corrección,outer_temporal_test,2020-02-01,2020,2,Verano,0.095675,9.996716,9.901041,bloque_3,2016-01,2020-03,2015-12,2013-01,
estimar_precipitacion_local,P_IMERG_mm,P_local_mm,IMERG sin corrección,IMERG sin corrección,outer_temporal_test,2020-03-01,2020,3,Otono,0.000000,2.827578,2.827578,bloque_3,2016-01,2020-03,2015-12,2013-01,
estimar_precipitacion_local,P_IMERG_mm,P_local_mm,Corrección seleccionada en ajuste,Lineal corregido,outer_temporal_test,2016-01-01,2016,1,Verano,12.537874,49.509802,36.971928,bloque_3,2016-01,2020-03,2015-12,2013-01,
estimar_precipitacion_local,P_IMERG_mm,P_local_mm,Corrección seleccionada en ajuste,Lineal corregido,outer_temporal_test,2016-02-01,2016,2,Verano,0.438773,3.388648,2.949875,bloque_3,2016-01,2020-03,2015-12,2013-01,
estimar_precipitacion_local,P_IMERG_mm,P_local_mm,Corrección seleccionada en ajuste,Lineal corregido,outer_temporal_test,2016-03-01,2016,3,Otono,0.182688,4.648416,4.465728,bloque_3,2016-01,2020-03,2015-12,2013-01,
estimar_precipitacion_local,P_IMERG_mm,P_local_mm,Corrección seleccionada en ajuste,Lineal corregido,outer_temporal_test,2016-04-01,2016,4,Otono,372.242191,261.230099,-111.012092,bloque_3,2016-01,2020-03,2015-12,2013-01,
estimar_precipitacion_local,P_IMERG_mm,P_local_mm,Corrección seleccionada en ajuste,Lineal corregido,outer_temporal_test,2016-05-01,2016,5,Otono,108.699412,124.738828,16.039416,bloque_3,2016-01,2020-03,2015-12,2013-01,
estimar_precipitacion_local,P_IMERG_mm,P_local_mm,Corrección seleccionada en ajuste,Lineal corregido,outer_temporal_test,2016-06-01,2016,6,Invierno,103.483391,73.146616,-30.336775,bloque_3,2016-01,2020-03,2015-12,2013-01,
estimar_precipitacion_local,P_IMERG_mm,P_local_mm,Corrección seleccionada en ajuste,Lineal corregido,outer_temporal_test,2016-07-01,2016,7,Invierno,166.646598,161.944933,-4.701665,bloque_3,2016-01,2020-03,2015-12,2013-01,
estimar_precipitacion_local,P_IMERG_mm,P_local_mm,Corrección seleccionada en ajuste,Lineal corregido,outer_temporal_test,2016-08-01,2016,8,Invierno,51.729532,28.482616,-23.246916,bloque_3,2016-01,2020-03,2015-12,2013-01,
estimar_precipitacion_local,P_IMERG_mm,P_local_mm,Corrección seleccionada en ajuste,Lineal corregido,outer_temporal_test,2016-09-01,2016,9,Primavera,2.937864,0.000000,-2.937864,bloque_3,2016-01,2020-03,2015-12,2013-01,
estimar_precipitacion_local,P_IMERG_mm,P_local_mm,Corrección seleccionada en ajuste,Lineal corregido,outer_temporal_test,2016-10-01,2016,10,Primavera,64.712366,47.373520,-17.338846,bloque_3,2016-01,2020-03,2015-12,2013-01,
estimar_precipitacion_local,P_IMERG_mm,P_local_mm,Corrección seleccionada en ajuste,Lineal corregido,outer_temporal_test,2016-11-01,2016,11,Primavera,8.482571,18.148889,9.666318,bloque_3,2016-01,2020-03,2015-12,2013-01,
estimar_precipitacion_local,P_IMERG_mm,P_local_mm,Corrección seleccionada en ajuste,Lineal corregido,outer_temporal_test,2016-12-01,2016,12,Verano,30.618299,24.047949,-6.570350,bloque_3,2016-01,2020-03,2015-12,2013-01,
estimar_precipitacion_local,P_IMERG_mm,P_local_mm,Corrección seleccionada en ajuste,Lineal corregido,outer_temporal_test,2017-01-01,2017,1,Verano,1.764504,0.000000,-1.764504,bloque_3,2016-01,2020-03,2015-12,2013-01,
estimar_precipitacion_local,P_IMERG_mm,P_local_mm,Corrección seleccionada en ajuste,Lineal corregido,outer_temporal_test,2017-02-01,2017,2,Verano,31.944873,30.407864,-1.537009,bloque_3,2016-01,2020-03,2015-12,2013-01,
estimar_precipitacion_local,P_IMERG_mm,P_local_mm,Corrección seleccionada en ajuste,Lineal corregido,outer_temporal_test,2017-03-01,2017,3,Otono,7.054711,6.275561,-0.779150,bloque_3,2016-01,2020-03,2015-12,2013-01,
estimar_precipitacion_local,P_IMERG_mm,P_local_mm,Corrección seleccionada en ajuste,Lineal corregido,outer_temporal_test,2017-04-01,2017,4,Otono,63.149704,83.107664,19.957960,bloque_3,2016-01,2020-03,2015-12,2013-01,
estimar_precipitacion_local,P_IMERG_mm,P_local_mm,Corrección seleccionada en ajuste,Lineal corregido,outer_temporal_test,2017-05-01,2017,5,Otono,102.639826,141.143454,38.503628,bloque_3,2016-01,2020-03,2015-12,2013-01,
estimar_precipitacion_local,P_IMERG_mm,P_local_mm,Corrección seleccionada en ajuste,Lineal corregido,outer_temporal_test,2017-06-01,2017,6,Invierno,101.132256,164.531438,63.399182,bloque_3,2016-01,2020-03,2015-12,2013-01,
estimar_precipitacion_local,P_IMERG_mm,P_local_mm,Corrección seleccionada en ajuste,Lineal corregido,outer_temporal_test,2017-07-01,2017,7,Invierno,60.170333,110.196023,50.025690,bloque_3,2016-01,2020-03,2015-12,2013-01,
estimar_precipitacion_local,P_IMERG_mm,P_local_mm,Corrección seleccionada en ajuste,Lineal corregido,outer_temporal_test,2017-08-01,2017,8,Invierno,84.865059,115.148015,30.282956,bloque_3,2016-01,2020-03,2015-12,2013-01,
estimar_precipitacion_local,P_IMERG_mm,P_local_mm,Corrección seleccionada en ajuste,Lineal corregido,outer_temporal_test,2017-09-01,2017,9,Primavera,56.558566,36.053073,-20.505493,bloque_3,2016-01,2020-03,2015-12,2013-01,
estimar_precipitacion_local,P_IMERG_mm,P_local_mm,Corrección seleccionada en ajuste,Lineal corregido,outer_temporal_test,2017-10-01,2017,10,Primavera,57.113871,51.599225,-5.514646,bloque_3,2016-01,2020-03,2015-12,2013-01,
estimar_precipitacion_local,P_IMERG_mm,P_local_mm,Corrección seleccionada en ajuste,Lineal corregido,outer_temporal_test,2017-11-01,2017,11,Primavera,18.984322,8.832842,-10.151480,bloque_3,2016-01,2020-03,2015-12,2013-01,
estimar_precipitacion_local,P_IMERG_mm,P_local_mm,Corrección seleccionada en ajuste,Lineal corregido,outer_temporal_test,2017-12-01,2017,12,Verano,3.427101,0.000000,-3.427101,bloque_3,2016-01,2020-03,2015-12,2013-01,
estimar_precipitacion_local,P_IMERG_mm,P_local_mm,Corrección seleccionada en ajuste,Lineal corregido,outer_temporal_test,2018-01-01,2018,1,Verano,17.961765,2.658048,-15.303717,bloque_3,2016-01,2020-03,2015-12,2013-01,
estimar_precipitacion_local,P_IMERG_mm,P_local_mm,Corrección seleccionada en ajuste,Lineal corregido,outer_temporal_test,2018-02-01,2018,2,Verano,5.779832,1.376533,-4.403299,bloque_3,2016-01,2020-03,2015-12,2013-01,
estimar_precipitacion_local,P_IMERG_mm,P_local_mm,Corrección seleccionada en ajuste,Lineal corregido,outer_temporal_test,2018-03-01,2018,3,Otono,2.046523,0.000000,-2.046523,bloque_3,2016-01,2020-03,2015-12,2013-01,
estimar_precipitacion_local,P_IMERG_mm,P_local_mm,Corrección seleccionada en ajuste,Lineal corregido,outer_temporal_test,2018-04-01,2018,4,Otono,28.677434,4.503100,-24.174334,bloque_3,2016-01,2020-03,2015-12,2013-01,
estimar_precipitacion_local,P_IMERG_mm,P_local_mm,Corrección seleccionada en ajuste,Lineal corregido,outer_temporal_test,2018-05-01,2018,5,Otono,47.833846,80.717624,32.883778,bloque_3,2016-01,2020-03,2015-12,2013-01,
estimar_precipitacion_local,P_IMERG_mm,P_local_mm,Corrección seleccionada en ajuste,Lineal corregido,outer_temporal_test,2018-06-01,2018,6,Invierno,68.308731,121.028722,52.719991,bloque_3,2016-01,2020-03,2015-12,2013-01,
estimar_precipitacion_local,P_IMERG_mm,P_local_mm,Corrección seleccionada en ajuste,Lineal corregido,outer_temporal_test,2018-07-01,2018,7,Invierno,96.097489,144.200394,48.102905,bloque_3,2016-01,2020-03,2015-12,2013-01,
estimar_precipitacion_local,P_IMERG_mm,P_local_mm,Corrección seleccionada en ajuste,Lineal corregido,outer_temporal_test,2018-08-01,2018,8,Invierno,35.816547,26.669833,-9.146714,bloque_3,2016-01,2020-03,2015-12,2013-01,
estimar_precipitacion_local,P_IMERG_mm,P_local_mm,Corrección seleccionada en ajuste,Lineal corregido,outer_temporal_test,2018-09-01,2018,9,Primavera,141.523692,72.184074,-69.339618,bloque_3,2016-01,2020-03,2015-12,2013-01,
estimar_precipitacion_local,P_IMERG_mm,P_local_mm,Corrección seleccionada en ajuste,Lineal corregido,outer_temporal_test,2018-10-01,2018,10,Primavera,81.404420,35.817160,-45.587260,bloque_3,2016-01,2020-03,2015-12,2013-01,
estimar_precipitacion_local,P_IMERG_mm,P_local_mm,Corrección seleccionada en ajuste,Lineal corregido,outer_temporal_test,2018-11-01,2018,11,Primavera,20.561164,9.013316,-11.547848,bloque_3,2016-01,2020-03,2015-12,2013-01,
estimar_precipitacion_local,P_IMERG_mm,P_local_mm,Corrección seleccionada en ajuste,Lineal corregido,outer_temporal_test,2018-12-01,2018,12,Verano,25.472913,0.521078,-24.951835,bloque_3,2016-01,2020-03,2015-12,2013-01,
estimar_precipitacion_local,P_IMERG_mm,P_local_mm,Corrección seleccionada en ajuste,Lineal corregido,outer_temporal_test,2019-01-01,2019,1,Verano,5.667022,0.000000,-5.667022,bloque_3,2016-01,2020-03,2015-12,2013-01,
estimar_precipitacion_local,P_IMERG_mm,P_local_mm,Corrección seleccionada en ajuste,Lineal corregido,outer_temporal_test,2019-02-01,2019,2,Verano,7.264291,0.000000,-7.264291,bloque_3,2016-01,2020-03,2015-12,2013-01,
estimar_precipitacion_local,P_IMERG_mm,P_local_mm,Corrección seleccionada en ajuste,Lineal corregido,outer_temporal_test,2019-03-01,2019,3,Otono,1.823017,0.000000,-1.823017,bloque_3,2016-01,2020-03,2015-12,2013-01,
estimar_precipitacion_local,P_IMERG_mm,P_local_mm,Corrección seleccionada en ajuste,Lineal corregido,outer_temporal_test,2019-04-01,2019,4,Otono,3.683835,1.312941,-2.370894,bloque_3,2016-01,2020-03,2015-12,2013-01,
estimar_precipitacion_local,P_IMERG_mm,P_local_mm,Corrección seleccionada en ajuste,Lineal corregido,outer_temporal_test,2019-05-01,2019,5,Otono,66.343725,46.295568,-20.048157,bloque_3,2016-01,2020-03,2015-12,2013-01,
estimar_precipitacion_local,P_IMERG_mm,P_local_mm,Corrección seleccionada en ajuste,Lineal corregido,outer_temporal_test,2019-06-01,2019,6,Invierno,92.811898,126.965884,34.153986,bloque_3,2016-01,2020-03,2015-12,2013-01,
estimar_precipitacion_local,P_IMERG_mm,P_local_mm,Corrección seleccionada en ajuste,Lineal corregido,outer_temporal_test,2019-07-01,2019,7,Invierno,20.420281,85.460271,65.039990,bloque_3,2016-01,2020-03,2015-12,2013-01,
estimar_precipitacion_local,P_IMERG_mm,P_local_mm,Corrección seleccionada en ajuste,Lineal corregido,outer_temporal_test,2019-08-01,2019,8,Invierno,13.302321,50.529851,37.227530,bloque_3,2016-01,2020-03,2015-12,2013-01,
estimar_precipitacion_local,P_IMERG_mm,P_local_mm,Corrección seleccionada en ajuste,Lineal corregido,outer_temporal_test,2019-09-01,2019,9,Primavera,22.840775,28.533980,5.693205,bloque_3,2016-01,2020-03,2015-12,2013-01,
estimar_precipitacion_local,P_IMERG_mm,P_local_mm,Corrección seleccionada en ajuste,Lineal corregido,outer_temporal_test,2019-10-01,2019,10,Primavera,15.328923,8.048009,-7.280914,bloque_3,2016-01,2020-03,2015-12,2013-01,
estimar_precipitacion_local,P_IMERG_mm,P_local_mm,Corrección seleccionada en ajuste,Lineal corregido,outer_temporal_test,2019-11-01,2019,11,Primavera,3.353470,0.000000,-3.353470,bloque_3,2016-01,2020-03,2015-12,2013-01,
estimar_precipitacion_local,P_IMERG_mm,P_local_mm,Corrección seleccionada en ajuste,Lineal corregido,outer_temporal_test,2019-12-01,2019,12,Verano,5.622992,0.000000,-5.622992,bloque_3,2016-01,2020-03,2015-12,2013-01,
estimar_precipitacion_local,P_IMERG_mm,P_local_mm,Corrección seleccionada en ajuste,Lineal corregido,outer_temporal_test,2020-01-01,2020,1,Verano,15.580000,0.000000,-15.580000,bloque_3,2016-01,2020-03,2015-12,2013-01,
estimar_precipitacion_local,P_IMERG_mm,P_local_mm,Corrección seleccionada en ajuste,Lineal corregido,outer_temporal_test,2020-02-01,2020,2,Verano,0.095675,0.000000,-0.095675,bloque_3,2016-01,2020-03,2015-12,2013-01,
estimar_precipitacion_local,P_IMERG_mm,P_local_mm,Corrección seleccionada en ajuste,Lineal corregido,outer_temporal_test,2020-03-01,2020,3,Otono,0.000000,0.000000,0.000000,bloque_3,2016-01,2020-03,2015-12,2013-01,
estimar_caudal,P_local_mm (mm/mes),Caudal_m3s,Climatología mensual Q,Climatología mensual Q,outer_temporal_test,2016-01-01,2016,1,Verano,169.225806,214.388427,45.162621,bloque_3,2016-01,2020-03,2015-12,2013-01,
estimar_caudal,P_local_mm (mm/mes),Caudal_m3s,Climatología mensual Q,Climatología mensual Q,outer_temporal_test,2016-02-01,2016,2,Verano,129.517241,158.112276,28.595035,bloque_3,2016-01,2020-03,2015-12,2013-01,
estimar_caudal,P_local_mm (mm/mes),Caudal_m3s,Climatología mensual Q,Climatología mensual Q,outer_temporal_test,2016-03-01,2016,3,Otono,99.719355,110.080539,10.361184,bloque_3,2016-01,2020-03,2015-12,2013-01,
estimar_caudal,P_local_mm (mm/mes),Caudal_m3s,Climatología mensual Q,Climatología mensual Q,outer_temporal_test,2016-04-01,2016,4,Otono,114.130000,77.790129,-36.339871,bloque_3,2016-01,2020-03,2015-12,2013-01,
estimar_caudal,P_local_mm (mm/mes),Caudal_m3s,Climatología mensual Q,Climatología mensual Q,outer_temporal_test,2016-05-01,2016,5,Otono,75.300000,65.920235,-9.379765,bloque_3,2016-01,2020-03,2015-12,2013-01,
estimar_caudal,P_local_mm (mm/mes),Caudal_m3s,Climatología mensual Q,Climatología mensual Q,outer_temporal_test,2016-06-01,2016,6,Invierno,76.150000,65.283302,-10.866698,bloque_3,2016-01,2020-03,2015-12,2013-01,
estimar_caudal,P_local_mm (mm/mes),Caudal_m3s,Climatología mensual Q,Climatología mensual Q,outer_temporal_test,2016-07-01,2016,7,Invierno,65.316129,67.744422,2.428293,bloque_3,2016-01,2020-03,2015-12,2013-01,
estimar_caudal,P_local_mm (mm/mes),Caudal_m3s,Climatología mensual Q,Climatología mensual Q,outer_temporal_test,2016-08-01,2016,8,Invierno,67.183871,66.870399,-0.313472,bloque_3,2016-01,2020-03,2015-12,2013-01,
estimar_caudal,P_local_mm (mm/mes),Caudal_m3s,Climatología mensual Q,Climatología mensual Q,outer_temporal_test,2016-09-01,2016,9,Primavera,76.423333,75.868524,-0.554809,bloque_3,2016-01,2020-03,2015-12,2013-01,
estimar_caudal,P_local_mm (mm/mes),Caudal_m3s,Climatología mensual Q,Climatología mensual Q,outer_temporal_test,2016-10-01,2016,10,Primavera,88.361290,106.188988,17.827698,bloque_3,2016-01,2020-03,2015-12,2013-01,
estimar_caudal,P_local_mm (mm/mes),Caudal_m3s,Climatología mensual Q,Climatología mensual Q,outer_temporal_test,2016-11-01,2016,11,Primavera,137.233333,163.626970,26.393637,bloque_3,2016-01,2020-03,2015-12,2013-01,
estimar_caudal,P_local_mm (mm/mes),Caudal_m3s,Climatología mensual Q,Climatología mensual Q,outer_temporal_test,2016-12-01,2016,12,Verano,170.677419,221.478543,50.801124,bloque_3,2016-01,2020-03,2015-12,2013-01,
estimar_caudal,P_local_mm (mm/mes),Caudal_m3s,Climatología mensual Q,Climatología mensual Q,outer_temporal_test,2017-01-01,2017,1,Verano,186.000000,214.388427,28.388427,bloque_3,2016-01,2020-03,2015-12,2013-01,
estimar_caudal,P_local_mm (mm/mes),Caudal_m3s,Climatología mensual Q,Climatología mensual Q,outer_temporal_test,2017-02-01,2017,2,Verano,148.857143,158.112276,9.255133,bloque_3,2016-01,2020-03,2015-12,2013-01,
estimar_caudal,P_local_mm (mm/mes),Caudal_m3s,Climatología mensual Q,Climatología mensual Q,outer_temporal_test,2017-03-01,2017,3,Otono,86.870968,110.080539,23.209571,bloque_3,2016-01,2020-03,2015-12,2013-01,
estimar_caudal,P_local_mm (mm/mes),Caudal_m3s,Climatología mensual Q,Climatología mensual Q,outer_temporal_test,2017-04-01,2017,4,Otono,70.420000,77.790129,7.370129,bloque_3,2016-01,2020-03,2015-12,2013-01,
estimar_caudal,P_local_mm (mm/mes),Caudal_m3s,Climatología mensual Q,Climatología mensual Q,outer_temporal_test,2017-05-01,2017,5,Otono,60.927586,65.920235,4.992649,bloque_3,2016-01,2020-03,2015-12,2013-01,
estimar_caudal,P_local_mm (mm/mes),Caudal_m3s,Climatología mensual Q,Climatología mensual Q,outer_temporal_test,2017-06-01,2017,6,Invierno,59.866667,65.283302,5.416635,bloque_3,2016-01,2020-03,2015-12,2013-01,
estimar_caudal,P_local_mm (mm/mes),Caudal_m3s,Climatología mensual Q,Climatología mensual Q,outer_temporal_test,2017-07-01,2017,7,Invierno,55.461290,67.744422,12.283132,bloque_3,2016-01,2020-03,2015-12,2013-01,
estimar_caudal,P_local_mm (mm/mes),Caudal_m3s,Climatología mensual Q,Climatología mensual Q,outer_temporal_test,2017-08-01,2017,8,Invierno,51.287097,66.870399,15.583302,bloque_3,2016-01,2020-03,2015-12,2013-01,
estimar_caudal,P_local_mm (mm/mes),Caudal_m3s,Climatología mensual Q,Climatología mensual Q,outer_temporal_test,2017-09-01,2017,9,Primavera,57.913333,75.868524,17.955191,bloque_3,2016-01,2020-03,2015-12,2013-01,
estimar_caudal,P_local_mm (mm/mes),Caudal_m3s,Climatología mensual Q,Climatología mensual Q,outer_temporal_test,2017-10-01,2017,10,Primavera,82.338710,106.188988,23.850278,bloque_3,2016-01,2020-03,2015-12,2013-01,
estimar_caudal,P_local_mm (mm/mes),Caudal_m3s,Climatología mensual Q,Climatología mensual Q,outer_temporal_test,2017-11-01,2017,11,Primavera,111.973333,163.626970,51.653637,bloque_3,2016-01,2020-03,2015-12,2013-01,
estimar_caudal,P_local_mm (mm/mes),Caudal_m3s,Climatología mensual Q,Climatología mensual Q,outer_temporal_test,2017-12-01,2017,12,Verano,138.967742,221.478543,82.510801,bloque_3,2016-01,2020-03,2015-12,2013-01,
estimar_caudal,P_local_mm (mm/mes),Caudal_m3s,Climatología mensual Q,Climatología mensual Q,outer_temporal_test,2018-01-01,2018,1,Verano,109.425806,214.388427,104.962621,bloque_3,2016-01,2020-03,2015-12,2013-01,
estimar_caudal,P_local_mm (mm/mes),Caudal_m3s,Climatología mensual Q,Climatología mensual Q,outer_temporal_test,2018-02-01,2018,2,Verano,104.617857,158.112276,53.494419,bloque_3,2016-01,2020-03,2015-12,2013-01,
estimar_caudal,P_local_mm (mm/mes),Caudal_m3s,Climatología mensual Q,Climatología mensual Q,outer_temporal_test,2018-03-01,2018,3,Otono,60.416129,110.080539,49.664410,bloque_3,2016-01,2020-03,2015-12,2013-01,
estimar_caudal,P_local_mm (mm/mes),Caudal_m3s,Climatología mensual Q,Climatología mensual Q,outer_temporal_test,2018-04-01,2018,4,Otono,52.566667,77.790129,25.223462,bloque_3,2016-01,2020-03,2015-12,2013-01,
estimar_caudal,P_local_mm (mm/mes),Caudal_m3s,Climatología mensual Q,Climatología mensual Q,outer_temporal_test,2018-05-01,2018,5,Otono,35.216129,65.920235,30.704106,bloque_3,2016-01,2020-03,2015-12,2013-01,
estimar_caudal,P_local_mm (mm/mes),Caudal_m3s,Climatología mensual Q,Climatología mensual Q,outer_temporal_test,2018-06-01,2018,6,Invierno,36.256667,65.283302,29.026635,bloque_3,2016-01,2020-03,2015-12,2013-01,
estimar_caudal,P_local_mm (mm/mes),Caudal_m3s,Climatología mensual Q,Climatología mensual Q,outer_temporal_test,2018-07-01,2018,7,Invierno,34.345161,67.744422,33.399261,bloque_3,2016-01,2020-03,2015-12,2013-01,
estimar_caudal,P_local_mm (mm/mes),Caudal_m3s,Climatología mensual Q,Climatología mensual Q,outer_temporal_test,2018-08-01,2018,8,Invierno,37.319355,66.870399,29.551044,bloque_3,2016-01,2020-03,2015-12,2013-01,
estimar_caudal,P_local_mm (mm/mes),Caudal_m3s,Climatología mensual Q,Climatología mensual Q,outer_temporal_test,2018-09-01,2018,9,Primavera,47.073333,75.868524,28.795191,bloque_3,2016-01,2020-03,2015-12,2013-01,
estimar_caudal,P_local_mm (mm/mes),Caudal_m3s,Climatología mensual Q,Climatología mensual Q,outer_temporal_test,2018-10-01,2018,10,Primavera,54.509677,106.188988,51.679311,bloque_3,2016-01,2020-03,2015-12,2013-01,
estimar_caudal,P_local_mm (mm/mes),Caudal_m3s,Climatología mensual Q,Climatología mensual Q,outer_temporal_test,2018-11-01,2018,11,Primavera,88.243333,163.626970,75.383637,bloque_3,2016-01,2020-03,2015-12,2013-01,
estimar_caudal,P_local_mm (mm/mes),Caudal_m3s,Climatología mensual Q,Climatología mensual Q,outer_temporal_test,2018-12-01,2018,12,Verano,109.038710,221.478543,112.439833,bloque_3,2016-01,2020-03,2015-12,2013-01,
estimar_caudal,P_local_mm (mm/mes),Caudal_m3s,Climatología mensual Q,Climatología mensual Q,outer_temporal_test,2019-01-01,2019,1,Verano,106.329032,214.388427,108.059395,bloque_3,2016-01,2020-03,2015-12,2013-01,
estimar_caudal,P_local_mm (mm/mes),Caudal_m3s,Climatología mensual Q,Climatología mensual Q,outer_temporal_test,2019-02-01,2019,2,Verano,94.017857,158.112276,64.094419,bloque_3,2016-01,2020-03,2015-12,2013-01,
estimar_caudal,P_local_mm (mm/mes),Caudal_m3s,Climatología mensual Q,Climatología mensual Q,outer_temporal_test,2019-03-01,2019,3,Otono,67.154839,110.080539,42.925700,bloque_3,2016-01,2020-03,2015-12,2013-01,
estimar_caudal,P_local_mm (mm/mes),Caudal_m3s,Climatología mensual Q,Climatología mensual Q,outer_temporal_test,2019-04-01,2019,4,Otono,56.530000,77.790129,21.260129,bloque_3,2016-01,2020-03,2015-12,2013-01,
estimar_caudal,P_local_mm (mm/mes),Caudal_m3s,Climatología mensual Q,Climatología mensual Q,outer_temporal_test,2019-05-01,2019,5,Otono,38.490774,65.920235,27.429461,bloque_3,2016-01,2020-03,2015-12,2013-01,
estimar_caudal,P_local_mm (mm/mes),Caudal_m3s,Climatología mensual Q,Climatología mensual Q,outer_temporal_test,2019-06-01,2019,6,Invierno,28.798467,65.283302,36.484835,bloque_3,2016-01,2020-03,2015-12,2013-01,
estimar_caudal,P_local_mm (mm/mes),Caudal_m3s,Climatología mensual Q,Climatología mensual Q,outer_temporal_test,2019-07-01,2019,7,Invierno,24.811226,67.744422,42.933196,bloque_3,2016-01,2020-03,2015-12,2013-01,
estimar_caudal,P_local_mm (mm/mes),Caudal_m3s,Climatología mensual Q,Climatología mensual Q,outer_temporal_test,2019-08-01,2019,8,Invierno,31.219355,66.870399,35.651044,bloque_3,2016-01,2020-03,2015-12,2013-01,
estimar_caudal,P_local_mm (mm/mes),Caudal_m3s,Climatología mensual Q,Climatología mensual Q,outer_temporal_test,2019-09-01,2019,9,Primavera,47.707300,75.868524,28.161224,bloque_3,2016-01,2020-03,2015-12,2013-01,
estimar_caudal,P_local_mm (mm/mes),Caudal_m3s,Climatología mensual Q,Climatología mensual Q,outer_temporal_test,2019-10-01,2019,10,Primavera,44.006613,106.188988,62.182375,bloque_3,2016-01,2020-03,2015-12,2013-01,
estimar_caudal,P_local_mm (mm/mes),Caudal_m3s,Climatología mensual Q,Climatología mensual Q,outer_temporal_test,2019-11-01,2019,11,Primavera,65.043933,163.626970,98.583037,bloque_3,2016-01,2020-03,2015-12,2013-01,
estimar_caudal,P_local_mm (mm/mes),Caudal_m3s,Climatología mensual Q,Climatología mensual Q,outer_temporal_test,2019-12-01,2019,12,Verano,64.845452,221.478543,156.633091,bloque_3,2016-01,2020-03,2015-12,2013-01,
estimar_caudal,P_local_mm (mm/mes),Caudal_m3s,Climatología mensual Q,Climatología mensual Q,outer_temporal_test,2020-01-01,2020,1,Verano,85.460516,214.388427,128.927911,bloque_3,2016-01,2020-03,2015-12,2013-01,
estimar_caudal,P_local_mm (mm/mes),Caudal_m3s,Climatología mensual Q,Climatología mensual Q,outer_temporal_test,2020-02-01,2020,2,Verano,63.965966,158.112276,94.146310,bloque_3,2016-01,2020-03,2015-12,2013-01,
estimar_caudal,P_local_mm (mm/mes),Caudal_m3s,Climatología mensual Q,Climatología mensual Q,outer_temporal_test,2020-03-01,2020,3,Otono,54.002516,110.080539,56.078023,bloque_3,2016-01,2020-03,2015-12,2013-01,
estimar_caudal,P_local_mm (mm/mes),Caudal_m3s,Regresión lineal Q~P(t),Regresión lineal Q~P(t),outer_temporal_test,2016-01-01,2016,1,Verano,169.225806,126.703996,-42.521810,bloque_3,2016-01,2020-03,2015-12,2013-01,0.000000
estimar_caudal,P_local_mm (mm/mes),Caudal_m3s,Regresión lineal Q~P(t),Regresión lineal Q~P(t),outer_temporal_test,2016-02-01,2016,2,Verano,129.517241,128.918391,-0.598850,bloque_3,2016-01,2020-03,2015-12,2013-01,0.000000
estimar_caudal,P_local_mm (mm/mes),Caudal_m3s,Regresión lineal Q~P(t),Regresión lineal Q~P(t),outer_temporal_test,2016-03-01,2016,3,Otono,99.719355,128.965260,29.245905,bloque_3,2016-01,2020-03,2015-12,2013-01,0.000000
estimar_caudal,P_local_mm (mm/mes),Caudal_m3s,Regresión lineal Q~P(t),Regresión lineal Q~P(t),outer_temporal_test,2016-04-01,2016,4,Otono,114.130000,60.870391,-53.259609,bloque_3,2016-01,2020-03,2015-12,2013-01,0.000000
estimar_caudal,P_local_mm (mm/mes),Caudal_m3s,Regresión lineal Q~P(t),Regresión lineal Q~P(t),outer_temporal_test,2016-05-01,2016,5,Otono,75.300000,109.104372,33.804372,bloque_3,2016-01,2020-03,2015-12,2013-01,0.000000
estimar_caudal,P_local_mm (mm/mes),Caudal_m3s,Regresión lineal Q~P(t),Regresión lineal Q~P(t),outer_temporal_test,2016-06-01,2016,6,Invierno,76.150000,110.059016,33.909016,bloque_3,2016-01,2020-03,2015-12,2013-01,0.000000
estimar_caudal,P_local_mm (mm/mes),Caudal_m3s,Regresión lineal Q~P(t),Regresión lineal Q~P(t),outer_temporal_test,2016-07-01,2016,7,Invierno,65.316129,98.498794,33.182665,bloque_3,2016-01,2020-03,2015-12,2013-01,0.000000
estimar_caudal,P_local_mm (mm/mes),Caudal_m3s,Regresión lineal Q~P(t),Regresión lineal Q~P(t),outer_temporal_test,2016-08-01,2016,8,Invierno,67.183871,119.531082,52.347211,bloque_3,2016-01,2020-03,2015-12,2013-01,0.000000
estimar_caudal,P_local_mm (mm/mes),Caudal_m3s,Regresión lineal Q~P(t),Regresión lineal Q~P(t),outer_temporal_test,2016-09-01,2016,9,Primavera,76.423333,128.461004,52.037671,bloque_3,2016-01,2020-03,2015-12,2013-01,0.000000
estimar_caudal,P_local_mm (mm/mes),Caudal_m3s,Regresión lineal Q~P(t),Regresión lineal Q~P(t),outer_temporal_test,2016-10-01,2016,10,Primavera,88.361290,117.154945,28.793655,bloque_3,2016-01,2020-03,2015-12,2013-01,0.000000
estimar_caudal,P_local_mm (mm/mes),Caudal_m3s,Regresión lineal Q~P(t),Regresión lineal Q~P(t),outer_temporal_test,2016-11-01,2016,11,Primavera,137.233333,127.446203,-9.787130,bloque_3,2016-01,2020-03,2015-12,2013-01,0.000000
estimar_caudal,P_local_mm (mm/mes),Caudal_m3s,Regresión lineal Q~P(t),Regresión lineal Q~P(t),outer_temporal_test,2016-12-01,2016,12,Verano,170.677419,123.394890,-47.282529,bloque_3,2016-01,2020-03,2015-12,2013-01,0.000000
estimar_caudal,P_local_mm (mm/mes),Caudal_m3s,Regresión lineal Q~P(t),Regresión lineal Q~P(t),outer_temporal_test,2017-01-01,2017,1,Verano,186.000000,128.675754,-57.324246,bloque_3,2016-01,2020-03,2015-12,2013-01,0.000000
estimar_caudal,P_local_mm (mm/mes),Caudal_m3s,Regresión lineal Q~P(t),Regresión lineal Q~P(t),outer_temporal_test,2017-02-01,2017,2,Verano,148.857143,123.152099,-25.705044,bloque_3,2016-01,2020-03,2015-12,2013-01,0.000000
estimar_caudal,P_local_mm (mm/mes),Caudal_m3s,Regresión lineal Q~P(t),Regresión lineal Q~P(t),outer_temporal_test,2017-03-01,2017,3,Otono,86.870968,127.707532,40.836564,bloque_3,2016-01,2020-03,2015-12,2013-01,0.000000
estimar_caudal,P_local_mm (mm/mes),Caudal_m3s,Regresión lineal Q~P(t),Regresión lineal Q~P(t),outer_temporal_test,2017-04-01,2017,4,Otono,70.420000,117.440945,47.020945,bloque_3,2016-01,2020-03,2015-12,2013-01,0.000000
estimar_caudal,P_local_mm (mm/mes),Caudal_m3s,Regresión lineal Q~P(t),Regresión lineal Q~P(t),outer_temporal_test,2017-05-01,2017,5,Otono,60.927586,110.213406,49.285820,bloque_3,2016-01,2020-03,2015-12,2013-01,0.000000
estimar_caudal,P_local_mm (mm/mes),Caudal_m3s,Regresión lineal Q~P(t),Regresión lineal Q~P(t),outer_temporal_test,2017-06-01,2017,6,Invierno,59.866667,110.489324,50.622657,bloque_3,2016-01,2020-03,2015-12,2013-01,0.000000
estimar_caudal,P_local_mm (mm/mes),Caudal_m3s,Regresión lineal Q~P(t),Regresión lineal Q~P(t),outer_temporal_test,2017-07-01,2017,7,Invierno,55.461290,117.986234,62.524944,bloque_3,2016-01,2020-03,2015-12,2013-01,0.000000
estimar_caudal,P_local_mm (mm/mes),Caudal_m3s,Regresión lineal Q~P(t),Regresión lineal Q~P(t),outer_temporal_test,2017-08-01,2017,8,Invierno,51.287097,113.466570,62.179473,bloque_3,2016-01,2020-03,2015-12,2013-01,0.000000
estimar_caudal,P_local_mm (mm/mes),Caudal_m3s,Regresión lineal Q~P(t),Regresión lineal Q~P(t),outer_temporal_test,2017-09-01,2017,9,Primavera,57.913333,118.647265,60.733932,bloque_3,2016-01,2020-03,2015-12,2013-01,0.000000
estimar_caudal,P_local_mm (mm/mes),Caudal_m3s,Regresión lineal Q~P(t),Regresión lineal Q~P(t),outer_temporal_test,2017-10-01,2017,10,Primavera,82.338710,118.545632,36.206922,bloque_3,2016-01,2020-03,2015-12,2013-01,0.000000
estimar_caudal,P_local_mm (mm/mes),Caudal_m3s,Regresión lineal Q~P(t),Regresión lineal Q~P(t),outer_temporal_test,2017-11-01,2017,11,Primavera,111.973333,125.524158,13.550825,bloque_3,2016-01,2020-03,2015-12,2013-01,0.000000
estimar_caudal,P_local_mm (mm/mes),Caudal_m3s,Regresión lineal Q~P(t),Regresión lineal Q~P(t),outer_temporal_test,2017-12-01,2017,12,Verano,138.967742,128.371463,-10.596279,bloque_3,2016-01,2020-03,2015-12,2013-01,0.000000
estimar_caudal,P_local_mm (mm/mes),Caudal_m3s,Regresión lineal Q~P(t),Regresión lineal Q~P(t),outer_temporal_test,2018-01-01,2018,1,Verano,109.425806,125.711307,16.285501,bloque_3,2016-01,2020-03,2015-12,2013-01,0.000000
estimar_caudal,P_local_mm (mm/mes),Caudal_m3s,Regresión lineal Q~P(t),Regresión lineal Q~P(t),outer_temporal_test,2018-02-01,2018,2,Verano,104.617857,127.940862,23.323005,bloque_3,2016-01,2020-03,2015-12,2013-01,0.000000
estimar_caudal,P_local_mm (mm/mes),Caudal_m3s,Regresión lineal Q~P(t),Regresión lineal Q~P(t),outer_temporal_test,2018-03-01,2018,3,Otono,60.416129,128.624138,68.208009,bloque_3,2016-01,2020-03,2015-12,2013-01,0.000000
estimar_caudal,P_local_mm (mm/mes),Caudal_m3s,Regresión lineal Q~P(t),Regresión lineal Q~P(t),outer_temporal_test,2018-04-01,2018,4,Otono,52.566667,123.750110,71.183443,bloque_3,2016-01,2020-03,2015-12,2013-01,0.000000
estimar_caudal,P_local_mm (mm/mes),Caudal_m3s,Regresión lineal Q~P(t),Regresión lineal Q~P(t),outer_temporal_test,2018-05-01,2018,5,Otono,35.216129,120.244076,85.027947,bloque_3,2016-01,2020-03,2015-12,2013-01,0.000000
estimar_caudal,P_local_mm (mm/mes),Caudal_m3s,Regresión lineal Q~P(t),Regresión lineal Q~P(t),outer_temporal_test,2018-06-01,2018,6,Invierno,36.256667,116.496733,80.240066,bloque_3,2016-01,2020-03,2015-12,2013-01,0.000000
estimar_caudal,P_local_mm (mm/mes),Caudal_m3s,Regresión lineal Q~P(t),Regresión lineal Q~P(t),outer_temporal_test,2018-07-01,2018,7,Invierno,34.345161,111.410794,77.065633,bloque_3,2016-01,2020-03,2015-12,2013-01,0.000000
estimar_caudal,P_local_mm (mm/mes),Caudal_m3s,Regresión lineal Q~P(t),Regresión lineal Q~P(t),outer_temporal_test,2018-08-01,2018,8,Invierno,37.319355,122.443499,85.124144,bloque_3,2016-01,2020-03,2015-12,2013-01,0.000000
estimar_caudal,P_local_mm (mm/mes),Caudal_m3s,Regresión lineal Q~P(t),Regresión lineal Q~P(t),outer_temporal_test,2018-09-01,2018,9,Primavera,47.073333,103.096825,56.023492,bloque_3,2016-01,2020-03,2015-12,2013-01,0.000000
estimar_caudal,P_local_mm (mm/mes),Caudal_m3s,Regresión lineal Q~P(t),Regresión lineal Q~P(t),outer_temporal_test,2018-10-01,2018,10,Primavera,54.509677,114.099941,59.590264,bloque_3,2016-01,2020-03,2015-12,2013-01,0.000000
estimar_caudal,P_local_mm (mm/mes),Caudal_m3s,Regresión lineal Q~P(t),Regresión lineal Q~P(t),outer_temporal_test,2018-11-01,2018,11,Primavera,88.243333,125.235562,36.992229,bloque_3,2016-01,2020-03,2015-12,2013-01,0.000000
estimar_caudal,P_local_mm (mm/mes),Caudal_m3s,Regresión lineal Q~P(t),Regresión lineal Q~P(t),outer_temporal_test,2018-12-01,2018,12,Verano,109.038710,124.336606,15.297896,bloque_3,2016-01,2020-03,2015-12,2013-01,0.000000
estimar_caudal,P_local_mm (mm/mes),Caudal_m3s,Regresión lineal Q~P(t),Regresión lineal Q~P(t),outer_temporal_test,2019-01-01,2019,1,Verano,106.329032,127.961509,21.632477,bloque_3,2016-01,2020-03,2015-12,2013-01,0.000000
estimar_caudal,P_local_mm (mm/mes),Caudal_m3s,Regresión lineal Q~P(t),Regresión lineal Q~P(t),outer_temporal_test,2019-02-01,2019,2,Verano,94.017857,127.669175,33.651318,bloque_3,2016-01,2020-03,2015-12,2013-01,0.000000
estimar_caudal,P_local_mm (mm/mes),Caudal_m3s,Regresión lineal Q~P(t),Regresión lineal Q~P(t),outer_temporal_test,2019-03-01,2019,3,Otono,67.154839,128.665044,61.510205,bloque_3,2016-01,2020-03,2015-12,2013-01,0.000000
estimar_caudal,P_local_mm (mm/mes),Caudal_m3s,Regresión lineal Q~P(t),Regresión lineal Q~P(t),outer_temporal_test,2019-04-01,2019,4,Otono,56.530000,128.324475,71.794475,bloque_3,2016-01,2020-03,2015-12,2013-01,0.000000
estimar_caudal,P_local_mm (mm/mes),Caudal_m3s,Regresión lineal Q~P(t),Regresión lineal Q~P(t),outer_temporal_test,2019-05-01,2019,5,Otono,38.490774,116.856371,78.365597,bloque_3,2016-01,2020-03,2015-12,2013-01,0.000000
estimar_caudal,P_local_mm (mm/mes),Caudal_m3s,Regresión lineal Q~P(t),Regresión lineal Q~P(t),outer_temporal_test,2019-06-01,2019,6,Invierno,28.798467,112.012128,83.213661,bloque_3,2016-01,2020-03,2015-12,2013-01,0.000000
estimar_caudal,P_local_mm (mm/mes),Caudal_m3s,Regresión lineal Q~P(t),Regresión lineal Q~P(t),outer_temporal_test,2019-07-01,2019,7,Invierno,24.811226,125.261346,100.450120,bloque_3,2016-01,2020-03,2015-12,2013-01,0.000000
estimar_caudal,P_local_mm (mm/mes),Caudal_m3s,Regresión lineal Q~P(t),Regresión lineal Q~P(t),outer_temporal_test,2019-08-01,2019,8,Invierno,31.219355,126.564086,95.344731,bloque_3,2016-01,2020-03,2015-12,2013-01,0.000000
estimar_caudal,P_local_mm (mm/mes),Caudal_m3s,Regresión lineal Q~P(t),Regresión lineal Q~P(t),outer_temporal_test,2019-09-01,2019,9,Primavera,47.707300,124.818344,77.111044,bloque_3,2016-01,2020-03,2015-12,2013-01,0.000000
estimar_caudal,P_local_mm (mm/mes),Caudal_m3s,Regresión lineal Q~P(t),Regresión lineal Q~P(t),outer_temporal_test,2019-10-01,2019,10,Primavera,44.006613,126.193174,82.186561,bloque_3,2016-01,2020-03,2015-12,2013-01,0.000000
estimar_caudal,P_local_mm (mm/mes),Caudal_m3s,Regresión lineal Q~P(t),Regresión lineal Q~P(t),outer_temporal_test,2019-11-01,2019,11,Primavera,65.043933,128.384939,63.341006,bloque_3,2016-01,2020-03,2015-12,2013-01,0.000000
estimar_caudal,P_local_mm (mm/mes),Caudal_m3s,Regresión lineal Q~P(t),Regresión lineal Q~P(t),outer_temporal_test,2019-12-01,2019,12,Verano,64.845452,127.969568,63.124116,bloque_3,2016-01,2020-03,2015-12,2013-01,0.000000
estimar_caudal,P_local_mm (mm/mes),Caudal_m3s,Regresión lineal Q~P(t),Regresión lineal Q~P(t),outer_temporal_test,2020-01-01,2020,1,Verano,85.460516,126.147221,40.686705,bloque_3,2016-01,2020-03,2015-12,2013-01,0.000000
estimar_caudal,P_local_mm (mm/mes),Caudal_m3s,Regresión lineal Q~P(t),Regresión lineal Q~P(t),outer_temporal_test,2020-02-01,2020,2,Verano,63.965966,128.981185,65.015219,bloque_3,2016-01,2020-03,2015-12,2013-01,0.000000
estimar_caudal,P_local_mm (mm/mes),Caudal_m3s,Regresión lineal Q~P(t),Regresión lineal Q~P(t),outer_temporal_test,2020-03-01,2020,3,Otono,54.002516,128.998696,74.996180,bloque_3,2016-01,2020-03,2015-12,2013-01,0.000000
estimar_caudal,P_local_mm (mm/mes),Caudal_m3s,Regresión de anomalías con rezago,Regresión de anomalías con rezago,outer_temporal_test,2016-01-01,2016,1,Verano,169.225806,227.852156,58.626350,bloque_3,2016-01,2020-03,2015-12,2013-01,6.000000
estimar_caudal,P_local_mm (mm/mes),Caudal_m3s,Regresión de anomalías con rezago,Regresión de anomalías con rezago,outer_temporal_test,2016-02-01,2016,2,Verano,129.517241,194.472768,64.955527,bloque_3,2016-01,2020-03,2015-12,2013-01,6.000000
estimar_caudal,P_local_mm (mm/mes),Caudal_m3s,Regresión de anomalías con rezago,Regresión de anomalías con rezago,outer_temporal_test,2016-03-01,2016,3,Otono,99.719355,115.909583,16.190228,bloque_3,2016-01,2020-03,2015-12,2013-01,6.000000
estimar_caudal,P_local_mm (mm/mes),Caudal_m3s,Regresión de anomalías con rezago,Regresión de anomalías con rezago,outer_temporal_test,2016-04-01,2016,4,Otono,114.130000,106.865726,-7.264274,bloque_3,2016-01,2020-03,2015-12,2013-01,6.000000
estimar_caudal,P_local_mm (mm/mes),Caudal_m3s,Regresión de anomalías con rezago,Regresión de anomalías con rezago,outer_temporal_test,2016-05-01,2016,5,Otono,75.300000,66.838246,-8.461754,bloque_3,2016-01,2020-03,2015-12,2013-01,6.000000
estimar_caudal,P_local_mm (mm/mes),Caudal_m3s,Regresión de anomalías con rezago,Regresión de anomalías con rezago,outer_temporal_test,2016-06-01,2016,6,Invierno,76.150000,61.142184,-15.007816,bloque_3,2016-01,2020-03,2015-12,2013-01,6.000000
estimar_caudal,P_local_mm (mm/mes),Caudal_m3s,Regresión de anomalías con rezago,Regresión de anomalías con rezago,outer_temporal_test,2016-07-01,2016,7,Invierno,65.316129,67.965486,2.649357,bloque_3,2016-01,2020-03,2015-12,2013-01,6.000000
estimar_caudal,P_local_mm (mm/mes),Caudal_m3s,Regresión de anomalías con rezago,Regresión de anomalías con rezago,outer_temporal_test,2016-08-01,2016,8,Invierno,67.183871,62.945393,-4.238478,bloque_3,2016-01,2020-03,2015-12,2013-01,6.000000
estimar_caudal,P_local_mm (mm/mes),Caudal_m3s,Regresión de anomalías con rezago,Regresión de anomalías con rezago,outer_temporal_test,2016-09-01,2016,9,Primavera,76.423333,71.829532,-4.593801,bloque_3,2016-01,2020-03,2015-12,2013-01,6.000000
estimar_caudal,P_local_mm (mm/mes),Caudal_m3s,Regresión de anomalías con rezago,Regresión de anomalías con rezago,outer_temporal_test,2016-10-01,2016,10,Primavera,88.361290,211.883341,123.522051,bloque_3,2016-01,2020-03,2015-12,2013-01,6.000000
estimar_caudal,P_local_mm (mm/mes),Caudal_m3s,Regresión de anomalías con rezago,Regresión de anomalías con rezago,outer_temporal_test,2016-11-01,2016,11,Primavera,137.233333,153.958574,16.725241,bloque_3,2016-01,2020-03,2015-12,2013-01,6.000000
estimar_caudal,P_local_mm (mm/mes),Caudal_m3s,Regresión de anomalías con rezago,Regresión de anomalías con rezago,outer_temporal_test,2016-12-01,2016,12,Verano,170.677419,194.958946,24.281527,bloque_3,2016-01,2020-03,2015-12,2013-01,6.000000
estimar_caudal,P_local_mm (mm/mes),Caudal_m3s,Regresión de anomalías con rezago,Regresión de anomalías con rezago,outer_temporal_test,2017-01-01,2017,1,Verano,186.000000,218.378005,32.378005,bloque_3,2016-01,2020-03,2015-12,2013-01,6.000000
estimar_caudal,P_local_mm (mm/mes),Caudal_m3s,Regresión de anomalías con rezago,Regresión de anomalías con rezago,outer_temporal_test,2017-02-01,2017,2,Verano,148.857143,132.814158,-16.042985,bloque_3,2016-01,2020-03,2015-12,2013-01,6.000000
estimar_caudal,P_local_mm (mm/mes),Caudal_m3s,Regresión de anomalías con rezago,Regresión de anomalías con rezago,outer_temporal_test,2017-03-01,2017,3,Otono,86.870968,82.117876,-4.753092,bloque_3,2016-01,2020-03,2015-12,2013-01,6.000000
estimar_caudal,P_local_mm (mm/mes),Caudal_m3s,Regresión de anomalías con rezago,Regresión de anomalías con rezago,outer_temporal_test,2017-04-01,2017,4,Otono,70.420000,86.502858,16.082858,bloque_3,2016-01,2020-03,2015-12,2013-01,6.000000
estimar_caudal,P_local_mm (mm/mes),Caudal_m3s,Regresión de anomalías con rezago,Regresión de anomalías con rezago,outer_temporal_test,2017-05-01,2017,5,Otono,60.927586,61.993136,1.065550,bloque_3,2016-01,2020-03,2015-12,2013-01,6.000000
estimar_caudal,P_local_mm (mm/mes),Caudal_m3s,Regresión de anomalías con rezago,Regresión de anomalías con rezago,outer_temporal_test,2017-06-01,2017,6,Invierno,59.866667,70.454282,10.587615,bloque_3,2016-01,2020-03,2015-12,2013-01,6.000000
estimar_caudal,P_local_mm (mm/mes),Caudal_m3s,Regresión de anomalías con rezago,Regresión de anomalías con rezago,outer_temporal_test,2017-07-01,2017,7,Invierno,55.461290,64.446285,8.984995,bloque_3,2016-01,2020-03,2015-12,2013-01,6.000000
estimar_caudal,P_local_mm (mm/mes),Caudal_m3s,Regresión de anomalías con rezago,Regresión de anomalías con rezago,outer_temporal_test,2017-08-01,2017,8,Invierno,51.287097,73.237093,21.949996,bloque_3,2016-01,2020-03,2015-12,2013-01,6.000000
estimar_caudal,P_local_mm (mm/mes),Caudal_m3s,Regresión de anomalías con rezago,Regresión de anomalías con rezago,outer_temporal_test,2017-09-01,2017,9,Primavera,57.913333,74.074329,16.160996,bloque_3,2016-01,2020-03,2015-12,2013-01,6.000000
estimar_caudal,P_local_mm (mm/mes),Caudal_m3s,Regresión de anomalías con rezago,Regresión de anomalías con rezago,outer_temporal_test,2017-10-01,2017,10,Primavera,82.338710,110.916000,28.577290,bloque_3,2016-01,2020-03,2015-12,2013-01,6.000000
estimar_caudal,P_local_mm (mm/mes),Caudal_m3s,Regresión de anomalías con rezago,Regresión de anomalías con rezago,outer_temporal_test,2017-11-01,2017,11,Primavera,111.973333,151.979166,40.005833,bloque_3,2016-01,2020-03,2015-12,2013-01,6.000000
estimar_caudal,P_local_mm (mm/mes),Caudal_m3s,Regresión de anomalías con rezago,Regresión de anomalías con rezago,outer_temporal_test,2017-12-01,2017,12,Verano,138.967742,194.190931,55.223189,bloque_3,2016-01,2020-03,2015-12,2013-01,6.000000
estimar_caudal,P_local_mm (mm/mes),Caudal_m3s,Regresión de anomalías con rezago,Regresión de anomalías con rezago,outer_temporal_test,2018-01-01,2018,1,Verano,109.425806,183.596748,74.170942,bloque_3,2016-01,2020-03,2015-12,2013-01,6.000000
estimar_caudal,P_local_mm (mm/mes),Caudal_m3s,Regresión de anomalías con rezago,Regresión de anomalías con rezago,outer_temporal_test,2018-02-01,2018,2,Verano,104.617857,143.638123,39.020266,bloque_3,2016-01,2020-03,2015-12,2013-01,6.000000
estimar_caudal,P_local_mm (mm/mes),Caudal_m3s,Regresión de anomalías con rezago,Regresión de anomalías con rezago,outer_temporal_test,2018-03-01,2018,3,Otono,60.416129,99.633474,39.217345,bloque_3,2016-01,2020-03,2015-12,2013-01,6.000000
estimar_caudal,P_local_mm (mm/mes),Caudal_m3s,Regresión de anomalías con rezago,Regresión de anomalías con rezago,outer_temporal_test,2018-04-01,2018,4,Otono,52.566667,84.020754,31.454087,bloque_3,2016-01,2020-03,2015-12,2013-01,6.000000
estimar_caudal,P_local_mm (mm/mes),Caudal_m3s,Regresión de anomalías con rezago,Regresión de anomalías con rezago,outer_temporal_test,2018-05-01,2018,5,Otono,35.216129,65.423611,30.207482,bloque_3,2016-01,2020-03,2015-12,2013-01,6.000000
estimar_caudal,P_local_mm (mm/mes),Caudal_m3s,Regresión de anomalías con rezago,Regresión de anomalías con rezago,outer_temporal_test,2018-06-01,2018,6,Invierno,36.256667,61.572077,25.315410,bloque_3,2016-01,2020-03,2015-12,2013-01,6.000000
estimar_caudal,P_local_mm (mm/mes),Caudal_m3s,Regresión de anomalías con rezago,Regresión de anomalías con rezago,outer_temporal_test,2018-07-01,2018,7,Invierno,34.345161,69.737240,35.392079,bloque_3,2016-01,2020-03,2015-12,2013-01,6.000000
estimar_caudal,P_local_mm (mm/mes),Caudal_m3s,Regresión de anomalías con rezago,Regresión de anomalías con rezago,outer_temporal_test,2018-08-01,2018,8,Invierno,37.319355,64.690090,27.370735,bloque_3,2016-01,2020-03,2015-12,2013-01,6.000000
estimar_caudal,P_local_mm (mm/mes),Caudal_m3s,Regresión de anomalías con rezago,Regresión de anomalías con rezago,outer_temporal_test,2018-09-01,2018,9,Primavera,47.073333,72.438367,25.365034,bloque_3,2016-01,2020-03,2015-12,2013-01,6.000000
estimar_caudal,P_local_mm (mm/mes),Caudal_m3s,Regresión de anomalías con rezago,Regresión de anomalías con rezago,outer_temporal_test,2018-10-01,2018,10,Primavera,54.509677,99.655379,45.145702,bloque_3,2016-01,2020-03,2015-12,2013-01,6.000000
estimar_caudal,P_local_mm (mm/mes),Caudal_m3s,Regresión de anomalías con rezago,Regresión de anomalías con rezago,outer_temporal_test,2018-11-01,2018,11,Primavera,88.243333,134.076388,45.833055,bloque_3,2016-01,2020-03,2015-12,2013-01,6.000000
estimar_caudal,P_local_mm (mm/mes),Caudal_m3s,Regresión de anomalías con rezago,Regresión de anomalías con rezago,outer_temporal_test,2018-12-01,2018,12,Verano,109.038710,183.468884,74.430174,bloque_3,2016-01,2020-03,2015-12,2013-01,6.000000
estimar_caudal,P_local_mm (mm/mes),Caudal_m3s,Regresión de anomalías con rezago,Regresión de anomalías con rezago,outer_temporal_test,2019-01-01,2019,1,Verano,106.329032,195.332619,89.003587,bloque_3,2016-01,2020-03,2015-12,2013-01,6.000000
estimar_caudal,P_local_mm (mm/mes),Caudal_m3s,Regresión de anomalías con rezago,Regresión de anomalías con rezago,outer_temporal_test,2019-02-01,2019,2,Verano,94.017857,127.616064,33.598207,bloque_3,2016-01,2020-03,2015-12,2013-01,6.000000
estimar_caudal,P_local_mm (mm/mes),Caudal_m3s,Regresión de anomalías con rezago,Regresión de anomalías con rezago,outer_temporal_test,2019-03-01,2019,3,Otono,67.154839,127.387959,60.233120,bloque_3,2016-01,2020-03,2015-12,2013-01,6.000000
estimar_caudal,P_local_mm (mm/mes),Caudal_m3s,Regresión de anomalías con rezago,Regresión de anomalías con rezago,outer_temporal_test,2019-04-01,2019,4,Otono,56.530000,91.955441,35.425441,bloque_3,2016-01,2020-03,2015-12,2013-01,6.000000
estimar_caudal,P_local_mm (mm/mes),Caudal_m3s,Regresión de anomalías con rezago,Regresión de anomalías con rezago,outer_temporal_test,2019-05-01,2019,5,Otono,38.490774,65.938698,27.447924,bloque_3,2016-01,2020-03,2015-12,2013-01,6.000000
estimar_caudal,P_local_mm (mm/mes),Caudal_m3s,Regresión de anomalías con rezago,Regresión de anomalías con rezago,outer_temporal_test,2019-06-01,2019,6,Invierno,28.798467,68.773504,39.975037,bloque_3,2016-01,2020-03,2015-12,2013-01,6.000000
estimar_caudal,P_local_mm (mm/mes),Caudal_m3s,Regresión de anomalías con rezago,Regresión de anomalías con rezago,outer_temporal_test,2019-07-01,2019,7,Invierno,24.811226,65.721071,40.909845,bloque_3,2016-01,2020-03,2015-12,2013-01,6.000000
estimar_caudal,P_local_mm (mm/mes),Caudal_m3s,Regresión de anomalías con rezago,Regresión de anomalías con rezago,outer_temporal_test,2019-08-01,2019,8,Invierno,31.219355,65.174999,33.955644,bloque_3,2016-01,2020-03,2015-12,2013-01,6.000000
estimar_caudal,P_local_mm (mm/mes),Caudal_m3s,Regresión de anomalías con rezago,Regresión de anomalías con rezago,outer_temporal_test,2019-09-01,2019,9,Primavera,47.707300,72.365357,24.658057,bloque_3,2016-01,2020-03,2015-12,2013-01,6.000000
estimar_caudal,P_local_mm (mm/mes),Caudal_m3s,Regresión de anomalías con rezago,Regresión de anomalías con rezago,outer_temporal_test,2019-10-01,2019,10,Primavera,44.006613,91.491035,47.484422,bloque_3,2016-01,2020-03,2015-12,2013-01,6.000000
estimar_caudal,P_local_mm (mm/mes),Caudal_m3s,Regresión de anomalías con rezago,Regresión de anomalías con rezago,outer_temporal_test,2019-11-01,2019,11,Primavera,65.043933,140.122776,75.078843,bloque_3,2016-01,2020-03,2015-12,2013-01,6.000000
estimar_caudal,P_local_mm (mm/mes),Caudal_m3s,Regresión de anomalías con rezago,Regresión de anomalías con rezago,outer_temporal_test,2019-12-01,2019,12,Verano,64.845452,191.473025,126.627573,bloque_3,2016-01,2020-03,2015-12,2013-01,6.000000
estimar_caudal,P_local_mm (mm/mes),Caudal_m3s,Regresión de anomalías con rezago,Regresión de anomalías con rezago,outer_temporal_test,2020-01-01,2020,1,Verano,85.460516,170.612100,85.151584,bloque_3,2016-01,2020-03,2015-12,2013-01,6.000000
estimar_caudal,P_local_mm (mm/mes),Caudal_m3s,Regresión de anomalías con rezago,Regresión de anomalías con rezago,outer_temporal_test,2020-02-01,2020,2,Verano,63.965966,120.261626,56.295660,bloque_3,2016-01,2020-03,2015-12,2013-01,6.000000
estimar_caudal,P_local_mm (mm/mes),Caudal_m3s,Regresión de anomalías con rezago,Regresión de anomalías con rezago,outer_temporal_test,2020-03-01,2020,3,Otono,54.002516,88.619309,34.616793,bloque_3,2016-01,2020-03,2015-12,2013-01,6.000000
estimar_caudal,P_IMERG_mm (mm/mes),Caudal_m3s,Climatología mensual Q,Climatología mensual Q,outer_temporal_test,2016-01-01,2016,1,Verano,169.225806,214.388427,45.162621,bloque_3,2016-01,2020-03,2015-12,2013-01,
estimar_caudal,P_IMERG_mm (mm/mes),Caudal_m3s,Climatología mensual Q,Climatología mensual Q,outer_temporal_test,2016-02-01,2016,2,Verano,129.517241,158.112276,28.595035,bloque_3,2016-01,2020-03,2015-12,2013-01,
estimar_caudal,P_IMERG_mm (mm/mes),Caudal_m3s,Climatología mensual Q,Climatología mensual Q,outer_temporal_test,2016-03-01,2016,3,Otono,99.719355,110.080539,10.361184,bloque_3,2016-01,2020-03,2015-12,2013-01,
estimar_caudal,P_IMERG_mm (mm/mes),Caudal_m3s,Climatología mensual Q,Climatología mensual Q,outer_temporal_test,2016-04-01,2016,4,Otono,114.130000,77.790129,-36.339871,bloque_3,2016-01,2020-03,2015-12,2013-01,
estimar_caudal,P_IMERG_mm (mm/mes),Caudal_m3s,Climatología mensual Q,Climatología mensual Q,outer_temporal_test,2016-05-01,2016,5,Otono,75.300000,65.920235,-9.379765,bloque_3,2016-01,2020-03,2015-12,2013-01,
estimar_caudal,P_IMERG_mm (mm/mes),Caudal_m3s,Climatología mensual Q,Climatología mensual Q,outer_temporal_test,2016-06-01,2016,6,Invierno,76.150000,65.283302,-10.866698,bloque_3,2016-01,2020-03,2015-12,2013-01,
estimar_caudal,P_IMERG_mm (mm/mes),Caudal_m3s,Climatología mensual Q,Climatología mensual Q,outer_temporal_test,2016-07-01,2016,7,Invierno,65.316129,67.744422,2.428293,bloque_3,2016-01,2020-03,2015-12,2013-01,
estimar_caudal,P_IMERG_mm (mm/mes),Caudal_m3s,Climatología mensual Q,Climatología mensual Q,outer_temporal_test,2016-08-01,2016,8,Invierno,67.183871,66.870399,-0.313472,bloque_3,2016-01,2020-03,2015-12,2013-01,
estimar_caudal,P_IMERG_mm (mm/mes),Caudal_m3s,Climatología mensual Q,Climatología mensual Q,outer_temporal_test,2016-09-01,2016,9,Primavera,76.423333,75.868524,-0.554809,bloque_3,2016-01,2020-03,2015-12,2013-01,
estimar_caudal,P_IMERG_mm (mm/mes),Caudal_m3s,Climatología mensual Q,Climatología mensual Q,outer_temporal_test,2016-10-01,2016,10,Primavera,88.361290,106.188988,17.827698,bloque_3,2016-01,2020-03,2015-12,2013-01,
estimar_caudal,P_IMERG_mm (mm/mes),Caudal_m3s,Climatología mensual Q,Climatología mensual Q,outer_temporal_test,2016-11-01,2016,11,Primavera,137.233333,163.626970,26.393637,bloque_3,2016-01,2020-03,2015-12,2013-01,
estimar_caudal,P_IMERG_mm (mm/mes),Caudal_m3s,Climatología mensual Q,Climatología mensual Q,outer_temporal_test,2016-12-01,2016,12,Verano,170.677419,221.478543,50.801124,bloque_3,2016-01,2020-03,2015-12,2013-01,
estimar_caudal,P_IMERG_mm (mm/mes),Caudal_m3s,Climatología mensual Q,Climatología mensual Q,outer_temporal_test,2017-01-01,2017,1,Verano,186.000000,214.388427,28.388427,bloque_3,2016-01,2020-03,2015-12,2013-01,
estimar_caudal,P_IMERG_mm (mm/mes),Caudal_m3s,Climatología mensual Q,Climatología mensual Q,outer_temporal_test,2017-02-01,2017,2,Verano,148.857143,158.112276,9.255133,bloque_3,2016-01,2020-03,2015-12,2013-01,
estimar_caudal,P_IMERG_mm (mm/mes),Caudal_m3s,Climatología mensual Q,Climatología mensual Q,outer_temporal_test,2017-03-01,2017,3,Otono,86.870968,110.080539,23.209571,bloque_3,2016-01,2020-03,2015-12,2013-01,
estimar_caudal,P_IMERG_mm (mm/mes),Caudal_m3s,Climatología mensual Q,Climatología mensual Q,outer_temporal_test,2017-04-01,2017,4,Otono,70.420000,77.790129,7.370129,bloque_3,2016-01,2020-03,2015-12,2013-01,
estimar_caudal,P_IMERG_mm (mm/mes),Caudal_m3s,Climatología mensual Q,Climatología mensual Q,outer_temporal_test,2017-05-01,2017,5,Otono,60.927586,65.920235,4.992649,bloque_3,2016-01,2020-03,2015-12,2013-01,
estimar_caudal,P_IMERG_mm (mm/mes),Caudal_m3s,Climatología mensual Q,Climatología mensual Q,outer_temporal_test,2017-06-01,2017,6,Invierno,59.866667,65.283302,5.416635,bloque_3,2016-01,2020-03,2015-12,2013-01,
estimar_caudal,P_IMERG_mm (mm/mes),Caudal_m3s,Climatología mensual Q,Climatología mensual Q,outer_temporal_test,2017-07-01,2017,7,Invierno,55.461290,67.744422,12.283132,bloque_3,2016-01,2020-03,2015-12,2013-01,
estimar_caudal,P_IMERG_mm (mm/mes),Caudal_m3s,Climatología mensual Q,Climatología mensual Q,outer_temporal_test,2017-08-01,2017,8,Invierno,51.287097,66.870399,15.583302,bloque_3,2016-01,2020-03,2015-12,2013-01,
estimar_caudal,P_IMERG_mm (mm/mes),Caudal_m3s,Climatología mensual Q,Climatología mensual Q,outer_temporal_test,2017-09-01,2017,9,Primavera,57.913333,75.868524,17.955191,bloque_3,2016-01,2020-03,2015-12,2013-01,
estimar_caudal,P_IMERG_mm (mm/mes),Caudal_m3s,Climatología mensual Q,Climatología mensual Q,outer_temporal_test,2017-10-01,2017,10,Primavera,82.338710,106.188988,23.850278,bloque_3,2016-01,2020-03,2015-12,2013-01,
estimar_caudal,P_IMERG_mm (mm/mes),Caudal_m3s,Climatología mensual Q,Climatología mensual Q,outer_temporal_test,2017-11-01,2017,11,Primavera,111.973333,163.626970,51.653637,bloque_3,2016-01,2020-03,2015-12,2013-01,
estimar_caudal,P_IMERG_mm (mm/mes),Caudal_m3s,Climatología mensual Q,Climatología mensual Q,outer_temporal_test,2017-12-01,2017,12,Verano,138.967742,221.478543,82.510801,bloque_3,2016-01,2020-03,2015-12,2013-01,
estimar_caudal,P_IMERG_mm (mm/mes),Caudal_m3s,Climatología mensual Q,Climatología mensual Q,outer_temporal_test,2018-01-01,2018,1,Verano,109.425806,214.388427,104.962621,bloque_3,2016-01,2020-03,2015-12,2013-01,
estimar_caudal,P_IMERG_mm (mm/mes),Caudal_m3s,Climatología mensual Q,Climatología mensual Q,outer_temporal_test,2018-02-01,2018,2,Verano,104.617857,158.112276,53.494419,bloque_3,2016-01,2020-03,2015-12,2013-01,
estimar_caudal,P_IMERG_mm (mm/mes),Caudal_m3s,Climatología mensual Q,Climatología mensual Q,outer_temporal_test,2018-03-01,2018,3,Otono,60.416129,110.080539,49.664410,bloque_3,2016-01,2020-03,2015-12,2013-01,
estimar_caudal,P_IMERG_mm (mm/mes),Caudal_m3s,Climatología mensual Q,Climatología mensual Q,outer_temporal_test,2018-04-01,2018,4,Otono,52.566667,77.790129,25.223462,bloque_3,2016-01,2020-03,2015-12,2013-01,
estimar_caudal,P_IMERG_mm (mm/mes),Caudal_m3s,Climatología mensual Q,Climatología mensual Q,outer_temporal_test,2018-05-01,2018,5,Otono,35.216129,65.920235,30.704106,bloque_3,2016-01,2020-03,2015-12,2013-01,
estimar_caudal,P_IMERG_mm (mm/mes),Caudal_m3s,Climatología mensual Q,Climatología mensual Q,outer_temporal_test,2018-06-01,2018,6,Invierno,36.256667,65.283302,29.026635,bloque_3,2016-01,2020-03,2015-12,2013-01,
estimar_caudal,P_IMERG_mm (mm/mes),Caudal_m3s,Climatología mensual Q,Climatología mensual Q,outer_temporal_test,2018-07-01,2018,7,Invierno,34.345161,67.744422,33.399261,bloque_3,2016-01,2020-03,2015-12,2013-01,
estimar_caudal,P_IMERG_mm (mm/mes),Caudal_m3s,Climatología mensual Q,Climatología mensual Q,outer_temporal_test,2018-08-01,2018,8,Invierno,37.319355,66.870399,29.551044,bloque_3,2016-01,2020-03,2015-12,2013-01,
estimar_caudal,P_IMERG_mm (mm/mes),Caudal_m3s,Climatología mensual Q,Climatología mensual Q,outer_temporal_test,2018-09-01,2018,9,Primavera,47.073333,75.868524,28.795191,bloque_3,2016-01,2020-03,2015-12,2013-01,
estimar_caudal,P_IMERG_mm (mm/mes),Caudal_m3s,Climatología mensual Q,Climatología mensual Q,outer_temporal_test,2018-10-01,2018,10,Primavera,54.509677,106.188988,51.679311,bloque_3,2016-01,2020-03,2015-12,2013-01,
estimar_caudal,P_IMERG_mm (mm/mes),Caudal_m3s,Climatología mensual Q,Climatología mensual Q,outer_temporal_test,2018-11-01,2018,11,Primavera,88.243333,163.626970,75.383637,bloque_3,2016-01,2020-03,2015-12,2013-01,
estimar_caudal,P_IMERG_mm (mm/mes),Caudal_m3s,Climatología mensual Q,Climatología mensual Q,outer_temporal_test,2018-12-01,2018,12,Verano,109.038710,221.478543,112.439833,bloque_3,2016-01,2020-03,2015-12,2013-01,
estimar_caudal,P_IMERG_mm (mm/mes),Caudal_m3s,Climatología mensual Q,Climatología mensual Q,outer_temporal_test,2019-01-01,2019,1,Verano,106.329032,214.388427,108.059395,bloque_3,2016-01,2020-03,2015-12,2013-01,
estimar_caudal,P_IMERG_mm (mm/mes),Caudal_m3s,Climatología mensual Q,Climatología mensual Q,outer_temporal_test,2019-02-01,2019,2,Verano,94.017857,158.112276,64.094419,bloque_3,2016-01,2020-03,2015-12,2013-01,
estimar_caudal,P_IMERG_mm (mm/mes),Caudal_m3s,Climatología mensual Q,Climatología mensual Q,outer_temporal_test,2019-03-01,2019,3,Otono,67.154839,110.080539,42.925700,bloque_3,2016-01,2020-03,2015-12,2013-01,
estimar_caudal,P_IMERG_mm (mm/mes),Caudal_m3s,Climatología mensual Q,Climatología mensual Q,outer_temporal_test,2019-04-01,2019,4,Otono,56.530000,77.790129,21.260129,bloque_3,2016-01,2020-03,2015-12,2013-01,
estimar_caudal,P_IMERG_mm (mm/mes),Caudal_m3s,Climatología mensual Q,Climatología mensual Q,outer_temporal_test,2019-05-01,2019,5,Otono,38.490774,65.920235,27.429461,bloque_3,2016-01,2020-03,2015-12,2013-01,
estimar_caudal,P_IMERG_mm (mm/mes),Caudal_m3s,Climatología mensual Q,Climatología mensual Q,outer_temporal_test,2019-06-01,2019,6,Invierno,28.798467,65.283302,36.484835,bloque_3,2016-01,2020-03,2015-12,2013-01,
estimar_caudal,P_IMERG_mm (mm/mes),Caudal_m3s,Climatología mensual Q,Climatología mensual Q,outer_temporal_test,2019-07-01,2019,7,Invierno,24.811226,67.744422,42.933196,bloque_3,2016-01,2020-03,2015-12,2013-01,
estimar_caudal,P_IMERG_mm (mm/mes),Caudal_m3s,Climatología mensual Q,Climatología mensual Q,outer_temporal_test,2019-08-01,2019,8,Invierno,31.219355,66.870399,35.651044,bloque_3,2016-01,2020-03,2015-12,2013-01,
estimar_caudal,P_IMERG_mm (mm/mes),Caudal_m3s,Climatología mensual Q,Climatología mensual Q,outer_temporal_test,2019-09-01,2019,9,Primavera,47.707300,75.868524,28.161224,bloque_3,2016-01,2020-03,2015-12,2013-01,
estimar_caudal,P_IMERG_mm (mm/mes),Caudal_m3s,Climatología mensual Q,Climatología mensual Q,outer_temporal_test,2019-10-01,2019,10,Primavera,44.006613,106.188988,62.182375,bloque_3,2016-01,2020-03,2015-12,2013-01,
estimar_caudal,P_IMERG_mm (mm/mes),Caudal_m3s,Climatología mensual Q,Climatología mensual Q,outer_temporal_test,2019-11-01,2019,11,Primavera,65.043933,163.626970,98.583037,bloque_3,2016-01,2020-03,2015-12,2013-01,
estimar_caudal,P_IMERG_mm (mm/mes),Caudal_m3s,Climatología mensual Q,Climatología mensual Q,outer_temporal_test,2019-12-01,2019,12,Verano,64.845452,221.478543,156.633091,bloque_3,2016-01,2020-03,2015-12,2013-01,
estimar_caudal,P_IMERG_mm (mm/mes),Caudal_m3s,Climatología mensual Q,Climatología mensual Q,outer_temporal_test,2020-01-01,2020,1,Verano,85.460516,214.388427,128.927911,bloque_3,2016-01,2020-03,2015-12,2013-01,
estimar_caudal,P_IMERG_mm (mm/mes),Caudal_m3s,Climatología mensual Q,Climatología mensual Q,outer_temporal_test,2020-02-01,2020,2,Verano,63.965966,158.112276,94.146310,bloque_3,2016-01,2020-03,2015-12,2013-01,
estimar_caudal,P_IMERG_mm (mm/mes),Caudal_m3s,Climatología mensual Q,Climatología mensual Q,outer_temporal_test,2020-03-01,2020,3,Otono,54.002516,110.080539,56.078023,bloque_3,2016-01,2020-03,2015-12,2013-01,
estimar_caudal,P_IMERG_mm (mm/mes),Caudal_m3s,Regresión lineal Q~P(t),Regresión lineal Q~P(t),outer_temporal_test,2016-01-01,2016,1,Verano,169.225806,114.039413,-55.186393,bloque_3,2016-01,2020-03,2015-12,2013-01,0.000000
estimar_caudal,P_IMERG_mm (mm/mes),Caudal_m3s,Regresión lineal Q~P(t),Regresión lineal Q~P(t),outer_temporal_test,2016-02-01,2016,2,Verano,129.517241,126.290845,-3.226396,bloque_3,2016-01,2020-03,2015-12,2013-01,0.000000
estimar_caudal,P_IMERG_mm (mm/mes),Caudal_m3s,Regresión lineal Q~P(t),Regresión lineal Q~P(t),outer_temporal_test,2016-03-01,2016,3,Otono,99.719355,125.956205,26.236850,bloque_3,2016-01,2020-03,2015-12,2013-01,0.000000
estimar_caudal,P_IMERG_mm (mm/mes),Caudal_m3s,Regresión lineal Q~P(t),Regresión lineal Q~P(t),outer_temporal_test,2016-04-01,2016,4,Otono,114.130000,57.798916,-56.331084,bloque_3,2016-01,2020-03,2015-12,2013-01,0.000000
estimar_caudal,P_IMERG_mm (mm/mes),Caudal_m3s,Regresión lineal Q~P(t),Regresión lineal Q~P(t),outer_temporal_test,2016-05-01,2016,5,Otono,75.300000,94.055889,18.755889,bloque_3,2016-01,2020-03,2015-12,2013-01,0.000000
estimar_caudal,P_IMERG_mm (mm/mes),Caudal_m3s,Regresión lineal Q~P(t),Regresión lineal Q~P(t),outer_temporal_test,2016-06-01,2016,6,Invierno,76.150000,107.760629,31.610629,bloque_3,2016-01,2020-03,2015-12,2013-01,0.000000
estimar_caudal,P_IMERG_mm (mm/mes),Caudal_m3s,Regresión lineal Q~P(t),Regresión lineal Q~P(t),outer_temporal_test,2016-07-01,2016,7,Invierno,65.316129,84.172614,18.856485,bloque_3,2016-01,2020-03,2015-12,2013-01,0.000000
estimar_caudal,P_IMERG_mm (mm/mes),Caudal_m3s,Regresión lineal Q~P(t),Regresión lineal Q~P(t),outer_temporal_test,2016-08-01,2016,8,Invierno,67.183871,119.624988,52.441117,bloque_3,2016-01,2020-03,2015-12,2013-01,0.000000
estimar_caudal,P_IMERG_mm (mm/mes),Caudal_m3s,Regresión lineal Q~P(t),Regresión lineal Q~P(t),outer_temporal_test,2016-09-01,2016,9,Primavera,76.423333,127.233657,50.810324,bloque_3,2016-01,2020-03,2015-12,2013-01,0.000000
estimar_caudal,P_IMERG_mm (mm/mes),Caudal_m3s,Regresión lineal Q~P(t),Regresión lineal Q~P(t),outer_temporal_test,2016-10-01,2016,10,Primavera,88.361290,114.606886,26.245596,bloque_3,2016-01,2020-03,2015-12,2013-01,0.000000
estimar_caudal,P_IMERG_mm (mm/mes),Caudal_m3s,Regresión lineal Q~P(t),Regresión lineal Q~P(t),outer_temporal_test,2016-11-01,2016,11,Primavera,137.233333,122.369996,-14.863337,bloque_3,2016-01,2020-03,2015-12,2013-01,0.000000
estimar_caudal,P_IMERG_mm (mm/mes),Caudal_m3s,Regresión lineal Q~P(t),Regresión lineal Q~P(t),outer_temporal_test,2016-12-01,2016,12,Verano,170.677419,120.802994,-49.874425,bloque_3,2016-01,2020-03,2015-12,2013-01,0.000000
estimar_caudal,P_IMERG_mm (mm/mes),Caudal_m3s,Regresión lineal Q~P(t),Regresión lineal Q~P(t),outer_temporal_test,2017-01-01,2017,1,Verano,186.000000,129.673836,-56.326164,bloque_3,2016-01,2020-03,2015-12,2013-01,0.000000
estimar_caudal,P_IMERG_mm (mm/mes),Caudal_m3s,Regresión lineal Q~P(t),Regresión lineal Q~P(t),outer_temporal_test,2017-02-01,2017,2,Verano,148.857143,119.113573,-29.743570,bloque_3,2016-01,2020-03,2015-12,2013-01,0.000000
estimar_caudal,P_IMERG_mm (mm/mes),Caudal_m3s,Regresión lineal Q~P(t),Regresión lineal Q~P(t),outer_temporal_test,2017-03-01,2017,3,Otono,86.870968,125.523977,38.653009,bloque_3,2016-01,2020-03,2015-12,2013-01,0.000000
estimar_caudal,P_IMERG_mm (mm/mes),Caudal_m3s,Regresión lineal Q~P(t),Regresión lineal Q~P(t),outer_temporal_test,2017-04-01,2017,4,Otono,70.420000,105.114617,34.694617,bloque_3,2016-01,2020-03,2015-12,2013-01,0.000000
estimar_caudal,P_IMERG_mm (mm/mes),Caudal_m3s,Regresión lineal Q~P(t),Regresión lineal Q~P(t),outer_temporal_test,2017-05-01,2017,5,Otono,60.927586,89.698232,28.770646,bloque_3,2016-01,2020-03,2015-12,2013-01,0.000000
estimar_caudal,P_IMERG_mm (mm/mes),Caudal_m3s,Regresión lineal Q~P(t),Regresión lineal Q~P(t),outer_temporal_test,2017-06-01,2017,6,Invierno,59.866667,83.485545,23.618878,bloque_3,2016-01,2020-03,2015-12,2013-01,0.000000
estimar_caudal,P_IMERG_mm (mm/mes),Caudal_m3s,Regresión lineal Q~P(t),Regresión lineal Q~P(t),outer_temporal_test,2017-07-01,2017,7,Invierno,55.461290,97.918979,42.457689,bloque_3,2016-01,2020-03,2015-12,2013-01,0.000000
estimar_caudal,P_IMERG_mm (mm/mes),Caudal_m3s,Regresión lineal Q~P(t),Regresión lineal Q~P(t),outer_temporal_test,2017-08-01,2017,8,Invierno,51.287097,96.603552,45.316455,bloque_3,2016-01,2020-03,2015-12,2013-01,0.000000
estimar_caudal,P_IMERG_mm (mm/mes),Caudal_m3s,Regresión lineal Q~P(t),Regresión lineal Q~P(t),outer_temporal_test,2017-09-01,2017,9,Primavera,57.913333,117.614003,59.700670,bloque_3,2016-01,2020-03,2015-12,2013-01,0.000000
estimar_caudal,P_IMERG_mm (mm/mes),Caudal_m3s,Regresión lineal Q~P(t),Regresión lineal Q~P(t),outer_temporal_test,2017-10-01,2017,10,Primavera,82.338710,113.484388,31.145678,bloque_3,2016-01,2020-03,2015-12,2013-01,0.000000
estimar_caudal,P_IMERG_mm (mm/mes),Caudal_m3s,Regresión lineal Q~P(t),Regresión lineal Q~P(t),outer_temporal_test,2017-11-01,2017,11,Primavera,111.973333,124.844672,12.871339,bloque_3,2016-01,2020-03,2015-12,2013-01,0.000000
estimar_caudal,P_IMERG_mm (mm/mes),Caudal_m3s,Regresión lineal Q~P(t),Regresión lineal Q~P(t),outer_temporal_test,2017-12-01,2017,12,Verano,138.967742,127.280449,-11.687293,bloque_3,2016-01,2020-03,2015-12,2013-01,0.000000
estimar_caudal,P_IMERG_mm (mm/mes),Caudal_m3s,Regresión lineal Q~P(t),Regresión lineal Q~P(t),outer_temporal_test,2018-01-01,2018,1,Verano,109.425806,126.484918,17.059112,bloque_3,2016-01,2020-03,2015-12,2013-01,0.000000
estimar_caudal,P_IMERG_mm (mm/mes),Caudal_m3s,Regresión lineal Q~P(t),Regresión lineal Q~P(t),outer_temporal_test,2018-02-01,2018,2,Verano,104.617857,126.825335,22.207478,bloque_3,2016-01,2020-03,2015-12,2013-01,0.000000
estimar_caudal,P_IMERG_mm (mm/mes),Caudal_m3s,Regresión lineal Q~P(t),Regresión lineal Q~P(t),outer_temporal_test,2018-03-01,2018,3,Otono,60.416129,129.770061,69.353932,bloque_3,2016-01,2020-03,2015-12,2013-01,0.000000
estimar_caudal,P_IMERG_mm (mm/mes),Caudal_m3s,Regresión lineal Q~P(t),Regresión lineal Q~P(t),outer_temporal_test,2018-04-01,2018,4,Otono,52.566667,125.994806,73.428139,bloque_3,2016-01,2020-03,2015-12,2013-01,0.000000
estimar_caudal,P_IMERG_mm (mm/mes),Caudal_m3s,Regresión lineal Q~P(t),Regresión lineal Q~P(t),outer_temporal_test,2018-05-01,2018,5,Otono,35.216129,105.749498,70.533369,bloque_3,2016-01,2020-03,2015-12,2013-01,0.000000
estimar_caudal,P_IMERG_mm (mm/mes),Caudal_m3s,Regresión lineal Q~P(t),Regresión lineal Q~P(t),outer_temporal_test,2018-06-01,2018,6,Invierno,36.256667,95.041426,58.784759,bloque_3,2016-01,2020-03,2015-12,2013-01,0.000000
estimar_caudal,P_IMERG_mm (mm/mes),Caudal_m3s,Regresión lineal Q~P(t),Regresión lineal Q~P(t),outer_temporal_test,2018-07-01,2018,7,Invierno,34.345161,88.886199,54.541038,bloque_3,2016-01,2020-03,2015-12,2013-01,0.000000
estimar_caudal,P_IMERG_mm (mm/mes),Caudal_m3s,Regresión lineal Q~P(t),Regresión lineal Q~P(t),outer_temporal_test,2018-08-01,2018,8,Invierno,37.319355,120.106528,82.787173,bloque_3,2016-01,2020-03,2015-12,2013-01,0.000000
estimar_caudal,P_IMERG_mm (mm/mes),Caudal_m3s,Regresión lineal Q~P(t),Regresión lineal Q~P(t),outer_temporal_test,2018-09-01,2018,9,Primavera,47.073333,108.016314,60.942981,bloque_3,2016-01,2020-03,2015-12,2013-01,0.000000
estimar_caudal,P_IMERG_mm (mm/mes),Caudal_m3s,Regresión lineal Q~P(t),Regresión lineal Q~P(t),outer_temporal_test,2018-10-01,2018,10,Primavera,54.509677,117.676670,63.166993,bloque_3,2016-01,2020-03,2015-12,2013-01,0.000000
estimar_caudal,P_IMERG_mm (mm/mes),Caudal_m3s,Regresión lineal Q~P(t),Regresión lineal Q~P(t),outer_temporal_test,2018-11-01,2018,11,Primavera,88.243333,124.796731,36.553398,bloque_3,2016-01,2020-03,2015-12,2013-01,0.000000
estimar_caudal,P_IMERG_mm (mm/mes),Caudal_m3s,Regresión lineal Q~P(t),Regresión lineal Q~P(t),outer_temporal_test,2018-12-01,2018,12,Verano,109.038710,127.052574,18.013864,bloque_3,2016-01,2020-03,2015-12,2013-01,0.000000
estimar_caudal,P_IMERG_mm (mm/mes),Caudal_m3s,Regresión lineal Q~P(t),Regresión lineal Q~P(t),outer_temporal_test,2019-01-01,2019,1,Verano,106.329032,127.806239,21.477207,bloque_3,2016-01,2020-03,2015-12,2013-01,0.000000
estimar_caudal,P_IMERG_mm (mm/mes),Caudal_m3s,Regresión lineal Q~P(t),Regresión lineal Q~P(t),outer_temporal_test,2019-02-01,2019,2,Verano,94.017857,127.700611,33.682754,bloque_3,2016-01,2020-03,2015-12,2013-01,0.000000
estimar_caudal,P_IMERG_mm (mm/mes),Caudal_m3s,Regresión lineal Q~P(t),Regresión lineal Q~P(t),outer_temporal_test,2019-03-01,2019,3,Otono,67.154839,127.372428,60.217589,bloque_3,2016-01,2020-03,2015-12,2013-01,0.000000
estimar_caudal,P_IMERG_mm (mm/mes),Caudal_m3s,Regresión lineal Q~P(t),Regresión lineal Q~P(t),outer_temporal_test,2019-04-01,2019,4,Otono,56.530000,126.842227,70.312227,bloque_3,2016-01,2020-03,2015-12,2013-01,0.000000
estimar_caudal,P_IMERG_mm (mm/mes),Caudal_m3s,Regresión lineal Q~P(t),Regresión lineal Q~P(t),outer_temporal_test,2019-05-01,2019,5,Otono,38.490774,114.893229,76.402455,bloque_3,2016-01,2020-03,2015-12,2013-01,0.000000
estimar_caudal,P_IMERG_mm (mm/mes),Caudal_m3s,Regresión lineal Q~P(t),Regresión lineal Q~P(t),outer_temporal_test,2019-06-01,2019,6,Invierno,28.798467,93.464303,64.665836,bloque_3,2016-01,2020-03,2015-12,2013-01,0.000000
estimar_caudal,P_IMERG_mm (mm/mes),Caudal_m3s,Regresión lineal Q~P(t),Regresión lineal Q~P(t),outer_temporal_test,2019-07-01,2019,7,Invierno,24.811226,104.489681,79.678455,bloque_3,2016-01,2020-03,2015-12,2013-01,0.000000
estimar_caudal,P_IMERG_mm (mm/mes),Caudal_m3s,Regresión lineal Q~P(t),Regresión lineal Q~P(t),outer_temporal_test,2019-08-01,2019,8,Invierno,31.219355,113.768452,82.549097,bloque_3,2016-01,2020-03,2015-12,2013-01,0.000000
estimar_caudal,P_IMERG_mm (mm/mes),Caudal_m3s,Regresión lineal Q~P(t),Regresión lineal Q~P(t),outer_temporal_test,2019-09-01,2019,9,Primavera,47.707300,119.611344,71.904044,bloque_3,2016-01,2020-03,2015-12,2013-01,0.000000
estimar_caudal,P_IMERG_mm (mm/mes),Caudal_m3s,Regresión lineal Q~P(t),Regresión lineal Q~P(t),outer_temporal_test,2019-10-01,2019,10,Primavera,44.006613,125.053151,81.046538,bloque_3,2016-01,2020-03,2015-12,2013-01,0.000000
estimar_caudal,P_IMERG_mm (mm/mes),Caudal_m3s,Regresión lineal Q~P(t),Regresión lineal Q~P(t),outer_temporal_test,2019-11-01,2019,11,Primavera,65.043933,127.336748,62.292815,bloque_3,2016-01,2020-03,2015-12,2013-01,0.000000
estimar_caudal,P_IMERG_mm (mm/mes),Caudal_m3s,Regresión lineal Q~P(t),Regresión lineal Q~P(t),outer_temporal_test,2019-12-01,2019,12,Verano,64.845452,130.949641,66.104189,bloque_3,2016-01,2020-03,2015-12,2013-01,0.000000
estimar_caudal,P_IMERG_mm (mm/mes),Caudal_m3s,Regresión lineal Q~P(t),Regresión lineal Q~P(t),outer_temporal_test,2020-01-01,2020,1,Verano,85.460516,128.080769,42.620253,bloque_3,2016-01,2020-03,2015-12,2013-01,0.000000
estimar_caudal,P_IMERG_mm (mm/mes),Caudal_m3s,Regresión lineal Q~P(t),Regresión lineal Q~P(t),outer_temporal_test,2020-02-01,2020,2,Verano,63.965966,128.269576,64.303610,bloque_3,2016-01,2020-03,2015-12,2013-01,0.000000
estimar_caudal,P_IMERG_mm (mm/mes),Caudal_m3s,Regresión lineal Q~P(t),Regresión lineal Q~P(t),outer_temporal_test,2020-03-01,2020,3,Otono,54.002516,130.956886,76.954370,bloque_3,2016-01,2020-03,2015-12,2013-01,0.000000
estimar_caudal,P_IMERG_mm (mm/mes),Caudal_m3s,Regresión de anomalías con rezago,Regresión de anomalías con rezago,outer_temporal_test,2016-01-01,2016,1,Verano,169.225806,133.437614,-35.788192,bloque_3,2016-01,2020-03,2015-12,2013-01,7.000000
estimar_caudal,P_IMERG_mm (mm/mes),Caudal_m3s,Regresión de anomalías con rezago,Regresión de anomalías con rezago,outer_temporal_test,2016-02-01,2016,2,Verano,129.517241,154.259059,24.741818,bloque_3,2016-01,2020-03,2015-12,2013-01,7.000000
estimar_caudal,P_IMERG_mm (mm/mes),Caudal_m3s,Regresión de anomalías con rezago,Regresión de anomalías con rezago,outer_temporal_test,2016-03-01,2016,3,Otono,99.719355,184.129650,84.410295,bloque_3,2016-01,2020-03,2015-12,2013-01,7.000000
estimar_caudal,P_IMERG_mm (mm/mes),Caudal_m3s,Regresión de anomalías con rezago,Regresión de anomalías con rezago,outer_temporal_test,2016-04-01,2016,4,Otono,114.130000,87.573734,-26.556266,bloque_3,2016-01,2020-03,2015-12,2013-01,7.000000
estimar_caudal,P_IMERG_mm (mm/mes),Caudal_m3s,Regresión de anomalías con rezago,Regresión de anomalías con rezago,outer_temporal_test,2016-05-01,2016,5,Otono,75.300000,108.905970,33.605970,bloque_3,2016-01,2020-03,2015-12,2013-01,7.000000
estimar_caudal,P_IMERG_mm (mm/mes),Caudal_m3s,Regresión de anomalías con rezago,Regresión de anomalías con rezago,outer_temporal_test,2016-06-01,2016,6,Invierno,76.150000,58.960135,-17.189865,bloque_3,2016-01,2020-03,2015-12,2013-01,7.000000
estimar_caudal,P_IMERG_mm (mm/mes),Caudal_m3s,Regresión de anomalías con rezago,Regresión de anomalías con rezago,outer_temporal_test,2016-07-01,2016,7,Invierno,65.316129,52.952795,-12.363334,bloque_3,2016-01,2020-03,2015-12,2013-01,7.000000
estimar_caudal,P_IMERG_mm (mm/mes),Caudal_m3s,Regresión de anomalías con rezago,Regresión de anomalías con rezago,outer_temporal_test,2016-08-01,2016,8,Invierno,67.183871,77.449509,10.265638,bloque_3,2016-01,2020-03,2015-12,2013-01,7.000000
estimar_caudal,P_IMERG_mm (mm/mes),Caudal_m3s,Regresión de anomalías con rezago,Regresión de anomalías con rezago,outer_temporal_test,2016-09-01,2016,9,Primavera,76.423333,65.817791,-10.605542,bloque_3,2016-01,2020-03,2015-12,2013-01,7.000000
estimar_caudal,P_IMERG_mm (mm/mes),Caudal_m3s,Regresión de anomalías con rezago,Regresión de anomalías con rezago,outer_temporal_test,2016-10-01,2016,10,Primavera,88.361290,95.774911,7.413621,bloque_3,2016-01,2020-03,2015-12,2013-01,7.000000
estimar_caudal,P_IMERG_mm (mm/mes),Caudal_m3s,Regresión de anomalías con rezago,Regresión de anomalías con rezago,outer_temporal_test,2016-11-01,2016,11,Primavera,137.233333,263.807388,126.574055,bloque_3,2016-01,2020-03,2015-12,2013-01,7.000000
estimar_caudal,P_IMERG_mm (mm/mes),Caudal_m3s,Regresión de anomalías con rezago,Regresión de anomalías con rezago,outer_temporal_test,2016-12-01,2016,12,Verano,170.677419,220.050580,49.373161,bloque_3,2016-01,2020-03,2015-12,2013-01,7.000000
estimar_caudal,P_IMERG_mm (mm/mes),Caudal_m3s,Regresión de anomalías con rezago,Regresión de anomalías con rezago,outer_temporal_test,2017-01-01,2017,1,Verano,186.000000,151.106306,-34.893694,bloque_3,2016-01,2020-03,2015-12,2013-01,7.000000
estimar_caudal,P_IMERG_mm (mm/mes),Caudal_m3s,Regresión de anomalías con rezago,Regresión de anomalías con rezago,outer_temporal_test,2017-02-01,2017,2,Verano,148.857143,147.578656,-1.278487,bloque_3,2016-01,2020-03,2015-12,2013-01,7.000000
estimar_caudal,P_IMERG_mm (mm/mes),Caudal_m3s,Regresión de anomalías con rezago,Regresión de anomalías con rezago,outer_temporal_test,2017-03-01,2017,3,Otono,86.870968,42.536262,-44.334706,bloque_3,2016-01,2020-03,2015-12,2013-01,7.000000
estimar_caudal,P_IMERG_mm (mm/mes),Caudal_m3s,Regresión de anomalías con rezago,Regresión de anomalías con rezago,outer_temporal_test,2017-04-01,2017,4,Otono,70.420000,44.116191,-26.303809,bloque_3,2016-01,2020-03,2015-12,2013-01,7.000000
estimar_caudal,P_IMERG_mm (mm/mes),Caudal_m3s,Regresión de anomalías con rezago,Regresión de anomalías con rezago,outer_temporal_test,2017-05-01,2017,5,Otono,60.927586,64.981255,4.053669,bloque_3,2016-01,2020-03,2015-12,2013-01,7.000000
estimar_caudal,P_IMERG_mm (mm/mes),Caudal_m3s,Regresión de anomalías con rezago,Regresión de anomalías con rezago,outer_temporal_test,2017-06-01,2017,6,Invierno,59.866667,56.776401,-3.090266,bloque_3,2016-01,2020-03,2015-12,2013-01,7.000000
estimar_caudal,P_IMERG_mm (mm/mes),Caudal_m3s,Regresión de anomalías con rezago,Regresión de anomalías con rezago,outer_temporal_test,2017-07-01,2017,7,Invierno,55.461290,61.056065,5.594775,bloque_3,2016-01,2020-03,2015-12,2013-01,7.000000
estimar_caudal,P_IMERG_mm (mm/mes),Caudal_m3s,Regresión de anomalías con rezago,Regresión de anomalías con rezago,outer_temporal_test,2017-08-01,2017,8,Invierno,51.287097,50.853524,-0.433573,bloque_3,2016-01,2020-03,2015-12,2013-01,7.000000
estimar_caudal,P_IMERG_mm (mm/mes),Caudal_m3s,Regresión de anomalías con rezago,Regresión de anomalías con rezago,outer_temporal_test,2017-09-01,2017,9,Primavera,57.913333,78.027171,20.113838,bloque_3,2016-01,2020-03,2015-12,2013-01,7.000000
estimar_caudal,P_IMERG_mm (mm/mes),Caudal_m3s,Regresión de anomalías con rezago,Regresión de anomalías con rezago,outer_temporal_test,2017-10-01,2017,10,Primavera,82.338710,96.510182,14.171472,bloque_3,2016-01,2020-03,2015-12,2013-01,7.000000
estimar_caudal,P_IMERG_mm (mm/mes),Caudal_m3s,Regresión de anomalías con rezago,Regresión de anomalías con rezago,outer_temporal_test,2017-11-01,2017,11,Primavera,111.973333,183.317836,71.344503,bloque_3,2016-01,2020-03,2015-12,2013-01,7.000000
estimar_caudal,P_IMERG_mm (mm/mes),Caudal_m3s,Regresión de anomalías con rezago,Regresión de anomalías con rezago,outer_temporal_test,2017-12-01,2017,12,Verano,138.967742,227.463464,88.495722,bloque_3,2016-01,2020-03,2015-12,2013-01,7.000000
estimar_caudal,P_IMERG_mm (mm/mes),Caudal_m3s,Regresión de anomalías con rezago,Regresión de anomalías con rezago,outer_temporal_test,2018-01-01,2018,1,Verano,109.425806,192.401067,82.975261,bloque_3,2016-01,2020-03,2015-12,2013-01,7.000000
estimar_caudal,P_IMERG_mm (mm/mes),Caudal_m3s,Regresión de anomalías con rezago,Regresión de anomalías con rezago,outer_temporal_test,2018-02-01,2018,2,Verano,104.617857,124.194480,19.576623,bloque_3,2016-01,2020-03,2015-12,2013-01,7.000000
estimar_caudal,P_IMERG_mm (mm/mes),Caudal_m3s,Regresión de anomalías con rezago,Regresión de anomalías con rezago,outer_temporal_test,2018-03-01,2018,3,Otono,60.416129,81.698420,21.282291,bloque_3,2016-01,2020-03,2015-12,2013-01,7.000000
estimar_caudal,P_IMERG_mm (mm/mes),Caudal_m3s,Regresión de anomalías con rezago,Regresión de anomalías con rezago,outer_temporal_test,2018-04-01,2018,4,Otono,52.566667,60.480349,7.913682,bloque_3,2016-01,2020-03,2015-12,2013-01,7.000000
estimar_caudal,P_IMERG_mm (mm/mes),Caudal_m3s,Regresión de anomalías con rezago,Regresión de anomalías con rezago,outer_temporal_test,2018-05-01,2018,5,Otono,35.216129,66.890757,31.674628,bloque_3,2016-01,2020-03,2015-12,2013-01,7.000000
estimar_caudal,P_IMERG_mm (mm/mes),Caudal_m3s,Regresión de anomalías con rezago,Regresión de anomalías con rezago,outer_temporal_test,2018-06-01,2018,6,Invierno,36.256667,52.566687,16.310020,bloque_3,2016-01,2020-03,2015-12,2013-01,7.000000
estimar_caudal,P_IMERG_mm (mm/mes),Caudal_m3s,Regresión de anomalías con rezago,Regresión de anomalías con rezago,outer_temporal_test,2018-07-01,2018,7,Invierno,34.345161,50.037155,15.691994,bloque_3,2016-01,2020-03,2015-12,2013-01,7.000000
estimar_caudal,P_IMERG_mm (mm/mes),Caudal_m3s,Regresión de anomalías con rezago,Regresión de anomalías con rezago,outer_temporal_test,2018-08-01,2018,8,Invierno,37.319355,56.278247,18.958892,bloque_3,2016-01,2020-03,2015-12,2013-01,7.000000
estimar_caudal,P_IMERG_mm (mm/mes),Caudal_m3s,Regresión de anomalías con rezago,Regresión de anomalías con rezago,outer_temporal_test,2018-09-01,2018,9,Primavera,47.073333,64.908561,17.835228,bloque_3,2016-01,2020-03,2015-12,2013-01,7.000000
estimar_caudal,P_IMERG_mm (mm/mes),Caudal_m3s,Regresión de anomalías con rezago,Regresión de anomalías con rezago,outer_temporal_test,2018-10-01,2018,10,Primavera,54.509677,89.287096,34.777419,bloque_3,2016-01,2020-03,2015-12,2013-01,7.000000
estimar_caudal,P_IMERG_mm (mm/mes),Caudal_m3s,Regresión de anomalías con rezago,Regresión de anomalías con rezago,outer_temporal_test,2018-11-01,2018,11,Primavera,88.243333,147.798189,59.554856,bloque_3,2016-01,2020-03,2015-12,2013-01,7.000000
estimar_caudal,P_IMERG_mm (mm/mes),Caudal_m3s,Regresión de anomalías con rezago,Regresión de anomalías con rezago,outer_temporal_test,2018-12-01,2018,12,Verano,109.038710,200.158380,91.119670,bloque_3,2016-01,2020-03,2015-12,2013-01,7.000000
estimar_caudal,P_IMERG_mm (mm/mes),Caudal_m3s,Regresión de anomalías con rezago,Regresión de anomalías con rezago,outer_temporal_test,2019-01-01,2019,1,Verano,106.329032,172.743160,66.414128,bloque_3,2016-01,2020-03,2015-12,2013-01,7.000000
estimar_caudal,P_IMERG_mm (mm/mes),Caudal_m3s,Regresión de anomalías con rezago,Regresión de anomalías con rezago,outer_temporal_test,2019-02-01,2019,2,Verano,94.017857,139.560295,45.542438,bloque_3,2016-01,2020-03,2015-12,2013-01,7.000000
estimar_caudal,P_IMERG_mm (mm/mes),Caudal_m3s,Regresión de anomalías con rezago,Regresión de anomalías con rezago,outer_temporal_test,2019-03-01,2019,3,Otono,67.154839,41.717105,-25.437734,bloque_3,2016-01,2020-03,2015-12,2013-01,7.000000
estimar_caudal,P_IMERG_mm (mm/mes),Caudal_m3s,Regresión de anomalías con rezago,Regresión de anomalías con rezago,outer_temporal_test,2019-04-01,2019,4,Otono,56.530000,76.807142,20.277142,bloque_3,2016-01,2020-03,2015-12,2013-01,7.000000
estimar_caudal,P_IMERG_mm (mm/mes),Caudal_m3s,Regresión de anomalías con rezago,Regresión de anomalías con rezago,outer_temporal_test,2019-05-01,2019,5,Otono,38.490774,59.759194,21.268420,bloque_3,2016-01,2020-03,2015-12,2013-01,7.000000
estimar_caudal,P_IMERG_mm (mm/mes),Caudal_m3s,Regresión de anomalías con rezago,Regresión de anomalías con rezago,outer_temporal_test,2019-06-01,2019,6,Invierno,28.798467,52.648240,23.849773,bloque_3,2016-01,2020-03,2015-12,2013-01,7.000000
estimar_caudal,P_IMERG_mm (mm/mes),Caudal_m3s,Regresión de anomalías con rezago,Regresión de anomalías con rezago,outer_temporal_test,2019-07-01,2019,7,Invierno,24.811226,50.424797,25.613571,bloque_3,2016-01,2020-03,2015-12,2013-01,7.000000
estimar_caudal,P_IMERG_mm (mm/mes),Caudal_m3s,Regresión de anomalías con rezago,Regresión de anomalías con rezago,outer_temporal_test,2019-08-01,2019,8,Invierno,31.219355,54.030526,22.811171,bloque_3,2016-01,2020-03,2015-12,2013-01,7.000000
estimar_caudal,P_IMERG_mm (mm/mes),Caudal_m3s,Regresión de anomalías con rezago,Regresión de anomalías con rezago,outer_temporal_test,2019-09-01,2019,9,Primavera,47.707300,63.419613,15.712313,bloque_3,2016-01,2020-03,2015-12,2013-01,7.000000
estimar_caudal,P_IMERG_mm (mm/mes),Caudal_m3s,Regresión de anomalías con rezago,Regresión de anomalías con rezago,outer_temporal_test,2019-10-01,2019,10,Primavera,44.006613,93.365749,49.359136,bloque_3,2016-01,2020-03,2015-12,2013-01,7.000000
estimar_caudal,P_IMERG_mm (mm/mes),Caudal_m3s,Regresión de anomalías con rezago,Regresión de anomalías con rezago,outer_temporal_test,2019-11-01,2019,11,Primavera,65.043933,146.356627,81.312694,bloque_3,2016-01,2020-03,2015-12,2013-01,7.000000
estimar_caudal,P_IMERG_mm (mm/mes),Caudal_m3s,Regresión de anomalías con rezago,Regresión de anomalías con rezago,outer_temporal_test,2019-12-01,2019,12,Verano,64.845452,184.603822,119.758370,bloque_3,2016-01,2020-03,2015-12,2013-01,7.000000
estimar_caudal,P_IMERG_mm (mm/mes),Caudal_m3s,Regresión de anomalías con rezago,Regresión de anomalías con rezago,outer_temporal_test,2020-01-01,2020,1,Verano,85.460516,175.426032,89.965516,bloque_3,2016-01,2020-03,2015-12,2013-01,7.000000
estimar_caudal,P_IMERG_mm (mm/mes),Caudal_m3s,Regresión de anomalías con rezago,Regresión de anomalías con rezago,outer_temporal_test,2020-02-01,2020,2,Verano,63.965966,113.016945,49.050979,bloque_3,2016-01,2020-03,2015-12,2013-01,7.000000
estimar_caudal,P_IMERG_mm (mm/mes),Caudal_m3s,Regresión de anomalías con rezago,Regresión de anomalías con rezago,outer_temporal_test,2020-03-01,2020,3,Otono,54.002516,52.498915,-1.503601,bloque_3,2016-01,2020-03,2015-12,2013-01,7.000000
